date,store_item,actual,pred_LightGBM,pred_XGBoost,pred_Prophet,pred_ARIMA,pred_SARIMA,volume_band
2025-10-01,1_3,75.0,55.37613214833779,56.258007,62.30720095110917,64.23600017954497,65.03095472060956,high volume
2025-10-02,1_3,57.0,47.64979524291878,45.40798,63.524058697006595,64.11729614181266,65.73919105272498,high volume
2025-10-03,1_3,22.801658922468413,51.684223845675426,51.810207,62.561621472094764,64.10930824498264,59.1435293877729,high volume
2025-10-04,1_3,77.0,43.88928219075693,40.388626,59.59512336490083,64.10877071907379,61.253767961835614,high volume
2025-10-05,1_3,64.0,60.22314084838398,55.37561,66.82983265494796,64.10873454758725,65.78304650327749,high volume
2025-10-06,1_3,33.0,56.618752504145064,51.35135,55.99671531791404,64.10873211351586,67.19814980171729,high volume
2025-10-07,1_3,53.0,53.636062665785566,54.73748,62.396791419308634,64.10873194972099,64.62952043903348,high volume
2025-10-08,1_3,54.0,58.5592278294217,53.387978,63.53953346249344,64.10873193869882,64.76738220340567,high volume
2025-10-09,1_3,59.0,62.15600720334785,63.09931,64.27927970551521,64.10873193795712,65.40184851995421,high volume
2025-10-10,1_3,85.0,58.70410581034005,59.60352,62.448109492359706,64.10873193790721,59.9051146316736,high volume
2025-10-11,1_3,80.0,57.059743037888225,52.331406,59.08427783329988,64.10873193790385,61.66450910038908,high volume
2025-10-12,1_3,64.0,57.51269554253259,51.980003,65.44876064901803,64.10873193790363,65.4405585796551,high volume
2025-10-13,1_3,64.0,55.332351640507454,51.11052,63.76268445180444,64.10873193790361,66.62032588307764,high volume
2025-10-14,1_3,66.0,56.41633198096562,56.14217,59.63889364507437,64.10873193790361,64.47886780277663,high volume
2025-10-15,1_3,59.0,58.59034796920161,61.046215,60.48061017184671,64.10873193790361,64.59380271555185,high volume
2025-10-16,1_3,63.0,59.00162770427117,58.223988,60.520318879483334,64.10873193790361,65.1227552558203,high volume
2025-10-17,1_3,81.0,57.58633006317302,60.368877,57.79401555841154,64.10873193790361,60.540145781628745,high volume
2025-10-18,1_3,53.0,52.07889330387589,52.985363,53.633011710325036,64.10873193790361,62.006947326882326,high volume
2025-10-19,1_3,37.0,58.048513304203624,58.64803,60.07443609874533,64.10873193790361,65.15502770887021,high volume
2025-10-20,1_3,63.0,51.243923769113465,55.80829,58.19907321849602,64.10873193790361,66.13859593900293,high volume
2025-10-21,1_3,51.0,60.01366757315195,61.30169,54.46143215379739,64.10873193790361,64.35326918190879,high volume
2025-10-22,1_3,73.0,58.7371000567649,57.76091,55.2912016040374,64.10873193790361,64.44909005133856,high volume
2025-10-23,1_3,54.0,57.64394473067505,59.42355,56.32344664943366,64.10873193790361,64.89007609354091,high volume
2025-10-24,1_3,66.0,60.40828727392806,59.307663,54.132710693775074,64.10873193790361,61.06956922168223,high volume
2025-10-25,1_3,22.801658922468413,60.223990892832795,57.69502,51.32789175026514,64.10873193790361,62.292436981820764,high volume
2025-10-26,1_3,53.0,57.92184981708129,62.273247,58.131094120010275,64.10873193790361,64.91698153450055,high volume
2025-10-27,1_3,61.0,55.30629288405434,55.98211,55.55486272186495,64.10873193790361,65.7369792243161,high volume
2025-10-28,1_3,57.0,55.09551672401819,55.89014,52.450340775210435,64.10873193790361,64.24855801312515,high volume
2025-10-29,1_3,59.0,60.35334500659628,57.4417,53.070210071174365,64.10873193790361,64.32844356570946,high volume
2025-10-30,1_3,58.0,60.2518480003569,61.622128,53.91000497181344,64.10873193790361,64.69609221962952,high volume
2025-10-31,1_3,22.801658922468416,60.53918260504363,61.98755,52.7609571956979,64.10873193790361,61.51094785153029,high volume
2025-11-01,1_3,79.0,53.452840408199194,54.67292,49.509192062767305,64.10873193790361,62.53044879467097,high volume
2025-11-02,1_3,36.0,53.787261126851554,55.506454,57.112294330311805,64.10873193790361,64.71852319976335,high volume
2025-11-03,1_3,46.0,48.28207111525805,50.611477,54.7951224764256,64.10873193790361,65.40215265291488,high volume
2025-11-04,1_3,45.0,48.060881799739484,50.359924,51.368797777630945,64.10873193790361,64.16126064638438,high volume
2025-11-05,1_3,46.0,49.86355880392371,51.96837,53.78678453177327,64.10873193790361,64.22786097624653,high volume
2025-11-06,1_3,54.0,53.258998543803976,55.411263,54.4967745722241,64.10873193790361,64.53436848395403,high volume
2025-11-07,1_3,69.0,57.077988301963224,56.917675,52.56680600378695,64.10873193790361,61.878923804515814,high volume
2025-11-08,1_3,56.0,58.912382768088584,62.923347,49.242801951198054,64.10873193790361,62.72887848231923,high volume
2025-11-09,1_3,45.0,49.988428506982615,49.929592,56.15197448133915,64.10873193790361,64.55306912039849,high volume
2025-11-10,1_3,49.0,46.01355458626039,44.515285,54.461763942204584,64.10873193790361,65.12300881049856,high volume
2025-11-11,1_3,60.0,46.0390411916188,42.868656,50.99573896575618,64.10873193790361,64.08848111074936,high volume
2025-11-12,1_3,52.0,52.11389518125417,52.610664,52.37648966929278,64.10873193790361,64.14400559288981,high volume
2025-11-13,1_3,58.0,57.43333944367334,56.113987,52.87130273108343,64.10873193790361,64.39953992241706,high volume
2025-11-14,1_3,64.0,58.084259995496154,60.28467,50.27301667749218,64.10873193790361,62.18570418040808,high volume
2025-11-15,1_3,61.0,59.46824482190521,60.9496,47.01214097035334,64.10873193790361,62.89430867869762,high volume
2025-11-16,1_3,59.0,47.92813840912902,48.51087,54.08878780538584,64.10873193790361,64.4151305832505,high volume
2025-11-17,1_3,39.0,48.00553379539847,47.008263,51.959696270176444,64.10873193790361,64.89028748126579,high volume
2025-11-18,1_3,47.0,45.45089750038885,42.962734,48.779329921905756,64.10873193790361,64.02780504450583,high volume
2025-11-19,1_3,43.0,48.05944430134594,47.87386,49.935537399778006,64.10873193790361,64.07409562780093,high volume
2025-11-20,1_3,60.0,54.97264169892424,54.48818,50.860340111138996,64.10873193790361,64.28713378159799,high volume
2025-11-21,1_3,59.0,61.68628645457623,61.601643,48.67682266591475,64.10873193790361,62.441465999268836,high volume
2025-11-22,1_3,48.0,61.7318129940049,61.364006,44.593931656840105,64.10873193790361,63.03222730467611,high volume
2025-11-23,1_3,47.0,50.43173377310596,52.24113,51.63553450559875,64.10873193790361,64.3001316657045,high volume
2025-11-24,1_3,47.0,45.09737441666859,43.064545,49.470234558803114,64.10873193790361,64.69626845290013,high volume
2025-11-25,1_3,39.0,45.92661620127045,45.218132,45.776864332890845,64.10873193790361,63.977219602009306,high volume
2025-11-26,1_3,46.0,48.2803741543557,47.856327,47.26474688760447,64.10873193790361,64.0158119133501,high volume
2025-11-27,1_3,36.0,54.55039735196836,54.962868,48.22170615298539,64.10873193790361,64.19342114126567,high volume
2025-11-28,1_3,48.0,53.9854316136454,54.368397,46.31863112304782,64.10873193790361,62.65469381019614,high volume
2025-11-29,1_3,64.0,58.647436554326646,57.58869,43.66876777074016,64.10873193790361,63.14720962234374,high volume
2025-11-30,1_3,56.0,50.033607593269465,50.612255,50.441804335708454,64.10873193790361,64.20425743570189,high volume
2025-12-01,1_3,39.0,48.510027873227905,47.807686,48.947245607212686,64.10873193790361,64.53451540906845,high volume
2025-12-02,1_3,40.0,42.38837886659548,42.755928,46.24734746463729,64.10873193790361,63.93504668027935,high volume
2025-12-03,1_3,44.0,46.49008177548398,47.20316,48.42076319710716,64.10873193790361,63.96722096689679,high volume
2025-12-04,1_3,61.0,47.001304459087244,49.770702,50.92359445683332,64.10873193790361,64.11529321254164,high volume
2025-12-05,1_3,81.0,52.71603230305073,55.03337,50.457069591280714,64.10873193790361,62.832461154655014,high volume
2025-12-06,1_3,78.0,52.342033522845,44.633682,47.826617278253,64.10873193790361,63.24307001308079,high volume
2025-12-07,1_3,62.0,57.25826409554133,49.33075,54.353154634477434,64.10873193790361,64.12432739657854,high volume
2025-12-08,1_3,55.0,54.5531480562392,50.627243,53.09263270894888,64.10873193790361,64.39966241341534,high volume
2025-12-09,1_3,56.0,55.661045001054376,51.398712,50.657567608076015,64.10873193790361,63.89988725022469,high volume
2025-12-10,1_3,60.0,53.46982967332321,53.661076,52.65555596586806,64.10873193790361,63.92671085014333,high volume
2025-12-11,1_3,82.0,47.85300744207963,47.896126,53.59792316494144,64.10873193790361,64.05015820807415,high volume
2025-12-12,1_3,22.801658922468413,45.33671105275778,39.206562,52.63539750260771,64.10873193790361,62.98066522155666,high volume
2025-12-13,1_3,79.0,42.31417974435779,36.824253,50.97520635085803,64.10873193790361,63.322988514452675,high volume
2025-12-14,1_3,81.0,51.54637137860798,46.958504,57.24763686657974,64.10873193790361,64.05768997843097,high volume
2025-12-15,1_3,84.0,50.81420641717058,49.889572,55.9657015138934,64.10873193790361,64.28723590195175,high volume
2025-12-16,1_3,56.0,59.16831435344363,62.773315,52.58137184147105,64.10873193790361,63.87057494576345,high volume
2025-12-17,1_3,48.0,57.20640619756694,61.015057,54.56052704596823,64.10873193790361,63.892937695282974,high volume
2025-12-18,1_3,56.0,61.480298964654665,58.620907,56.27198699176775,64.10873193790361,63.995855363031815,high volume
2025-12-19,1_3,44.0,54.33113741837725,45.875034,54.25242198921509,64.10873193790361,63.10422247844795,high volume
2025-12-20,1_3,61.0,62.760123406386725,58.64938,51.290623996213704,64.10873193790361,63.38961631361372,high volume
2025-12-21,1_3,70.0,62.33923250432662,57.535282,57.60395666267117,64.10873193790361,64.00213457590552,high volume
2025-12-22,1_3,53.0,62.34701912912373,57.61589,56.37413055514961,64.10873193790361,64.1935062786782,high volume
2025-12-23,1_3,58.0,61.98860684605146,58.875526,52.48739226678458,64.10873193790361,63.846137371221076,high volume
2025-12-24,1_3,70.0,60.30161057280711,59.948658,53.735333793020246,64.10873193790361,63.864781124020475,high volume
2025-12-25,1_3,5.0,2.4426092739187433,1.15149,43.93426819220807,64.10873193790361,63.95058325468086,high volume
2025-12-26,1_3,22.801658922468413,57.11479092769558,59.598347,41.579557821236826,64.10873193790361,63.20723176860888,high volume
2025-12-27,1_3,59.0,57.45921646743789,50.46883,48.15571245709778,64.10873193790361,63.44516369682087,high volume
2025-12-28,1_3,47.0,51.49622009129518,47.461952,54.28581834228047,64.10873193790361,63.955818214384266,high volume
2025-12-29,1_3,41.0,45.541951503767784,44.16891,51.65647822498846,64.10873193790361,64.11536419133037,high volume
2025-12-30,1_3,54.0,45.74054501344097,44.377,47.03974479731242,64.10873193790361,63.825763843431616,high volume
2025-12-31,1_3,38.0,50.78803104363685,46.959324,48.64793997531241,64.10873193790361,63.84130708055197,high volume
2025-10-01,1_9,33.0,24.48510190787441,23.166166,26.949008925502394,30.67100510879906,30.312790116752353,high volume
2025-10-02,1_9,42.0,28.994305009205355,26.57997,31.425648336335204,32.190269351971565,33.712397145122175,high volume
2025-10-03,1_9,33.0,34.71847286688036,32.81408,33.86760359780264,32.59728077169348,35.60612478621423,high volume
2025-10-04,1_9,51.0,35.03185014998079,34.05689,36.96287288246799,32.70631927274983,37.972491539694275,high volume
2025-10-05,1_9,24.0,28.84421524306129,29.120724,29.997285932693075,32.735530725147754,33.01365422155156,high volume
2025-10-06,1_9,28.0,22.478520870274185,22.958035,17.901462683481235,32.74335648341597,30.631176203644362,high volume
2025-10-07,1_9,24.0,23.519214424317457,23.801775,23.16241358337385,32.74545300678079,30.463455772194994,high volume
2025-10-08,1_9,25.0,24.22397711240647,24.782166,24.265303923827812,32.746014666120196,30.939555511490514,high volume
2025-10-09,1_9,41.0,28.80980404612785,27.493359,28.82057417676651,32.74616513485278,33.76755504150659,high volume
2025-10-10,1_9,29.0,32.76854876955617,32.20274,31.832021037620894,32.74620544547863,35.58990374074365,high volume
2025-10-11,1_9,37.0,33.34054893843594,32.129894,34.837852666435246,32.74621624470933,37.940949634371684,high volume
2025-10-12,1_9,30.0,26.380521252084655,26.470995,28.419117897618754,32.746219137827,32.99744979842872,high volume
2025-10-13,1_9,20.0,24.260242487195057,23.36053,25.34147824987546,32.746219912894226,30.622661751919992,high volume
2025-10-14,1_9,36.0,23.66710952434163,23.454601,25.65578110457195,32.74622012053501,30.455477968152273,high volume
2025-10-15,1_9,31.0,25.565419278343995,25.107817,26.617644622297252,32.74622017616205,30.930019113093618,high volume
2025-10-16,1_9,28.0,30.481105858423142,28.577173,31.627760578590213,32.74622019106455,33.748768777382146,high volume
2025-10-17,1_9,48.0,33.65599916532727,33.512573,35.42169913870133,32.746220195056935,35.56515699476499,high volume
2025-10-18,1_9,23.0,37.650341394760886,37.255276,39.15137982242381,32.746220196126494,37.908513182100755,high volume
2025-10-19,1_9,24.0,29.197020900570816,29.661474,32.35646944700763,32.74622019641303,32.98118234163146,high volume
2025-10-20,1_9,27.0,25.804907678913303,25.84606,29.344003573128084,32.74622019648979,30.614161654059902,high volume
2025-10-21,1_9,28.0,25.155835164672787,25.499275,29.030454409845433,32.74622019651035,30.447524688125334,high volume
2025-10-22,1_9,29.0,26.96438328040951,27.994606,29.988727953674285,32.74622019651586,30.92051372342743,high volume
2025-10-23,1_9,24.0,31.534633735125265,30.888054,33.716195394548656,32.746220196517335,33.73004393736879,high volume
2025-10-24,1_9,45.0,34.424670791198245,34.05386,36.91391680903921,32.74622019651773,35.54049118695537,high volume
2025-10-25,1_9,29.0,36.47469126443713,37.084923,38.99768431778491,32.74622019651784,37.876182821355314,high volume
2025-10-26,1_9,34.0,27.80047534309186,28.148418,31.952160855448994,32.74622019651787,32.964968091728736,high volume
2025-10-27,1_9,24.0,27.295711533669035,26.646862,30.159492644562693,32.746220196517875,30.605689357966046,high volume
2025-10-28,1_9,25.0,26.08517900677735,25.894512,29.284002753090952,32.746220196517875,30.439597421358805,high volume
2025-10-29,1_9,29.0,27.58569204752125,27.78422,30.830996010109576,32.746220196517875,30.91103942359835,high volume
2025-10-30,1_9,20.0,32.31905441096197,31.991531,35.117655923436956,32.746220196517875,33.71138034179119,high volume
2025-10-31,1_9,39.0,32.61613753515102,33.096115,37.18189994044684,32.746220196517875,35.51590605505437,high volume
2025-11-01,1_9,32.0,37.40530652275859,37.06466,40.109726099931606,32.746220196517875,37.843958205422666,high volume
2025-11-02,1_9,24.0,27.86461398381281,27.818186,32.17658567756609,32.746220196517875,32.948806874727005,high volume
2025-11-03,1_9,28.0,26.213129426480176,26.309856,30.16827719963298,32.746220196517875,30.597244772709416,high volume
2025-11-04,1_9,27.0,27.259713541164594,26.676165,29.79861641108734,32.746220196517875,30.431696082770017,high volume
2025-11-05,1_9,46.0,26.168894229167492,26.60976,28.918269728941368,32.746220196517875,30.901596111919062,high volume
2025-11-06,1_9,34.0,33.93608602169217,31.548483,33.31480401352186,32.746220196517875,33.69277779033358,high volume
2025-11-07,1_9,24.0,34.970916459660046,34.86962,36.29653822812796,32.746220196517875,35.49140133519057,high volume
2025-11-08,1_9,44.0,34.95454882045306,35.779438,39.115396014245924,32.746220196517875,37.811838988437046,high volume
2025-11-09,1_9,29.0,29.68895608360512,29.540777,31.8546230345471,32.746220196517875,32.93269851716845,high volume
2025-11-10,1_9,36.0,26.497214979382807,26.716578,28.678024928168583,32.746220196517875,30.588827807654564,high volume
2025-11-11,1_9,21.0,27.197190676989646,26.760815,28.002367998941196,32.746220196517875,30.42382058755417,high volume
2025-11-12,1_9,20.0,27.59951936519813,27.73691,28.14277580913511,32.746220196517875,30.89218368703481,high volume
2025-11-13,1_9,30.0,31.0165100772419,31.82516,32.43998744141789,32.746220196517875,33.67423608333536,high volume
2025-11-14,1_9,41.0,35.50193044877454,36.585217,35.94051197121162,32.746220196517875,35.466976764355564,high volume
2025-11-15,1_9,49.0,37.63658265969443,37.793568,38.31316237441196,32.746220196517875,37.77982482566391,high volume
2025-11-16,1_9,34.0,31.859426087619607,31.686605,30.509320013831225,32.746220196517875,32.91664284616257,high volume
2025-11-17,1_9,31.0,30.133290687049005,30.213043,27.667458389093962,32.746220196517875,30.580438372462464,high volume
2025-11-18,1_9,26.0,28.63810813266718,28.319477,26.423922172417853,32.746220196517875,30.415970851183825,high volume
2025-11-19,1_9,37.0,29.558188416515176,29.542374,26.781793785419726,32.746220196517875,30.88280204792234,high volume
2025-11-20,1_9,33.0,33.56307682497262,32.538456,30.517621553702817,32.746220196517875,33.655755021788984,high volume
2025-11-21,1_9,39.0,38.33820522201723,38.640038,33.59057354621932,32.746220196517875,35.44263208040124,high volume
2025-11-22,1_9,31.0,38.89561884457407,39.470345,37.33018873186614,32.746220196517875,37.747915373496284,high volume
2025-11-23,1_9,31.0,30.51851135455306,30.357931,29.956554994342248,32.746220196517875,32.90063968938438,high volume
2025-11-24,1_9,35.0,27.531062227469942,27.673906,27.670385698829502,32.746220196517875,30.572076377089587,high volume
2025-11-25,1_9,31.0,27.577167096733383,27.777851,27.75099295841127,32.746220196517875,30.408146789408015,high volume
2025-11-26,1_9,32.0,28.700108927489364,29.25744,28.409879244981777,32.746220196517875,30.87345109388882,high volume
2025-11-27,1_9,37.0,34.401369853382754,32.71607,32.95860547406257,32.746220196517875,33.63733440733781,high volume
2025-11-28,1_9,47.0,38.77255889767032,39.101498,36.5975623594001,32.746220196517875,35.41836702203686,high volume
2025-11-29,1_9,33.0,38.59715594950543,39.787964,39.41680991164465,32.746220196517875,37.71611028945101,high volume
2025-11-30,1_9,35.0,31.79074663134287,32.606464,33.47864013430147,32.746220196517875,32.88468887507248,high volume
2025-12-01,1_9,33.0,30.80579086894914,30.845173,31.384857760022893,32.746220196517875,30.563741731786884,high volume
2025-12-02,1_9,37.0,30.507039373103833,30.17512,31.227361950465358,32.746220196517875,30.400348318251318,high volume
2025-12-03,1_9,28.0,32.16168158352401,33.267345,32.04806673497682,32.746220196517875,30.864130724570746,high volume
2025-12-04,1_9,29.0,36.83685838527018,36.49288,36.57125158916273,32.746220196517875,33.618974042273955,high volume
2025-12-05,1_9,38.0,37.082004724482246,38.18063,39.23812388595555,32.746220196517875,35.39418132882633,high volume
2025-12-06,1_9,56.0,40.85793979246087,41.137844,42.90483253553406,32.746220196517875,37.68440923216514,high volume
2025-12-07,1_9,46.0,36.19033423574263,36.084507,38.055277747837565,32.746220196517875,32.868790232027294,high volume
2025-12-08,1_9,41.0,36.329006431265746,35.25526,36.25638466072771,32.746220196517875,30.555434347098878,high volume
2025-12-09,1_9,39.0,35.67195317625486,35.14026,36.19342119289925,32.746220196517875,30.392575354012997,high volume
2025-12-10,1_9,43.0,38.400574506040826,35.32235,37.46285451114249,32.746220196517875,30.854840839932894,high volume
2025-12-11,1_9,39.0,46.40721598795494,42.82185,43.1756745666322,32.746220196517875,33.60067372953621,high volume
2025-12-12,1_9,49.0,47.939255800381034,46.536976,46.42018823550177,32.746220196517875,35.37007474118536,high volume
2025-12-13,1_9,48.0,50.754184270209436,50.546406,48.487579819468344,32.746220196517875,37.65281186139223,high volume
2025-12-14,1_9,40.0,43.19310800396606,39.444725,43.50609494171164,32.746220196517875,32.852943589609204,high volume
2025-12-15,1_9,39.0,39.12886502944062,40.249557,41.07465720677947,32.746220196517875,30.547154133862684,high volume
2025-12-16,1_9,82.0,58.37681235791863,52.23495,56.90043571555223,32.746220196517875,30.384827813266085,high volume
2025-12-17,1_9,62.0,50.494009475865745,51.794773,57.346231566617995,32.746220196517875,30.845581340267238,high volume
2025-12-18,1_9,67.0,57.65217928705544,56.308964,64.34151953982713,32.746220196517875,33.58243327270791,high volume
2025-12-19,1_9,85.0,57.077678248191035,60.316242,67.78487226616424,32.746220196517875,35.34604700037873,high volume
2025-12-20,1_9,22.801658922468413,41.7937419932732,50.043495,70.29537481515156,32.746220196517875,37.6213178379987,high volume
2025-12-21,1_9,22.801658922468413,52.139754179464916,50.59531,63.88487333009168,32.746220196517875,32.83714877773669,high volume
2025-12-22,1_9,56.0,46.29387950714861,42.19054,43.521425449861226,32.746220196517875,30.538901003207016,high volume
2025-12-23,1_9,35.0,52.70660252194464,49.28505,43.18801865714533,32.746220196517875,30.37710561285645,high volume
2025-12-24,1_9,55.0,48.764493740985564,44.426197,43.19387740469009,32.746220196517875,30.83635212619184,high volume
2025-12-25,1_9,6.0,9.229773084601417,9.639043,38.90040384458808,32.746220196517875,33.56425247601479,high volume
2025-12-26,1_9,63.0,59.09866509590627,59.90713,41.5848458456097,32.746220196517875,35.322097848517444,high volume
2025-12-27,1_9,27.0,50.0018278798721,48.47032,52.22204252718226,32.746220196517875,37.589926823960205,high volume
2025-12-28,1_9,47.0,41.49419845716983,40.09283,45.10775019030179,32.746220196517875,32.82140562688453,high volume
2025-12-29,1_9,39.0,35.83053896639975,35.569202,42.30080641163265,32.746220196517875,30.530674866551298,high volume
2025-12-30,1_9,44.0,33.60632268579517,34.781254,42.33785498888754,32.746220196517875,30.36940866990198,high volume
2025-12-31,1_9,38.0,36.643803021848,36.590637,41.42915253849781,32.746220196517875,30.827153098649855,high volume
2025-10-01,1_12,15.0,19.76802092226673,19.780931,18.86698645477857,23.696522377063978,22.02846087571046,mid volume
2025-10-02,1_12,23.0,21.82039461132853,22.005043,22.13735210302533,22.89991435791691,25.02319634142958,mid volume
2025-10-03,1_12,37.0,29.955963224790388,30.130602,32.512920174701506,22.624424667958223,26.362157348479048,mid volume
2025-10-04,1_12,39.0,32.47750963216375,32.86634,33.78875323587462,22.52915250467421,28.14561798355804,mid volume
2025-10-05,1_12,28.0,25.741220143163844,27.01515,29.099437243851515,22.49620468329412,22.692589432842052,mid volume
2025-10-06,1_12,23.0,21.484934644672382,21.478449,26.248922273213385,22.484810390393914,20.569003211699915,mid volume
2025-10-07,1_12,30.0,22.06894219180101,22.01393,26.696082083535174,22.480869920121297,20.454710704708685,mid volume
2025-10-08,1_12,26.0,24.636550923144476,25.444153,26.20230042293756,22.47950719352603,21.240595109817505,mid volume
2025-10-09,1_12,32.0,21.5593471231559,20.192562,21.466304036404456,22.47903592394525,24.95398808062169,mid volume
2025-10-10,1_12,33.0,23.732882612076352,21.696,23.034492849296313,22.47887294553231,26.40171786944807,mid volume
2025-10-11,1_12,41.0,24.833597068795118,23.529827,24.405179848210967,22.478816582965813,28.202513682743664,mid volume
2025-10-12,1_12,21.0,19.915293411570858,18.571974,18.774680011325017,22.47879709118868,22.748644820788044,mid volume
2025-10-13,1_12,11.0,16.946999608919086,15.684909,17.546778410548644,22.478790350378258,20.624146525418375,mid volume
2025-10-14,1_12,18.0,16.400706740740443,15.807785,16.095977502030728,22.478788019214463,20.50984062350881,mid volume
2025-10-15,1_12,13.0,17.399566620342128,17.136616,15.875818679122286,22.47878721303178,21.296207409585122,mid volume
2025-10-16,1_12,24.0,19.316212168686764,18.749924,18.23771722313059,22.478786934230897,25.011841419904457,mid volume
2025-10-17,1_12,20.0,21.585041402670743,20.863297,18.679933978861445,22.47878683781363,26.46044461491084,mid volume
2025-10-18,1_12,25.0,22.764247024057877,21.707691,19.04457807482695,22.4787868044698,28.26232662944791,mid volume
2025-10-19,1_12,14.0,18.201755950438876,17.708284,14.168317304383333,22.478786792938553,22.805168202126424,mid volume
2025-10-20,1_12,18.0,16.351171809879002,15.442209,13.010590250026516,22.47878678895072,20.679388489510195,mid volume
2025-10-21,1_12,23.0,16.00743588789771,15.607949,12.740326669851452,22.478786787571615,20.56501364265437,mid volume
2025-10-22,1_12,11.0,17.178149363580406,17.201393,12.704799250778537,22.47878678709468,21.351854735772907,mid volume
2025-10-23,1_12,11.0,19.67692660397115,19.231215,17.278359221599434,22.478786786929742,25.069729877528292,mid volume
2025-10-24,1_12,22.0,20.933028204998475,20.788183,18.815703843035866,22.478786786872703,26.51920681579026,mid volume
2025-10-25,1_12,24.0,22.11490450717316,21.910982,21.914630786686928,22.47878678685298,28.32217565815047,mid volume
2025-10-26,1_12,23.0,22.308114952142613,20.359869,22.871081945713968,22.478786786846157,22.861725677016928,mid volume
2025-10-27,1_12,12.0,20.107823877220568,18.258932,19.793850129217756,22.4787867868438,20.734663773603078,mid volume
2025-10-28,1_12,21.0,19.18279099222862,17.516735,20.387674689511844,22.47878678684298,20.62021994011837,mid volume
2025-10-29,1_12,15.0,19.829645468954222,19.041275,19.326069288280024,22.4787867868427,21.407535626348697,mid volume
2025-10-30,1_12,19.0,21.75379421324521,21.366098,22.86146929698634,22.478786786842605,25.12765325130456,mid volume
2025-10-31,1_12,32.0,24.651958302578652,24.852186,25.98697855630149,22.478786786842573,26.57800445983102,mid volume
2025-11-01,1_12,22.0,28.10428064395616,27.58611,27.46097485534354,22.478786786842562,28.382060785548212,mid volume
2025-11-02,1_12,11.0,22.433819193011313,22.221075,24.104650704704703,22.47878678684256,22.91831726526048,mid volume
2025-11-03,1_12,10.0,15.874625266937661,15.232062,15.586108163489731,22.47878678684256,20.789972397679488,mid volume
2025-11-04,1_12,17.0,14.72437594759153,14.198144,14.912007148764078,22.47878678684256,20.675459535955746,mid volume
2025-11-05,1_12,18.0,15.824735169737128,15.563758,17.206683725315862,22.47878678684256,21.463250101554667,mid volume
2025-11-06,1_12,11.0,18.598653373905822,18.048382,20.02885253198065,22.47878678684256,25.185611562292987,mid volume
2025-11-07,1_12,14.0,19.21844520660775,19.034636,21.129736437456184,22.47878678684256,26.636837568411057,mid volume
2025-11-08,1_12,23.0,18.585803363304485,18.141579,22.201650522110267,22.47878678684256,28.441982033414504,mid volume
2025-11-09,1_12,18.0,15.650714435675601,15.061461,17.191888601209392,22.47878678684256,22.97494298743298,mid volume
2025-11-10,1_12,9.0,14.57296667387299,14.486491,15.345139538935324,22.47878678684256,20.84531438184885,mid volume
2025-11-11,1_12,12.0,14.408135438665044,14.037621,14.633186348968815,22.47878678684256,20.730732450250823,mid volume
2025-11-12,1_12,9.0,14.61192541818115,14.36967,14.82736285857199,22.47878678684256,21.518998181647813,mid volume
2025-11-13,1_12,25.0,15.45740791714383,15.477146,17.399072028878315,22.47878678684256,25.24360483156639,mid volume
2025-11-14,1_12,15.0,18.805443047782248,18.439718,17.34028860634203,22.47878678684256,26.69570616292125,mid volume
2025-11-15,1_12,18.0,19.380771912160142,19.23371,18.878173847923772,22.47878678684256,28.501939423535866,mid volume
2025-11-16,1_12,13.0,15.495650822799929,15.420397,14.578533963823787,22.47878678684256,23.031602864122732,mid volume
2025-11-17,1_12,14.0,13.645043869052454,13.012151,12.158976600939614,22.47878678684256,20.900689746232732,mid volume
2025-11-18,1_12,6.0,14.090580682408252,13.60981,12.43042904705955,22.47878678684256,20.786038703100054,mid volume
2025-11-19,1_12,36.0,14.128510427124533,13.861723,12.479967840996585,22.47878678684256,21.574779886897346,mid volume
2025-11-20,1_12,17.0,17.77753588396777,17.910751,16.27429997986946,22.47878678684256,25.301633080210305,mid volume
2025-11-21,1_12,18.0,19.051696563659306,19.212725,17.34485139146897,22.47878678684256,26.754610264765397,mid volume
2025-11-22,1_12,22.0,19.389494842519102,18.990278,17.272743827645822,22.47878678684256,28.561932977711958,mid volume
2025-11-23,1_12,28.0,18.716599617569628,18.380558,18.336464022664615,22.47878678684256,23.088296915930474,mid volume
2025-11-24,1_12,21.0,17.10471046680949,17.006443,15.805068364440942,22.47878678684256,20.956098510964832,mid volume
2025-11-25,1_12,22.0,17.83712905222709,17.674995,14.880214318873062,22.47878678684256,20.84137831461201,mid volume
2025-11-26,1_12,17.0,18.91974065022334,19.156174,15.390028558867767,22.47878678684256,21.630595237584707,mid volume
2025-11-27,1_12,13.0,20.08888708637164,20.584963,18.891307642471954,22.47878678684256,25.359696329322976,mid volume
2025-11-28,1_12,21.0,21.184195762863084,21.754145,20.050821759580867,22.47878678684256,26.81354989536018,mid volume
2025-11-29,1_12,12.0,22.19799294000946,22.556557,22.500422831000613,22.47878678684256,28.62196271775558,mid volume
2025-11-30,1_12,17.0,16.914902824020757,17.033413,16.939969763526367,22.47878678684256,23.14502516346935,mid volume
2025-12-01,1_12,4.0,13.04959517794011,12.997604,9.740704712725158,22.47878678684256,21.011540696190984,mid volume
2025-12-02,1_12,10.0,12.666218547350207,12.209755,10.127928799781948,22.47878678684256,20.896751304907383,mid volume
2025-12-03,1_12,8.0,12.52718423798413,12.224951,11.295725730781202,22.47878678684256,21.686444254003558,mid volume
2025-12-04,1_12,19.0,13.70068717410519,13.783862,15.671957686614403,22.47878678684256,25.417794600015377,mid volume
2025-12-05,1_12,11.0,15.773886817685081,15.968766,19.1553008288885,22.47878678684256,26.87252507613522,mid volume
2025-12-06,1_12,17.0,16.951187727882488,16.43252,20.863140691167427,22.47878678684256,28.682028665492695,mid volume
2025-12-07,1_12,17.0,13.154996421900226,14.194383,14.03159724691644,22.47878678684256,23.201787627364947,mid volume
2025-12-08,1_12,16.0,12.125051168915723,12.373428,12.069671206171819,22.47878678684256,21.067016322069183,mid volume
2025-12-09,1_12,9.0,12.47077573264199,12.661486,12.477438374183285,22.47878678684256,20.95215769411901,mid volume
2025-12-10,1_12,17.0,12.710293064423992,13.445477,12.944031353114653,22.47878678684256,21.74232695645981,mid volume
2025-12-11,1_12,20.0,16.059835930051133,15.595973,15.283123065188374,22.47878678684256,25.475927913411212,mid volume
2025-12-12,1_12,15.0,17.104811912791927,18.334862,17.543586509754743,22.47878678684256,26.93153582853305,mid volume
2025-12-13,1_12,22.0,17.427339104352377,19.037865,21.342198427202906,22.47878678684256,28.742130842762432,mid volume
2025-12-14,1_12,12.0,14.293153702672992,14.505041,14.108655469419249,22.47878678684256,23.2585843282553,mid volume
2025-12-15,1_12,11.0,13.546617323447911,14.027159,12.413992363687756,22.47878678684256,21.122525408769583,mid volume
2025-12-16,1_12,12.0,13.437915121698506,13.903081,12.760321351104215,22.47878678684256,21.00759750239187,mid volume
2025-12-17,1_12,17.0,14.39101412305075,14.845057,13.684941677699939,22.47878678684256,21.798243365271627,mid volume
2025-12-18,1_12,18.0,17.05213917625622,17.21265,19.206356775847173,22.47878678684256,25.534096290646936,mid volume
2025-12-19,1_12,21.0,18.65707461951673,19.17304,20.054881269106936,22.47878678684256,26.990582174009152,mid volume
2025-12-20,1_12,22.0,20.101616727992184,21.032484,22.013443277860613,22.47878678684256,28.80226927141709,mid volume
2025-12-21,1_12,14.0,17.57530781482093,17.834633,15.89451649896903,22.47878678684256,23.315415286790873,mid volume
2025-12-22,1_12,23.0,15.985559117590327,16.279697,15.399013650793643,22.47878678684256,21.178067976474495,mid volume
2025-12-23,1_12,20.0,16.471669448678856,16.702887,14.262070480048328,22.47878678684256,21.06307074988309,mid volume
2025-12-24,1_12,17.0,17.15472870366133,18.02987,14.717981145764789,22.47878678684256,21.85419350076942,mid volume
2025-12-25,1_12,2.0,5.971340535485024,8.836974,14.868354183258925,22.47878678684256,25.59229975287174,mid volume
2025-12-26,1_12,16.0,19.79649697250782,20.802814,16.020269025579466,22.47878678684256,27.04966413403193,mid volume
2025-12-27,1_12,21.0,16.81529693555415,16.874876,20.339835000002317,22.47878678684256,28.86244397332214,mid volume
2025-12-28,1_12,23.0,14.143634285044106,14.068913,14.653915617093725,22.47878678684256,23.3722805236346,mid volume
2025-12-29,1_12,14.0,12.583833606359683,11.780315,11.855553911539992,22.47878678684256,21.23364404537841,mid volume
2025-12-30,1_12,9.0,12.031861758540895,11.644645,9.71938209724798,22.47878678684256,21.118577456761948,mid volume
2025-12-31,1_12,7.0,11.820496474230572,11.660887,11.367777171733438,22.47878678684256,21.910177383295856,mid volume
2025-10-01,1_28,6.0,8.864399313784203,9.533287,9.342619271217444,10.742659045534051,10.836567570351082,mid volume
2025-10-02,1_28,8.0,10.63919748086667,10.536097,11.168968760653478,11.340751511422003,11.4966863954232,mid volume
2025-10-03,1_28,9.0,11.313531775356989,10.945035,10.590778770252152,11.546020923513055,11.58251160154721,mid volume
2025-10-04,1_28,10.0,12.045654456814242,11.431149,12.223419821911769,11.616470785270886,11.620742805542756,mid volume
2025-10-05,1_28,3.0,9.079745926944566,8.825742,8.212368685598118,11.640649658153787,11.75422359309331,mid volume
2025-10-06,1_28,3.0,7.771143260308537,5.6832833,3.4180449542130815,11.648948012178911,11.711562513719496,mid volume
2025-10-07,1_28,6.0,7.450226438908574,5.6724734,3.2801384182145386,11.651796063858566,11.746532933890604,mid volume
2025-10-08,1_28,8.0,7.902676656167184,6.418391,4.499598954975569,11.652773534613058,11.7173103108781,mid volume
2025-10-09,1_28,22.801658922468416,9.602362826137275,8.25366,6.700060668673606,11.653109009240401,11.707288863600892,mid volume
2025-10-10,1_28,6.0,11.000789391815534,10.012105,7.692111244401284,11.653224146419774,11.704011084786517,mid volume
2025-10-11,1_28,10.0,10.910235316444728,9.837989,9.207741294401282,11.65326366228474,11.70288148172637,mid volume
2025-10-12,1_28,6.0,8.158799918943837,7.6847844,6.641958531038813,11.653277224399016,11.702368612191002,mid volume
2025-10-13,1_28,2.0,7.638858684824803,6.819917,4.510140695703283,11.653281879009102,11.702286300206557,mid volume
2025-10-14,1_28,4.0,7.525073636413141,6.9382906,7.166198369051818,11.653283476503018,11.70220598652076,mid volume
2025-10-15,1_28,16.0,7.821883902696881,7.576098,7.958972009643296,11.653284024773823,11.70222189929751,mid volume
2025-10-16,1_28,4.0,9.705015744880479,9.513592,11.168712943792771,11.6532842129441,11.702227373715033,mid volume
2025-10-17,1_28,14.0,10.325847768314876,10.162665,13.95040889460505,11.653284277525422,11.702229089657997,mid volume
2025-10-18,1_28,22.0,10.952632507836231,10.677999,17.07605371829607,11.653284299690172,11.702229685977425,mid volume
2025-10-19,1_28,13.0,8.914674599728592,9.029246,13.37441321440943,11.653284307297266,11.702230023324427,mid volume
2025-10-20,1_28,10.0,7.953324467999964,8.3994055,11.186070169032744,11.653284309908072,11.702230040710976,mid volume
2025-10-21,1_28,9.0,7.880811720627058,8.6968775,12.046854476133756,11.653284310804118,11.70223010160698,mid volume
2025-10-22,1_28,11.0,8.194363945194468,9.119669,12.605970125406087,11.653284311111648,11.702230076754848,mid volume
2025-10-23,1_28,18.0,9.746245255391441,9.865225,12.41285934761546,11.653284311217194,11.702230068223356,mid volume
2025-10-24,1_28,13.0,10.995350987544523,10.650174,13.531184659169792,11.653284311253417,11.702230065470845,mid volume
2025-10-25,1_28,18.0,11.63505651381257,11.006852,12.427250900094664,11.65328431126585,11.702230064519739,mid volume
2025-10-26,1_28,10.0,9.359791346947105,8.750278,8.037494777918122,11.653284311270117,11.702230064054046,mid volume
2025-10-27,1_28,15.0,8.214408644897762,8.283041,8.868036475518206,11.65328431127158,11.702230063997995,mid volume
2025-10-28,1_28,5.0,8.62391742745436,8.423492,8.385868179735159,11.653284311272083,11.702230063920966,mid volume
2025-10-29,1_28,19.0,8.32383420392914,9.27426,10.53443508943234,11.653284311272255,11.70223006394273,mid volume
2025-10-30,1_28,9.0,10.767765035343814,10.750063,11.936363564566278,11.653284311272314,11.702230063950209,mid volume
2025-10-31,1_28,13.0,11.800577407727289,11.798292,10.533314321770243,11.653284311272333,11.702230063952593,mid volume
2025-11-01,1_28,9.0,12.615182862585927,12.293862,11.9021854755205,11.65328431127234,11.702230063953419,mid volume
2025-11-02,1_28,12.0,9.19835780925504,9.437543,5.787948713445016,11.653284311272342,11.702230063953849,mid volume
2025-11-03,1_28,5.0,9.3110413634872,9.289723,6.624418362787168,11.653284311272342,11.702230063953888,mid volume
2025-11-04,1_28,10.0,9.013116374755304,9.200251,8.0065575411274,11.653284311272342,11.702230063953962,mid volume
2025-11-05,1_28,12.0,9.102245687737483,9.037116,4.806059529065791,11.653284311272342,11.702230063953937,mid volume
2025-11-06,1_28,10.0,11.335374339979282,11.419013,7.191028144627449,11.653284311272342,11.702230063953929,mid volume
2025-11-07,1_28,10.0,11.30170153149857,11.3323345,8.810146689078849,11.653284311272342,11.702230063953925,mid volume
2025-11-08,1_28,15.0,12.513800259194284,12.36267,10.671702512844597,11.653284311272342,11.702230063953923,mid volume
2025-11-09,1_28,5.0,10.020414175972869,10.730004,7.006463633564903,11.653284311272342,11.702230063953923,mid volume
2025-11-10,1_28,11.0,8.527835399866822,8.340262,5.702592748738615,11.653284311272342,11.702230063953923,mid volume
2025-11-11,1_28,10.0,8.958853778876545,9.150824,7.03862031425074,11.653284311272342,11.702230063953923,mid volume
2025-11-12,1_28,6.0,9.253415048533624,9.587129,7.023640481414379,11.653284311272342,11.702230063953923,mid volume
2025-11-13,1_28,9.0,10.90294988835928,10.6412325,9.735442426473767,11.653284311272342,11.702230063953923,mid volume
2025-11-14,1_28,12.0,12.374922542947642,12.393695,13.119253517897755,11.653284311272342,11.702230063953923,mid volume
2025-11-15,1_28,23.0,13.747716772214961,13.601173,14.251940607921481,11.653284311272342,11.702230063953923,mid volume
2025-11-16,1_28,5.0,11.280312517459315,10.832797,9.515321767318452,11.653284311272342,11.702230063953923,mid volume
2025-11-17,1_28,8.0,9.403369922760469,9.339123,9.165252625191972,11.653284311272342,11.702230063953923,mid volume
2025-11-18,1_28,10.0,8.909958898182968,8.895564,9.075415036424475,11.653284311272342,11.702230063953923,mid volume
2025-11-19,1_28,13.0,9.24365584493802,9.332558,9.423506373387388,11.653284311272342,11.702230063953923,mid volume
2025-11-20,1_28,13.0,11.335561915995578,11.137545,10.413785936118181,11.653284311272342,11.702230063953923,mid volume
2025-11-21,1_28,12.0,12.068268939489686,12.296791,12.252807017672147,11.653284311272342,11.702230063953923,mid volume
2025-11-22,1_28,16.0,12.990271904015094,13.092327,16.12055877943363,11.653284311272342,11.702230063953923,mid volume
2025-11-23,1_28,8.0,10.210556615296364,10.380686,11.68441816593243,11.653284311272342,11.702230063953923,mid volume
2025-11-24,1_28,16.0,9.606679003412598,10.010526,11.799132516159052,11.653284311272342,11.702230063953923,mid volume
2025-11-25,1_28,8.0,9.887766956243247,10.159929,13.945803531929462,11.653284311272342,11.702230063953923,mid volume
2025-11-26,1_28,5.0,10.415275358285532,11.199601,13.904022671955275,11.653284311272342,11.702230063953923,mid volume
2025-11-27,1_28,10.0,11.184872565450915,11.661725,15.677387113954447,11.653284311272342,11.702230063953923,mid volume
2025-11-28,1_28,27.0,12.777790968202392,12.867032,17.629303192426665,11.653284311272342,11.702230063953923,mid volume
2025-11-29,1_28,20.0,13.820169154867619,13.990425,17.909879158081516,11.653284311272342,11.702230063953923,mid volume
2025-11-30,1_28,19.0,11.563181989246026,11.46853,15.69626368498183,11.653284311272342,11.702230063953923,mid volume
2025-12-01,1_28,9.0,11.221264489600904,11.049163,14.974470995710602,11.653284311272342,11.702230063953923,mid volume
2025-12-02,1_28,11.0,10.734399849585083,11.349007,15.25870596740616,11.653284311272342,11.702230063953923,mid volume
2025-12-03,1_28,15.0,10.890379756446288,11.270646,14.404271739125738,11.653284311272342,11.702230063953923,mid volume
2025-12-04,1_28,9.0,13.68286529362679,13.799622,14.985186857130028,11.653284311272342,11.702230063953923,mid volume
2025-12-05,1_28,11.0,14.231933366124982,14.033218,13.52988557112451,11.653284311272342,11.702230063953923,mid volume
2025-12-06,1_28,21.0,14.926115015760361,15.371513,15.008608553598723,11.653284311272342,11.702230063953923,mid volume
2025-12-07,1_28,10.0,12.99409147258823,13.096577,14.746160239972843,11.653284311272342,11.702230063953923,mid volume
2025-12-08,1_28,11.0,11.658482362996718,12.140438,14.182113845189994,11.653284311272342,11.702230063953923,mid volume
2025-12-09,1_28,11.0,11.40696836738196,11.909239,14.30292495548672,11.653284311272342,11.702230063953923,mid volume
2025-12-10,1_28,17.0,12.587833126229453,12.780173,14.336965800274816,11.653284311272342,11.702230063953923,mid volume
2025-12-11,1_28,23.0,15.239463656168159,15.050314,17.80339969250063,11.653284311272342,11.702230063953923,mid volume
2025-12-12,1_28,26.0,17.102180776220663,17.657251,17.92193739223365,11.653284311272342,11.702230063953923,mid volume
2025-12-13,1_28,17.0,18.62719671836445,18.55474,15.812324956340651,11.653284311272342,11.702230063953923,mid volume
2025-12-14,1_28,16.0,14.1052473574908,14.087876,15.746652561114805,11.653284311272342,11.702230063953923,mid volume
2025-12-15,1_28,15.0,13.054098270847454,13.402504,14.312081637267244,11.653284311272342,11.702230063953923,mid volume
2025-12-16,1_28,31.0,19.38285686811745,20.100159,18.982373709026028,11.653284311272342,11.702230063953923,mid volume
2025-12-17,1_28,27.0,22.579725543148303,24.028395,17.793109947379893,11.653284311272342,11.702230063953923,mid volume
2025-12-18,1_28,43.0,26.344434055427623,25.644884,20.809950031253564,11.653284311272342,11.702230063953923,mid volume
2025-12-19,1_28,32.0,32.048976569739615,31.598297,22.558033498978755,11.653284311272342,11.702230063953923,mid volume
2025-12-20,1_28,28.0,34.201929229357944,33.685184,22.742055704072186,11.653284311272342,11.702230063953923,mid volume
2025-12-21,1_28,33.0,27.790089583721688,28.387451,20.430540039069914,11.653284311272342,11.702230063953923,mid volume
2025-12-22,1_28,29.0,26.543382148067508,27.038244,16.65101174735584,11.653284311272342,11.702230063953923,mid volume
2025-12-23,1_28,21.0,17.79593553530743,16.423653,13.240469475689997,11.653284311272342,11.702230063953923,mid volume
2025-12-24,1_28,25.0,17.295277279230636,16.559895,12.34491261847308,11.653284311272342,11.702230063953923,mid volume
2025-12-25,1_28,2.0,7.049661565090291,8.459326,13.107334075696935,11.653284311272342,11.702230063953923,mid volume
2025-12-26,1_28,7.0,22.33651846775411,22.455883,14.066580428042872,11.653284311272342,11.702230063953923,mid volume
2025-12-27,1_28,20.0,17.626889636091164,17.12319,15.514071891506223,11.653284311272342,11.702230063953923,mid volume
2025-12-28,1_28,17.0,14.26081586733231,12.968872,12.346864884692481,11.653284311272342,11.702230063953923,mid volume
2025-12-29,1_28,13.0,12.655144934571934,11.671556,11.983789003922432,11.653284311272342,11.702230063953923,mid volume
2025-12-30,1_28,12.0,11.95832481402621,12.284715,14.996723480224762,11.653284311272342,11.702230063953923,mid volume
2025-12-31,1_28,22.0,10.621752030960595,10.854853,12.305480780087239,11.653284311272342,11.702230063953923,mid volume
2025-10-01,2_4,5.0,9.329152074770754,9.682198,9.286690272843089,10.401124709845046,9.655227238156177,low volume
2025-10-02,2_4,11.0,9.673580534631466,9.443929,10.444722796442758,10.111485706772864,10.384583776003604,low volume
2025-10-03,2_4,13.0,10.810040190711744,10.620067,11.310084868930593,10.05901710423882,10.949927433775239,low volume
2025-10-04,2_4,17.0,12.23494220875343,12.030785,12.78453122986958,10.049512326834273,12.887692586804032,low volume
2025-10-05,2_4,6.0,9.599472544921595,9.902334,9.759906942717276,10.04779052009373,9.84463466632483,low volume
2025-10-06,2_4,7.0,7.9183469601956915,7.790861,7.506088320647505,10.047478611847424,8.860269675029782,low volume
2025-10-07,2_4,9.0,7.901702348887463,7.969068,8.008235092143947,10.047422109133256,8.886811476889099,low volume
2025-10-08,2_4,6.0,8.355414205233568,8.757277,8.266621156680339,10.047411873569605,9.236804451291244,low volume
2025-10-09,2_4,12.0,9.565427582004288,9.412052,9.353577652895817,10.047410019379681,10.345481514698317,low volume
2025-10-10,2_4,14.0,10.701309883726148,10.606586,10.07432515660527,10.047409683489994,10.964218211523301,low volume
2025-10-11,2_4,14.0,11.713889385909033,11.524524,11.520297284712028,10.047409622643,12.909494009930281,low volume
2025-10-12,2_4,9.0,9.07807675531275,9.086325,8.370826424292991,10.047409611620463,9.867502450141274,low volume
2025-10-13,2_4,7.0,8.138370181295636,8.096452,7.500915562711284,10.047409609623712,8.883289095562095,low volume
2025-10-14,2_4,9.0,7.890873026530792,8.051387,7.249057613824417,10.047409609261997,8.909851787195374,low volume
2025-10-15,2_4,12.0,8.415074027019886,8.746753,7.533142278181893,10.047409609196473,9.259846747725296,low volume
2025-10-16,2_4,14.0,9.887404724387252,9.526466,8.562116385183309,10.047409609184603,10.36852117067355,low volume
2025-10-17,2_4,7.0,11.390590004708326,11.021536,9.183444162359125,10.047409609182454,10.987256220555553,low volume
2025-10-18,2_4,5.0,11.771553401918496,11.505548,10.551165941759761,10.047409609182065,12.932526665469878,low volume
2025-10-19,2_4,8.0,8.437240416570216,8.487728,7.509513240067761,10.047409609181994,9.890543491416752,low volume
2025-10-20,2_4,4.0,8.039091882857901,8.072563,6.685116142029176,10.047409609181981,8.906332849767225,low volume
2025-10-21,2_4,6.0,7.812376994850972,7.7530823,6.598240444065012,10.04740960918198,8.932895468209269,low volume
2025-10-22,2_4,8.0,8.288694728262557,8.292155,6.949724258333356,10.04740960918198,9.282889464058671,low volume
2025-10-23,2_4,11.0,9.469794889299338,9.521074,8.256115119948028,10.04740960918198,10.391560831191377,low volume
2025-10-24,2_4,6.0,10.713272522896546,10.494427,9.041243835546688,10.04740960918198,11.010294175667035,low volume
2025-10-25,2_4,9.0,10.848765429468056,11.053588,10.739634550143743,10.04740960918198,12.955559258873338,low volume
2025-10-26,2_4,5.0,8.890991256233896,8.980064,7.791476718869011,10.04740960918198,9.913584469374483,low volume
2025-10-27,2_4,6.0,7.665651056990481,7.687454,6.812811747975418,10.04740960918198,8.929376540484055,low volume
2025-10-28,2_4,5.0,7.588243171349807,7.6844916,6.850107956582449,10.04740960918198,8.955939085712114,low volume
2025-10-29,2_4,8.0,7.9158865808347425,7.7905436,7.124456222872887,10.04740960918198,9.305932116880424,low volume
2025-10-30,2_4,9.0,8.964351338624212,8.720869,8.343128978502731,10.04740960918198,10.414600428205548,low volume
2025-10-31,2_4,13.0,9.998556798681074,10.127424,9.298422354489018,10.04740960918198,11.033332067279495,low volume
2025-11-01,2_4,10.0,10.897825506391214,10.884999,10.827192849162293,10.04740960918198,12.978591788792546,low volume
2025-11-02,2_4,10.0,8.116806418879774,8.240925,7.969882115579099,10.04740960918198,9.936625383824849,low volume
2025-11-03,2_4,9.0,7.388632044844393,7.311641,6.955761590291738,10.04740960918198,8.952420167686045,low volume
2025-11-04,2_4,6.0,7.163303164573447,7.1109176,6.823295450022649,10.04740960918198,8.978982639700318,low volume
2025-11-05,2_4,7.0,7.514211976882237,7.904716,7.389680117268029,10.04740960918198,9.328974706190195,low volume
2025-11-06,2_4,10.0,8.298968398118735,8.545709,8.47395038643237,10.04740960918198,10.43763996171616,low volume
2025-11-07,2_4,10.0,9.54947020807176,9.756672,9.151492545840867,10.04740960918198,11.056369895393098,low volume
2025-11-08,2_4,11.0,9.390959409050561,9.636257,10.561312250726788,10.04740960918198,13.001624255227675,low volume
2025-11-09,2_4,4.0,7.840806860430148,8.170959,7.449600858913775,10.04740960918198,9.959666234768028,low volume
2025-11-10,2_4,5.0,6.8762900956524025,6.9373755,6.480385705058153,10.04740960918198,8.975463731373369,low volume
2025-11-11,2_4,2.0,6.718020457712922,6.8886166,6.255168513427084,10.04740960918198,9.002026130174059,low volume
2025-11-12,2_4,4.0,7.054733989033281,7.1553497,6.519265792460703,10.04740960918198,9.35201723198816,low volume
2025-11-13,2_4,8.0,7.772069500251027,7.6512475,7.494402433501656,10.04740960918198,10.46067943172339,low volume
2025-11-14,2_4,12.0,8.025439058691925,8.152835,7.975953413426088,10.04740960918198,11.079407660008021,low volume
2025-11-15,2_4,9.0,9.137830583508757,9.031499,9.365017619335092,10.04740960918198,13.024656658178902,low volume
2025-11-16,2_4,7.0,7.079294713607601,6.957737,6.266585716149985,10.04740960918198,9.982707022204192,low volume
2025-11-17,2_4,6.0,6.66170816328621,6.5814824,5.193280680612409,10.04740960918198,8.998507231546203,low volume
2025-11-18,2_4,2.0,6.508734159099091,6.6040034,5.03818240586361,10.04740960918198,9.025069557133511,low volume
2025-11-19,2_4,7.0,6.608794703092171,6.7002897,5.273484200580777,10.04740960918198,9.375059694274498,low volume
2025-11-20,2_4,8.0,7.530205238294151,7.6107283,6.377218080454965,10.04740960918198,10.483718838227414,low volume
2025-11-21,2_4,11.0,8.398646810432977,8.4954815,6.995822538396548,10.04740960918198,11.102445361124438,low volume
2025-11-22,2_4,9.0,9.044534341975258,8.993501,8.260540424490467,10.04740960918198,13.047688997646402,low volume
2025-11-23,2_4,8.0,7.259513620730854,7.1754293,5.216892334228944,10.04740960918198,10.005747746133522,low volume
2025-11-24,2_4,2.0,6.7698528116957695,6.9248695,4.207218730806895,10.04740960918198,9.021550668204725,low volume
2025-11-25,2_4,6.0,6.361808980404355,6.857699,4.016807635004984,10.04740960918198,9.048112920578854,low volume
2025-11-26,2_4,11.0,6.848896945800018,6.924013,4.406286293904656,10.04740960918198,9.398102093049383,low volume
2025-11-27,2_4,3.0,8.090168916839227,7.8636827,5.600516338696234,10.04740960918198,10.50675818122841,low volume
2025-11-28,2_4,5.0,8.578649632248348,8.638264,6.364366977880919,10.04740960918198,11.125482998742525,low volume
2025-11-29,2_4,10.0,8.060115077363449,8.834674,8.02692891297591,10.04740960918198,13.07072127363035,low volume
2025-11-30,2_4,5.0,7.133619288913871,7.4612865,4.999946423001404,10.04740960918198,10.028788406556188,low volume
2025-12-01,2_4,8.0,6.232785743917078,6.3279977,4.210798098711255,10.04740960918198,9.044594041349104,low volume
2025-12-02,2_4,4.0,6.217902650661527,6.268471,4.306396892511136,10.04740960918198,9.071156220510256,low volume
2025-12-03,2_4,8.0,6.364059698939174,6.0623574,4.9066466442366075,10.04740960918198,9.421144428312987,low volume
2025-12-04,2_4,3.0,6.980493203686141,6.7567964,6.327251275778663,10.04740960918198,10.529797460726545,low volume
2025-12-05,2_4,2.0,7.388719573521266,7.5168867,7.450874221051267,10.04740960918198,11.148520572862454,low volume
2025-12-06,2_4,7.0,7.518216079297881,8.049145,9.152406003008789,10.04740960918198,13.093753486130916,low volume
2025-12-07,2_4,12.0,6.364784711867862,6.550269,6.093309201218204,10.04740960918198,10.051829003472363,low volume
2025-12-08,2_4,5.0,6.66335275680651,6.29804,5.37034728201293,10.04740960918198,9.067637350979517,low volume
2025-12-09,2_4,3.0,6.475302375069846,6.1160994,5.5303133895916545,10.04740960918198,9.094199456927893,low volume
2025-12-10,2_4,4.0,6.8547073278245465,6.418463,6.10059697431658,10.04740960918198,9.444186700065485,low volume
2025-12-11,2_4,4.0,7.368539145638008,7.1366544,7.333119829753613,10.04740960918198,10.552836676721999,low volume
2025-12-12,2_4,14.0,8.026599826537197,8.399229,8.329536566735195,10.04740960918198,11.171558083484403,low volume
2025-12-13,2_4,9.0,9.754603363737068,9.563815,10.220685140148765,10.04740960918198,13.116785635148283,low volume
2025-12-14,2_4,5.0,7.942491353414187,7.4094706,7.072693648268279,10.04740960918198,10.074869536882229,low volume
2025-12-15,2_4,12.0,7.214754218483524,7.040264,6.3091757809566325,10.04740960918198,9.090680597096144,low volume
2025-12-16,2_4,7.0,7.509163448541233,7.4570136,6.375741162599135,10.04740960918198,9.117242629831946,low volume
2025-12-17,2_4,8.0,8.122338765118766,8.099161,6.8882118985708365,10.04740960918198,9.467228908307057,low volume
2025-12-18,2_4,7.0,9.25933547373232,9.032247,9.019117139942004,10.04740960918198,10.575875829214947,low volume
2025-12-19,2_4,13.0,9.787065836919199,9.675318,9.73823306564332,10.04740960918198,11.194595530608545,low volume
2025-12-20,2_4,16.0,10.683327205994507,10.739312,11.298495707318901,10.04740960918198,13.13981772068262,low volume
2025-12-21,2_4,22.0,14.488448391960771,15.719505,13.739096769618879,10.04740960918198,10.097910006785956,low volume
2025-12-22,2_4,13.0,13.604248804092203,12.639147,12.943598745198617,10.04740960918198,9.113723779699153,low volume
2025-12-23,2_4,17.0,13.445311049973498,15.451208,12.703436598780167,10.04740960918198,9.140285739222582,low volume
2025-12-24,2_4,15.0,14.824601552212314,14.19669,12.953001294145954,10.04740960918198,9.490271053037873,low volume
2025-12-25,2_4,0.0,4.865001545124997,10.196377,12.450086258687412,10.04740960918198,10.598914918205562,low volume
2025-12-26,2_4,11.0,16.531461955954125,19.202335,13.061409368818506,10.04740960918198,11.217632914235054,low volume
2025-12-27,2_4,10.0,9.737783839084155,9.604234,10.414324278966658,10.04740960918198,13.162849742734101,low volume
2025-12-28,2_4,6.0,7.786693388203118,7.457886,7.156753609117126,10.04740960918198,10.120950413183717,low volume
2025-12-29,2_4,6.0,6.814367445988058,6.715395,6.025869812706694,10.04740960918198,9.136766898788721,low volume
2025-12-30,2_4,6.0,6.177819818503849,6.177815,5.60116408110033,10.04740960918198,9.16332878509998,low volume
2025-12-31,2_4,2.0,6.274098768667977,6.3186193,5.971378796873569,10.04740960918198,9.513313134258107,low volume
2025-10-01,2_12,21.0,16.148066601720135,15.8380785,16.144924225238373,19.955501695559956,18.265653017332543,mid volume
2025-10-02,2_12,12.0,18.5833036638877,18.351995,17.616668998673475,19.21417322303101,19.37602171658895,mid volume
2025-10-03,2_12,18.0,20.836999550960154,20.434439,20.147904576687065,19.033661411485372,20.643641491982386,mid volume
2025-10-04,2_12,12.0,21.285925872491315,20.652252,22.336588417526983,18.98970719238418,22.78216601681815,mid volume
2025-10-05,2_12,12.0,16.76943931835872,16.25619,17.90681619238932,18.9790044391391,18.405094578740655,mid volume
2025-10-06,2_12,13.0,14.715855051349392,14.397771,16.806272148002968,18.976398342856026,17.515544008861262,mid volume
2025-10-07,2_12,14.0,14.308303250280742,13.8261175,15.718974931908587,18.97576376428721,16.602469094846583,mid volume
2025-10-08,2_12,19.0,14.436449601839879,13.908873,16.3638903405486,18.975609245836523,17.712076926231926,mid volume
2025-10-09,2_12,14.0,16.326536692515663,15.719855,17.534637339562455,18.975571620942183,19.35008574322288,mid volume
2025-10-10,2_12,23.0,17.954344758877244,17.3879,19.01409218834883,18.975562459365246,20.663796270749927,mid volume
2025-10-11,2_12,33.0,19.92805831954748,19.476818,21.205060000031196,18.97556022854192,22.80345129624469,mid volume
2025-10-12,2_12,11.0,16.95215471152247,16.542105,15.800109687844158,18.97555968534147,18.433370267431787,mid volume
2025-10-13,2_12,12.0,14.130326888696754,13.773105,15.36466308309176,18.975559553073385,17.545195928871443,mid volume
2025-10-14,2_12,14.0,13.287963262048988,13.024624,12.876131888413719,18.975559520866405,16.633500142568813,mid volume
2025-10-15,2_12,14.0,12.90567856361759,13.37409,13.718786893613165,18.975559513024077,17.741436238252827,mid volume
2025-10-16,2_12,10.0,14.351779528594456,14.196484,14.187299271846683,18.975559511114486,19.376976822468045,mid volume
2025-10-17,2_12,16.0,15.675578475570841,16.059713,14.478321445970744,18.975559510649507,20.688707766945782,mid volume
2025-10-18,2_12,20.0,16.77965511158113,16.742655,15.59665369668578,18.975559510536286,22.825138619669698,mid volume
2025-10-19,2_12,4.0,13.674056698907807,13.661359,10.850643362639346,18.975559510508717,18.461642716539984,mid volume
2025-10-20,2_12,15.0,12.300265514991889,12.181872,10.401425452772877,18.975559510502002,17.574806737520262,mid volume
2025-10-21,2_12,6.0,12.412167764454624,12.643172,8.99292153012497,18.975559510500368,16.664484754421878,mid volume
2025-10-22,2_12,8.0,12.751649624868671,12.246566,9.941964937700924,18.97555951049997,17.77075133909024,mid volume
2025-10-23,2_12,13.0,14.33169449659627,14.037618,12.514184034046943,18.975559510499874,19.403827383127958,mid volume
2025-10-24,2_12,19.0,16.13206076052379,15.58719,13.822015922150587,18.97555951049985,20.71358172510134,mid volume
2025-10-25,2_12,12.0,17.24960806684273,16.878376,17.579000439351248,18.975559510499842,22.846793263230552,mid volume
2025-10-26,2_12,19.0,13.44260388581509,13.380066,13.255233555279363,18.975559510499842,18.48987256286341,mid volume
2025-10-27,2_12,12.0,12.647516886733627,12.416382,10.900979459233385,18.975559510499842,17.604372926654282,mid volume
2025-10-28,2_12,10.0,12.254915009390322,11.71119,10.337820827940861,18.975559510499842,16.69542267662291,mid volume
2025-10-29,2_12,17.0,12.4248093558102,12.129376,10.293630613949526,18.975559510499842,17.800022266004664,mid volume
2025-10-30,2_12,21.0,14.42616141394906,14.38887,11.877282344475521,18.975559510499842,19.430637483596193,mid volume
2025-10-31,2_12,26.0,16.863390194091373,16.7659,14.796682004760166,18.975559510499842,20.738418201539936,mid volume
2025-11-01,2_12,15.0,18.44096455225278,18.175451,17.02836591769845,18.975559510499842,22.86841527614952,mid volume
2025-11-02,2_12,18.0,14.159462207653606,14.014282,13.83438256268595,18.975559510499842,18.518059870596755,mid volume
2025-11-03,2_12,11.0,12.48334919350667,12.607589,11.52312766558542,18.975559510499842,17.633894563508935,mid volume
2025-11-04,2_12,13.0,11.865459143052913,11.766485,9.840542362707378,18.975559510499842,16.726313979526925,mid volume
2025-11-05,2_12,14.0,12.994714360814505,12.699471,13.233591029762438,18.975559510499842,17.82924908556026,mid volume
2025-11-06,2_12,14.0,14.477542292595986,14.230892,14.269119939966414,18.975559510499842,19.457407184840825,mid volume
2025-11-07,2_12,19.0,30.625143390384718,29.923601,37.573250729363814,18.975559510499842,20.763217252741494,mid volume
2025-11-08,2_12,32.0,31.89093695258789,32.770317,39.58198911700378,18.975559510499842,22.890004707596606,mid volume
2025-11-09,2_12,33.0,26.148031106847604,25.736252,34.848668360837365,18.975559510499842,18.54620470383997,mid volume
2025-11-10,2_12,32.0,25.709402850720014,24.37865,33.990587930585995,18.975559510499842,17.663371715218535,mid volume
2025-11-11,2_12,18.0,25.767166498922847,24.760822,32.44428293348083,18.975559510499842,16.757158733382955,mid volume
2025-11-12,2_12,15.0,24.854560438171383,26.275393,33.94167661919322,18.975559510499842,17.858431864220915,mid volume
2025-11-13,2_12,28.0,24.626919001449494,26.045826,34.886327377073975,18.975559510499842,19.484136547738075,mid volume
2025-11-14,2_12,24.0,29.93116821721087,30.33304,35.03143184747514,18.975559510499842,20.787978935100828,mid volume
2025-11-15,2_12,33.0,29.70047361947495,28.369028,37.62143009382757,18.975559510499842,22.911561606667718,mid volume
2025-11-16,2_12,30.0,25.927208341979398,23.999252,33.78389771220781,18.975559510499842,18.574307126596405,mid volume
2025-11-17,2_12,20.0,25.668936605300857,25.292786,32.44455493957651,18.975559510499842,17.69280444881622,mid volume
2025-11-18,2_12,30.0,24.731219633488063,26.385763,31.917496335271,18.975559510499842,16.78795700833416,mid volume
2025-11-19,2_12,14.0,14.622900769975756,14.910583,11.129162642100114,18.975559510499842,17.88757066835033,mid volume
2025-11-20,2_12,8.0,17.365749103008152,16.324175,13.269100257767024,18.975559510499842,19.510825633072404,mid volume
2025-11-21,2_12,12.0,17.669544949379397,16.685923,14.44272730473265,18.975559510499842,20.81270330492776,mid volume
2025-11-22,2_12,10.0,17.127530532446936,15.582547,15.390597378624514,18.975559510499842,22.933086022384774,mid volume
2025-11-23,2_12,17.0,14.04766449298659,13.078305,11.445513014655063,18.975559510499842,18.60236720277298,mid volume
2025-11-24,2_12,7.0,12.615815139257672,12.153558,9.878304033860958,18.975559510499842,17.72219283123413,mid volume
2025-11-25,2_12,6.0,10.979839979551715,10.780683,7.986016583854627,18.975559510499842,16.81870887441802,mid volume
2025-11-26,2_12,6.0,11.388536635167787,10.800346,9.652123691774166,18.975559510499842,17.91666556421224,mid volume
2025-11-27,2_12,11.0,12.76694705051923,12.427573,11.315984600293772,18.975559510499842,19.537474501536707,mid volume
2025-11-28,2_12,9.0,14.755708142670324,14.208555,12.420107374131724,18.975559510499842,20.837390418447278,mid volume
2025-11-29,2_12,16.0,15.225510523243678,14.767368,15.626165762823472,18.975559510499842,22.954578003695843,mid volume
2025-11-30,2_12,11.0,12.686305465073907,11.914395,10.2415734272318,18.975559510499842,18.63038499618031,mid volume
2025-12-01,2_12,8.0,11.170292434871635,10.831195,9.1539417724069,18.975559510499842,17.751536929303537,mid volume
2025-12-02,2_12,11.0,10.816719928144177,10.0400505,8.372780276556867,18.975559510499842,16.84941440156647,mid volume
2025-12-03,2_12,8.0,11.586814167093314,11.019911,10.46895977866482,18.975559510499842,17.9457166179705,mid volume
2025-12-04,2_12,14.0,12.832286813635099,12.212874,12.78593432228285,18.975559510499842,19.5640832137324,mid volume
2025-12-05,2_12,9.0,14.666421084898154,14.140764,15.934734670762042,18.975559510499842,20.862040331799626,mid volume
2025-12-06,2_12,10.0,15.196114805667332,15.305805,18.247422300238892,18.975559510499842,22.976037599475205,mid volume
2025-12-07,2_12,13.0,11.94157876616283,11.559994,11.478338570283652,18.975559510499842,18.658360570532846,mid volume
2025-12-08,2_12,8.0,11.51006769812671,11.388136,10.134712648098263,18.975559510499842,17.780836809755012,mid volume
2025-12-09,2_12,8.0,10.67062924938606,10.869613,9.292291024424276,18.975559510499842,16.880073659606065,mid volume
2025-12-10,2_12,11.0,11.264261052539316,11.562208,10.653408708166502,18.975559510499842,17.974723895689284,mid volume
2025-12-11,2_12,13.0,13.633473465986812,13.140919,10.959200003805455,18.975559510499842,19.590651830169598,mid volume
2025-12-12,2_12,13.0,14.791589188102446,14.689349,12.931186549166515,18.975559510499842,20.886653101040476,mid volume
2025-12-13,2_12,16.0,15.349901996972395,15.641907,17.350640211650948,18.975559510499842,22.99746485852352,mid volume
2025-12-14,2_12,11.0,12.485544044353968,12.148007,10.282550536492007,18.975559510499842,18.68629398944904,mid volume
2025-12-15,2_12,9.0,11.516882547182531,11.353923,9.326721378237075,18.975559510499842,17.81009253921857,mid volume
2025-12-16,2_12,9.0,11.533603497060152,11.190208,8.578775974262694,18.975559510499842,16.910686718258134,mid volume
2025-12-17,2_12,5.0,11.53846923199641,11.710296,10.570469230235469,18.975559510499842,18.003687463333193,mid volume
2025-12-18,2_12,18.0,12.707903339614454,12.825757,13.854778775489644,18.975559510499842,19.61718041126722,mid volume
2025-12-19,2_12,22.0,15.331745332114073,15.157712,14.665358465743072,18.975559510499842,20.91122878214101,mid volume
2025-12-20,2_12,17.0,16.912437754967588,16.970634,17.517166002998678,18.975559510499842,23.0188598295679,mid volume
2025-12-21,2_12,18.0,14.447232396090987,14.724147,11.787748263982014,18.975559510499842,18.71418531645148,mid volume
2025-12-22,2_12,20.0,13.427270683516422,13.854084,12.254012870375421,18.975559510499842,17.839304184223828,mid volume
2025-12-23,2_12,15.0,14.264055475897102,14.701076,10.296449180985478,18.975559510499842,16.94125364713897,mid volume
2025-12-24,2_12,15.0,15.310977570931323,16.390991,12.063881658269583,18.975559510499842,18.03260738676747,mid volume
2025-12-25,2_12,2.0,3.7746516397401044,8.92774,11.523425350222533,18.975559510499842,19.643669017353165,mid volume
2025-12-26,2_12,14.0,16.902734517730046,16.393381,12.832500555763088,18.975559510499842,20.935767430988086,mid volume
2025-12-27,2_12,12.0,14.56013091660749,14.522634,17.298898060059276,18.975559510499842,23.04022256126204,mid volume
2025-12-28,2_12,14.0,11.13716761364354,11.0187845,12.144640151621514,18.975559510499842,18.742034614967032,mid volume
2025-12-29,2_12,10.0,9.712281510272367,9.510956,10.47320067347181,18.975559510499842,17.86847181120015,mid volume
2025-12-30,2_12,2.0,8.831224552987825,9.061714,7.619409260865151,18.975559510499842,16.97177451575994,mid volume
2025-12-31,2_12,12.0,8.618026069390304,8.569357,10.599234615570792,18.975559510499842,18.06148373175806,mid volume
2025-10-01,2_19,58.0,38.82331714806098,39.420235,40.93176640471824,38.07520781612675,37.84309974819174,high volume
2025-10-02,2_19,73.0,48.19328380863006,46.576336,42.69324264548351,38.219127025350005,38.93674306940375,high volume
2025-10-03,2_19,52.0,51.80219805087769,48.53722,43.5925266978485,38.238390965281226,38.55106153698963,high volume
2025-10-04,2_19,55.0,54.05794980786162,50.980133,47.005114116341204,38.2409694909949,38.075764023238925,high volume
2025-10-05,2_19,37.0,42.97485385889348,42.785576,40.63311913704235,38.24131463300011,37.31434202249937,high volume
2025-10-06,2_19,25.0,36.035490573271204,36.24343,24.277971993794804,38.24136083110592,37.77114057932932,high volume
2025-10-07,2_19,34.0,35.461518675516125,35.883724,36.507706586807146,38.241367014835944,38.25784836806749,high volume
2025-10-08,2_19,41.0,36.263695361982634,36.08121,37.93986622090609,38.24136784254341,38.224046919256644,high volume
2025-10-09,2_19,53.0,41.514259805704874,42.044865,39.777318516278186,38.24136795333409,37.641910256984495,high volume
2025-10-10,2_19,22.801658922468413,31.287907148048347,33.12933,33.3609360661495,38.24136796816369,37.87786904115458,high volume
2025-10-11,2_19,22.801658922468413,20.691464213522462,33.043858,36.72129676050794,38.24136797014867,38.159316894532886,high volume
2025-10-12,2_19,22.801658922468413,33.478596250478645,37.789318,31.07563085707972,38.241367970414366,38.60850141864067,high volume
2025-10-13,2_19,22.801658922468413,41.85128445051872,42.89085,28.4485096418212,38.24136797044993,38.33913797523683,high volume
2025-10-14,2_19,22.801658922468413,39.18635995639767,38.572773,28.401950237837656,38.24136797045469,38.0521180411986,high volume
2025-10-15,2_19,22.801658922468413,23.76106537544861,30.428356,29.79813403219031,38.24136797045533,38.07205192459496,high volume
2025-10-16,2_19,22.801658922468413,18.55554662616755,23.633066,32.30170540130489,38.241367970455414,38.415351392529935,high volume
2025-10-17,2_19,22.801658922468413,16.7429818362719,20.17219,34.94294918545154,38.24136797045543,38.276201062912676,high volume
2025-10-18,2_19,22.801658922468413,16.667786879611995,19.75812,39.29047687715631,38.24136797045543,38.110224773915725,high volume
2025-10-19,2_19,56.0,40.446546923324675,41.476112,41.35592990149025,38.24136797045543,37.84533030096078,high volume
2025-10-20,2_19,49.0,36.984273510771025,38.777164,38.95331045468422,38.24136797045543,38.00418013568947,high volume
2025-10-21,2_19,35.0,36.7018451146482,36.177845,38.32093262454629,38.24136797045543,38.173442410128814,high volume
2025-10-22,2_19,51.0,38.57671696651006,38.266685,39.86287565834239,38.24136797045543,38.16168693936947,high volume
2025-10-23,2_19,38.0,46.52545699042512,45.661842,41.0220019816214,38.24136797045543,37.959235325859204,high volume
2025-10-24,2_19,49.0,48.39691398435042,47.955265,43.12984196865305,38.24136797045543,38.04129548435861,high volume
2025-10-25,2_19,53.0,50.06524443786513,51.198208,45.73055257241787,38.24136797045543,38.139175529772054,high volume
2025-10-26,2_19,31.0,36.73397970303571,37.41516,39.7029961014644,38.24136797045543,38.29538990954455,high volume
2025-10-27,2_19,40.0,36.40671208143344,36.967342,38.940557682088304,38.24136797045543,38.2017124985654,high volume
2025-10-28,2_19,38.0,35.39895218867489,36.17044,37.89024744305339,38.24136797045543,38.101894631754256,high volume
2025-10-29,2_19,54.0,40.07156331572041,38.66343,40.38205331466735,38.24136797045543,38.10882710396902,high volume
2025-10-30,2_19,37.0,47.121277394988645,46.4593,42.48387356645295,38.24136797045543,38.22821748945217,high volume
2025-10-31,2_19,35.0,46.45780113217239,47.806797,43.58987578976539,38.24136797045543,38.179824721490576,high volume
2025-11-01,2_19,71.0,47.48167733646328,47.6785,47.526600398530206,38.24136797045543,38.122102601373086,high volume
2025-11-02,2_19,62.0,40.457901055360324,38.713146,40.85227174222072,38.24136797045543,38.02997937896121,high volume
2025-11-03,2_19,41.0,38.41003187408709,36.365692,40.24958724699925,38.24136797045543,38.08522310863045,high volume
2025-11-04,2_19,41.0,38.62341182809573,37.343723,40.223183317298485,38.24136797045543,38.14408800671675,high volume
2025-11-05,2_19,32.0,40.96205992853363,40.802223,40.334450184698,38.24136797045543,38.13999976797307,high volume
2025-11-06,2_19,40.0,42.89449997302241,43.39453,43.02389883614446,38.24136797045543,38.069592504238955,high volume
2025-11-07,2_19,66.0,45.82239373794382,46.55237,45.663260249993805,38.24136797045543,38.098130835553555,high volume
2025-11-08,2_19,51.0,53.39992995304435,49.180183,49.92888778085035,38.24136797045543,38.13217090099064,high volume
2025-11-09,2_19,46.0,41.06426742868967,42.0215,44.486227968122364,38.24136797045543,38.18649808981863,high volume
2025-11-10,2_19,41.0,36.94900052134105,37.400784,42.93707447367973,38.24136797045543,38.153919588386216,high volume
2025-11-11,2_19,65.0,52.689232176462475,53.221016,49.42170277512804,38.24136797045543,38.119205600425865,high volume
2025-11-12,2_19,22.801658922468413,56.9448704529622,54.92945,51.04499662641976,38.24136797045543,38.121616529097125,high volume
2025-11-13,2_19,85.0,51.070493302028694,44.389694,53.87487405713426,38.24136797045543,38.163137316273286,high volume
2025-11-14,2_19,66.0,36.97151044571942,39.94544,57.253347089009,38.24136797045543,38.14630760413803,high volume
2025-11-15,2_19,22.801658922468413,39.063427588496126,43.548565,61.09784423967683,38.24136797045543,38.126233392508205,high volume
2025-11-16,2_19,22.801658922468413,47.040223306789464,49.942307,55.03712364333951,38.24136797045543,38.0941953963474,high volume
2025-11-17,2_19,75.0,51.176077091041456,49.220337,53.78907485711669,38.24136797045543,38.113407689976675,high volume
2025-11-18,2_19,80.0,52.44022882064189,55.898586,52.92405705166689,38.24136797045543,38.133879329260665,high volume
2025-11-19,2_19,22.801658922468413,46.52431108657214,44.26051,54.497084069663586,38.24136797045543,38.13245754902171,high volume
2025-11-20,2_19,22.801658922468413,43.48713709978166,39.694294,56.35572376543429,38.24136797045543,38.107971783259835,high volume
2025-11-21,2_19,22.801658922468413,31.47594558037127,29.524504,58.765207590127346,38.24136797045543,38.11789665263756,high volume
2025-11-22,2_19,72.0,54.8118143625267,49.75879,57.04252023206508,38.24136797045543,38.12973487819279,high volume
2025-11-23,2_19,48.0,49.122922811908914,45.488224,50.77791247136437,38.24136797045543,38.14862842339811,high volume
2025-11-24,2_19,70.0,46.25514226257891,44.860752,49.38470548954778,38.24136797045543,38.137298490765595,high volume
2025-11-25,2_19,47.0,53.726075087752676,46.38755,49.19712307667709,38.24136797045543,38.12522589295711,high volume
2025-11-26,2_19,46.0,54.73009535462072,53.930744,50.20027498088189,38.24136797045543,38.12606434955352,high volume
2025-11-27,2_19,69.0,55.64212362968191,52.13716,51.94807587346165,38.24136797045543,38.14050417032093,high volume
2025-11-28,2_19,64.0,59.007757944008524,54.97442,54.03621772328797,38.24136797045543,38.13465124595875,high volume
2025-11-29,2_19,69.0,58.59400085845651,59.62386,56.80104996161918,38.24136797045543,38.12766997133234,high volume
2025-11-30,2_19,53.0,53.020934766780755,56.535343,51.255332792814606,38.24136797045543,38.1165280119965,high volume
2025-12-01,2_19,60.0,56.048645055515266,53.70751,49.17328499354376,38.24136797045543,38.12320953456399,high volume
2025-12-02,2_19,77.0,52.76055155009834,52.713017,47.85749755267034,38.24136797045543,38.130329023913305,high volume
2025-12-03,2_19,67.0,54.31775683784249,55.986965,48.279324009954266,38.24136797045543,38.12983456672168,high volume
2025-12-04,2_19,48.0,55.102794125475,54.269188,49.32700019720801,38.24136797045543,38.121319071399924,high volume
2025-12-05,2_19,41.0,57.92654091742973,55.947186,49.73351577920002,38.24136797045543,38.12477067587809,high volume
2025-12-06,2_19,64.0,57.186894250068924,53.86163,53.063948630272684,38.24136797045543,38.12888769452941,high volume
2025-12-07,2_19,77.0,56.47673923332784,52.14496,48.515345783487696,38.24136797045543,38.13545836490876,high volume
2025-12-08,2_19,69.0,55.38268357043759,55.543255,46.657943519846256,38.24136797045543,38.131518116959555,high volume
2025-12-09,2_19,79.0,56.947238491089294,59.00239,45.49099299832794,38.24136797045543,38.1273195898986,high volume
2025-12-10,2_19,60.0,53.96864646151479,56.05181,46.63185346974423,38.24136797045543,38.12761118270781,high volume
2025-12-11,2_19,67.0,50.351707523407185,52.08868,49.41454833896984,38.24136797045543,38.1326329666858,high volume
2025-12-12,2_19,22.801658922468413,55.98799723067388,59.82669,50.99830330723708,38.24136797045543,38.130597475923146,high volume
2025-12-13,2_19,71.0,49.12461538318224,46.206734,53.11924780032715,38.24136797045543,38.12816957507662,high volume
2025-12-14,2_19,57.0,57.729783273096004,58.607723,49.201367688067236,38.24136797045543,38.12429469921926,high volume
2025-12-15,2_19,64.0,60.38540886994312,60.393566,47.504096043186735,38.24136797045543,38.12661835430602,high volume
2025-12-16,2_19,74.0,46.83962235475935,47.436474,55.678436078072956,38.24136797045543,38.12909432254148,high volume
2025-12-17,2_19,77.0,45.880009111828485,53.209637,56.84564913108355,38.24136797045543,38.128922363537086,high volume
2025-12-18,2_19,22.801658922468413,48.346104402707475,55.50113,58.69517679523983,38.24136797045543,38.125960901711466,high volume
2025-12-19,2_19,22.801658922468413,40.759979719245216,41.97578,61.58701560924332,38.24136797045543,38.12716127755726,high volume
2025-12-20,2_19,22.801658922468413,33.40647773284587,30.042683,65.34454109743517,38.24136797045543,38.12859306667939,high volume
2025-12-21,2_19,22.801658922468413,37.49187343499376,36.06731,60.867422189068535,38.24136797045543,38.130878170335954,high volume
2025-12-22,2_19,22.801658922468413,33.40181707611879,38.002613,58.50098777242929,38.24136797045543,38.12950785734251,high volume
2025-12-23,2_19,22.801658922468413,31.651544041884762,37.64962,58.96820542088442,38.24136797045543,38.12804772177258,high volume
2025-12-24,2_19,22.801658922468413,35.02567766157165,40.3308,60.55758681535972,38.24136797045543,38.128149129963234,high volume
2025-12-25,2_19,5.0,6.3732404490456025,14.364961,50.50750804043384,38.24136797045543,38.129895572299866,high volume
2025-12-26,2_19,71.0,44.888879686867604,54.020515,44.27957510149811,38.24136797045543,38.129187682980195,high volume
2025-12-27,2_19,22.801658922468413,52.21807779277995,49.794926,60.95945667610911,38.24136797045543,38.12834332391455,high volume
2025-12-28,2_19,63.0,48.89612458208579,50.196556,55.945199278099956,38.24136797045543,38.12699574558857,high volume
2025-12-29,2_19,22.801658922468416,50.73042764162574,54.012016,54.95676094535234,38.24136797045543,38.12780385076335,high volume
2025-12-30,2_19,76.0,51.04572554185475,59.5288,55.778396267292486,38.24136797045543,38.128664926382996,high volume
2025-12-31,2_19,44.0,54.66406912073299,52.327564,56.059690696606765,38.24136797045543,38.128605123634266,high volume
2025-10-01,3_28,5.0,6.842893163961842,7.0573134,5.919575177885611,9.048261807364637,8.88526478547623,low volume
2025-10-02,3_28,10.0,7.509583079057932,7.467546,8.1055091688896,8.86967421064626,8.843301596171575,low volume
2025-10-03,3_28,3.0,8.932954537386955,8.542933,7.887938299042145,8.836163388081356,8.405682125632875,low volume
2025-10-04,3_28,6.0,8.796983026304808,8.926843,9.372320073408254,8.829875296133139,8.857804064001138,low volume
2025-10-05,3_28,7.0,7.0467396262200275,6.837514,6.293881621494825,8.828695375817167,8.67270758891671,low volume
2025-10-06,3_28,5.0,5.781493259443245,4.6434045,1.6845216110525605,8.828473971301536,8.665693166801214,low volume
2025-10-07,3_28,1.0,5.605035509429768,4.7953906,0.7901297887227906,8.828432426157446,8.777885278270254,low volume
2025-10-08,3_28,2.0,5.818554159102985,5.294653,1.020339914424022,8.828424630476349,8.820939018241972,low volume
2025-10-09,3_28,2.0,6.37326308143087,6.342845,3.640735233851848,8.828423167666552,8.775889151421266,low volume
2025-10-10,3_28,4.0,6.833494296065464,7.229884,4.901833073859965,8.828422893179631,8.904940967557428,low volume
2025-10-11,3_28,6.0,7.311811210185882,7.2828007,6.3886138253422695,8.828422841673913,8.758309858095323,low volume
2025-10-12,3_28,3.0,5.470594009207368,5.5671687,4.669851798275946,8.828422832009194,8.81712751320526,low volume
2025-10-13,3_28,1.0,4.939240888239842,4.8155355,2.626768511086975,8.82842283019567,8.819300061950985,low volume
2025-10-14,3_28,4.0,4.835363891726326,5.0684023,4.461398137754413,8.828422829855374,8.783405821909776,low volume
2025-10-15,3_28,7.0,5.267183219637059,5.5351477,4.408992196544261,8.828422829791519,8.769634005921164,low volume
2025-10-16,3_28,13.0,6.052612989622593,6.37331,8.009034081581238,8.828422829779537,8.784041296329825,low volume
2025-10-17,3_28,11.0,7.758116779059275,7.860783,10.92836284018586,8.828422829777288,8.742768141117683,low volume
2025-10-18,3_28,11.0,7.772229674954238,7.9095836,13.911255744302027,8.828422829776867,8.7896633657757,low volume
2025-10-19,3_28,11.0,6.692203125730458,7.0400605,11.255416307502571,8.828422829776787,8.77085242901152,low volume
2025-10-20,3_28,8.0,6.117001338867292,6.4415226,9.218360567841257,8.828422829776773,8.7701576086683,low volume
2025-10-21,3_28,8.0,5.860181671761989,6.42907,9.52969079286732,8.82842282977677,8.781637225888913,low volume
2025-10-22,3_28,10.0,6.6318487699427875,7.2581706,9.316639274524922,8.82842282977677,8.786041697930518,low volume
2025-10-23,3_28,6.0,7.813017229129226,7.9481797,9.959218163282888,8.82842282977677,8.781433989827152,low volume
2025-10-24,3_28,15.0,8.362861827706785,8.502353,11.442817838530384,8.82842282977677,8.794633880033393,low volume
2025-10-25,3_28,11.0,9.337106569750699,9.537485,10.713823874518887,8.82842282977677,8.779635951875541,low volume
2025-10-26,3_28,1.0,7.059911725483711,7.0238237,7.4441174098015575,8.82842282977677,8.785652024518866,low volume
2025-10-27,3_28,3.0,5.780771459511804,5.737841,8.059021839305812,8.82842282977677,8.785874240440975,low volume
2025-10-28,3_28,9.0,8.952409259429068,9.683262,13.39507541541547,8.82842282977677,8.782202854375369,low volume
2025-10-29,3_28,10.0,9.954742075815318,11.022883,14.555251472705514,8.82842282977677,8.780794225762659,low volume
2025-10-30,3_28,11.0,11.81738917722478,12.403061,16.56431476098669,8.82842282977677,8.782267852888022,low volume
2025-10-31,3_28,11.0,13.026534986760982,13.499769,15.762621108234361,8.82842282977677,8.778046292879583,low volume
2025-11-01,3_28,15.0,14.398696464226127,14.6042795,17.14829804437246,8.82842282977677,8.78284289745215,low volume
2025-11-02,3_28,8.0,6.630430596697953,6.767783,6.020777566188294,8.82842282977677,8.780918850260688,low volume
2025-11-03,3_28,12.0,6.607201527077526,6.6706314,6.543591645621307,8.82842282977677,8.78084778165062,low volume
2025-11-04,3_28,3.0,6.864902798689327,7.1236925,7.187499129884102,8.82842282977677,8.782021956310253,low volume
2025-11-05,3_28,4.0,6.699485186488885,6.417182,3.4857178333057024,8.82842282977677,8.78247246083152,low volume
2025-11-06,3_28,4.0,7.336387881871955,7.6036057,6.234658674084233,8.82842282977677,8.782001168628133,low volume
2025-11-07,3_28,2.0,7.955773482978014,8.02747,7.966384919272101,8.82842282977677,8.783351298714551,low volume
2025-11-08,3_28,9.0,8.50299636182665,8.404482,9.641324760327398,8.82842282977677,8.781817259133655,low volume
2025-11-09,3_28,6.0,6.9511087971706305,7.2183685,6.754151560178004,8.82842282977677,8.782432603697202,low volume
2025-11-10,3_28,8.0,5.951198109653433,5.8595843,5.219640718322915,8.82842282977677,8.782455332704599,low volume
2025-11-11,3_28,3.0,6.095162893498948,6.21976,5.66608117457007,8.82842282977677,8.78207981073369,low volume
2025-11-12,3_28,5.0,6.153176845849377,6.33101,4.630503726900709,8.82842282977677,8.781935731363264,low volume
2025-11-13,3_28,12.0,7.066834552630956,7.3124185,7.526270517253928,8.82842282977677,8.78208645900471,low volume
2025-11-14,3_28,14.0,8.838864350867956,8.809019,10.690320827359873,8.82842282977677,8.781654663354143,low volume
2025-11-15,3_28,10.0,9.704411171076119,9.743507,11.591254213562198,8.82842282977677,8.782145276536896,low volume
2025-11-16,3_28,3.0,7.828625475546147,8.059034,7.626321878267906,8.82842282977677,8.781948478384768,low volume
2025-11-17,3_28,10.0,7.965730437586311,8.163778,9.264326425017611,8.82842282977677,8.781941209243348,low volume
2025-11-18,3_28,7.0,7.741915453785142,7.8115582,8.365539813118044,8.82842282977677,8.782061307858557,low volume
2025-11-19,3_28,5.0,7.927601055305722,8.552595,7.59781073034125,8.82842282977677,8.782107387007605,low volume
2025-11-20,3_28,6.0,8.781261510512152,9.150936,8.936663740723903,8.82842282977677,8.782059181623064,low volume
2025-11-21,3_28,15.0,9.686436693575692,10.106344,10.72867751368585,8.82842282977677,8.782197277563391,low volume
2025-11-22,3_28,19.0,11.321286469811284,11.780112,14.098775185590483,8.82842282977677,8.782040370728595,low volume
2025-11-23,3_28,14.0,7.721119962264484,7.4686637,8.019605243519933,8.82842282977677,8.782103310283075,low volume
2025-11-24,3_28,4.0,7.20820474095056,6.924968,7.732069016152083,8.82842282977677,8.782105635083981,low volume
2025-11-25,3_28,22.801658922468416,7.37389450300292,7.6008234,8.945157708477685,8.82842282977677,8.782067225407605,low volume
2025-11-26,3_28,2.0,8.113192064277904,7.936222,7.9727314111813925,8.82842282977677,8.782052488474964,low volume
2025-11-27,3_28,6.0,8.61562708386867,8.79565,10.186045638277552,8.82842282977677,8.78206790541559,low volume
2025-11-28,3_28,18.0,9.154769449099552,9.866039,12.280155801979966,8.82842282977677,8.782023739874065,low volume
2025-11-29,3_28,9.0,10.402095111106362,10.812165,12.668186723034927,8.82842282977677,8.782073921474705,low volume
2025-11-30,3_28,6.0,8.55766962448082,9.084064,11.231961973698903,8.82842282977677,8.782053792284083,low volume
2025-12-01,3_28,24.0,7.6032047424997655,8.349625,10.447434463853472,8.82842282977677,8.782053048771344,low volume
2025-12-02,3_28,7.0,8.258447160322193,7.92864,10.259041082971368,8.82842282977677,8.782065332870014,low volume
2025-12-03,3_28,5.0,8.026913582264898,8.009393,8.825126084122013,8.82842282977677,8.782070046003572,low volume
2025-12-04,3_28,11.0,9.2081222141597,9.73414,10.24345505037058,8.82842282977677,8.78206511539135,low volume
2025-12-05,3_28,6.0,10.115067550950693,10.105913,9.551431828871387,8.82842282977677,8.782079240318218,low volume
2025-12-06,3_28,11.0,10.680112809929058,10.834155,11.269951060149292,8.82842282977677,8.782063191348483,low volume
2025-12-07,3_28,13.0,9.441038108454464,9.573587,11.821430505842624,8.82842282977677,8.78206962902219,low volume
2025-12-08,3_28,11.0,8.972264364065277,8.626387,11.399416073986826,8.82842282977677,8.782069866810808,low volume
2025-12-09,3_28,9.0,8.545108372441842,8.697138,11.263804921973271,8.82842282977677,8.782065938137245,low volume
2025-12-10,3_28,12.0,9.613739599037535,9.960906,10.797297879294382,8.82842282977677,8.782064430793183,low volume
2025-12-11,3_28,16.0,11.747841467846566,11.849622,14.953437719691083,8.82842282977677,8.782066007690798,low volume
2025-12-12,3_28,10.0,13.146576188510476,12.970729,15.78206436571184,8.82842282977677,8.782061490287587,low volume
2025-12-13,3_28,16.0,13.08426718658797,12.661924,14.348188906730654,8.82842282977677,8.782066623033977,low volume
2025-12-14,3_28,13.0,10.79113859794342,10.701241,15.10983114673798,8.82842282977677,8.782064564151256,low volume
2025-12-15,3_28,11.0,17.535625469121054,17.717196,20.182891248247984,8.82842282977677,8.78206448810222,low volume
2025-12-16,3_28,35.0,16.89694082966652,17.160688,19.644772008257398,8.82842282977677,8.782065744562004,low volume
2025-12-17,3_28,7.0,20.074415166483906,21.43154,17.993985325395744,8.82842282977677,8.782066226637484,low volume
2025-12-18,3_28,16.0,21.094992916226996,19.74197,21.96251410680541,8.82842282977677,8.782065722317538,low volume
2025-12-19,3_28,30.0,23.79005176927325,22.964447,24.10977174049914,8.82842282977677,8.78206716706355,low volume
2025-12-20,3_28,25.0,27.208318812659233,27.722897,24.55828013158577,8.82842282977677,8.782065525519828,low volume
2025-12-21,3_28,18.0,15.500849992318495,14.84676,16.792260422529154,8.82842282977677,8.782066183987196,low volume
2025-12-22,3_28,9.0,13.533751430242498,13.544197,13.22560307535384,8.82842282977677,8.782066208309033,low volume
2025-12-23,3_28,8.0,14.070013229013309,13.880614,14.065957921742292,8.82842282977677,8.782065806470813,low volume
2025-12-24,3_28,10.0,13.615220353347306,13.896994,12.411059300534383,8.82842282977677,8.782065652294488,low volume
2025-12-25,3_28,0.0,3.040387894474214,8.731458,13.60799961268031,8.82842282977677,8.782065813584989,low volume
2025-12-26,3_28,15.0,16.01497506777561,15.565825,14.77232407521296,8.82842282977677,8.78206535152948,low volume
2025-12-27,3_28,13.0,13.248792061452017,13.007401,16.23792516206855,8.82842282977677,8.782065876524403,low volume
2025-12-28,3_28,3.0,10.322782444291406,10.3547325,13.7256293700543,8.82842282977677,8.782065665934809,low volume
2025-12-29,3_28,12.0,8.336335736023887,8.232097,12.998061803478118,8.82842282977677,8.782065658156252,low volume
2025-12-30,3_28,5.0,8.040365429721342,9.16701,14.961278376496892,8.82842282977677,8.782065786671273,low volume
2025-12-31,3_28,11.0,7.558079302689847,7.793985,11.477933386596273,8.82842282977677,8.782065835979608,low volume
2025-10-01,4_10,29.0,20.276950276060717,19.454426,26.83957112958336,16.697927370971712,16.28845125742551,high volume
2025-10-02,4_10,38.0,24.472391491057618,22.860918,30.796871028929672,17.36115812624977,19.08801743941014,high volume
2025-10-03,4_10,21.0,29.540051592077706,29.983644,32.13009054176511,17.620223998128,20.218863210665713,high volume
2025-10-04,4_10,35.0,28.379414062117345,28.03325,28.273806983684388,17.72141822869997,21.399090658194908,high volume
2025-10-05,4_10,29.0,26.216507035984836,25.444082,26.839011451906263,17.76094590645548,17.362324886496275,high volume
2025-10-06,4_10,29.0,23.998863888607254,24.855125,23.168382722897956,17.776385890532755,16.1332254429995,high volume
2025-10-07,4_10,25.0,24.568377083343634,23.644882,18.529031865154884,17.78241693312982,16.234928846019006,high volume
2025-10-08,4_10,19.0,19.997896049032537,20.284424,18.154313694563356,17.784772730559762,16.716116852329687,high volume
2025-10-09,4_10,30.0,23.46025334852814,23.53133,25.849940472268404,17.785692933234774,19.21372122613235,high volume
2025-10-10,4_10,31.0,27.874525400836568,27.615976,30.637724801835994,17.786052375414453,20.23642224162715,high volume
2025-10-11,4_10,29.0,28.795000411018723,28.347393,30.875489553949905,17.786192777832355,21.373177015604103,high volume
2025-10-12,4_10,25.0,23.533539534738033,25.469368,25.594497907351194,17.786247620697402,17.34992552100161,high volume
2025-10-13,4_10,22.0,21.45767090456348,22.081173,16.97121398558029,17.786269042976958,16.12429571714374,high volume
2025-10-14,4_10,25.0,20.82506115077625,20.950754,17.580470235971855,17.786277410775778,16.223733658953424,high volume
2025-10-15,4_10,15.0,21.548646936116825,22.23369,15.317712224337578,17.78628067933816,16.701224850993857,high volume
2025-10-16,4_10,15.0,22.61634338523966,22.471214,13.514494063210181,17.78628195607775,19.182396803866585,high volume
2025-10-17,4_10,6.0,23.860934308109638,22.421024,8.708041206489495,17.786282454787518,20.198380176768545,high volume
2025-10-18,4_10,8.0,21.592499291163364,20.219202,15.023717515507112,17.786282649589523,21.327722530038447,high volume
2025-10-19,4_10,19.0,17.888892361926665,17.69713,11.300365807455208,17.786282725681517,17.330605918141835,high volume
2025-10-20,4_10,10.0,15.229867196761637,13.513396,7.551250720069631,17.78628275540396,16.11293729824765,high volume
2025-10-21,4_10,16.0,14.678393707105844,15.222425,12.659450073082132,17.7862827670139,16.21172792612481,high volume
2025-10-22,4_10,17.0,16.78546942962777,16.319792,15.907809598367429,17.786282771548883,16.68611587082177,high volume
2025-10-23,4_10,27.0,18.108900472318805,18.351954,22.378413773461368,17.786282773320302,19.151164488910588,high volume
2025-10-24,4_10,19.0,21.604797906075103,20.79886,21.788750940233392,17.78628277401224,20.16054573148138,high volume
2025-10-25,4_10,27.0,23.355102120562773,23.74944,26.69339553311013,17.78628277428252,21.282549356402807,high volume
2025-10-26,4_10,20.0,18.20005383762663,18.077997,16.123831146942894,17.78628277438809,17.3114068636533,high volume
2025-10-27,4_10,23.0,17.400502567070895,17.4975,19.352505045151613,17.78628277442933,16.101650914711055,high volume
2025-10-28,4_10,15.0,17.40440303478414,17.692844,19.085315946966382,17.78628277444544,16.1997995789699,high volume
2025-10-29,4_10,15.0,17.09341510145398,17.911743,17.88059803295602,17.78628277445173,16.6711048482225,high volume
2025-10-30,4_10,22.0,19.614985015963303,20.258465,21.18734784375323,17.78628277445419,19.120135048763263,high volume
2025-10-31,4_10,4.0,20.14831087090191,20.828844,17.9894335162317,17.78628277445515,20.12295711433599,high volume
2025-11-01,4_10,23.0,19.76455351819159,19.941488,19.9527642750227,17.786282774455525,21.237669717758294,high volume
2025-11-02,4_10,14.0,16.897218401878952,17.328718,14.979540231732049,17.78628277445567,17.292332565197345,high volume
2025-11-03,4_10,12.0,15.130458931483888,15.035445,13.850162317618457,17.786282774455728,16.09043787126261,high volume
2025-11-04,4_10,12.0,14.349565775636169,14.288963,8.322950058275621,17.78628277445575,16.18794874433727,high volume
2025-11-05,4_10,11.0,14.1983042420342,13.976623,15.000772795477976,17.786282774455756,16.656191370325136,high volume
2025-11-06,4_10,22.0,15.232346987277484,15.248117,16.902564506922978,17.78628277445576,19.089307244552,high volume
2025-11-07,4_10,28.0,20.653730783217696,20.85317,22.87382355440234,17.78628277445576,20.085612756109683,high volume
2025-11-08,4_10,33.0,26.35711366589527,26.039154,29.664311842725024,17.78628277445576,21.193081716675685,high volume
2025-11-09,4_10,30.0,22.34066033843681,22.35646,26.981676848762916,17.78628277445576,17.273382215643103,high volume
2025-11-10,4_10,34.0,22.7681181235517,22.323694,28.237569713812274,17.78628277445576,16.0792976925874,high volume
2025-11-11,4_10,29.0,21.34572179797765,20.591204,21.690018258245978,17.78628277445576,16.176174918983094,high volume
2025-11-12,4_10,24.0,21.99037389181717,24.61328,22.76481026105796,17.78628277445576,16.64137480342275,high volume
2025-11-13,4_10,29.0,23.47955884158156,23.243809,26.709037851213704,17.78628277445576,19.05867976605969,high volume
2025-11-14,4_10,33.0,25.623187263549198,25.875896,27.557433314957077,17.78628277445576,20.048511069575476,high volume
2025-11-15,4_10,22.0,25.178807195375217,24.936214,24.604484321009263,17.78628277445576,21.14878345803837,high volume
2025-11-16,4_10,24.0,20.99481266375965,22.104439,18.54215809695649,17.78628277445576,17.254555009546422,high volume
2025-11-17,4_10,17.0,19.538671360909763,20.65693,20.935368510830745,17.78628277445576,16.068229905195317,high volume
2025-11-18,4_10,22.0,16.77471959361431,18.009096,15.337904759550248,17.78628277445576,16.164477602484798,high volume
2025-11-19,4_10,31.0,17.41588126139006,18.876883,17.010769741222678,17.78628277445576,16.62665451776691,high volume
2025-11-20,4_10,17.0,21.400529434606007,22.066164,20.350401963950272,17.78628277445576,19.02825131152666,high volume
2025-11-21,4_10,28.0,23.09029973224749,23.462019,24.109845095186852,17.78628277445576,20.0116504778004,high volume
2025-11-22,4_10,21.0,26.009446302673823,27.047932,30.424859198903704,17.78628277445576,21.10477305903747,high volume
2025-11-23,4_10,31.0,21.659847765195995,21.58185,23.78643118283307,17.78628277445576,17.235850146694563,high volume
2025-11-24,4_10,28.0,20.504163293211892,21.209358,24.13108445204593,17.78628277445576,16.05723403867219,high volume
2025-11-25,4_10,17.0,20.508141967218155,20.343643,22.011548287371372,17.78628277445576,16.152856297671327,high volume
2025-11-26,4_10,21.0,20.207740018168938,21.16012,22.19053394627901,17.78628277445576,16.612029887701308,high volume
2025-11-27,4_10,22.0,22.551757015507576,23.007616,27.255597454400444,17.78628277445576,18.9980205876523,high volume
2025-11-28,4_10,48.0,25.922047365463712,26.558464,35.590171813734734,17.78628277445576,19.97502941409872,high volume
2025-11-29,4_10,22.0,28.773817304933385,29.102299,32.58107922909034,17.78628277445576,21.06104864909899,high volume
2025-11-30,4_10,17.0,23.066301511708986,22.93174,25.72706714603886,17.78628277445576,17.217266832074742,high volume
2025-12-01,4_10,20.0,19.643104256375352,19.84941,19.66403742570808,17.78628277445576,16.04630962566071,high volume
2025-12-02,4_10,19.0,20.223356091257,19.673594,19.612031994981223,17.78628277445576,16.14131051060238,high volume
2025-12-03,4_10,22.801658922468416,22.300390132805486,22.119062,24.607499822436907,17.78628277445576,16.597500291635306,high volume
2025-12-04,4_10,24.0,25.287862932629537,25.227766,25.82875863019643,17.78628277445576,18.96798630954016,high volume
2025-12-05,4_10,26.0,30.73578979069162,31.699833,29.375726287635274,17.78628277445576,19.938646321965372,high volume
2025-12-06,4_10,52.0,33.75977472015827,33.9531,34.27487681633739,17.78628277445576,21.017608369804343,high volume
2025-12-07,4_10,37.0,27.68997276070081,27.875336,24.27893675871195,17.78628277445576,17.198804275840335,high volume
2025-12-08,4_10,26.0,29.439434114736574,31.384138,23.90164608999796,17.78628277445576,16.03545620184055,high volume
2025-12-09,4_10,36.0,30.7779558898153,33.176987,29.138731694344767,17.78628277445576,16.129839750547358,high volume
2025-12-10,4_10,63.0,32.420669235919156,36.116833,31.1306136538207,17.78628277445576,16.583065112017476,high volume
2025-12-11,4_10,47.0,41.42749294438721,39.93854,29.98028160972322,17.78628277445576,18.938147200643314,high volume
2025-12-12,4_10,46.0,46.29828237691217,46.710224,28.486953564207052,17.78628277445576,19.902499655009787,high volume
2025-12-13,4_10,37.0,50.89911868705338,51.598007,35.9550122830819,17.78628277445576,20.974450374811337,high volume
2025-12-14,4_10,28.0,31.285117103537658,30.625296,25.13780855647275,17.78628277445576,17.18046169327732,high volume
2025-12-15,4_10,26.0,25.926664466919206,26.41702,20.97401929782438,17.78628277445576,16.024673305908635,high volume
2025-12-16,4_10,19.0,26.820890213953437,26.376905,21.582240198121674,17.78628277445576,16.118443529964548,high volume
2025-12-17,4_10,50.0,29.589267280093512,31.706364,23.905711918942135,17.78628277445576,16.56872373530938,high volume
2025-12-18,4_10,53.0,38.83658014882702,35.564743,33.357472181576625,17.78628277445576,18.90850199271012,high volume
2025-12-19,4_10,29.0,45.43427357451487,45.905243,32.83480017453777,17.78628277445576,19.866587876890183,high volume
2025-12-20,4_10,62.0,43.73088160594195,43.196327,35.11233666114019,17.78628277445576,20.931572829775714,high volume
2025-12-21,4_10,51.0,36.90176171558895,36.714905,26.082022240192543,17.78628277445576,17.162238304770906,high volume
2025-12-22,4_10,41.0,37.605583932271145,37.225048,26.75733787387745,17.78628277445576,16.013960479559543,high volume
2025-12-23,4_10,14.0,33.69787320956018,36.296047,19.250244433552727,17.78628277445576,16.107121364480392,high volume
2025-12-24,4_10,55.0,36.78713241044592,37.208683,26.608228082121112,17.78628277445576,16.554475551959484,high volume
2025-12-25,4_10,1.0,10.06210026495328,6.258584,25.334254928698265,17.78628277445576,18.879049425730308,high volume
2025-12-26,4_10,30.0,44.84397454629223,44.744045,28.764252971767473,17.78628277445576,19.830909461248257,high volume
2025-12-27,4_10,33.0,30.23144151957938,31.922953,29.383305680821227,17.78628277445576,20.888973912273176,high volume
2025-12-28,4_10,26.0,29.17121612646276,29.174324,26.261851722060456,17.78628277445576,17.144133335772413,high volume
2025-12-29,4_10,18.0,23.82881443218372,24.89323,23.299895386643108,17.78628277445576,16.00331726746601,high volume
2025-12-30,4_10,17.0,19.660122232947625,20.413801,21.267403000570106,17.78628277445576,16.09587277286888,high volume
2025-12-31,4_10,22.0,19.526565469586945,21.22441,23.175242341592845,17.78628277445576,16.540319956377246,high volume
2025-10-01,4_21,39.0,39.29591758895455,39.811527,41.798797535472204,44.04138434931029,44.007254036322465,high volume
2025-10-02,4_21,37.0,43.28098341796737,43.582672,44.499960295019676,44.911677830568365,44.5736037044171,high volume
2025-10-03,4_21,50.0,48.27263009541574,49.099407,49.66912221959133,45.09909151807115,46.32386072704609,high volume
2025-10-04,4_21,51.0,50.133954591496895,52.48496,53.24165656739914,45.13945019134607,46.68536487193906,high volume
2025-10-05,4_21,28.0,39.096721828808406,38.21595,45.050687982526185,45.14814124550661,45.53007999838556,high volume
2025-10-06,4_21,31.0,33.99935461885544,35.46005,42.106781421451714,45.150012823938006,44.43840179326105,high volume
2025-10-07,4_21,39.0,33.29756975184263,34.076252,38.2873827647488,45.15041585972172,45.102185014985224,high volume
2025-10-08,4_21,82.0,54.01838861680431,49.659317,46.765061424191245,45.15050265161899,45.194888813907085,high volume
2025-10-09,4_21,75.0,47.953746026490855,50.755497,46.96243174464435,45.150521341853796,45.24819130880135,high volume
2025-10-10,4_21,69.0,46.72442883155465,52.466568,49.77395817391986,45.150525366709665,45.06088350849891,high volume
2025-10-11,4_21,58.0,49.412391843820615,53.061043,50.65883924679806,45.15052623344381,45.02230032762893,high volume
2025-10-12,4_21,61.0,53.78448055643811,51.080082,44.043888123179855,45.15052642009101,45.164068854856,high volume
2025-10-13,4_21,65.0,57.55522025400555,54.100555,43.25938791457049,45.150526460284624,45.29719370416419,high volume
2025-10-14,4_21,57.0,55.48813548683957,54.90499,42.706590148685024,45.150526468940136,45.21644535931028,high volume
2025-10-15,4_21,81.0,50.5184050374317,55.014027,45.022698398740275,45.15052647080406,45.20517165606102,high volume
2025-10-16,4_21,68.0,47.34263348609731,45.25742,50.038804970301655,45.150526471205445,45.19868565838115,high volume
2025-10-17,4_21,22.801658922468413,48.26181169041063,43.727047,57.801080608010814,45.15052647129188,45.22148616049456,high volume
2025-10-18,4_21,22.801658922468413,53.77417856559607,52.881565,55.35978337715339,45.1505264713105,45.22618279513837,high volume
2025-10-19,4_21,44.0,60.01716359918467,58.8279,47.92700432979944,45.15052647131451,45.208926051680045,high volume
2025-10-20,4_21,35.0,39.183133100505536,41.9688,33.92641703155927,45.15052647131537,45.19272144278438,high volume
2025-10-21,4_21,29.0,37.145511913929326,36.043324,31.150571204079966,45.15052647131555,45.20255053054955,high volume
2025-10-22,4_21,33.0,39.06711030967661,40.934143,30.782273714095712,45.150526471315594,45.20392282151358,high volume
2025-10-23,4_21,39.0,38.83611747102628,39.58209,31.709606102309017,45.1505264713156,45.20471232918528,high volume
2025-10-24,4_21,40.0,44.85917972779648,46.730747,37.60915176047409,45.1505264713156,45.20193693961079,high volume
2025-10-25,4_21,43.0,47.529882664083786,46.675903,36.35742485552337,45.1505264713156,45.20136524207712,high volume
2025-10-26,4_21,25.0,39.75361209032241,41.537857,33.047557338942646,45.1505264713156,45.20346581801199,high volume
2025-10-27,4_21,31.0,34.007963734947936,34.363487,26.525687956537993,45.1505264713156,45.20543832293782,high volume
2025-10-28,4_21,43.0,33.915798215688014,32.924072,27.115873061604137,45.1505264713156,45.20424187789203,high volume
2025-10-29,4_21,33.0,35.4962698410431,35.184032,29.61066243418867,45.1505264713156,45.20407483586692,high volume
2025-10-30,4_21,22.801658922468416,38.13563089827249,38.638805,32.68626354592103,45.1505264713156,45.203978733098786,high volume
2025-10-31,4_21,56.0,42.739587078528544,44.287495,40.397586753770945,45.1505264713156,45.2043165672077,high volume
2025-11-01,4_21,34.0,47.98037015079511,47.98413,41.08218812501906,45.1505264713156,45.20438615705146,high volume
2025-11-02,4_21,34.0,35.72180887168382,35.158607,35.08864301290902,45.1505264713156,45.20413046458735,high volume
2025-11-03,4_21,33.0,32.617390624528284,31.812666,31.120663537638396,45.1505264713156,45.20389036155819,high volume
2025-11-04,4_21,42.0,34.72083980906772,36.057022,22.84807576436415,45.1505264713156,45.204035998750754,high volume
2025-11-05,4_21,35.0,33.1846925726564,33.674835,33.00714252245073,45.1505264713156,45.204056331930005,high volume
2025-11-06,4_21,52.0,51.19989775641199,54.953354,47.50524777208146,45.1505264713156,45.20406803003298,high volume
2025-11-07,4_21,22.801658922468413,54.07365871735017,54.95855,51.8104644005594,45.1505264713156,45.20402690719884,high volume
2025-11-08,4_21,67.0,50.77190710399939,52.896763,49.70106391936473,45.1505264713156,45.2040184363798,high volume
2025-11-09,4_21,67.0,50.161872839647174,50.851257,42.203209866017005,45.1505264713156,45.20404956052776,high volume
2025-11-10,4_21,40.0,51.007574093014405,48.627583,36.609762780449685,45.1505264713156,45.2040787870528,high volume
2025-11-11,4_21,45.0,51.55232174033437,51.386993,40.19511077584244,45.1505264713156,45.20406105937535,high volume
2025-11-12,4_21,56.0,50.73611948759961,51.271053,41.07364454406324,45.1505264713156,45.20405858432048,high volume
2025-11-13,4_21,52.0,51.90167857278885,54.141304,41.770237879216594,45.1505264713156,45.20405716036968,high volume
2025-11-14,4_21,47.0,53.09901923415282,57.319225,46.69890337881587,45.1505264713156,45.20406216604389,high volume
2025-11-15,4_21,67.0,57.59758826047411,55.73645,49.30560776243049,45.1505264713156,45.204063197153765,high volume
2025-11-16,4_21,35.0,34.881111774890684,33.550434,32.44550953286098,45.1505264713156,45.20405940856895,high volume
2025-11-17,4_21,31.0,30.39280498924085,31.19446,25.804018968500376,45.1505264713156,45.20405585097216,high volume
2025-11-18,4_21,36.0,30.441894469858575,31.426184,28.584949177086372,45.1505264713156,45.2040580088725,high volume
2025-11-19,4_21,25.0,31.232647320090884,31.784306,28.82126529860185,45.1505264713156,45.20405831014839,high volume
2025-11-20,4_21,51.0,36.36759920913764,36.07614,31.115445810984607,45.1505264713156,45.204058483478704,high volume
2025-11-21,4_21,45.0,42.376751013081815,41.526165,34.336145131187685,45.1505264713156,45.20405787416335,high volume
2025-11-22,4_21,37.0,44.899370782094614,45.447414,31.939471834540697,45.1505264713156,45.204057748651564,high volume
2025-11-23,4_21,36.0,35.54803115039288,34.676693,26.13138586117789,45.1505264713156,45.20405820981679,high volume
2025-11-24,4_21,30.0,32.08254872825098,30.66447,20.742658995910126,45.1505264713156,45.20405864286502,high volume
2025-11-25,4_21,42.0,32.12023362139974,32.259087,21.930567000035563,45.1505264713156,45.204058380194745,high volume
2025-11-26,4_21,25.0,33.981060669661346,32.440964,23.331385402443797,45.1505264713156,45.20405834352196,high volume
2025-11-27,4_21,36.0,35.40048701586711,34.847195,25.165617688063495,45.1505264713156,45.204058322423336,high volume
2025-11-28,4_21,24.0,40.977603402673815,40.878853,26.48990504359496,45.1505264713156,45.20405839659221,high volume
2025-11-29,4_21,43.0,39.57948663505923,39.993706,29.695914887298112,45.1505264713156,45.20405841187012,high volume
2025-11-30,4_21,28.0,33.330143145002054,33.619045,24.686481136881287,45.1505264713156,45.204058355734816,high volume
2025-12-01,4_21,22.0,30.377283445807098,30.26623,23.444795630694827,45.1505264713156,45.20405830302205,high volume
2025-12-02,4_21,37.0,28.7034031019681,29.44603,24.274510410259303,45.1505264713156,45.20405833499557,high volume
2025-12-03,4_21,20.0,30.205721199147863,28.989225,23.85146749157001,45.1505264713156,45.204058339459564,high volume
2025-12-04,4_21,23.0,31.09276044255214,32.675,28.470865949831367,45.1505264713156,45.20405834202779,high volume
2025-12-05,4_21,24.0,31.885697796276855,31.89488,34.56466806356746,45.1505264713156,45.204058332999594,high volume
2025-12-06,4_21,39.0,32.676827435985885,33.337086,34.184228628518575,45.1505264713156,45.20405833113989,high volume
2025-12-07,4_21,20.0,29.98361065948745,29.092432,31.418863621179327,45.1505264713156,45.20405833797296,high volume
2025-12-08,4_21,27.0,24.68999652751957,25.423723,27.656802117927256,45.1505264713156,45.204058344389416,high volume
2025-12-09,4_21,18.0,24.615114094113697,25.919931,26.02278125917859,45.1505264713156,45.20405834049744,high volume
2025-12-10,4_21,36.0,25.125760268507932,26.130184,27.44585562890791,45.1505264713156,45.20405833995406,high volume
2025-12-11,4_21,34.0,32.10112119156306,31.963305,33.443359659620086,45.1505264713156,45.20405833964144,high volume
2025-12-12,4_21,47.0,37.56269885261091,36.89849,40.68665175057951,45.1505264713156,45.204058340740396,high volume
2025-12-13,4_21,32.0,40.39842189474803,40.069283,38.76800937982468,45.1505264713156,45.20405834096677,high volume
2025-12-14,4_21,32.0,30.629704649283394,31.362553,34.576500791487454,45.1505264713156,45.20405834013501,high volume
2025-12-15,4_21,22.0,28.77555774252856,28.554523,32.352838223150385,45.1505264713156,45.20405833935397,high volume
2025-12-16,4_21,36.0,28.530051217652947,27.821226,32.62333662820645,45.1505264713156,45.20405833982772,high volume
2025-12-17,4_21,32.0,31.440305785201687,31.26924,33.1820661126353,45.1505264713156,45.20405833989386,high volume
2025-12-18,4_21,31.0,38.23548861354643,36.272728,39.16304787509983,45.1505264713156,45.20405833993192,high volume
2025-12-19,4_21,53.0,41.33085021472333,39.44502,45.007179987937334,45.1505264713156,45.204058339798145,high volume
2025-12-20,4_21,34.0,45.487181042070645,45.588093,44.9128113285573,45.1505264713156,45.20405833977059,high volume
2025-12-21,4_21,73.0,52.99744151719945,58.16117,51.30797563706553,45.1505264713156,45.204058339871835,high volume
2025-12-22,4_21,65.0,55.30134174551788,52.141342,45.47372250971591,45.1505264713156,45.204058339966906,high volume
2025-12-23,4_21,69.0,57.4509306911412,56.27024,49.05179911460702,45.1505264713156,45.20405833990924,high volume
2025-12-24,4_21,68.0,58.53234323672042,58.68955,45.89625047777833,45.1505264713156,45.20405833990119,high volume
2025-12-25,4_21,3.0,0.18877243615320966,12.878138,38.39661537107405,45.1505264713156,45.204058339896555,high volume
2025-12-26,4_21,80.0,55.33339340331188,56.635086,41.21927436866607,45.1505264713156,45.20405833991284,high volume
2025-12-27,4_21,54.0,48.86862109990979,52.45246,52.98531172155944,45.1505264713156,45.204058339916195,high volume
2025-12-28,4_21,65.0,56.588218010697965,58.274784,44.52575034771779,45.1505264713156,45.204058339903874,high volume
2025-12-29,4_21,53.0,52.44828764913574,54.366985,40.02911445994076,45.1505264713156,45.2040583398923,high volume
2025-12-30,4_21,35.0,32.3244095695677,28.150963,29.243102867693754,45.1505264713156,45.20405833989932,high volume
2025-12-31,4_21,29.0,29.345979337441502,27.782387,28.673554238491036,45.1505264713156,45.2040583399003,high volume
2025-10-01,4_24,24.0,39.245542972034244,38.611904,41.57204925393236,36.6557859706931,41.29959177492164,mid volume
2025-10-02,4_24,42.0,43.12471978922421,42.235,43.08093678684081,34.12025046182677,41.4005424487729,mid volume
2025-10-03,4_24,53.0,46.51686273076455,46.143017,46.79946807263392,33.24487560332353,45.41866470773465,mid volume
2025-10-04,4_24,27.0,31.984779276051214,30.578342,31.937348555056747,32.942658915677065,46.53575905437354,mid volume
2025-10-05,4_24,25.0,23.701841294771434,23.055859,26.229924854591978,32.83832084221655,42.21196320750929,mid volume
2025-10-06,4_24,34.0,20.771983445007134,20.808382,24.342018047742773,32.80229889498977,40.478253695699266,mid volume
2025-10-07,4_24,15.0,20.966388076101758,19.821743,20.75431202382855,32.789862584456394,38.51315663337682,mid volume
2025-10-08,4_24,22.0,21.51530302143773,20.658995,22.360422343941917,32.78556904033706,40.80609921741854,mid volume
2025-10-09,4_24,24.0,24.189393770878798,24.549494,23.91404513233741,32.78408672602405,41.60626286056825,mid volume
2025-10-10,4_24,27.0,27.077166448092406,26.031456,27.687670299227424,32.783574967984194,45.71701815389197,mid volume
2025-10-11,4_24,17.0,28.132959945261806,27.197704,28.69041132694475,32.78339828731056,46.84635323736229,mid volume
2025-10-12,4_24,19.0,22.27170101713513,21.648851,22.896441116547972,32.78333728961633,42.530278487641226,mid volume
2025-10-13,4_24,15.0,19.451873833545545,18.911917,20.920063538175565,32.78331623061409,40.79916270686152,mid volume
2025-10-14,4_24,12.0,17.523394077127904,17.74729,19.664181164276783,32.78330896014951,38.83673747863187,mid volume
2025-10-15,4_24,25.0,18.02819323316959,18.223274,21.122414266387835,32.78330645007546,41.12661191166004,mid volume
2025-10-16,4_24,29.0,21.912686628273377,20.95081,22.532790796531383,32.78330558349098,41.92570376122169,mid volume
2025-10-17,4_24,22.0,25.46918748483011,25.111048,26.17542104583553,32.7833052843091,46.03094911629792,mid volume
2025-10-18,4_24,18.0,25.890922154312733,25.87887,27.39903474401087,32.783305181018775,47.15877045746642,mid volume
2025-10-19,4_24,35.0,19.944279674507445,19.751282,21.72311887548375,32.783305145358554,42.84848096168007,mid volume
2025-10-20,4_24,21.0,19.916493563633832,19.18213,19.94737124514904,32.78330513304713,41.11968556288145,mid volume
2025-10-21,4_24,15.0,19.487175493779407,19.073101,18.885628616361966,32.7833051287967,39.159890762781586,mid volume
2025-10-22,4_24,24.0,19.999930818211176,19.746807,20.561588684660858,32.78330512732927,41.44669585592735,mid volume
2025-10-23,4_24,23.0,23.367130835263325,22.772472,22.244776592228703,32.783305126822654,42.244716605497274,mid volume
2025-10-24,4_24,24.0,26.160059135663946,25.55681,26.06400146245735,32.78330512664775,46.344459303686925,mid volume
2025-10-25,4_24,24.0,27.092219325143322,26.888866,27.323365824434266,32.783305126587365,47.47076891697242,mid volume
2025-10-26,4_24,19.0,22.068162914957856,21.082254,21.53696176784087,32.78330512656652,43.16625691854034,mid volume
2025-10-27,4_24,23.0,19.301138816405054,18.909048,19.943737932650997,32.78330512655932,41.43977879120398,mid volume
2025-10-28,4_24,14.0,19.333016667587508,18.76744,18.77047229986214,32.78330512655683,39.482610893376815,mid volume
2025-10-29,4_24,23.0,19.341771259183844,20.183685,20.335941866989465,32.78330512655597,41.76635076076725,mid volume
2025-10-30,4_24,18.0,23.2659142968939,23.488031,21.91270135096786,32.783305126555675,42.563301846043444,mid volume
2025-10-31,4_24,20.0,25.273448228108112,25.7008,25.615513197984008,32.783305126555575,46.65754926308895,mid volume
2025-11-01,4_24,19.0,25.657717413001414,25.979744,26.722298426653314,32.78330512655554,47.78234917480632,mid volume
2025-11-02,4_24,16.0,20.62917199955132,20.718979,20.938411147293248,32.783305126555526,43.48360692959075,mid volume
2025-11-03,4_24,13.0,17.79797254872191,17.533945,19.109730189076664,32.78330512655552,41.75944296765387,mid volume
2025-11-04,4_24,17.0,17.30272467030141,16.95236,14.25103415105537,32.78330512655552,39.804898451008555,mid volume
2025-11-05,4_24,16.0,17.73652651023502,17.323751,19.228670032716416,32.78330512655552,42.08557720126183,mid volume
2025-11-06,4_24,19.0,20.017335703463427,19.415024,20.587517896523366,32.78330512655552,42.88146005601866,mid volume
2025-11-07,4_24,15.0,22.026193592437743,21.685759,24.23356820133892,32.78330512655552,46.97021955777615,mid volume
2025-11-08,4_24,20.0,21.488100429931652,21.224503,25.245628270855672,32.78330512655552,48.09351179152423,mid volume
2025-11-09,4_24,15.0,17.710491259097054,17.039818,19.301237405995952,32.78330512655552,43.800531565767606,mid volume
2025-11-10,4_24,9.0,15.546533899800677,15.430982,17.32553896043577,32.78330512655552,42.078678667330784,mid volume
2025-11-11,4_24,16.0,14.320228327646044,14.512073,15.669658477586513,32.78330512655552,40.126754015496125,mid volume
2025-11-12,4_24,24.0,15.394941433596914,15.414708,16.94630048923712,32.78330512655552,42.404375751723215,mid volume
2025-11-13,4_24,25.0,18.540246216030003,18.389711,18.269908196542712,32.78330512655552,43.199191807813236,mid volume
2025-11-14,4_24,17.0,21.12446219543916,21.292114,21.7564791757142,32.78330512655552,47.28247075026566,mid volume
2025-11-15,4_24,19.0,20.716035531411688,20.98661,22.46845493791747,32.78330512655552,48.404257326930875,mid volume
2025-11-16,4_24,21.0,17.45159229454489,17.285463,16.3934337683196,32.78330512655552,44.11703139724195,mid volume
2025-11-17,4_24,15.0,15.35664730382538,15.564478,14.434556360837533,32.78330512655552,42.397486464563556,mid volume
2025-11-18,4_24,19.0,14.879149889969298,15.182567,12.832042453514136,32.78330512655552,40.44817816588168,mid volume
2025-11-19,4_24,11.0,15.93077141054371,16.442608,14.208309584856007,32.78330512655552,42.72274698569377,mid volume
2025-11-20,4_24,12.0,17.250454248481788,17.388512,15.58851913651917,32.78330512655552,43.51649767305028,mid volume
2025-11-21,4_24,19.0,19.308398743257072,19.461617,19.323494699274583,32.78330512655552,47.594303402320655,mid volume
2025-11-22,4_24,22.0,20.698682385530446,21.300396,20.467684416684133,32.78330512655552,48.71458634008062,mid volume
2025-11-23,4_24,18.0,17.730601945664777,17.689592,14.639347758156855,32.78330512655552,44.43310699342056,mid volume
2025-11-24,4_24,20.0,16.01878258498406,15.843969,12.940251292181015,32.78330512655552,42.71586693291115,mid volume
2025-11-25,4_24,26.0,15.311775705884708,15.710538,11.7570816589761,32.78330512655552,40.769171480431204,mid volume
2025-11-26,4_24,24.0,16.878823907936713,17.810064,13.476239573349156,32.78330512655552,43.04069147594706,mid volume
2025-11-27,4_24,15.0,19.31574682069348,19.78005,15.295328606063949,32.78330512655552,43.833378222586674,mid volume
2025-11-28,4_24,29.0,20.66533243590461,20.664845,19.553189469137322,32.78330512655552,47.9057180749513,mid volume
2025-11-29,4_24,23.0,21.862646269864445,21.305288,20.91543237592899,32.78330512655552,49.02449938927849,mid volume
2025-11-30,4_24,17.0,17.975109490209615,18.159004,15.500137046554816,32.78330512655552,44.74875892294697,mid volume
2025-12-01,4_24,12.0,15.023402017333034,15.230435,14.074264854905891,32.78330512655552,43.033820645163736,mid volume
2025-12-02,4_24,16.0,14.953097076997473,15.12049,13.338875862343157,32.78330512655552,41.08973453663558,mid volume
2025-12-03,4_24,9.0,15.704437449293266,16.427326,15.547342691595476,32.78330512655552,43.35820979448889,mid volume
2025-12-04,4_24,24.0,17.05599663472497,17.522284,17.629987338018672,32.78330512655552,44.149834026514135,mid volume
2025-12-05,4_24,10.0,19.056332192165527,19.654316,22.030243889348796,32.78330512655552,48.2167153284158,mid volume
2025-12-06,4_24,16.0,19.428312068937547,20.166134,23.83173083790662,32.78330512655552,49.333997032081136,mid volume
2025-12-07,4_24,11.0,15.057038514702393,15.538708,18.545864355541976,32.78330512655552,45.06398775370252,mid volume
2025-12-08,4_24,12.0,13.35647612365803,13.992731,17.392593262507845,32.78330512655552,43.35134817334375,mid volume
2025-12-09,4_24,7.0,14.10863668676018,14.890824,16.861658067773003,32.78330512655552,41.40986791121164,mid volume
2025-12-10,4_24,15.0,14.784695590047342,14.872437,19.027797401168982,32.78330512655552,43.6753025125584,mid volume
2025-12-11,4_24,19.0,17.159405796444283,17.204443,21.015372812962852,32.78330512655552,44.46586565416023,mid volume
2025-12-12,4_24,23.0,18.888410284149284,18.994633,25.26071569727127,32.78330512655552,48.527295722221375,mid volume
2025-12-13,4_24,22.0,20.67435579035657,21.207039,26.944923010359876,32.78330512655552,49.64307982529788,mid volume
2025-12-14,4_24,27.0,17.41752867871461,18.049438,21.458227291797815,32.78330512655552,45.37879405280737,mid volume
2025-12-15,4_24,16.0,17.113428987757583,17.829931,19.920358609282513,32.78330512655552,43.66845008870686,mid volume
2025-12-16,4_24,12.0,16.205732410708595,17.3849,18.93060693621637,32.78330512655552,41.72957218010316,mid volume
2025-12-17,4_24,21.0,16.20367483301027,17.399622,20.704948570245833,32.78330512655552,43.99197020062899,mid volume
2025-12-18,4_24,35.0,19.861119081531196,20.30989,24.70296740371536,32.78330512655552,44.7814736740894,mid volume
2025-12-19,4_24,21.0,23.379322987705688,22.680265,28.500842033843615,32.78330512655552,48.837459815125285,mid volume
2025-12-20,4_24,32.0,24.022274560925418,23.97511,29.571873164145828,32.78330512655552,49.9517483249917,mid volume
2025-12-21,4_24,34.0,23.463620067890133,23.807203,28.85942973409994,32.78330512655552,45.6931783866215,mid volume
2025-12-22,4_24,27.0,22.518087620404156,24.5252,26.910891806750882,32.78330512655552,43.98512696174304,mid volume
2025-12-23,4_24,12.0,23.228707698952242,24.784008,25.2249050753105,32.78330512655552,42.048847918481954,mid volume
2025-12-24,4_24,17.0,23.884882472873038,25.367826,26.616951232409892,32.78330512655552,44.30821342840944,mid volume
2025-12-25,4_24,2.0,7.370847055719956,14.035908,24.173454241571626,32.78330512655552,45.09665865410399,mid volume
2025-12-26,4_24,50.0,27.247324285879895,27.761295,27.6225773990936,32.78330512655552,49.14720816513586,mid volume
2025-12-27,4_24,22.0,28.474390598652608,28.50474,31.701209720814035,32.78330512655552,50.26000308648021,mid volume
2025-12-28,4_24,24.0,20.62307786546233,20.728422,25.50989140631863,32.78330512655552,46.00714132074574,mid volume
2025-12-29,4_24,18.0,17.478981424345747,17.196331,23.175561712997343,32.78330512655552,44.30137936217757,mid volume
2025-12-30,4_24,17.0,14.376145296526056,13.659922,16.03765695547946,32.78330512655552,42.36769570074884,mid volume
2025-12-31,4_24,11.0,13.385007234321584,12.869722,17.128015286919116,32.78330512655552,44.624032764844856,mid volume
2025-10-01,5_3,48.0,50.25606875569631,49.00712,52.42243666840608,53.73797904184734,53.7476783961943,high volume
2025-10-02,5_3,63.0,57.02065076874749,58.943977,56.16502928535523,54.72771553806898,56.95577680391867,high volume
2025-10-03,5_3,63.0,60.62490685290904,60.70276,57.500863915300386,54.83982136108157,57.93799202446499,high volume
2025-10-04,5_3,67.0,60.63750104761597,60.83203,60.862555581701564,54.85251940303648,60.0543503531456,high volume
2025-10-05,5_3,42.0,55.26094269532124,55.0386,51.11524438683446,54.85395768933737,54.06743306320443,high volume
2025-10-06,5_3,59.0,49.18552922070997,49.54556,47.84027218524247,54.85412060165808,52.058800153517325,high volume
2025-10-07,5_3,38.0,48.87057143217443,46.97872,42.10226824835479,54.85413905446836,51.83185524563562,high volume
2025-10-08,5_3,42.0,47.347864530776015,47.863068,45.8932509279068,54.85414114458779,54.09597009978031,high volume
2025-10-09,5_3,50.0,52.979203414899324,53.334625,49.85367039673088,54.85414138133218,57.06037127729553,high volume
2025-10-10,5_3,22.801658922468413,40.50891082165642,41.13973,54.62051836377074,54.854141408147825,58.02934367883919,high volume
2025-10-11,5_3,77.0,31.6018670755847,34.20727,58.258510951010805,54.85414141118519,60.134056684531664,high volume
2025-10-12,5_3,65.0,50.31797608231739,49.994675,48.40507852337927,54.85414141152923,54.17927960821819,high volume
2025-10-13,5_3,74.0,53.81812447604386,57.459545,44.995811358777374,54.85414141156819,52.181432821638424,high volume
2025-10-14,5_3,83.0,56.8662779765625,55.238583,44.15106988854481,54.854141411572606,51.95570660829348,high volume
2025-10-15,5_3,22.801658922468413,50.71865243828215,49.726566,47.63244587535857,54.8541414115731,54.20766303960521,high volume
2025-10-16,5_3,22.801658922468413,43.204828569396206,42.087822,51.2764020255561,54.85414141157316,57.15614521828638,high volume
2025-10-17,5_3,74.0,33.83289189508953,35.802925,52.52041407119534,54.85414141157317,58.1199141842646,high volume
2025-10-18,5_3,22.801658922468413,41.832516648974526,43.038612,56.62868262684026,54.85414141157317,60.21332476432522,high volume
2025-10-19,5_3,71.0,54.56607816799668,56.371693,47.01301559969018,54.85414141157317,54.29052517134424,high volume
2025-10-20,5_3,59.0,53.1251634439609,58.25796,44.00637257820876,54.85414141157317,52.30340693286964,high volume
2025-10-21,5_3,52.0,61.75730149190857,64.81171,43.551064191174795,54.85414141157317,52.07889288181599,high volume
2025-10-22,5_3,42.0,52.77392365940085,55.07985,44.2502999466388,54.85414141157317,54.318756182129704,high volume
2025-10-23,5_3,53.0,55.73683649336717,57.3381,48.4318038101076,54.85414141157317,57.25140484789904,high volume
2025-10-24,5_3,49.0,59.85680973443758,58.67739,49.9887437325842,54.85414141157317,58.20999832105007,high volume
2025-10-25,5_3,58.0,61.366056458859305,58.545906,54.10671470639737,54.85414141157317,60.29216717013167,high volume
2025-10-26,5_3,36.0,52.52717368117205,52.772003,44.19350341189775,54.85414141157317,54.40117333962324,high volume
2025-10-27,5_3,36.0,46.20402075683354,46.158665,41.55063935069624,54.85414141157317,52.424726036355146,high volume
2025-10-28,5_3,37.0,43.197936226133606,44.11999,40.81284517401266,54.85414141157317,52.20141763821401,high volume
2025-10-29,5_3,42.0,43.32994419959366,43.453182,44.44352658820143,54.85414141157317,54.429252748314234,high volume
2025-10-30,5_3,49.0,48.67756959199772,48.06856,48.387250917526195,54.85414141157317,57.346152928014675,high volume
2025-10-31,5_3,54.0,54.40712338722329,54.443214,49.698505445015286,54.85414141157317,58.2995987010222,high volume
2025-11-01,5_3,62.0,56.1374372415352,55.73996,53.523330764846875,54.85414141157317,60.37058618784394,high volume
2025-11-02,5_3,45.0,44.89489146807928,47.099365,43.70359627742799,54.85414141157317,54.51122732109868,high volume
2025-11-03,5_3,29.0,41.34708313766676,42.035374,40.63571451277782,54.85414141157317,52.54539364952289,high volume
2025-11-04,5_3,32.0,40.32387056636969,41.329025,31.5067018882166,54.85414141157317,52.323284429871244,high volume
2025-11-05,5_3,34.0,38.52443099906955,39.00531,43.18397935808716,54.85414141157317,54.53915594180687,high volume
2025-11-06,5_3,41.0,43.08003639959202,43.22272,46.79938440842378,54.85414141157317,57.44039220568249,high volume
2025-11-07,5_3,50.0,47.070292890514885,46.548565,48.15041690660667,54.85414141157317,58.38871792198192,high volume
2025-11-08,5_3,49.0,53.7641408487377,53.11571,51.94977471588533,54.85414141157317,60.4485840910796,high volume
2025-11-09,5_3,35.0,38.33406860394986,39.354656,41.9756181202934,54.85414141157317,54.62069030658667,high volume
2025-11-10,5_3,30.0,35.809534384888984,35.087757,38.77461267565377,54.85414141157317,52.66541327091205,high volume
2025-11-11,5_3,49.0,36.20448809937883,34.906776,37.2704748747564,54.85414141157317,52.444496790094846,high volume
2025-11-12,5_3,40.0,38.29797368706901,38.34801,40.56563653088926,54.85414141157317,54.64846894905188,high volume
2025-11-13,5_3,54.0,44.877338601502245,43.49617,44.25291472867124,54.85414141157317,57.53412541319987,high volume
2025-11-14,5_3,56.0,55.223724996190434,54.65889,45.362579277045796,54.85414141157317,58.47735856777983,high volume
2025-11-15,5_3,52.0,54.142107917247614,53.68622,48.582727689857485,54.85414141157317,60.526163141246755,high volume
2025-11-16,5_3,29.0,40.62296900119851,43.475353,38.38450428007896,54.85414141157317,54.72956546976843,high volume
2025-11-17,5_3,36.0,37.988286312259454,37.99915,35.23805713756231,54.85414141157317,52.7847883802744,high volume
2025-11-18,5_3,42.0,37.48115262586237,36.08169,33.82250582714045,54.85414141157317,52.56505823321792,high volume
2025-11-19,5_3,41.0,36.95731470342471,37.00841,37.25225601334142,54.85414141157317,54.75719493938216,high volume
2025-11-20,5_3,48.0,44.04441728218478,42.770283,40.92412334625271,54.85414141157317,57.627355268191565,high volume
2025-11-21,5_3,43.0,49.86206849075862,50.613968,42.384795699584565,54.85414141157317,58.5655232083911,high volume
2025-11-22,5_3,60.0,52.2654956190101,52.002132,46.32263025916599,54.85414141157317,60.60332558760961,high volume
2025-11-23,5_3,43.0,41.10774536168776,41.518494,36.386290133330085,54.85414141157317,54.83785596728239,high volume
2025-11-24,5_3,33.0,36.3765205872189,37.684364,33.471736360397074,54.85414141157317,52.90352243867531,high volume
2025-11-25,5_3,30.0,35.702143438024635,36.90035,32.59865701075026,54.85414141157317,52.68497225470143,high volume
2025-11-26,5_3,38.0,37.19897729059562,38.24943,36.35213131584071,54.85414141157317,54.86533706511113,high volume
2025-11-27,5_3,36.0,44.53891940427016,43.376446,40.52815792994746,54.85414141157317,57.720084473688615,high volume
2025-11-28,5_3,40.0,49.31562618043875,49.007393,42.64548657771942,54.85414141157317,58.653214399990006,high volume
2025-11-29,5_3,48.0,50.05298465943285,49.508293,46.54921363558739,54.85414141157317,60.68007366735374,high volume
2025-11-30,5_3,37.0,39.59095612515649,38.759495,37.01990681148188,54.85414141157317,54.94556493881562,high volume
2025-12-01,5_3,32.0,32.92580432395608,33.852695,34.19230997382448,54.85414141157317,53.02161888859402,high volume
2025-12-02,5_3,36.0,32.34131674465216,33.923576,33.80815996879808,54.85414141157317,52.8042423312355,high volume
2025-12-03,5_3,34.0,35.61262672079006,36.4857,38.15955542689105,54.85414141157317,54.972898461624084,high volume
2025-12-04,5_3,27.0,37.95097763055499,37.57554,42.46139992649179,54.85414141157317,57.81231571820656,high volume
2025-12-05,5_3,41.0,41.99304759998092,43.321674,44.46787547840082,54.85414141157317,58.740434685024,high volume
2025-12-06,5_3,57.0,46.67462749726697,47.33201,48.987197097528764,54.85414141157317,60.75640960565085,high volume
2025-12-07,5_3,45.0,38.79307274598459,37.92171,39.45512597916148,54.85414141157317,55.05269550719491,high volume
2025-12-08,5_3,34.0,35.527951023433,35.892776,37.00545427336722,54.85414141157317,53.139081154023444,high volume
2025-12-09,5_3,37.0,35.0052025740015,36.40623,36.921638497179025,54.85414141157317,52.922871920840244,high volume
2025-12-10,5_3,36.0,38.2274684121869,38.2138,41.096009360693856,54.85414141157317,55.07988224746914,high volume
2025-12-11,5_3,22.801658922468416,43.82240904754223,43.709846,45.187431670583216,54.85414141157317,57.9040516758235,high volume
2025-12-12,5_3,49.0,47.625676727355106,46.35097,46.927172196663285,54.85414141157317,58.82718659228748,high volume
2025-12-13,5_3,52.0,52.71443498378591,51.991028,51.359485413882666,54.85414141157317,60.8323356157234,high volume
2025-12-14,5_3,33.0,42.95451990311791,42.171463,41.651791071089306,54.85414141157317,55.159250778477286,high volume
2025-12-15,5_3,39.0,40.14233245085952,41.071342,38.68848728839899,54.85414141157317,53.25591264056949,high volume
2025-12-16,5_3,55.0,41.20957485298818,42.25823,38.00081637088606,54.85414141157317,53.04086446296601,high volume
2025-12-17,5_3,45.0,47.48349331365755,49.88631,41.7845660551705,54.85414141157317,55.18629152444765,high volume
2025-12-18,5_3,65.0,53.237316172297476,54.93687,50.516986249404795,54.85414141157317,57.995295006257585,high volume
2025-12-19,5_3,56.0,58.410781333464286,59.029808,51.84616191720278,54.85414141157317,58.91347263699507,high volume
2025-12-20,5_3,61.0,62.28028233906031,61.68947,55.548615892171796,54.85414141157317,60.907853898908705,high volume
2025-12-21,5_3,48.0,49.576912218702944,50.049934,45.302858588434695,54.85414141157317,55.26523384204009,high volume
2025-12-22,5_3,42.0,50.005465265996406,50.978523,42.11200107384714,54.85414141157317,53.37211673554977,high volume
2025-12-23,5_3,48.0,45.45498525922395,48.43959,40.56396953567011,54.85414141157317,53.15822337859312,high volume
2025-12-24,5_3,41.0,52.56054606414291,53.585793,44.17423054424967,54.85414141157317,55.292129377704086,high volume
2025-12-25,5_3,2.0,16.73820212084515,19.71513,39.49503245964601,54.85414141157317,58.086048354944104,high volume
2025-12-26,5_3,57.0,53.35950182878557,57.743023,40.6663014417674,54.85414141157317,58.99929532085453,high volume
2025-12-27,5_3,54.0,47.288803982454716,48.053345,51.91190031611681,54.85414141157317,60.98296664472277,high volume
2025-12-28,5_3,37.0,40.231334207152635,38.531418,41.698220676559295,54.85414141157317,55.37064777067053,high volume
2025-12-29,5_3,26.0,33.88091823945167,32.958508,38.12044891485018,54.85414141157317,53.4876968080918,high volume
2025-12-30,5_3,36.0,31.66945614604169,31.224886,36.70282159300021,54.85414141157317,53.274952070331025,high volume
2025-12-31,5_3,35.0,30.85932200444347,32.43905,39.95872723112042,54.85414141157317,55.39739887581557,high volume
2025-10-01,6_8,8.0,18.088835676401395,18.654537,15.959293098042213,19.593621909131024,18.906486444740985,mid volume
2025-10-02,6_8,17.0,19.26673687242636,19.660358,18.560283877346144,20.6217667322767,21.931729374197086,mid volume
2025-10-03,6_8,28.0,21.345543434108905,21.264713,20.054836984220767,20.851886188834506,23.467140594169358,mid volume
2025-10-04,6_8,20.0,22.18032042282194,22.330563,21.37528763455558,20.903391544008535,24.953149894993615,mid volume
2025-10-05,6_8,18.0,18.370888256251458,18.15402,17.26224698886388,20.9149194767235,21.327191551533446,mid volume
2025-10-06,6_8,18.0,15.870279808580507,15.9486685,14.814143813056022,20.917499659545886,19.163475768274765,mid volume
2025-10-07,6_8,16.0,15.290152233599937,15.157745,13.257110249577027,20.91807715627158,19.148574704309542,mid volume
2025-10-08,6_8,11.0,16.522787235543426,16.51188,13.80441103824359,20.91820641163492,19.557751913280047,mid volume
2025-10-09,6_8,11.0,17.524038109081907,17.619732,16.536358697899036,20.918235341580683,22.065860599758935,mid volume
2025-10-10,6_8,11.0,19.98763939130661,19.645468,18.162920021294862,20.91824181668346,23.523821301841643,mid volume
2025-10-11,6_8,8.0,19.47670962731077,19.411905,19.633393703953914,20.91824326594148,24.996749433646993,mid volume
2025-10-12,6_8,18.0,14.44935539658642,14.675186,15.524848388420008,20.91824359031453,21.374060759862346,mid volume
2025-10-13,6_8,14.0,12.885404903298411,13.329883,13.06715817673231,20.918243662915728,19.21302794453947,mid volume
2025-10-14,6_8,14.0,12.882391241531336,13.105789,12.847794142737824,20.918243679165336,19.198111883446252,mid volume
2025-10-15,6_8,16.0,13.737131001758659,13.498429,13.312425186403113,20.918243682802323,19.6067313548389,mid volume
2025-10-16,6_8,12.0,15.56194182050066,15.327206,15.95625572416012,20.918243683616353,22.11145218130557,mid volume
2025-10-17,6_8,23.0,16.95892804968642,16.955544,17.491621146682153,20.91824368379855,23.567443853547864,mid volume
2025-10-18,6_8,10.0,19.02868809850154,19.186293,19.161941801806865,20.91824368383933,25.03838283760351,mid volume
2025-10-19,6_8,15.0,14.63618343935191,14.229137,15.162440281392078,20.918243683848456,21.42058645967914,mid volume
2025-10-20,6_8,14.0,12.9493639292692,12.475714,12.871264056948515,20.9182436838505,19.262472033642286,mid volume
2025-10-21,6_8,18.0,12.664113505752704,12.503604,12.805576141235411,20.918243683850957,19.24757611604976,mid volume
2025-10-22,6_8,27.0,13.82464095963461,14.18213,13.434841551479806,20.91824368385106,19.655643762944543,mid volume
2025-10-23,6_8,22.0,17.065024117049113,16.714785,16.286355842923797,20.91824368385108,22.156982062658386,mid volume
2025-10-24,6_8,15.0,19.525501420083724,19.318253,17.942049032836934,20.918243683851085,23.61100747553557,mid volume
2025-10-25,6_8,17.0,19.267138868605457,19.140112,19.615422407703758,20.918243683851085,25.079960014470792,mid volume
2025-10-26,6_8,17.0,14.91246357747143,14.49861,15.50179602020522,20.918243683851085,21.46704932795811,mid volume
2025-10-27,6_8,14.0,12.975574395558986,13.575079,13.342752961940144,20.918243683851085,19.311849350390794,mid volume
2025-10-28,6_8,10.0,12.885948817021651,13.445035,13.164730439214216,20.918243683851085,19.296973549147847,mid volume
2025-10-29,6_8,10.0,14.029550791380613,14.218274,13.685101686540397,20.918243683851085,19.704490116769627,mid volume
2025-10-30,6_8,15.0,15.715360992318146,15.659295,16.43884334687082,20.918243683851085,22.202450457700817,mid volume
2025-10-31,6_8,26.0,17.154847511770786,17.16119,17.99303325302762,20.918243683851085,23.654512266568823,mid volume
2025-11-01,6_8,20.0,18.871451120746766,18.56682,19.5458038865913,20.918243683851085,25.121481042999484,mid volume
2025-11-02,6_8,9.0,14.61354078634924,14.470888,15.457233658354937,20.918243683851085,21.513449449964817,mid volume
2025-11-03,6_8,17.0,12.823890421008029,12.465483,13.126845223427834,20.918243683851085,19.361159985019253,mid volume
2025-11-04,6_8,11.0,13.087508490528764,12.381796,11.216786968896953,20.918243683851085,19.34630427295955,mid volume
2025-11-05,6_8,14.0,13.123883095245787,12.875793,13.31552940144701,20.918243683851085,19.75327050551916,mid volume
2025-11-06,6_8,12.0,14.472327563916243,14.733922,15.933562502391592,20.918243683851085,22.247857449467894,mid volume
2025-11-07,6_8,22.0,15.99268834445703,16.14198,17.49008655017935,20.918243683851085,23.69795830609654,mid volume
2025-11-08,6_8,21.0,17.468958099322492,17.795082,19.01942628817607,20.918243683851085,25.162945999015715,mid volume
2025-11-09,6_8,7.0,14.00005855522455,13.702821,14.858830195232299,20.918243683851085,21.55978691043563,mid volume
2025-11-10,6_8,11.0,12.252572978806917,12.054653,12.462796987217189,20.918243683851085,19.410404027579244,mid volume
2025-11-11,6_8,15.0,11.908958929366793,11.956418,11.968877204740867,20.918243683851085,19.395568377573134,mid volume
2025-11-12,6_8,10.0,12.53590846419956,12.634752,12.33259224971676,20.918243683851085,19.80198501827639,mid volume
2025-11-13,6_8,13.0,13.885166576347771,13.785377,14.959587250054012,20.918243683851085,22.293203120882325,mid volume
2025-11-14,6_8,17.0,15.69468699877648,15.844568,16.406150843435466,20.918243683851085,23.741345673460323,mid volume
2025-11-15,6_8,20.0,16.324221738465074,16.402636,17.696758102813824,20.918243683851085,25.204354958243204,mid volume
2025-11-16,6_8,17.0,13.347528319122956,13.370516,13.430680268187336,20.918243683851085,21.606061793992485,mid volume
2025-11-17,6_8,10.0,12.698041591703694,12.722729,11.032278829836587,20.918243683851085,19.459581568000726,mid volume
2025-11-18,6_8,15.0,12.398587709810759,12.19801,10.548456564378391,20.918243683851085,19.444765952955198,mid volume
2025-11-19,6_8,17.0,13.19995885960984,13.022167,10.9383339461871,20.918243683851085,19.850633744004234,mid volume
2025-11-20,6_8,11.0,15.300292624535054,15.277695,13.535698705446176,20.918243683851085,22.338487554754824,mid volume
2025-11-21,6_8,12.0,16.534785770161157,16.565662,15.090650401652312,20.918243683851085,23.784674447894602,mid volume
2025-11-22,6_8,16.0,17.3886296956049,17.469597,16.627525046255318,20.918243683851085,25.245707996303402,mid volume
2025-11-23,6_8,15.0,14.208577354141323,14.453923,12.437855672264487,20.918243683851085,21.652274185143035,mid volume
2025-11-24,6_8,4.0,12.36521661427932,12.679258,10.105187963967168,20.918243683851085,19.50869269609222,mid volume
2025-11-25,6_8,14.0,11.883792523115497,12.296445,9.80622147346345,20.918243683851085,19.493897088950845,mid volume
2025-11-26,6_8,17.0,12.781404109602871,12.654917,10.300348696995554,20.918243683851085,19.89921677154549,mid volume
2025-11-27,6_8,14.0,14.468744495384795,14.590611,13.073589537760439,20.918243683851085,22.383710833784278,mid volume
2025-11-28,6_8,22.0,16.098182493378054,16.251934,14.865193492032946,20.918243683851085,23.827944708526825,mid volume
2025-11-29,6_8,16.0,17.325467488935622,17.484749,16.38219835209293,20.918243683851085,25.28700518871564,mid volume
2025-11-30,6_8,10.0,13.877836636610548,13.875772,12.343497834493542,20.918243683851085,21.698424168280813,mid volume
2025-12-01,6_8,12.0,11.868609816336578,12.234314,10.045240295899955,20.918243683851085,19.557737501540956,mid volume
2025-12-02,6_8,8.0,11.567130269651194,11.930561,9.937141784497625,20.918243683851085,19.542961875283854,mid volume
2025-12-03,6_8,8.0,11.96874302568113,12.009804,10.667520058728794,20.918243683851085,19.94773418962297,mid volume
2025-12-04,6_8,14.0,12.910568133457907,12.8687315,13.505574286845222,20.918243683851085,22.428873040557896,mid volume
2025-12-05,6_8,13.0,14.5588911509563,14.74852,15.278301738307974,20.918243683851085,23.871156534377583,mid volume
2025-12-06,6_8,8.0,14.972611011970056,15.100517,17.054255265394247,20.918243683851085,25.328246610897274,mid volume
2025-12-07,6_8,13.0,11.216571502840955,11.348314,13.04765691818115,20.918243683851085,21.744511827685383,mid volume
2025-12-08,6_8,6.0,10.705795348586692,10.664462,10.928596338840963,20.918243683851085,19.606716073913056,mid volume
2025-12-09,6_8,9.0,10.564322411642358,10.350152,10.975229537369207,20.918243683851085,19.59196040155683,mid volume
2025-12-10,6_8,14.0,11.344661559409378,10.966855,11.68400595394841,20.918243683851085,19.99618608683967,mid volume
2025-12-11,6_8,10.0,13.58082045162062,13.28934,14.492083819248966,20.918243683851085,22.473974257551355,mid volume
2025-12-12,6_8,19.0,14.948693203151214,15.14854,16.216353631926133,20.918243683851085,23.91431000436074,mid volume
2025-12-13,6_8,12.0,16.268072645634767,16.356598,18.01275761395764,20.918243683851085,25.3694323381638,mid volume
2025-12-14,6_8,20.0,13.711563435242613,13.735243,13.995117184461883,20.918243683851085,21.790537247522494,mid volume
2025-12-15,6_8,11.0,13.100266338543774,12.934721,11.737456607866637,20.918243683851085,19.655628502653677,mid volume
2025-12-16,6_8,15.0,12.684160893968361,12.95828,11.611417859940119,20.918243683851085,19.64089275725137,mid volume
2025-12-17,6_8,11.0,13.786845045502355,13.765599,12.225619623438432,20.918243683851085,20.044572551678932,mid volume
2025-12-18,6_8,15.0,15.338222604332845,14.695571,16.27904268493905,20.918243683851085,22.519014567128945,mid volume
2025-12-19,6_8,14.0,16.813416830017992,16.571705,17.89687699967299,20.918243683851085,23.957405197283595,mid volume
2025-12-20,6_8,17.0,18.202372308942763,18.155464,19.462470486415885,20.918243683851085,25.410562445729006,mid volume
2025-12-21,6_8,11.0,15.509477546840028,15.2121105,15.282349514607581,20.918243683851085,21.836500511844225,mid volume
2025-12-22,6_8,11.0,13.800297706951921,14.281606,12.973068166024495,20.918243683851085,19.704474877087186,mid volume
2025-12-23,6_8,16.0,14.496246553454851,13.917685,12.552350217803461,20.918243683851085,19.689759031728226,mid volume
2025-12-24,6_8,13.0,16.46952163581238,15.724751,13.123340380145136,20.918243683851085,20.09289367250459,mid volume
2025-12-25,6_8,0.0,2.653748376557239,11.063496,14.14412473138787,20.918243683851085,22.563994051543723,mid volume
2025-12-26,6_8,14.0,17.72334125635036,17.820654,15.713020824981276,20.918243683851085,24.00044219184701,mid volume
2025-12-27,6_8,14.0,15.513711333771075,15.225402,18.675077089276535,20.918243683851085,25.451637008705088,mid volume
2025-12-28,6_8,19.0,12.0749785450797,12.165427,14.50439729880166,20.918243683851085,21.88240170458913,mid volume
2025-12-29,6_8,21.0,10.973085528442326,11.151814,12.040038839862282,20.918243683851085,19.753255286417307,mid volume
2025-12-30,6_8,15.0,11.383502354898749,11.127559,11.65311899055921,20.918243683851085,19.738559314227476,mid volume
2025-12-31,6_8,12.0,11.69809939445159,11.488506,12.069460083107014,20.918243683851085,20.141149537561166,mid volume
2025-10-01,6_10,22.801658922468416,11.16017631591204,11.242971,13.955466370058058,10.480229569198753,10.517567377344044,mid volume
2025-10-02,6_10,12.0,13.329369242283022,12.960466,15.672024604029989,11.360803109577484,11.568588468681881,mid volume
2025-10-03,6_10,17.0,14.486577356090113,14.375159,17.054739543091486,11.67343939520391,11.584167075960524,mid volume
2025-10-04,6_10,18.0,14.29366710246627,15.095235,14.080274131085696,11.784436878785181,11.606899658452468,mid volume
2025-10-05,6_10,15.0,14.070125491075427,13.457002,14.206481935824321,11.823845104662379,12.024307203319195,mid volume
2025-10-06,6_10,10.0,11.654636476690444,11.519189,11.607850367377868,11.837836487319727,11.795819086145256,mid volume
2025-10-07,6_10,32.0,26.822515423088866,24.721876,31.47526617618317,11.842803947394543,11.744890435498277,mid volume
2025-10-08,6_10,35.0,31.01559368404982,29.991903,36.915252431596315,11.84456758006754,11.821503588462956,mid volume
2025-10-09,6_10,63.0,37.760899978988704,36.838165,41.67046878906084,11.84519373511628,11.822959081488644,mid volume
2025-10-10,6_10,66.0,45.42517966866034,42.09978,45.84190806085753,11.845416043395701,11.944712583282747,mid volume
2025-10-11,6_10,53.0,51.02310266744509,46.2041,46.13813989641338,11.845494971084934,11.985987618027622,mid volume
2025-10-12,6_10,53.0,44.35905906435162,41.66901,43.091229778081576,11.845522993343682,11.873493459818201,mid volume
2025-10-13,6_10,30.0,39.84245323661044,38.81331,36.58554212633522,11.845532942285466,11.952275344413223,mid volume
2025-10-14,6_10,23.0,34.35572203076772,35.27508,37.52122498748632,11.845536474529013,11.970962564599825,mid volume
2025-10-15,6_10,31.0,36.89289143042424,32.242065,35.629111881000355,11.845537728606557,11.947951915760271,mid volume
2025-10-16,6_10,28.0,39.89494050456743,32.89788,32.73638151971955,11.845538173850624,11.947890199002462,mid volume
2025-10-17,6_10,12.0,37.381470443925764,35.74547,29.21918852660323,11.845538331928791,11.909830225512623,mid volume
2025-10-18,6_10,15.0,16.26386019617342,11.416558,9.502514547119622,11.845538388052407,11.89693423873987,mid volume
2025-10-19,6_10,7.0,12.211668736976184,12.616049,7.674226744893746,11.845538407978374,11.932261353392473,mid volume
2025-10-20,6_10,6.0,11.263399276743698,10.941687,4.9191900150934975,11.845538415052832,11.907544964300431,mid volume
2025-10-21,6_10,3.0,12.11497817604578,12.886366,9.312365044423776,11.845538417564528,11.90168341097393,mid volume
2025-10-22,6_10,11.0,13.074468336260088,12.768673,11.684178178817284,11.845538418456274,11.908906281310474,mid volume
2025-10-23,6_10,6.0,14.831553951110855,15.179523,15.26190958590605,11.845538418772875,11.908926121546601,mid volume
2025-10-24,6_10,18.0,13.77393180551899,14.474586,14.935810995213485,11.845538418885281,11.920871003742512,mid volume
2025-10-25,6_10,11.0,15.612122145623195,15.819856,18.732411421503816,11.845538418925189,11.924918335526192,mid volume
2025-10-26,6_10,12.0,10.679280338732212,11.961475,11.347533947137318,11.845538418939357,11.91383133727524,mid volume
2025-10-27,6_10,12.0,11.47161734951359,12.244985,14.069330489765505,11.845538418944388,11.921588312930552,mid volume
2025-10-28,6_10,9.0,11.72909219315149,11.998469,14.106088442699392,11.845538418946173,11.923427900515902,mid volume
2025-10-29,6_10,9.0,11.527428891741963,11.63025,12.866693731235086,11.845538418946807,11.921161083944178,mid volume
2025-10-30,6_10,17.0,13.143393748530746,13.427751,13.874573000252928,11.845538418947033,11.921154857867094,mid volume
2025-10-31,6_10,12.0,13.081384211159062,14.580968,11.429138389545756,11.845538418947113,11.917406088797254,mid volume
2025-11-01,6_10,16.0,24.097334096264266,24.678135,22.138249661943316,11.845538418947141,11.916135878522608,mid volume
2025-11-02,6_10,18.0,19.06552874168133,21.48766,19.19659159454239,11.845538418947152,11.919615410442182,mid volume
2025-11-03,6_10,12.0,17.8431364732987,18.738308,18.332054845876183,11.845538418947156,11.91718096936041,mid volume
2025-11-04,6_10,24.0,17.31401733745523,17.950155,14.258036342835089,11.845538418947157,11.91660363512903,mid volume
2025-11-05,6_10,24.0,19.633262701678593,20.05961,19.230264663373244,11.845538418947157,11.917315050463182,mid volume
2025-11-06,6_10,20.0,24.079702307641345,21.739109,19.130369492489873,11.845538418947157,11.917317004449346,mid volume
2025-11-07,6_10,19.0,24.21832777566374,25.086971,21.664446110258684,11.845538418947157,11.918493514197754,mid volume
2025-11-08,6_10,26.0,28.139740172465256,27.20565,26.966463241340474,11.845538418947157,11.91889215565655,mid volume
2025-11-09,6_10,29.0,23.54362959761786,23.828861,25.87221866317879,11.845538418947157,11.91780014301294,mid volume
2025-11-10,6_10,43.0,22.96413182465569,23.052744,27.03764107055872,11.845538418947157,11.918564165445558,mid volume
2025-11-11,6_10,23.0,22.077789129184627,21.905619,22.21631794863456,11.845538418947157,11.918745355414458,mid volume
2025-11-12,6_10,18.0,15.413859435669465,16.835217,13.585560239939877,11.845538418947157,11.918522085573075,mid volume
2025-11-13,6_10,15.0,19.206279197077613,18.370686,17.411092940702208,11.845538418947157,11.91852147233611,mid volume
2025-11-14,6_10,22.0,19.40146758049968,18.86776,18.232430962365875,11.845538418947157,11.918152237752167,mid volume
2025-11-15,6_10,15.0,19.054546479575674,18.754208,15.771694952777672,11.845538418947157,11.918027128535368,mid volume
2025-11-16,6_10,12.0,15.352614238721188,15.075981,11.996255928418238,11.845538418947157,11.918369844636674,mid volume
2025-11-17,6_10,21.0,13.966325824167383,14.117469,14.096808088628586,11.845538418947157,11.918130064638751,mid volume
2025-11-18,6_10,10.0,12.068196892650365,12.962252,9.922730979917562,11.845538418947157,11.918073200169186,mid volume
2025-11-19,6_10,8.0,12.819856235207146,14.308774,11.045203810081013,11.845538418947157,11.91814327094174,mid volume
2025-11-20,6_10,23.0,14.205915745933286,14.811334,12.159611617191372,11.845538418947157,11.918143463399385,mid volume
2025-11-21,6_10,13.0,18.47931912487008,19.005293,15.362021613405183,11.845538418947157,11.918259343593462,mid volume
2025-11-22,6_10,19.0,18.979010864254935,19.270407,20.37637797924805,11.845538418947157,11.91829860773868,mid volume
2025-11-23,6_10,18.0,16.193729303556673,16.399939,16.210521990062123,11.845538418947157,11.918191050077347,mid volume
2025-11-24,6_10,9.0,15.347102452711734,15.595355,16.75987524814936,11.845538418947157,11.918266302380093,mid volume
2025-11-25,6_10,14.0,13.955706369549862,14.263936,15.464842050869683,11.845538418947157,11.918284148665506,mid volume
2025-11-26,6_10,19.0,14.986869124601782,15.036873,15.505056708256923,11.845538418947157,11.918262157727831,mid volume
2025-11-27,6_10,14.0,17.992854811395887,17.695934,18.127528854708032,11.845538418947157,11.918262097327126,mid volume
2025-11-28,6_10,39.0,20.50142944999314,19.392027,25.133397571488835,11.845538418947157,11.918225729608707,mid volume
2025-11-29,6_10,22.0,23.100035861831916,21.802431,22.83417813284365,11.845538418947157,11.918213406990604,mid volume
2025-11-30,6_10,19.0,18.30679638641229,17.513657,18.648386793111456,11.845538418947157,11.918247162774087,mid volume
2025-12-01,6_10,13.0,14.68057335701533,14.601499,14.229070363126354,11.845538418947157,11.918223545670418,mid volume
2025-12-02,6_10,10.0,14.910404726535463,14.235423,14.755779027004916,11.845538418947157,11.918217944810946,mid volume
2025-12-03,6_10,20.0,17.541561036097235,16.61421,18.822587823229213,11.845538418947157,11.918224846423733,mid volume
2025-12-04,6_10,10.0,18.476442155548952,18.088846,18.532856249391827,11.845538418947157,11.918224865379827,mid volume
2025-12-05,6_10,27.0,18.372970544870757,19.043423,19.589292045509815,11.845538418947157,11.918236278986384,mid volume
2025-12-06,6_10,56.0,35.403539098491756,35.643738,35.624858911147626,11.845538418947157,11.918240146303908,mid volume
2025-12-07,6_10,23.0,28.359577911462974,30.21289,29.048315038450873,11.845538418947157,11.918229552424268,mid volume
2025-12-08,6_10,24.0,28.2132429821486,29.194368,29.278125094546997,11.845538418947157,11.918236964391282,mid volume
2025-12-09,6_10,43.0,32.441994748249286,33.663155,34.13408988513592,11.845538418947157,11.918238722159137,mid volume
2025-12-10,6_10,29.0,33.449592778044995,37.446674,35.80451654371522,11.845538418947157,11.918236556164228,mid volume
2025-12-11,6_10,34.0,38.299132333714944,36.416496,33.641435385580365,11.845538418947157,11.918236550215067,mid volume
2025-12-12,6_10,22.801658922468416,41.95132255667331,39.069126,32.92742641863299,11.845538418947157,11.91823296818077,mid volume
2025-12-13,6_10,30.0,44.0549256003172,44.421383,39.13014540306588,11.845538418947157,11.9182317544659,mid volume
2025-12-14,6_10,16.0,23.58780973348149,22.785706,22.29051772957562,11.845538418947157,11.918235079237961,mid volume
2025-12-15,6_10,16.0,18.76149656837155,19.006664,19.37273791497662,11.845538418947157,11.918232753074017,mid volume
2025-12-16,6_10,22.801658922468416,18.687527693792283,18.828064,20.350637370692333,11.845538418947157,11.918232201417998,mid volume
2025-12-17,6_10,16.0,22.100297988281635,21.866726,22.132459088072462,11.845538418947157,11.918232881191566,mid volume
2025-12-18,6_10,38.0,26.00402413571492,26.562399,29.956398431676735,11.845538418947157,11.918232883058645,mid volume
2025-12-19,6_10,38.0,29.72978788395745,29.28443,29.738958050367525,11.845538418947157,11.918234007240526,mid volume
2025-12-20,6_10,25.0,33.209924055157906,32.89369,31.46490326003106,11.845538418947157,11.918234388151527,mid volume
2025-12-21,6_10,30.0,26.674955834642144,25.767801,25.222708103470953,11.845538418947157,11.918233344708554,mid volume
2025-12-22,6_10,20.0,27.63714148458612,27.214333,25.822265983705204,11.845538418947157,11.918234074749403,mid volume
2025-12-23,6_10,13.0,23.954915132600053,23.684412,19.899077462262408,11.845538418947157,11.918234247880548,mid volume
2025-12-24,6_10,22.801658922468416,27.860236121674685,27.059467,25.331264701501468,11.845538418947157,11.918234034541126,mid volume
2025-12-25,6_10,2.0,5.39641123471269,11.943658,22.507365052417583,11.845538418947157,11.918234033955164,mid volume
2025-12-26,6_10,17.0,32.81893063056545,30.705511,25.068083107449734,11.845538418947157,11.918233681143104,mid volume
2025-12-27,6_10,6.0,21.084869498062496,20.527838,24.98815809369392,11.845538418947157,11.918233561598395,mid volume
2025-12-28,6_10,16.0,16.896455640056494,18.092573,23.119963743927382,11.845538418947157,11.918233889071441,mid volume
2025-12-29,6_10,13.0,13.325186779230625,14.374085,20.452811089518907,11.845538418947157,11.918233659956188,mid volume
2025-12-30,6_10,14.0,12.028599457295291,12.531982,18.613684604751707,11.845538418947157,11.918233605620891,mid volume
2025-12-31,6_10,18.0,12.871963281353155,13.344015,19.396044290461976,11.845538418947157,11.918233672575111,mid volume
2025-10-01,6_16,4.0,8.505929545411574,8.3415575,7.614254461098696,10.411675036396735,10.784576175772383,low volume
2025-10-02,6_16,9.0,9.704065469938044,9.36976,8.824767845134302,10.706173064184094,10.62847843251395,low volume
2025-10-03,6_16,13.0,11.011351264375314,10.770241,10.130818001620485,10.767610070672513,10.419826324740749,low volume
2025-10-04,6_16,22.801658922468416,12.857175554907075,12.342352,12.614708249153088,10.780426814453843,10.839265778752308,low volume
2025-10-05,6_16,6.0,10.72668469303735,10.08307,8.829557669966842,10.783100592532325,10.630773697688005,low volume
2025-10-06,6_16,7.0,9.020188449543289,8.939422,8.548249564269778,10.783658385473725,10.597996215489884,low volume
2025-10-07,6_16,9.0,9.126719269015783,8.923279,8.575847866279563,10.783774750017209,10.7308046463529,low volume
2025-10-08,6_16,10.0,9.057356174152039,8.848557,7.52949970384252,10.783799025525152,10.912684502433661,low volume
2025-10-09,6_16,8.0,10.133715528114978,10.199086,7.823336569298373,10.783804089785006,10.809295864039425,low volume
2025-10-10,6_16,4.0,11.075278695272427,10.919527,8.281673149912194,10.783805146270742,10.740968845344806,low volume
2025-10-11,6_16,5.0,11.101479289621718,11.114135,9.759186132688058,10.783805366670592,10.847788982378237,low volume
2025-10-12,6_16,9.0,8.609768814090504,8.758351,6.933783045352809,10.783805412649532,10.792542741939723,low volume
2025-10-13,6_16,7.0,7.746730664279118,7.997637,7.868941084969823,10.783805422241475,10.783816697230774,low volume
2025-10-14,6_16,1.0,7.739396685742571,7.950125,7.464771404869096,10.783805424242507,10.818558007616552,low volume
2025-10-15,6_16,2.0,7.939982886221419,8.233216,8.69271564736638,10.783805424659954,10.866172188977131,low volume
2025-10-16,6_16,9.0,8.7572797110273,8.801459,11.356123444637522,10.78380542474704,10.83910071737837,low volume
2025-10-17,6_16,9.0,9.751673540543644,10.313455,14.209483255571424,10.783805424765207,10.821210513851613,low volume
2025-10-18,6_16,11.0,9.970097715442277,11.002707,14.188169892066128,10.783805424768998,10.849178858278925,low volume
2025-10-19,6_16,10.0,8.561345230698869,8.946078,10.98461771921696,10.783805424769788,10.83471387406052,low volume
2025-10-20,6_16,7.0,7.895283616074857,8.608625,10.719695309473416,10.783805424769954,10.832429154742645,low volume
2025-10-21,6_16,14.0,7.2503221868030545,7.5869355,9.205702226841249,10.783805424769987,10.841525373908844,low volume
2025-10-22,6_16,7.0,7.715574735177629,8.122207,9.07170184686101,10.783805424769994,10.853992061400831,low volume
2025-10-23,6_16,9.0,8.27762151735646,8.325079,9.684178067881001,10.783805424769996,10.846904013827524,low volume
2025-10-24,6_16,9.0,9.622173495024878,10.182776,11.492876946447153,10.783805424769996,10.842219871970197,low volume
2025-10-25,6_16,11.0,9.68565958536278,10.055476,11.820132676109859,10.783805424769996,10.849542745204143,low volume
2025-10-26,6_16,6.0,8.410556055198521,8.927252,10.311788162347836,10.783805424769996,10.845755418926254,low volume
2025-10-27,6_16,5.0,6.883415071151572,7.18935,8.297509422713247,10.783805424769996,10.845157217270456,low volume
2025-10-28,6_16,4.0,6.694756979785753,7.1227026,8.101518451350758,10.783805424769996,10.847538854841135,low volume
2025-10-29,6_16,6.0,7.116106437130368,7.3579087,9.050352604304718,10.783805424769996,10.8508029726873,low volume
2025-10-30,6_16,9.0,8.02160177194267,8.466046,10.417467639030937,10.783805424769996,10.848947129056551,low volume
2025-10-31,6_16,9.0,9.155299881306288,9.560082,12.836016703170229,10.783805424769996,10.847720693322094,low volume
2025-11-01,6_16,9.0,9.632399123860456,10.102256,13.846251984546006,10.783805424769996,10.84963802069743,low volume
2025-11-02,6_16,8.0,7.89352242250297,8.118781,10.884787591974048,10.783805424769996,10.84864639567267,low volume
2025-11-03,6_16,6.0,7.141738449893366,7.358325,9.888222025461587,10.783805424769996,10.848489770209687,low volume
2025-11-04,6_16,7.0,7.217296031093013,7.0748763,8.870646325255668,10.783805424769996,10.849113347699902,low volume
2025-11-05,6_16,7.0,7.1447902945076125,7.371563,9.831733058687272,10.783805424769996,10.849967982527359,low volume
2025-11-06,6_16,15.0,8.10538939724428,8.376331,11.461763073266708,10.783805424769996,10.849482072190815,low volume
2025-11-07,6_16,5.0,9.367719456436122,9.6080675,12.254346029543187,10.783805424769996,10.849160957959741,low volume
2025-11-08,6_16,7.0,9.021894023713656,9.312172,11.963299759256815,10.783805424769996,10.849662966412813,low volume
2025-11-09,6_16,2.0,6.97430833329608,7.0120583,8.328044999036951,10.783805424769996,10.849403332011766,low volume
2025-11-10,6_16,12.0,5.663848882212019,5.6428657,6.634382019536874,10.783805424769996,10.84936232320576,low volume
2025-11-11,6_16,10.0,6.47626916311424,6.599467,7.788032660365583,10.783805424769996,10.849525592752348,low volume
2025-11-12,6_16,6.0,6.971459593370865,7.1951227,7.990936000270777,10.783805424769996,10.849749359393972,low volume
2025-11-13,6_16,6.0,7.732896310105856,7.7851334,8.310533006892063,10.783805424769996,10.849622134852394,low volume
2025-11-14,6_16,11.0,8.594448447341264,8.7398405,9.544728557652565,10.783805424769996,10.849538058413245,low volume
2025-11-15,6_16,10.0,9.721765195980446,9.987631,11.610598138526285,10.783805424769996,10.849669497879555,low volume
2025-11-16,6_16,9.0,7.81928902808006,8.35283,8.75264702499003,10.783805424769996,10.849601518531996,low volume
2025-11-17,6_16,22.801658922468416,6.870379820431125,6.7057176,6.722044589565314,10.783805424769996,10.849590781311253,low volume
2025-11-18,6_16,12.0,7.734636992861346,7.5815845,7.645556320204323,10.783805424769996,10.849633529719048,low volume
2025-11-19,6_16,4.0,7.539417203001478,7.8094144,7.677512105689955,10.783805424769996,10.849692117911683,low volume
2025-11-20,6_16,6.0,8.537280883818315,8.654949,8.853677040399354,10.783805424769996,10.849658807066529,low volume
2025-11-21,6_16,8.0,8.850443757858761,9.469244,9.373617115206535,10.783805424769996,10.849636793568104,low volume
2025-11-22,6_16,7.0,8.877915028528074,9.4180975,9.15436410084849,10.783805424769996,10.849671207995188,low volume
2025-11-23,6_16,7.0,7.123255443154053,7.3799424,6.486313417453165,10.783805424769996,10.84965340915314,low volume
2025-11-24,6_16,11.0,6.405736605204963,6.6447225,5.031244499972433,10.783805424769996,10.849650597856726,low volume
2025-11-25,6_16,6.0,6.8516995281776305,6.9521074,5.167678904628243,10.783805424769996,10.84966179055253,low volume
2025-11-26,6_16,7.0,7.243583362200246,7.4922795,5.6702810042117,10.783805424769996,10.849677130534804,low volume
2025-11-27,6_16,5.0,8.083429554467441,8.365137,6.5263580623078035,10.783805424769996,10.849668408849576,low volume
2025-11-28,6_16,7.0,8.365363353198969,8.654131,6.02438712329826,10.783805424769996,10.849662645116979,low volume
2025-11-29,6_16,5.0,9.028553838181129,9.518274,8.270948897993302,10.783805424769996,10.84967165574997,low volume
2025-11-30,6_16,7.0,7.14555974993577,7.587409,5.795726097100173,10.783805424769996,10.849666995529041,low volume
2025-12-01,6_16,4.0,6.610771480024177,6.770853,6.088928632874615,10.783805424769996,10.84966625945518,low volume
2025-12-02,6_16,5.0,6.374912684110136,6.8941946,5.854961756318223,10.783805424769996,10.849669190007353,low volume
2025-12-03,6_16,6.0,6.262448354019372,6.0930243,5.29732094627486,10.783805424769996,10.84967320643192,low volume
2025-12-04,6_16,8.0,7.13983124116675,7.046406,7.257792785291342,10.783805424769996,10.84967092285752,low volume
2025-12-05,6_16,8.0,8.367754495690887,8.414005,8.79998073080278,10.783805424769996,10.849669413755567,low volume
2025-12-06,6_16,6.0,8.55598321093585,8.7072,9.19092274659534,10.783805424769996,10.84967177298435,low volume
2025-12-07,6_16,10.0,7.251644457306471,7.4061446,7.612462555526252,10.783805424769996,10.849670552811764,low volume
2025-12-08,6_16,5.0,7.177979287586797,7.0273542,6.597839175297426,10.783805424769996,10.849670360087607,low volume
2025-12-09,6_16,7.0,6.60266676509255,6.3280354,5.114679712563733,10.783805424769996,10.84967112738587,low volume
2025-12-10,6_16,6.0,7.099699508110115,6.7500844,5.366267121236337,10.783805424769996,10.849672178995057,low volume
2025-12-11,6_16,7.0,8.368357778781972,7.868538,7.95862618582385,10.783805424769996,10.849671581093173,low volume
2025-12-12,6_16,7.0,9.770884709284008,10.172017,10.067024562846317,10.783805424769996,10.849671185969237,low volume
2025-12-13,6_16,12.0,9.697946045544082,10.240282,9.8036449185628,10.783805424769996,10.849671803679497,low volume
2025-12-14,6_16,7.0,8.615152855695873,9.051832,7.6638232326646,10.783805424769996,10.849671484205128,low volume
2025-12-15,6_16,3.0,8.410252724464623,8.386922,7.521045775329118,10.783805424769996,10.849671433744703,low volume
2025-12-16,6_16,5.0,8.012315011601475,7.955632,7.1200727866062525,10.783805424769996,10.849671634644256,low volume
2025-12-17,6_16,5.0,8.073747249177606,7.88462,7.1899151461430835,10.783805424769996,10.849671909984142,low volume
2025-12-18,6_16,11.0,13.144714010138168,14.280881,15.734766280290293,10.783805424769996,10.849671753437168,low volume
2025-12-19,6_16,18.0,14.706183144315066,16.654587,17.467673640151983,10.783805424769996,10.849671649982975,low volume
2025-12-20,6_16,19.0,16.33624345355464,18.576872,18.35948536889058,10.783805424769996,10.849671811716322,low volume
2025-12-21,6_16,23.0,15.563154084325788,15.93414,16.346114940109217,10.783805424769996,10.849671728069243,low volume
2025-12-22,6_16,18.0,14.587338607629013,13.907315,14.82159845074038,10.783805424769996,10.849671714857331,low volume
2025-12-23,6_16,15.0,15.96079628227179,15.588513,16.2886461927687,10.783805424769996,10.849671767458299,low volume
2025-12-24,6_16,17.0,18.793143363431263,17.55176,14.921786990554555,10.783805424769996,10.849671839549769,low volume
2025-12-25,6_16,0.0,6.744262217230989,7.7071986,15.193068562919434,10.783805424769996,10.849671798561513,low volume
2025-12-26,6_16,14.0,13.21754119929341,12.635119,7.9040021698476135,10.783805424769996,10.84967177147439,low volume
2025-12-27,6_16,9.0,11.473462519237112,10.897384,11.129563913983972,10.783805424769996,10.84967181382058,low volume
2025-12-28,6_16,5.0,8.396340911529338,8.131243,7.488366326548543,10.783805424769996,10.8496717919195,low volume
2025-12-29,6_16,4.0,7.123240998489246,6.9253764,6.752179154906302,10.783805424769996,10.849671788460261,low volume
2025-12-30,6_16,5.0,7.043368437388315,6.6742897,6.737417994330689,10.783805424769996,10.849671802232626,low volume
2025-12-31,6_16,9.0,6.946615927437676,6.829803,6.654431732173472,10.783805424769996,10.849671821108133,low volume
2025-10-01,7_6,9.0,11.92084130420172,11.576807,11.26289987077072,12.306471909474899,11.573070852563582,low volume
2025-10-02,7_6,12.0,13.124899684873595,12.886868,12.79599385160235,12.52657813632996,13.108530530693107,low volume
2025-10-03,7_6,12.0,14.543108430822747,14.374714,13.874316067901173,12.54758283658291,14.04116081746406,low volume
2025-10-04,7_6,19.0,15.024066719878322,14.712644,15.17684407011872,12.549587311599453,15.334966449542257,low volume
2025-10-05,7_6,10.0,17.966136399298033,18.323544,17.660701278466785,12.549778598313548,12.062387724642244,low volume
2025-10-06,7_6,9.0,15.859990810464671,14.90247,15.758777082673573,12.54979685277254,11.697138119990832,low volume
2025-10-07,7_6,21.0,14.811484578024997,15.550768,15.373136016766733,12.549798594792495,11.113927786773095,low volume
2025-10-08,7_6,15.0,17.36133921574712,17.355997,15.960044156567806,12.549798761033166,11.637679961304237,low volume
2025-10-09,7_6,18.0,20.1708702974359,18.473534,17.486094079197333,12.549798776897486,13.14248304921942,low volume
2025-10-10,7_6,24.0,22.554754249601018,20.210024,18.56157824279562,12.549798778411414,14.07341694679496,low volume
2025-10-11,7_6,17.0,21.741996270030942,21.195415,19.85619008395339,12.549798778555889,15.365975685437888,low volume
2025-10-12,7_6,23.0,16.710144063263275,15.81263,16.06909689829818,12.549798778569675,12.096492867203354,low volume
2025-10-13,7_6,5.0,10.817238108350649,9.234922,9.405781585065785,12.549798778570992,11.731588846887563,low volume
2025-10-14,7_6,20.0,9.173400920954187,9.100079,8.683295834352915,12.549798778571118,11.148930351235892,low volume
2025-10-15,7_6,14.0,10.027562738407669,9.953485,9.313217408534587,12.54979877857113,11.672186947458568,low volume
2025-10-16,7_6,18.0,11.734386151588124,11.143959,10.876820455786252,12.549798778571132,13.175566179235773,low volume
2025-10-17,7_6,16.0,13.517296409895243,13.143065,11.95843588434564,12.549798778571132,14.105619220070375,low volume
2025-10-18,7_6,11.0,14.176802294302075,13.595241,13.285248461751358,12.549798778571132,15.396954929794767,low volume
2025-10-19,7_6,10.0,10.77564300409638,11.109386,9.452996448041647,12.549798778571132,12.130565721092866,low volume
2025-10-20,7_6,13.0,9.904115603817282,10.409761,9.084678538700373,12.549798778571132,11.76600697573905,low volume
2025-10-21,7_6,10.0,9.978699174170139,10.006194,8.355315046493896,12.549798778571132,11.183899795991644,low volume
2025-10-22,7_6,4.0,10.316123130024438,10.638374,8.976053580070037,12.549798778571132,11.70666128283951,low volume
2025-10-23,7_6,6.0,11.71833469830642,11.570881,10.522662985704095,12.549798778571132,13.208618005742636,low volume
2025-10-24,7_6,12.0,12.279058389356443,11.975114,11.575739503586819,12.549798778571132,14.137791023309664,low volume
2025-10-25,7_6,17.0,12.689844664383985,12.4365,12.86236541489914,12.549798778571132,15.427904861354794,low volume
2025-10-26,7_6,12.0,10.450411343978473,10.896517,9.044397662546338,12.549798778571132,12.164606334988635,low volume
2025-10-27,7_6,5.0,9.439340863750328,9.769914,8.70683721467419,12.549798778571132,11.800392537894997,low volume
2025-10-28,7_6,6.0,8.919103147260392,9.132581,7.964677758529524,12.549798778571132,11.218836152392553,low volume
2025-10-29,7_6,9.0,8.996128528675861,9.1839075,8.539905904131638,12.549798778571132,11.74110299834187,low volume
2025-10-30,7_6,14.0,11.04042115749982,11.133153,10.050516781338207,12.549798778571132,13.241638558359641,low volume
2025-10-31,7_6,17.0,12.613828838650834,12.668236,11.109723216394361,12.549798778571132,14.16993238534381,low volume
2025-11-01,7_6,14.0,13.697921119441625,13.428631,12.428915633725538,12.549798778571132,15.458825507853962,low volume
2025-11-02,7_6,20.0,10.125832848943915,10.256102,8.594253074610007,12.549798778571132,12.198614739396392,low volume
2025-11-03,7_6,4.0,9.966969042231993,9.6547985,8.222352963777233,12.549798778571132,11.834745564170262,low volume
2025-11-04,7_6,4.0,8.94672511389281,8.880283,7.454546055061905,12.549798778571132,11.253739451747071,low volume
2025-11-05,7_6,4.0,8.640480602304672,8.765024,7.978167693447332,12.549798778571132,11.77551212483082,low volume
2025-11-06,7_6,11.0,9.892172878846914,10.053346,9.492339177827015,12.549798778571132,13.27462786667838,low volume
2025-11-07,7_6,7.0,11.23529202615277,10.813307,10.6242011292367,12.549798778571132,14.202043334976512,low volume
2025-11-08,7_6,10.0,17.22716164531789,20.656096,22.366009258105084,12.549798778571132,15.489716897002019,low volume
2025-11-09,7_6,12.0,14.220601541435975,18.900913,18.551075100445324,12.549798778571132,12.232590964792998,low volume
2025-11-10,7_6,13.0,13.08326298002805,17.435392,18.198712674298054,12.549798778571132,11.869066085350541,low volume
2025-11-11,7_6,13.0,13.90590928249787,17.0786,17.49817197630831,12.549798778571132,11.288609725334027,low volume
2025-11-12,7_6,8.0,15.077758137212504,19.037836,18.12814773263626,12.549798778571132,11.809888693142337,low volume
2025-11-13,7_6,14.0,16.18062894255864,20.17886,19.749626761399856,12.549798778571132,13.307585960262445,low volume
2025-11-14,7_6,13.0,18.295491101913772,20.730307,20.88546446208283,12.549798778571132,14.234123900984216,low volume
2025-11-15,7_6,17.0,18.223088243060424,18.088852,22.26830399185137,12.549798778571132,15.520579056482493,low volume
2025-11-16,7_6,5.0,9.127541678233355,8.678806,8.103438421772996,12.549798778571132,12.266535041626478,low volume
2025-11-17,7_6,0.0,7.716845522392858,7.7129416,7.810307486654956,12.549798778571132,11.903354132192403,low volume
2025-11-18,7_6,10.0,6.958632717086377,7.5584073,7.175451880259963,12.549798778571132,11.323447004402652,low volume
2025-11-19,7_6,6.0,7.469321297345025,8.016652,7.888773243582105,12.549798778571132,11.844232734083214,low volume
2025-11-20,7_6,12.0,8.804095292234987,9.081243,9.532178719759957,12.549798778571132,13.340512868647457,low volume
2025-11-21,7_6,11.0,9.934513866157745,9.978648,10.742835465396695,12.549798778571132,14.26617411211614,low volume
2025-11-22,7_6,13.0,10.979082632503017,10.594255,12.17845016160456,12.549798778571132,15.551412013952719,low volume
2025-11-23,7_6,5.0,8.637638375279694,8.849485,8.460829191364022,12.549798778571132,12.300447000316048,low volume
2025-11-24,7_6,4.0,7.36335075726722,7.654987,8.23001010139944,12.549798778571132,11.937609735423315,low volume
2025-11-25,7_6,7.0,7.007117359644393,7.4600344,7.591165324012221,12.549798778571132,11.358251320172613,low volume
2025-11-26,7_6,8.0,7.4903180601080015,7.923356,8.294543338818524,12.549798778571132,11.878544278431097,low volume
2025-11-27,7_6,6.0,8.785706147439582,8.93496,9.97904972273743,12.549798778571132,13.373408621341087,low volume
2025-11-28,7_6,10.0,9.683236401550225,9.782179,11.123976905465458,12.549798778571132,14.298193997094296,low volume
2025-11-29,7_6,10.0,10.243530456663906,10.416941,12.578164940548241,12.549798778571132,15.58221579704386,low volume
2025-11-30,7_6,15.0,8.467362571147092,8.496659,8.8395637385064,12.549798778571132,12.334326871252138,low volume
2025-12-01,7_6,7.0,7.548539381512332,7.6988263,8.59911152539156,12.549798778571132,11.971832925741666,low volume
2025-12-02,7_6,6.0,7.261141684530575,7.3974504,7.892764795710853,12.549798778571132,11.393022703834031,low volume
2025-12-03,7_6,6.0,7.652658893657335,7.8723197,8.546062738608304,12.549798778571132,11.912823356934508,low volume
2025-12-04,7_6,8.0,8.758463249915053,8.758087,10.165574932611378,12.549798778571132,13.406273247823087,low volume
2025-12-05,7_6,11.0,9.684141943887829,9.625543,11.320765039018907,12.549798778571132,14.330183584613525,low volume
2025-12-06,7_6,7.0,10.789463695479913,10.901555,12.677665204390197,12.549798778571132,15.612990433360935,low volume
2025-12-07,7_6,6.0,8.465746668688467,8.821311,8.909139333645284,12.549798778571132,12.368174684796427,low volume
2025-12-08,7_6,6.0,7.704968923399643,8.090209,8.561595291214973,12.549798778571132,12.006023733816802,low volume
2025-12-09,7_6,5.0,7.73308963787351,8.084254,7.852109209880805,12.549798778571132,11.427761186547523,low volume
2025-12-10,7_6,6.0,7.944634062356757,8.248985,8.458741870101116,12.549798778571132,11.947070000312882,low volume
2025-12-11,7_6,10.0,8.821396407071632,9.172395,9.998879579416508,12.549798778571132,13.439106777545321,low volume
2025-12-12,7_6,17.0,9.525317644164536,10.104899,11.089454592742136,12.549798778571132,14.362142903341514,low volume
2025-12-13,7_6,11.0,10.956492037580759,11.2053585,12.35928367335828,12.549798778571132,15.643735950482847,low volume
2025-12-14,7_6,10.0,9.141163780518694,9.028415,8.510467763333036,12.549798778571132,12.401990471281866,low volume
2025-12-15,7_6,9.0,8.654804700814804,8.334018,8.105358704353808,12.549798778571132,12.040182190289052,low volume
2025-12-16,7_6,8.0,8.603607359091681,8.676187,7.331142492154744,12.549798778571132,11.462466799444213,low volume
2025-12-17,7_6,11.0,9.022332817694403,9.230371,7.853843860789049,12.549798778571132,11.981284239256578,low volume
2025-12-18,7_6,8.0,10.71023931748685,10.363402,10.599835351314425,12.549798778571132,13.471909239931776,low volume
2025-12-19,7_6,12.0,11.287355410280526,11.789448,11.593060586753431,12.549798778571132,14.394071981918824,low volume
2025-12-20,7_6,14.0,12.409617239199607,13.089386,12.855348232399926,12.549798778571132,15.6744523759624,low volume
2025-12-21,7_6,18.0,10.567602896498695,10.896768,8.973923845710058,12.549798778571132,12.435774261012698,low volume
2025-12-22,7_6,13.0,10.127428910052016,10.312512,8.52994164543287,12.549798778571132,12.074308325769744,low volume
2025-12-23,7_6,8.0,10.13496218444299,10.550286,7.742347251331663,12.549798778571132,11.497139573625772,low volume
2025-12-24,7_6,12.0,10.623340046172443,10.921787,8.289508632711918,12.549798778571132,12.015466104426917,low volume
2025-12-25,7_6,0.0,3.8950443920666213,5.8986917,8.171259510250275,12.549798778571132,13.504680664378599,low volume
2025-12-26,7_6,13.0,11.93375692474059,13.891731,9.175945458368256,12.549798778571132,14.425970848958908,low volume
2025-12-27,7_6,9.0,10.876938351022185,11.0442295,12.04125436110366,12.549798778571132,15.70513973732632,low volume
2025-12-28,7_6,5.0,8.402528105177653,8.50927,8.115594448424641,12.549798778571132,12.469526084264494,low volume
2025-12-29,7_6,7.0,7.239894870700079,7.2838936,7.650320683190163,12.549798778571132,12.108402170841247,low volume
2025-12-30,7_6,2.0,6.871241347082536,7.230046,6.873350007589427,12.549798778571132,11.531779540164441,low volume
2025-12-31,7_6,6.0,6.6549559470348685,6.901994,7.392629066354006,12.549798778571132,12.049615626456209,low volume
2025-10-01,7_9,28.0,22.147131602244727,21.374722,25.01854043912061,24.37733063498535,21.9946277822841,high volume
2025-10-02,7_9,19.0,26.242555151537466,25.132908,28.33698739569756,24.892229079648008,24.832969495159663,high volume
2025-10-03,7_9,31.0,29.357041959369347,28.795197,32.129485456832306,25.003749288244343,27.47332351026041,high volume
2025-10-04,7_9,31.0,31.082458733502932,30.582077,34.84203257623132,25.027903093823458,30.067736384082963,high volume
2025-10-05,7_9,29.0,25.33773891208438,24.358149,28.35320072056811,25.033134489382135,24.45302640118863,high volume
2025-10-06,7_9,26.0,22.787456912178023,21.61514,18.748367652668065,25.034267540627486,21.896653845069295,high volume
2025-10-07,7_9,21.0,23.411173907039295,22.547558,24.51244313653446,25.034512944575667,21.715670951053376,high volume
2025-10-08,7_9,30.0,23.672058203250778,23.183435,25.28117088114301,25.03456609583253,21.92434528284345,high volume
2025-10-09,7_9,29.0,26.903829404188674,27.16033,27.9573406291865,25.034577607693393,24.777896743591363,high volume
2025-10-10,7_9,32.0,31.147494369056233,30.611702,31.184202754305005,25.034580101010548,27.41493792499945,high volume
2025-10-11,7_9,39.0,31.375434523756432,31.434383,33.193301259553735,25.034580641030143,30.004276136383893,high volume
2025-10-12,7_9,23.0,24.785727926175714,25.126356,27.053660432191545,25.03458075799126,24.401004653569018,high volume
2025-10-13,7_9,23.0,22.49079204228012,22.149212,23.335509342890038,25.034580783323495,21.849832974443878,high volume
2025-10-14,7_9,30.0,20.388007756968438,21.002457,23.4669222124091,25.03458078881012,21.669218338441627,high volume
2025-10-15,7_9,24.0,22.05453008430863,23.22259,24.928087873512613,25.03458078999845,21.87746830424514,high volume
2025-10-16,7_9,40.0,38.19127430445609,38.18515,39.97176402634182,25.034580790255827,24.725216449707858,high volume
2025-10-17,7_9,47.0,43.742543716646146,43.649063,43.034932958574124,25.034580790311573,27.356894634895394,high volume
2025-10-18,7_9,50.0,47.346047783402135,45.34172,45.7167930634029,25.034580790323645,29.940966864255586,high volume
2025-10-19,7_9,34.0,39.78869987167726,37.427612,38.555305308378756,25.03458079032626,24.349090851865757,high volume
2025-10-20,7_9,35.0,35.47119182858656,34.670372,34.64278207817404,25.034580790326824,21.80310753484379,high volume
2025-10-21,7_9,38.0,34.891628813164914,33.833134,34.81274479553365,25.03458079032695,21.6228602179602,high volume
2025-10-22,7_9,26.0,37.17485730725895,38.493557,36.328077337014285,25.034580790326974,21.83068666219542,high volume
2025-10-23,7_9,36.0,41.90524763719015,42.62789,39.56012037511292,25.03458079032698,24.67264329285036,high volume
2025-10-24,7_9,44.0,46.96964837729846,48.123234,42.475439102135745,25.03458079032698,27.29896938845684,high volume
2025-10-25,7_9,50.0,52.09061844623638,49.94231,44.77943431879138,25.03458079032698,29.877786345294233,high volume
2025-10-26,7_9,41.0,41.49148184587492,40.75348,38.53728363746873,25.03458079032698,24.297282628161827,high volume
2025-10-27,7_9,14.0,26.557757502594388,26.126692,24.156702325516594,25.03458079032698,21.756477121580847,high volume
2025-10-28,7_9,22.0,24.811243653347866,24.291216,24.566343367430093,25.03458079032698,21.576596376792637,high volume
2025-10-29,7_9,23.0,25.917227103966358,25.625235,25.49135345556839,25.03458079032698,21.784000160782725,high volume
2025-10-30,7_9,20.0,28.431996986846983,28.906315,28.303854007654706,25.03458079032698,24.620177054934032,high volume
2025-10-31,7_9,23.0,31.930825787476298,32.215767,31.753816796436883,25.03458079032698,27.241161945596886,high volume
2025-11-01,7_9,52.0,34.22344538922417,34.37103,35.01834943207907,25.03458079032698,29.814734317650384,high volume
2025-11-02,7_9,40.0,30.11761257210383,29.231327,28.63865648470735,25.03458079032698,24.245579767741248,high volume
2025-11-03,7_9,33.0,29.08684384344969,27.857996,25.280327156233554,25.03458079032698,21.709941541398333,high volume
2025-11-04,7_9,19.0,28.690649661595582,27.289143,25.04342198602312,25.03458079032698,21.53042662320147,high volume
2025-11-05,7_9,30.0,27.72427359039199,26.269695,24.536032694760888,25.03458079032698,21.737408606517903,high volume
2025-11-06,7_9,32.0,30.838677682831364,29.18372,27.080686077987146,25.03458079032698,24.567817518515973,high volume
2025-11-07,7_9,46.0,35.48918805073388,34.737804,31.77862187026809,25.03458079032698,27.183472066736357,high volume
2025-11-08,7_9,33.0,38.1641596954272,38.742405,34.58150376334236,25.03458079032698,29.75181052000902,high volume
2025-11-09,7_9,24.0,29.13283350769763,29.111038,27.923619810443796,25.03458079032698,24.193982056324877,high volume
2025-11-10,7_9,25.0,25.614527038747063,24.954731,24.09535863180271,25.03458079032698,21.663500601432563,high volume
2025-11-11,7_9,31.0,25.225147415697656,24.84957,24.416360562161238,25.03458079032698,21.484350765839164,high volume
2025-11-12,7_9,17.0,26.88541550938825,26.424122,25.27690860672507,25.03458079032698,21.690911806305284,high volume
2025-11-13,7_9,32.0,29.487464939072773,29.614708,29.1064915235117,25.03458079032698,24.51556446659549,high volume
2025-11-14,7_9,30.0,33.922556376704726,34.28057,32.53952053716334,25.03458079032698,27.1258995127833,high volume
2025-11-15,7_9,42.0,33.87275841955373,33.774906,35.267209237692825,25.03458079032698,29.689014691586554,high volume
2025-11-16,7_9,39.0,29.240847938521707,28.72405,28.98978641160516,25.03458079032698,24.142489280069356,high volume
2025-11-17,7_9,27.0,26.494479452813163,26.419561,25.21616774228784,25.03458079032698,21.61715410921208,high volume
2025-11-18,7_9,36.0,25.35869495623189,25.008554,25.781929618327062,25.03458079032698,21.43836861374732,high volume
2025-11-19,7_9,20.0,27.433603194671186,27.607195,27.34760521691002,25.03458079032698,21.644509567441904,high volume
2025-11-20,7_9,32.0,29.607875770573674,29.588808,30.472912092771107,25.03458079032698,24.463417682613205,high volume
2025-11-21,7_9,45.0,34.428516693637164,33.03127,34.58411352195558,25.03458079032698,27.068444045132015,high volume
2025-11-22,7_9,25.0,36.49353409946194,36.78688,37.582825516559936,25.03458079032698,29.626346572129766,high volume
2025-11-23,7_9,27.0,27.146383051689067,27.554499,31.13919535058149,25.03458079032698,24.091101225566234,high volume
2025-11-24,7_9,20.0,24.34127804124039,24.456497,28.17627095542845,25.03458079032698,21.570901872656872,high volume
2025-11-25,7_9,23.0,23.48760398377809,25.487024,28.143425538412288,25.03458079032698,21.39247997635591,high volume
2025-11-26,7_9,35.0,25.261529778101124,26.459206,29.13702484317931,25.03458079032698,21.59820169761672,high volume
2025-11-27,7_9,38.0,32.287260087293014,31.706348,33.099912898854214,25.03458079032698,24.411376950450183,high volume
2025-11-28,7_9,40.0,35.17355790542456,35.255604,35.68725885486302,25.03458079032698,27.01110542566207,high volume
2025-11-29,7_9,77.0,56.045675209755295,58.871773,54.11253412169432,25.03458079032698,29.563805901914726,high volume
2025-11-30,7_9,43.0,47.41017833359445,48.86403,47.68258835161786,25.03458079032698,24.039817679841068,high volume
2025-12-01,7_9,47.0,45.38629374134684,44.487553,45.14576210259509,25.03458079032698,21.524743700077565,high volume
2025-12-02,7_9,42.0,44.23280212261299,43.523994,44.33350359006312,25.03458079032698,21.346684663482474,high volume
2025-12-03,7_9,49.0,46.211267312911744,46.26243,45.11238967646777,25.03458079032698,21.551988004909777,high volume
2025-12-04,7_9,64.0,52.96867287976823,50.932884,48.698784519296495,25.03458079032698,24.359442054427,high volume
2025-12-05,7_9,57.0,55.557564763624896,55.736015,52.79579212215581,25.03458079032698,26.953883416737284,high volume
2025-12-06,7_9,63.0,59.5117221368012,56.24792,55.525479366966174,25.03458079032698,29.50139242174569,high volume
2025-12-07,7_9,47.0,50.38394996475781,50.216217,49.90788837052755,25.03458079032698,23.988638430352538,high volume
2025-12-08,7_9,29.0,35.50281408577593,35.120483,31.554175720935962,25.03458079032698,21.478679400174606,high volume
2025-12-09,7_9,28.0,34.136973224291815,32.86513,32.27172567332082,25.03458079032698,21.300982485331307,high volume
2025-12-10,7_9,36.0,36.16049107513543,35.51902,33.54112132706643,25.03458079032698,21.50586829779143,high volume
2025-12-11,7_9,44.0,41.49218125459331,41.979225,36.76291246177317,25.03458079032698,24.307612779302847,high volume
2025-12-12,7_9,56.0,46.418667998867015,48.064373,40.90029430341476,25.03458079032698,26.896777781204765,high volume
2025-12-13,7_9,40.0,50.145343278186836,49.603592,43.09163964628699,25.03458079032698,29.43910587295406,high volume
2025-12-14,7_9,40.0,40.28035546311149,40.346436,37.11501735550095,25.03458079032698,23.937563264991574,high volume
2025-12-15,7_9,35.0,38.11448698252488,39.90877,33.62608390337879,25.03458079032698,21.4327087820375,high volume
2025-12-16,7_9,27.0,38.721551456802544,38.946404,34.16371495088721,25.03458079032698,21.255373252492706,high volume
2025-12-17,7_9,48.0,39.101930005347775,40.06893,34.67727880436934,25.03458079032698,21.459842385121554,high volume
2025-12-18,7_9,44.0,48.42471906257302,46.276745,39.8552461979507,25.03458079032698,24.255888910274674,high volume
2025-12-19,7_9,56.0,52.82979131626106,53.132812,42.68529220515832,25.03458079032698,26.839788282393926,high volume
2025-12-20,7_9,55.0,53.45454815365498,53.784016,45.601777088390676,25.03458079032698,29.376945997397286,high volume
2025-12-21,7_9,41.0,47.682666446828264,50.00758,39.69317523500217,25.03458079032698,23.88659197208049,high volume
2025-12-22,7_9,38.0,44.45440669601955,46.343613,35.94551859522703,25.03458079032698,21.386831655144032,high volume
2025-12-23,7_9,54.0,47.304920704514835,46.610275,36.71379017079107,25.03458079032698,21.20985677594219,high volume
2025-12-24,7_9,51.0,54.94781163975317,54.90387,38.21839480493593,25.03458079032698,21.413910076148763,high volume
2025-12-25,7_9,9.0,10.419747389519602,9.981255,34.05206037574386,25.03458079032698,24.20427023297628,high volume
2025-12-26,7_9,67.0,59.21074549198059,54.728695,37.3049182620012,25.03458079032698,26.782914684115507,high volume
2025-12-27,7_9,59.0,48.47493181012429,52.767513,47.696432436078524,25.03458079032698,29.314912537457815,high volume
2025-12-28,7_9,32.0,39.13751401850947,40.12256,40.69051076413908,25.03458079032698,23.835724340372074,high volume
2025-12-29,7_9,26.0,31.212929230720103,34.88517,36.229003691008735,25.03458079032698,21.34104782935943,high volume
2025-12-30,7_9,20.0,30.568612888766094,32.794685,36.939710820077586,25.03458079032698,21.16443286703968,high volume
2025-12-31,7_9,27.0,29.25383789470532,31.156956,37.330193549889955,25.03458079032698,21.36807118050959,high volume
2025-10-01,7_25,19.0,11.53584216050223,11.292524,12.55772255825762,12.959306360177374,11.497079055159816,low volume
2025-10-02,7_25,12.0,14.084808984263823,13.629018,14.450034343987884,13.178368873167372,13.509872679585925,low volume
2025-10-03,7_25,13.0,15.203213835513925,14.827749,15.88031238587435,13.228392918237416,15.075926043107222,low volume
2025-10-04,7_25,21.0,16.433301382291795,15.968075,16.736541069130826,13.23981616473913,16.23012263292439,low volume
2025-10-05,7_25,7.0,13.157560367709904,12.678821,12.633316644983697,13.242424721493311,11.776228936425724,low volume
2025-10-06,7_25,13.0,12.95253255671652,12.599309,16.912854495303154,13.24302039876761,11.405497622030861,low volume
2025-10-07,7_25,12.0,13.37650097987222,13.367637,15.728100925855635,13.243156424719336,10.851946875320833,low volume
2025-10-08,7_25,23.0,13.74670210325935,14.0104,16.208714642264507,13.243187486941014,11.441850669255118,low volume
2025-10-09,7_25,15.0,16.97577920810141,16.245953,18.011016720198832,13.243194580158178,13.542688241363978,low volume
2025-10-10,7_25,26.0,19.23309864471742,18.501375,19.35372809591712,13.24319619993059,15.117750026935193,low volume
2025-10-11,7_25,25.0,20.195935489560117,20.582573,20.134488959203754,13.243196569813904,16.274235442894483,low volume
2025-10-12,7_25,16.0,16.111651711305644,16.371313,15.928269696848123,13.24319665427865,11.813527052602721,low volume
2025-10-13,7_25,15.0,13.861534450686898,13.683869,15.38583134898095,13.243196673566606,11.442228278200684,low volume
2025-10-14,7_25,5.0,10.689638669400258,10.782413,9.538563582231609,13.24319667797111,10.887825861763742,low volume
2025-10-15,7_25,16.0,10.400028470776235,10.690557,9.944198712917423,13.2431966789769,11.478637531317464,low volume
2025-10-16,7_25,14.0,12.908510043238488,13.001304,11.689593849048038,13.243196679206578,13.582708276173252,low volume
2025-10-17,7_25,16.0,14.349654668020241,14.293443,13.014084475990291,13.243196679259027,15.160194068655452,low volume
2025-10-18,7_25,12.0,15.420912882287713,15.21301,13.768049524644729,13.243196679271003,16.3184593059208,low volume
2025-10-19,7_25,13.0,11.915259921384386,12.538173,9.608093290832246,13.243196679273739,11.850885923054284,low volume
2025-10-20,7_25,10.0,10.727322816625023,10.978035,9.099590156944714,13.243196679274364,11.479015722971328,low volume
2025-10-21,7_25,9.0,10.517927601474865,10.918205,8.275458475062523,13.243196679274506,10.923760085893264,low volume
2025-10-22,7_25,14.0,10.9695639187821,11.187199,8.734566962330613,13.243196679274538,11.515481009621455,low volume
2025-10-23,7_25,12.0,13.186624560327289,13.513188,10.549556593138398,13.243196679274545,13.62278990160048,low volume
2025-10-24,7_25,17.0,14.73022858569884,14.707837,11.960511454774123,13.243196679274547,15.202703431407276,low volume
2025-10-25,7_25,16.0,15.495460986110672,15.329051,12.816826066330588,13.243196679274547,16.362751229099914,low volume
2025-10-26,7_25,11.0,12.16128144509266,12.602631,8.715614518115904,13.243196679274547,11.888302288492312,low volume
2025-10-27,7_25,9.0,10.732159745154961,10.916058,8.25800179300965,13.243196679274547,11.515859783309082,low volume
2025-10-28,7_25,6.0,10.423789560046453,10.671603,7.5224181722657715,13.243196679274547,10.959749612490524,low volume
2025-10-29,7_25,10.0,10.995661384220785,10.795559,8.098569722840358,13.243196679274547,11.552381189727688,low volume
2025-10-30,7_25,17.0,12.524569842292259,12.533007,10.022804416724524,13.243196679274547,13.662933212311051,low volume
2025-10-31,7_25,15.0,14.16416295699399,14.299303,11.506158189395126,13.243196679274547,15.245278215709698,low volume
2025-11-01,7_25,13.0,14.796519849365714,14.172361,12.410360980700313,13.243196679274547,16.407111317175083,low volume
2025-11-02,7_25,9.0,10.794673664515367,11.13343,8.390782529315272,13.243196679274547,11.925776237401049,low volume
2025-11-03,7_25,14.0,9.667717425056422,9.965818,8.027689925449963,13.243196679274547,11.552760546344826,low volume
2025-11-04,7_25,13.0,9.603306540411836,10.025446,7.374768462417701,13.243196679274547,10.995794526665557,low volume
2025-11-05,7_25,9.0,10.725496102859008,11.16847,8.05127639056795,13.243196679274547,11.58933815889976,low volume
2025-11-06,7_25,13.0,12.020199666383492,12.135309,10.026469499871128,13.243196679274547,13.703138303238099,low volume
2025-11-07,7_25,7.0,13.144634525298091,13.307827,11.499090364340793,13.243196679274547,15.287918522245942,low volume
2025-11-08,7_25,8.0,12.69910284591645,13.308776,12.441866736653763,13.243196679274547,16.451539675051517,low volume
2025-11-09,7_25,7.0,10.45843667746548,10.649847,8.444980084048419,13.243196679274547,11.963307858400972,low volume
2025-11-10,7_25,11.0,9.097575071712278,9.130236,8.10421273561779,13.243196679274547,11.589718099343534,low volume
2025-11-11,7_25,9.0,9.097135692219178,8.977187,7.431806148897848,13.243196679274547,11.031894913659379,low volume
2025-11-12,7_25,13.0,9.560464537773226,9.616793,8.05602843676927,13.243196679274547,11.626352004535567,low volume
2025-11-13,7_25,10.0,11.646021173793836,11.286483,9.978195782654689,13.243196679274547,13.743405269460855,low volume
2025-11-14,7_25,18.0,12.381884339024168,12.093895,11.482773157567848,13.243196679274547,15.330624451854169,low volume
2025-11-15,7_25,22.801658922468416,13.245726820563942,12.979347,12.415657622714154,13.243196679274547,16.49603640779586,low volume
2025-11-16,7_25,11.0,10.699857709502416,9.770319,8.39274651553449,13.243196679274547,12.000897240248943,low volume
2025-11-17,7_25,13.0,9.457938610274887,9.115038,8.03971753597049,13.243196679274547,11.626732529704478,low volume
2025-11-18,7_25,18.0,14.66668638465958,13.754221,15.371437080568917,13.243196679274547,11.068050858844188,low volume
2025-11-19,7_25,13.0,16.55369253323038,16.46311,15.968808522482648,13.243196679274547,11.663422814167504,low volume
2025-11-20,7_25,28.0,18.49307157859081,17.648829,17.917742450696974,13.243196679274547,13.783734206204874,low volume
2025-11-21,7_25,28.0,20.6978587748659,20.332767,19.407217966682957,13.243196679274547,15.37339610552773,low volume
2025-11-22,7_25,21.0,21.36913868198872,21.805079,20.344818787571047,13.243196679274547,16.54060162063645,low volume
2025-11-23,7_25,18.0,17.05901529057263,17.049665,16.346642143442576,13.243196679274547,12.038544471838414,low volume
2025-11-24,7_25,8.0,15.3938203953647,15.0091915,15.991410173473835,13.243196679274547,11.663803924961435,low volume
2025-11-25,7_25,15.0,14.640291055220768,14.33812,15.324481239791112,13.243196679274547,11.104262447723569,low volume
2025-11-26,7_25,11.0,16.388260951026535,16.268791,16.00746057922749,13.243196679274547,11.700550675462676,low volume
2025-11-27,7_25,10.0,11.887906097855904,11.772862,9.945590092654129,13.243196679274547,13.824125208842267,low volume
2025-11-28,7_25,10.0,12.788184157012738,12.869834,11.529187023234837,13.243196679274547,15.416233584415409,low volume
2025-11-29,7_25,5.0,13.558375536788628,14.01879,12.485829042064164,13.243196679274547,16.585235418963585,low volume
2025-11-30,7_25,13.0,10.078234693454975,10.90634,8.52887980095504,13.243196679274547,12.076249642199652,low volume
2025-12-01,7_25,8.0,9.445305295661461,9.738873,8.199650455658174,13.243196679274547,11.700932372782903,low volume
2025-12-02,7_25,9.0,9.392724482764278,9.543143,7.626997437628452,13.243196679274547,11.140529765932698,low volume
2025-12-03,7_25,15.0,9.290798576024578,9.752687,8.319570743431349,13.243196679274547,11.737735676223114,low volume
2025-12-04,7_25,13.0,11.572496375358652,11.372529,10.320849635079343,13.243196679274547,13.864578372891916,low volume
2025-12-05,7_25,12.0,12.682375269627974,12.921146,11.871553349638237,13.243196679274547,15.459136989821653,low volume
2025-12-06,7_25,3.0,13.36615647951974,13.950121,12.871185372563296,13.243196679274547,16.629937908329747,low volume
2025-12-07,7_25,9.0,9.75090804092027,10.272878,8.885333771796224,13.243196679274547,12.114012840499939,low volume
2025-12-08,7_25,11.0,8.88605552117637,9.589932,8.580192729600899,13.243196679274547,11.738117960972296,low volume
2025-12-09,7_25,6.0,8.985379636756123,9.819919,7.933154775100132,13.243196679274547,11.176852899238545,low volume
2025-12-10,7_25,12.0,9.51770881364315,10.066542,8.576103024449269,13.243196679274547,11.774977904385974,low volume
2025-12-11,7_25,8.0,11.22413273874958,11.535242,10.544344870872104,13.243196679274547,13.905093794019717,low volume
2025-12-12,7_25,16.0,11.655429120284687,12.092074,12.039706055430514,13.243196679274547,15.50210642320682,low volume
2025-12-13,7_25,15.0,14.03907578671261,14.223071,12.994117521536047,13.243196679274547,16.674709194449868,low volume
2025-12-14,7_25,15.0,11.561835013777085,11.466014,8.94740602848162,13.243196679274547,12.151834156043785,low volume
2025-12-15,7_25,2.0,10.88776454863929,10.990155,8.56036856173169,13.243196679274547,11.775360777468164,low volume
2025-12-16,7_25,11.0,10.18047513215117,10.678063,7.83453164821237,13.243196679274547,11.213231933540078,low volume
2025-12-17,7_25,14.0,10.652131434409617,11.2227955,8.415060875440211,13.243196679274547,11.812277448023748,low volume
2025-12-18,7_25,17.0,13.392937676413839,13.159121,10.861030402464994,13.243196679274547,13.945671568038785,low volume
2025-12-19,7_25,4.0,14.651158794800438,14.335596,12.311964017299562,13.243196679274547,15.545141986187415,low volume
2025-12-20,7_25,31.0,20.780087068053813,21.851316,21.151042759449908,13.243196679274547,16.71954938320157,low volume
2025-12-21,7_25,20.0,20.335213433532193,20.723587,17.049597292333917,13.243196679274547,12.189713678273137,low volume
2025-12-22,7_25,24.0,19.59752117662285,18.924438,16.59621347824536,13.243196679274547,11.81266091034438,low volume
2025-12-23,7_25,13.0,20.928107124288395,20.625612,15.796022757910773,13.243196679274547,11.24966695486845,low volume
2025-12-24,7_25,23.0,20.91088202104299,21.393599,16.286917342455865,13.243196679274547,11.849634395344465,low volume
2025-12-25,7_25,1.0,8.595478412548763,9.685549,17.933792986642654,13.243196679274547,13.986311790909692,low volume
2025-12-26,7_25,29.0,23.5753121399951,23.68875,19.3400763149143,13.243196679274547,15.588243780536322,low volume
2025-12-27,7_25,18.0,21.3718326800063,22.038168,20.382654799283994,13.243196679274547,16.76445858062542,low volume
2025-12-28,7_25,21.0,16.277111730629823,15.734123,16.255660317990227,13.243196679274547,12.227651496767587,low volume
2025-12-29,7_25,8.0,14.57424007453914,14.655316,15.84003561812815,13.243196679274547,11.85001844781037,low volume
2025-12-30,7_25,6.0,7.975624647579662,8.605053,7.041288181662251,13.243196679274547,11.286158049387225,low volume
2025-12-31,7_25,8.0,7.862109934302601,8.806713,7.612891864962626,13.243196679274547,11.887048834691909,low volume
2025-10-01,8_15,47.0,30.96618960051898,30.160114,32.69779443954733,30.581963972456503,28.764808464469006,high volume
2025-10-02,8_15,35.0,37.97134818893394,36.60211,36.3233568533089,30.201071935327743,31.481498336848134,high volume
2025-10-03,8_15,55.0,41.32119267423434,41.2418,43.18643965046775,30.09876230346358,28.354933621047344,high volume
2025-10-04,8_15,42.0,46.13588246349173,45.83272,43.90032782740212,30.071281390890334,30.50993915761616,high volume
2025-10-05,8_15,39.0,36.482351426274846,36.966385,37.0688096571277,30.063899871261164,31.009617881123173,high volume
2025-10-06,8_15,39.0,32.80204586098886,32.29901,30.203715680836815,30.061917155734868,30.70569669774959,high volume
2025-10-07,8_15,41.0,33.721730223472655,34.8195,34.51198089261259,30.061384587773837,30.22573002855076,high volume
2025-10-08,8_15,39.0,36.34506465008311,38.04691,36.928745776083815,30.061241537180166,31.21219879545106,high volume
2025-10-09,8_15,35.0,40.808204621685455,38.771812,37.811075784167535,30.061203113028046,29.174102523383088,high volume
2025-10-10,8_15,46.0,41.60633885290715,41.44986,42.36277602405432,30.06119279209593,31.11105054511784,high volume
2025-10-11,8_15,40.0,39.80391875410333,42.378582,40.048403147673234,30.061190019838538,29.70346673799634,high volume
2025-10-12,8_15,33.0,33.05438770140089,31.588991,35.76365122726745,30.06118927519542,29.376457684970966,high volume
2025-10-13,8_15,33.0,29.44221459917858,29.649076,29.914675113066377,30.06118907518031,29.570748342562705,high volume
2025-10-14,8_15,29.0,28.58925776771653,29.50925,29.477459136973177,30.061189021455185,29.879413565402448,high volume
2025-10-15,8_15,30.0,32.52663940343316,32.11055,36.15501340720627,30.06118900702433,29.244167471239532,high volume
2025-10-16,8_15,26.0,36.762474082104134,36.43682,40.862891649703606,30.061189003148122,30.556394047661666,high volume
2025-10-17,8_15,39.0,40.0735158423417,39.499397,45.657396484326796,30.061189002106953,29.309260767165014,high volume
2025-10-18,8_15,43.0,39.020676095227905,39.45714,47.293328314910916,30.06118900182729,30.215548245518885,high volume
2025-10-19,8_15,31.0,30.54501603279547,31.015347,37.93169761507155,30.061189001752172,30.426096371312685,high volume
2025-10-20,8_15,30.0,26.266703403188128,26.440096,31.284256951980268,30.061189001731996,30.300999943201212,high volume
2025-10-21,8_15,19.0,26.49454240757319,26.26722,31.180813327838823,30.061189001726575,30.102262208059408,high volume
2025-10-22,8_15,38.0,29.851360479404725,30.549812,38.17914507206152,30.06118900172512,30.51127280429662,high volume
2025-10-23,8_15,36.0,37.22787778581871,36.729774,42.474340201330456,30.061189001724728,29.66638042012662,high volume
2025-10-24,8_15,44.0,40.1140911648968,40.805386,45.693637873802786,30.06118900172462,30.469361723883054,high volume
2025-10-25,8_15,38.0,42.03872401957946,41.387463,44.447120126008365,30.061189001724593,29.88583796338519,high volume
2025-10-26,8_15,45.0,32.86625364079999,33.923904,39.62542408195363,30.061189001724586,29.750274097539293,high volume
2025-10-27,8_15,31.0,32.63958921938295,33.80102,39.36520052956862,30.061189001724582,29.830818891405066,high volume
2025-10-28,8_15,37.0,31.719274138323367,32.158344,40.05464837896973,30.061189001724582,29.958778499475393,high volume
2025-10-29,8_15,33.0,35.84094364856446,35.496452,43.3983271560032,30.061189001724582,29.695432257982322,high volume
2025-10-30,8_15,54.0,38.93819682802907,38.94269,44.88699454971935,30.061189001724582,30.239426071060773,high volume
2025-10-31,8_15,62.0,49.5172696643814,48.043102,50.30466985339182,30.061189001724582,29.72241719579379,high volume
2025-11-01,8_15,55.0,54.103463697011726,52.02669,54.116047652033814,30.061189001724582,30.098125772936488,high volume
2025-11-02,8_15,42.0,44.96861614423679,45.21737,47.90690497629097,30.061189001724582,30.185410148649773,high volume
2025-11-03,8_15,63.0,40.9465530777911,40.112873,43.114419019188375,30.061189001724582,30.13355044395884,high volume
2025-11-04,8_15,46.0,41.402253962990734,41.44108,39.709611278343814,30.061189001724582,30.051162158280768,high volume
2025-11-05,8_15,35.0,40.25511355929232,39.37679,34.817929436180435,30.061189001724582,30.220720706509937,high volume
2025-11-06,8_15,40.0,39.9040015642174,40.037193,34.245911722813595,30.061189001724582,29.870463946936404,high volume
2025-11-07,8_15,63.0,47.10231473373838,46.514153,45.64753278936674,30.061189001724582,30.203346139652915,high volume
2025-11-08,8_15,50.0,49.18229489241423,48.958878,46.44032065153786,30.061189001724582,29.961441791459514,high volume
2025-11-09,8_15,41.0,36.45929627057171,37.11558,38.2378282741527,30.061189001724582,29.90524272841185,high volume
2025-11-10,8_15,43.0,29.657766906964678,31.023148,30.47910185050493,30.061189001724582,29.938633203966518,high volume
2025-11-11,8_15,22.801658922468416,30.226386048694437,31.216877,29.585877178282466,30.061189001724582,29.991679862356104,high volume
2025-11-12,8_15,36.0,30.96026954289328,31.209436,31.53862414379233,30.061189001724582,29.882507614008905,high volume
2025-11-13,8_15,32.0,39.07886259440471,37.782017,37.418800581855876,30.061189001724582,30.108024512689624,high volume
2025-11-14,8_15,22.801658922468416,43.46881406935575,43.198902,41.84119744543789,30.061189001724582,29.893694431469008,high volume
2025-11-15,8_15,39.0,41.61191607663188,40.091457,41.991514244471865,30.061189001724582,30.049447366682536,high volume
2025-11-16,8_15,48.0,35.22864368232064,35.013058,35.614043536347516,30.061189001724582,30.085631788712544,high volume
2025-11-17,8_15,24.0,30.009420762527974,31.578918,27.993678248407715,30.061189001724582,30.064132941690342,high volume
2025-11-18,8_15,23.0,30.847920377069933,30.803528,28.276567360412205,30.061189001724582,30.029978232156797,high volume
2025-11-19,8_15,31.0,37.373757832699155,37.256557,33.87279259491712,30.061189001724582,30.10027005721462,high volume
2025-11-20,8_15,42.0,39.243263281540585,40.442078,35.96825850001543,30.061189001724582,29.95506837244915,high volume
2025-11-21,8_15,56.0,47.84265241469768,47.56355,43.939883728909415,30.061189001724582,30.093067294353506,high volume
2025-11-22,8_15,49.0,50.37331818393668,49.632595,45.50521417978043,30.061189001724582,29.99278395092127,high volume
2025-11-23,8_15,48.0,42.03814562144488,41.945984,38.259640082626106,30.061189001724582,29.969486188883227,high volume
2025-11-24,8_15,34.0,41.687119673352214,41.14991,34.94342034232469,30.061189001724582,29.983328472217206,high volume
2025-11-25,8_15,40.0,38.34506824113718,38.617542,32.081664630524955,30.061189001724582,30.00531938019775,high volume
2025-11-26,8_15,40.0,40.9025105336681,41.82269,34.67970869764747,30.061189001724582,29.96006116902447,high volume
2025-11-27,8_15,46.0,47.75222050672568,48.09157,41.23109712664735,30.061189001724582,30.05355096682707,high volume
2025-11-28,8_15,35.0,52.168289502197595,51.48576,41.17399191104313,30.061189001724582,29.964698751877542,high volume
2025-11-29,8_15,50.0,51.61141522109021,50.86921,46.45973512750453,30.061189001724582,30.02926735186033,high volume
2025-11-30,8_15,39.0,44.038170231942914,42.347153,39.32984053719048,30.061189001724582,30.044267887602793,high volume
2025-12-01,8_15,51.0,41.15210996386788,41.3739,38.30864087277107,30.061189001724582,30.035355372075784,high volume
2025-12-02,8_15,31.0,39.1041821680795,38.74672,31.365450408750327,30.061189001724582,30.021196269556295,high volume
2025-12-03,8_15,80.0,54.71748098584459,53.864456,45.221683147170964,30.061189001724582,30.050336296535537,high volume
2025-12-04,8_15,22.801658922468413,46.67790489940329,54.775265,49.51448809284249,30.061189001724582,29.99014180011982,high volume
2025-12-05,8_15,70.0,33.12766477531525,39.818356,57.50336232149223,30.061189001724582,30.0473503347409,high volume
2025-12-06,8_15,22.801658922468413,44.00068090663021,52.0723,57.75131500041126,30.061189001724582,30.005777088765566,high volume
2025-12-07,8_15,22.801658922468413,44.88958022678109,48.18072,55.02436198412327,30.061189001724582,29.996118818920014,high volume
2025-12-08,8_15,62.0,39.637954305804456,43.10081,48.72245043919317,30.061189001724582,30.001857245962913,high volume
2025-12-09,8_15,22.801658922468413,53.080538270259325,58.193176,50.006517245710306,30.061189001724582,30.010973749216657,high volume
2025-12-10,8_15,22.801658922468413,40.47027462335245,41.411,54.267667845082734,30.061189001724582,29.992211603070405,high volume
2025-12-11,8_15,22.801658922468413,30.22568348775702,39.179607,57.12574431249068,30.061189001724582,30.030968531461593,high volume
2025-12-12,8_15,22.801658922468413,28.36785157941429,31.649923,65.50788381743276,30.061189001724582,29.9941341493885,high volume
2025-12-13,8_15,64.0,35.96891057556383,34.88694,63.12756889186208,30.061189001724582,30.02090156855798,high volume
2025-12-14,8_15,22.801658922468413,51.281093143762845,53.001675,58.75708833851792,30.061189001724582,30.027120158214444,high volume
2025-12-15,8_15,22.801658922468413,41.762774001117684,44.631054,53.1024415537181,30.061189001724582,30.023425405052233,high volume
2025-12-16,8_15,35.0,47.369071652791334,41.744526,41.366794731723004,30.061189001724582,30.017555638132958,high volume
2025-12-17,8_15,43.0,44.42449002861787,42.22645,41.93017420927089,30.061189001724582,30.02963586469775,high volume
2025-12-18,8_15,65.0,50.490013331978986,50.970627,49.02239579612607,30.061189001724582,30.004681764443372,high volume
2025-12-19,8_15,75.0,57.547258834003394,56.199005,50.83166745042378,30.061189001724582,30.02839801083376,high volume
2025-12-20,8_15,22.801658922468416,59.91781540075489,56.23854,52.62073996033082,30.061189001724582,30.011163495890674,high volume
2025-12-21,8_15,50.0,59.70105210697705,57.67484,48.96454201207642,30.061189001724582,30.007159584430976,high volume
2025-12-22,8_15,48.0,55.446742868720605,53.11117,42.28218195944953,30.061189001724582,30.00953849433566,high volume
2025-12-23,8_15,58.0,56.04507516323092,53.453617,44.46579077595705,30.061189001724582,30.01331781220871,high volume
2025-12-24,8_15,77.0,63.48012773195094,59.263226,50.61813557390566,30.061189001724582,30.005539817478308,high volume
2025-12-25,8_15,5.0,4.820523772252148,7.6297517,45.96841863677307,30.061189001724582,30.021606805894425,high volume
2025-12-26,8_15,22.801658922468413,58.972128172576106,57.51933,50.345083126345386,30.061189001724582,30.006336824122137,high volume
2025-12-27,8_15,22.801658922468416,53.7683802297046,48.79435,61.06761659987132,30.061189001724582,30.017433467524434,high volume
2025-12-28,8_15,45.0,52.521700714539804,54.292763,51.92731564440344,30.061189001724582,30.020011432603773,high volume
2025-12-29,8_15,33.0,41.2562360160559,42.548138,41.77131399970087,30.061189001724582,30.01847974372331,high volume
2025-12-30,8_15,45.0,34.546644574470356,38.458588,43.93545690532878,30.061189001724582,30.016046385843516,high volume
2025-12-31,8_15,34.0,35.72300409232121,37.42143,44.46564675384002,30.061189001724582,30.021054338442895,high volume
2025-10-01,8_29,2.0,4.426462747626515,4.5330853,4.912507190426486,4.308386950287759,4.193975118912856,low volume
2025-10-02,8_29,6.0,4.7958227091625005,5.3265085,5.102897328918888,4.45568543535862,4.401143858441236,low volume
2025-10-03,8_29,10.0,5.65323245612927,6.122745,6.242733441990045,4.472268330578875,4.5036734450238445,low volume
2025-10-04,8_29,5.0,6.610492409313195,6.7215023,6.1431063280478355,4.474135236499555,4.427627294504322,low volume
2025-10-05,8_29,5.0,5.258509779513896,5.3829627,5.346508576602715,4.47434541317078,4.506580912431564,low volume
2025-10-06,8_29,3.0,4.546286736366831,4.7529783,5.026017777710757,4.474369074905759,4.44359435517646,low volume
2025-10-07,8_29,8.0,4.783388329346003,4.737081,5.481665493080166,4.474371738748987,4.4149539362429815,low volume
2025-10-08,8_29,22.801658922468416,5.082691983570087,5.447356,5.850641558100487,4.474372038645032,4.478814382730286,low volume
2025-10-09,8_29,8.0,6.548251461026357,5.9839187,5.566171994667429,4.474372072407394,4.473507727070967,low volume
2025-10-10,8_29,6.0,6.917931800761827,6.6889477,6.299894109485981,4.474372076208367,4.45958493145431,low volume
2025-10-11,8_29,7.0,6.654614165735224,6.6186824,5.696756810644698,4.474372076636282,4.472714272356517,low volume
2025-10-12,8_29,5.0,5.178175071832324,5.53046,5.226044933907335,4.474372076684457,4.459504077976563,low volume
2025-10-13,8_29,6.0,4.580174537589752,4.8364897,5.009766605952243,4.47437207668988,4.470079862908175,low volume
2025-10-14,8_29,1.0,4.5309518594716,4.599926,4.172040898071407,4.47437207669049,4.474887181957168,low volume
2025-10-15,8_29,3.0,4.810487655315636,4.8074894,5.154949603396863,4.474372076690559,4.464169339508743,low volume
2025-10-16,8_29,6.0,5.285080568678133,5.740358,5.434490921527193,4.474372076690567,4.465059978485863,low volume
2025-10-17,8_29,3.0,6.031188173995525,6.6401215,6.21968056527696,4.4743720766905675,4.467396685651856,low volume
2025-10-18,8_29,5.0,5.882365239912994,6.126056,6.227202446068273,4.4743720766905675,4.465193147261735,low volume
2025-10-19,8_29,3.0,4.823006288510323,5.205263,5.054350174828249,4.4743720766905675,4.467410255631864,low volume
2025-10-20,8_29,4.0,4.018641576831589,4.138338,4.777011621777107,4.4743720766905675,4.465635288472961,low volume
2025-10-21,8_29,11.0,4.301331860463587,4.0856066,4.055196897194544,4.4743720766905675,4.464828461037167,low volume
2025-10-22,8_29,6.0,5.05011363195952,5.0357957,5.160855837473228,4.4743720766905675,4.466627270155721,low volume
2025-10-23,8_29,9.0,5.656764786423268,5.7977343,5.462789292059017,4.4743720766905675,4.466477791422378,low volume
2025-10-24,8_29,11.0,6.256912383808544,6.9542727,6.104631517970469,4.4743720766905675,4.466085614528775,low volume
2025-10-25,8_29,2.0,7.100239581099207,7.166819,5.779689121451192,4.4743720766905675,4.466455441288991,low volume
2025-10-26,8_29,2.0,5.47816802324359,5.7802725,5.365260770158352,4.4743720766905675,4.466083337036463,low volume
2025-10-27,8_29,8.0,4.8328042423125535,5.1330595,6.114975115900139,4.4743720766905675,4.466381235342574,low volume
2025-10-28,8_29,5.0,4.9979252858502035,5.1652775,5.593502850552549,4.4743720766905675,4.466516647722032,low volume
2025-10-29,8_29,12.0,5.093476034586584,5.423077,6.238968517956377,4.4743720766905675,4.4662147479450445,low volume
2025-10-30,8_29,9.0,6.943500610506191,6.4669237,6.19637221495353,4.4743720766905675,4.466239835429756,low volume
2025-10-31,8_29,8.0,7.716864865895456,7.6696534,7.217629622456335,4.4743720766905675,4.466305655708015,low volume
2025-11-01,8_29,14.0,8.255026260253953,8.286186,7.679771195411928,4.4743720766905675,4.466243586522752,low volume
2025-11-02,8_29,9.0,7.212000466120733,6.9888363,7.093091199487396,4.4743720766905675,4.466306037946694,low volume
2025-11-03,8_29,9.0,6.5937593168436175,6.677558,7.194636282303448,4.4743720766905675,4.466256040739513,low volume
2025-11-04,8_29,4.0,6.316708557883643,6.493182,6.075066036678351,4.4743720766905675,4.466233314055098,low volume
2025-11-05,8_29,3.0,6.5058692899244335,6.46488,5.500591872161241,4.4743720766905675,4.466283982841689,low volume
2025-11-06,8_29,8.0,5.721360411799388,5.9187284,5.1311320262155,4.4743720766905675,4.4662797723304335,low volume
2025-11-07,8_29,3.0,7.200161450467989,7.334347,6.993544061070472,4.4743720766905675,4.466268725506664,low volume
2025-11-08,8_29,4.0,7.212993755862937,7.1814346,6.965317670999187,4.4743720766905675,4.46627914277273,low volume
2025-11-09,8_29,10.0,5.5554338830457555,5.5653243,6.030672121724183,4.4743720766905675,4.466268661354348,low volume
2025-11-10,8_29,9.0,5.085498230360311,5.2110033,5.634921209141206,4.4743720766905675,4.4662770525424635,low volume
2025-11-11,8_29,4.0,5.358801146336545,5.45407,4.817516292818163,4.4743720766905675,4.466280866833199,low volume
2025-11-12,8_29,4.0,5.489900967969816,5.5559297,5.17930759542845,4.4743720766905675,4.466272362931805,low volume
2025-11-13,8_29,7.0,6.107343308307399,6.1293187,5.689343907434751,4.4743720766905675,4.4662730695951165,low volume
2025-11-14,8_29,7.0,6.829502581241517,7.1467133,6.464224638300058,4.4743720766905675,4.466274923618202,low volume
2025-11-15,8_29,6.0,7.255203116949351,7.4534106,6.285089580872357,4.4743720766905675,4.46627317525576,low volume
2025-11-16,8_29,7.0,6.078425548395164,5.9615126,5.570856985171819,4.4743720766905675,4.466274934385086,low volume
2025-11-17,8_29,3.0,5.1606692436063355,5.1447477,5.159152331293987,4.4743720766905675,4.466273526065662,low volume
2025-11-18,8_29,4.0,4.957580564243073,5.06631,4.490410204138704,4.4743720766905675,4.466272885901283,low volume
2025-11-19,8_29,10.0,5.424346713836872,5.349851,5.376751520206055,4.4743720766905675,4.466274313137729,low volume
2025-11-20,8_29,2.0,6.293573412631586,6.270615,5.337342714410262,4.4743720766905675,4.466274194536209,low volume
2025-11-21,8_29,6.0,6.768789493949851,7.170701,6.654014855844637,4.4743720766905675,4.466273883369698,low volume
2025-11-22,8_29,7.0,7.073416979541248,7.4882965,6.719992265053675,4.4743720766905675,4.466274176802852,low volume
2025-11-23,8_29,4.0,6.444516523665573,6.817701,5.932080980202954,4.4743720766905675,4.466273881562659,low volume
2025-11-24,8_29,7.0,5.946554312866361,6.413584,6.219365444975386,4.4743720766905675,4.466274117925325,low volume
2025-11-25,8_29,14.0,5.7757295068878225,6.130957,5.17029483650346,4.4743720766905675,4.466274225366121,low volume
2025-11-26,8_29,6.0,6.797003769463093,6.8804092,5.708483977064133,4.4743720766905675,4.4662739858285505,low volume
2025-11-27,8_29,7.0,8.014857342025309,7.9151187,6.422221921664148,4.4743720766905675,4.4662740057338155,low volume
2025-11-28,8_29,5.0,8.179248695386127,8.264843,6.668067268109116,4.4743720766905675,4.466274057957867,low volume
2025-11-29,8_29,11.0,8.572961324239031,8.814297,7.388279371542076,4.4743720766905675,4.4662740087100605,low volume
2025-11-30,8_29,6.0,7.025667575768993,7.1941185,6.7267227785184085,4.4743720766905675,4.466274058261148,low volume
2025-12-01,8_29,5.0,6.662574656233263,7.0071244,7.455847118056042,4.4743720766905675,4.46627401859166,low volume
2025-12-02,8_29,4.0,5.842746750900434,6.0444374,5.907631076743961,4.4743720766905675,4.466274000559534,low volume
2025-12-03,8_29,6.0,5.857069490139585,6.177997,6.374770525197402,4.4743720766905675,4.466274040761876,low volume
2025-12-04,8_29,4.0,6.489866884371424,6.8109818,6.832722626253575,4.4743720766905675,4.466274037421113,low volume
2025-12-05,8_29,11.0,6.92684736344554,7.107289,8.31679713054286,4.4743720766905675,4.466274028656186,low volume
2025-12-06,8_29,10.0,8.25188212918102,8.491599,8.340425386344737,4.4743720766905675,4.4662740369216,low volume
2025-12-07,8_29,7.0,7.283764538214644,7.3040924,8.345776202468187,4.4743720766905675,4.4662740286052856,low volume
2025-12-08,8_29,4.0,6.811923403650712,6.6754074,8.301850649894078,4.4743720766905675,4.46627403526314,low volume
2025-12-09,8_29,10.0,6.651624164223926,6.6265264,7.936834405198151,4.4743720766905675,4.466274038289528,low volume
2025-12-10,8_29,7.0,7.6503944492920395,7.7100706,8.762249537434887,4.4743720766905675,4.466274031542243,low volume
2025-12-11,8_29,9.0,8.395133652986193,8.164343,8.943341118055319,4.4743720766905675,4.466274032102934,low volume
2025-12-12,8_29,7.0,9.820306558878874,9.670083,10.399468558534519,4.4743720766905675,4.4662740335739795,low volume
2025-12-13,8_29,15.0,9.622443467959817,9.547056,9.931276217447216,4.4743720766905675,4.466274032186769,low volume
2025-12-14,8_29,7.0,8.779389313667975,8.574958,9.571911319250287,4.4743720766905675,4.466274033582522,low volume
2025-12-15,8_29,6.0,7.644563331407538,7.3434157,9.482526921427974,4.4743720766905675,4.466274032465114,low volume
2025-12-16,8_29,9.0,7.498138524452949,7.6616316,8.8692442255489,4.4743720766905675,4.466274031957186,low volume
2025-12-17,8_29,4.0,8.06985208807601,8.201329,8.995121687548544,4.4743720766905675,4.466274033089603,low volume
2025-12-18,8_29,19.0,9.12141986880987,8.936129,9.0557563245061,4.4743720766905675,4.466274032995501,low volume
2025-12-19,8_29,6.0,11.165697732778515,11.668052,9.384664909872438,4.4743720766905675,4.46627403274861,low volume
2025-12-20,8_29,3.0,11.70445411859197,12.383416,9.368544249555374,4.4743720766905675,4.46627403298143,low volume
2025-12-21,8_29,9.0,9.65931507711278,10.016696,8.963781947644645,4.4743720766905675,4.466274032747177,low volume
2025-12-22,8_29,10.0,8.977393447714894,9.148255,8.587826296128775,4.4743720766905675,4.466274032934715,low volume
2025-12-23,8_29,15.0,9.456940169382746,9.446384,8.081176482348226,4.4743720766905675,4.466274033019962,low volume
2025-12-24,8_29,10.0,10.285012344422135,10.41601,8.920448628449941,4.4743720766905675,4.466274032829905,low volume
2025-12-25,8_29,2.0,3.783148968794025,5.4791555,7.765878255664498,4.4743720766905675,4.466274032845699,low volume
2025-12-26,8_29,6.0,11.157882552721773,11.651685,8.411404694196461,4.4743720766905675,4.466274032887135,low volume
2025-12-27,8_29,16.0,9.321509029757042,10.0758095,9.660639114651136,4.4743720766905675,4.466274032848061,low volume
2025-12-28,8_29,7.0,7.758182030497353,8.330062,8.446917026697276,4.4743720766905675,4.466274032887376,low volume
2025-12-29,8_29,5.0,6.329927569083467,6.5778937,7.582893002846658,4.4743720766905675,4.4662740328559005,low volume
2025-12-30,8_29,5.0,5.9528188820991845,5.9992247,7.118888748567852,4.4743720766905675,4.466274032841593,low volume
2025-12-31,8_29,2.0,5.820351957844411,6.04738,7.206209988225554,4.4743720766905675,4.466274032873491,low volume
2025-10-01,9_10,17.0,9.489777261999073,8.96518,9.720740883429515,7.466719458359529,7.4132081903273885,mid volume
2025-10-02,9_10,19.0,10.947898589686242,10.688002,12.087988381378896,9.153206138669566,9.836101240773377,mid volume
2025-10-03,9_10,10.0,13.526873272621923,13.343663,14.23332151829918,9.789968162651201,9.601381114856466,mid volume
2025-10-04,9_10,13.0,14.588805004539028,13.691039,14.59897496860138,10.030388605883312,9.875296803760627,mid volume
2025-10-05,9_10,25.0,12.227498011134875,12.097698,11.327011158633645,10.121163475217529,10.104024643218915,mid volume
2025-10-06,9_10,10.0,11.585011654541585,11.161977,9.57152046301928,10.155437086861646,10.173372766267688,mid volume
2025-10-07,9_10,13.0,11.441949346698381,11.062489,11.44182411721134,10.168377677839606,9.820405603260356,mid volume
2025-10-08,9_10,13.0,12.693640436139152,12.222556,11.580243359381775,10.1732636203133,10.27290677786766,mid volume
2025-10-09,9_10,15.0,13.736875046817865,13.31977,12.649583054078274,10.175108391846292,9.999060795868989,mid volume
2025-10-10,9_10,27.0,14.581354588831827,14.192822,13.711449717263605,10.175804917036112,10.635294297671104,mid volume
2025-10-11,9_10,19.0,16.628477580976178,16.4431,12.644389053337425,10.176067902089478,10.651405151626257,mid volume
2025-10-12,9_10,6.0,13.403584203775276,13.148858,10.691326115761004,10.176167196615083,10.580241099979565,mid volume
2025-10-13,9_10,10.0,11.267411082984085,11.620733,8.235265791603027,10.17620468696934,10.564884980168706,mid volume
2025-10-14,9_10,14.0,11.101914178554148,11.507059,8.929828173845417,10.176218842096763,10.799041979770509,mid volume
2025-10-15,9_10,11.0,12.634467644058734,12.922395,11.228794722395236,10.176224186608339,10.517302611795296,mid volume
2025-10-16,9_10,12.0,14.381499953187024,14.575679,14.243386662963196,10.176226204520516,10.692062359424408,mid volume
2025-10-17,9_10,36.0,28.08365635017792,29.285967,29.064634711955428,10.17622696641793,10.290545671849689,mid volume
2025-10-18,9_10,39.0,31.119183327057318,32.309376,30.002081313104217,10.17622725408539,10.28061220091645,mid volume
2025-10-19,9_10,22.801658922468416,26.681246718796796,27.63953,25.608399021513193,10.176227362699182,10.325691856110936,mid volume
2025-10-20,9_10,21.0,23.23149919219954,22.750664,22.815982227497674,10.176227403708186,10.335436063839431,mid volume
2025-10-21,9_10,30.0,23.555377073589167,22.643154,23.725458945736328,10.17622741919184,10.187440628117264,mid volume
2025-10-22,9_10,10.0,14.79720904065995,15.330204,12.65081584916623,10.17622742503796,10.36553302407477,mid volume
2025-10-23,9_10,28.0,15.65211189162364,14.140584,15.502709560132796,10.176227427245262,10.255070033585621,mid volume
2025-10-24,9_10,15.0,17.122967792830174,16.173212,16.00439705547671,10.176227428078667,10.50886855359323,mid volume
2025-10-25,9_10,13.0,16.834004730606065,15.405261,15.555100611637359,10.176227428393332,10.515147805738613,mid volume
2025-10-26,9_10,20.0,12.857664051441464,12.405745,13.42310347928465,10.17622742851214,10.486653199672663,mid volume
2025-10-27,9_10,7.0,12.543425828522313,12.921978,13.79120785642583,10.176227428556999,10.480493960737686,mid volume
2025-10-28,9_10,12.0,12.178740510492933,12.381315,15.098686007069167,10.176227428573936,10.57404151508196,mid volume
2025-10-29,9_10,15.0,13.455290376110808,13.997515,15.800592652163413,10.176227428580331,10.461469776216331,mid volume
2025-10-30,9_10,8.0,15.93739543097154,16.243647,17.261708753871876,10.176227428582745,10.5312931518703,mid volume
2025-10-31,9_10,25.0,15.848365512917244,17.095692,18.825639823200035,10.176227428583656,10.370867759955814,mid volume
2025-11-01,9_10,18.0,18.603992125773406,19.280802,20.83676621983803,10.176227428584001,10.366898661229522,mid volume
2025-11-02,9_10,18.0,15.776275749295987,15.510576,17.99163657935657,10.17622742858413,10.384910028752783,mid volume
2025-11-03,9_10,17.0,14.153946700067621,14.032284,16.092833768122766,10.17622742858418,10.388803267939686,mid volume
2025-11-04,9_10,14.0,14.116851481200696,13.695867,15.34269735565508,10.176227428584198,10.329672098984089,mid volume
2025-11-05,9_10,14.0,13.92453732835669,13.691348,11.948780649326013,10.176227428584205,10.400828406179354,mid volume
2025-11-06,9_10,12.0,13.996041427161934,14.697403,12.344431226862048,10.176227428584207,10.356693229656486,mid volume
2025-11-07,9_10,18.0,17.003439242974803,16.983116,16.791028735234406,10.176227428584209,10.458097708103722,mid volume
2025-11-08,9_10,23.0,18.465166947709914,18.2951,17.264803889352997,10.176227428584209,10.46060656522122,mid volume
2025-11-09,9_10,21.0,14.189883246356185,14.033884,13.392907616886017,10.176227428584209,10.449221626041961,mid volume
2025-11-10,9_10,9.0,13.014024369755727,12.863772,9.9938731480729,10.176227428584209,10.446760719545258,mid volume
2025-11-11,9_10,11.0,12.944036054489084,13.105283,10.438054822622536,10.176227428584209,10.484137379662949,mid volume
2025-11-12,9_10,12.0,13.847894679599994,14.060967,10.374568846817112,10.176227428584209,10.439159660530398,mid volume
2025-11-13,9_10,12.0,16.507412567490196,16.446356,13.915317669734128,10.176227428584209,10.467057392323374,mid volume
2025-11-14,9_10,9.0,18.603897440380692,18.571163,14.925033956942093,10.176227428584209,10.402959881784106,mid volume
2025-11-15,9_10,17.0,17.85422335322604,18.37936,15.089321971328237,10.176227428584209,10.401374039639926,mid volume
2025-11-16,9_10,10.0,15.352526739723542,15.54843,12.137570104539682,10.176227428584209,10.408570430472025,mid volume
2025-11-17,9_10,16.0,12.931422779437382,12.591463,8.847374515109758,10.176227428584209,10.410125963151883,mid volume
2025-11-18,9_10,11.0,13.016043348860862,12.422241,9.922886449447828,10.176227428584209,10.386500272230718,mid volume
2025-11-19,9_10,13.0,13.691633800174214,13.633033,11.71695020645491,10.176227428584209,10.414930573044613,mid volume
2025-11-20,9_10,22.0,15.526206680276042,15.72044,13.487706480677696,10.176227428584209,10.397296488386779,mid volume
2025-11-21,9_10,12.0,17.625456362724496,17.97772,16.339965437589516,10.176227428584209,10.43781236027176,mid volume
2025-11-22,9_10,10.0,18.311210863843595,18.232738,17.316325381870342,10.176227428584209,10.438814767020522,mid volume
2025-11-23,9_10,12.0,14.41060829841101,14.519713,14.073327471896842,10.176227428584209,10.434265946847406,mid volume
2025-11-24,9_10,5.0,12.77709688351655,13.168529,13.03698000138977,10.176227428584209,10.433282698633244,mid volume
2025-11-25,9_10,15.0,11.99544977091225,12.195286,12.720672227244918,10.176227428584209,10.448216437221573,mid volume
2025-11-26,9_10,14.0,13.406062125168509,13.089106,13.198043699122463,10.176227428584209,10.430245717052628,mid volume
2025-11-27,9_10,20.0,15.16248897633937,15.242147,17.304858367494628,10.176227428584209,10.44139217670129,mid volume
2025-11-28,9_10,14.0,16.775240115527637,17.076256,16.37427701242595,10.176227428584209,10.415782198079818,mid volume
2025-11-29,9_10,19.0,17.652664887898677,17.92048,19.31684474367695,10.176227428584209,10.415148579346925,mid volume
2025-11-30,9_10,16.0,14.370984765213276,14.370848,16.267587433064822,10.176227428584209,10.41802387690234,mid volume
2025-12-01,9_10,15.0,13.38730415925535,13.1679125,16.474630721902287,10.176227428584209,10.41864538557469,mid volume
2025-12-02,9_10,17.0,12.499287355817478,12.363511,14.260770575513876,10.176227428584209,10.409205807745254,mid volume
2025-12-03,9_10,9.0,13.507540896362952,13.522875,14.280991589564717,10.176227428584209,10.420565053836407,mid volume
2025-12-04,9_10,22.0,15.385400891377312,14.971393,17.328629205991497,10.176227428584209,10.413519405303463,mid volume
2025-12-05,9_10,18.0,18.03881340127362,18.3559,20.354519674082205,10.176227428584209,10.429707407053844,mid volume
2025-12-06,9_10,15.0,19.164196423921354,18.743788,20.8165907097304,10.176227428584209,10.430107915828518,mid volume
2025-12-07,9_10,20.0,15.919311441963005,16.667267,19.87597345744464,10.176227428584209,10.428290447624116,mid volume
2025-12-08,9_10,13.0,14.965199149466944,14.783412,17.416327506307486,10.176227428584209,10.427897593587627,mid volume
2025-12-09,9_10,16.0,14.954505170182943,14.725523,19.107492910039493,10.176227428584209,10.4338643265039,mid volume
2025-12-10,9_10,18.0,16.671332206161136,16.210045,20.315068374936743,10.176227428584209,10.426684176206843,mid volume
2025-12-11,9_10,21.0,19.055980856983382,18.340235,22.465756213849737,10.176227428584209,10.431137712559591,mid volume
2025-12-12,9_10,35.0,25.810617130652975,26.579212,30.327240734320988,10.176227428584209,10.420905318204893,mid volume
2025-12-13,9_10,26.0,29.48665371010211,29.5563,29.24567903890947,10.176227428584209,10.420652157636455,mid volume
2025-12-14,9_10,43.0,25.682721739774458,26.370872,27.21620927758788,10.176227428584209,10.421800974623341,mid volume
2025-12-15,9_10,27.0,25.39104248049284,25.922922,24.758928232569648,10.176227428584209,10.422049296651421,mid volume
2025-12-16,9_10,30.0,25.5812172012634,26.415108,25.749228247298923,10.176227428584209,10.418277740090586,mid volume
2025-12-17,9_10,22.0,29.00313508307381,29.873423,24.805488155985994,10.176227428584209,10.422816294663189,mid volume
2025-12-18,9_10,27.0,32.25448835513791,33.50151,28.507690984197964,10.176227428584209,10.42000122576605,mid volume
2025-12-19,9_10,50.0,33.38622989952369,33.60107,27.971719880104228,10.176227428584209,10.426469095972923,mid volume
2025-12-20,9_10,41.0,42.242709216575406,39.920124,28.578240548638597,10.176227428584209,10.426629118118415,mid volume
2025-12-21,9_10,26.0,34.03116776111198,35.388596,26.560964005763424,10.176227428584209,10.425902953849812,mid volume
2025-12-22,9_10,12.0,31.05057714534619,30.957567,23.288699817527462,10.176227428584209,10.425745990133262,mid volume
2025-12-23,9_10,16.0,30.9270292019468,30.256111,24.788913143023077,10.176227428584209,10.428129981354452,mid volume
2025-12-24,9_10,26.0,32.97349515129094,33.213947,26.303672327117656,10.176227428584209,10.42526117265877,mid volume
2025-12-25,9_10,2.0,11.167296807070514,20.358433,25.459756684984416,10.176227428584209,10.427040570482871,mid volume
2025-12-26,9_10,28.0,28.312169737901662,26.915903,21.07729301988392,10.176227428584209,10.422952246326979,mid volume
2025-12-27,9_10,28.0,25.537241040628114,24.58646,24.630102480967516,10.176227428584209,10.422851096739562,mid volume
2025-12-28,9_10,17.0,20.13975981562148,19.398926,19.832865547592316,10.176227428584209,10.423310103309811,mid volume
2025-12-29,9_10,18.0,15.215325512749107,15.858525,14.811681927973302,10.176227428584209,10.423409319672144,mid volume
2025-12-30,9_10,24.0,15.433762266076764,16.357973,16.29360288736808,10.176227428584209,10.42190240494051,mid volume
2025-12-31,9_10,18.0,16.32927583344964,16.904242,15.107360171953767,10.176227428584209,10.423715771553331,mid volume
2025-10-01,11_27,9.0,11.96879265375268,11.807226,12.863636513868032,13.469434322752717,12.790248932737834,low volume
2025-10-02,11_27,14.0,13.488004560209058,13.315237,14.564429809844508,14.036505659607695,14.928549754276641,low volume
2025-10-03,11_27,15.0,15.525599987083197,15.076379,15.846235229397003,14.166725725847009,16.198878498018985,low volume
2025-10-04,11_27,17.0,16.014502142441195,15.775515,16.22745090594262,14.196628957679211,16.764480476271842,low volume
2025-10-05,11_27,14.0,12.961363111585166,12.941833,13.941870309723031,14.203495820059446,14.571643411220482,low volume
2025-10-06,11_27,10.0,11.154013199050494,10.984839,9.946720252234792,14.205072699749698,11.986008331950467,low volume
2025-10-07,11_27,6.0,11.152407418361834,10.954422,10.838108486406608,14.20543480829649,12.64878212042932,low volume
2025-10-08,11_27,14.0,11.065331131817706,10.888158,11.07244556037609,14.205517961501183,13.103771965293822,low volume
2025-10-09,11_27,16.0,13.175965783328776,13.117525,12.881391679252028,14.20553705648116,15.018721241135518,low volume
2025-10-10,11_27,9.0,14.445809156532297,14.68697,14.185491645531563,14.205541441378433,16.251977698262532,low volume
2025-10-11,11_27,15.0,15.171517059850917,15.061943,14.5419363417827,14.205542448309265,16.811522291689734,low volume
2025-10-12,11_27,9.0,12.033999012492439,11.824481,12.265173693816283,14.205542679536963,14.616576165177463,low volume
2025-10-13,11_27,7.0,10.144932326587076,10.26699,9.89640410778414,14.205542732635196,12.02952867132491,low volume
2025-10-14,11_27,9.0,9.838690565982338,9.731212,10.363362099185052,14.205542744828469,12.692588802117667,low volume
2025-10-15,11_27,21.0,10.723699020229885,10.670787,10.651178881993959,14.205542747628485,13.147790757218415,low volume
2025-10-16,11_27,6.0,12.972352763292838,12.719075,12.423422039741393,14.20554274827147,15.063653089652489,low volume
2025-10-17,11_27,17.0,13.125938519355747,13.337382,13.70075823591286,14.205542748419122,16.29749797139469,low volume
2025-10-18,11_27,7.0,14.28363680743683,14.062827,14.024190493654762,14.205542748453029,16.857309581321932,low volume
2025-10-19,11_27,14.0,10.865684051092506,10.864607,11.828316643745154,14.205542748460815,14.661315921903931,low volume
2025-10-20,11_27,10.0,9.911842990601343,9.86831,9.482462798827619,14.205542748462603,12.073033769729413,low volume
2025-10-21,11_27,8.0,9.742105616770834,9.755546,9.675766027581771,14.205542748463014,12.73641034309731,low volume
2025-10-22,11_27,8.0,10.228803823209455,10.270236,10.207980328941462,14.205542748463108,13.191829541417778,low volume
2025-10-23,11_27,11.0,11.270072807949743,11.364747,11.832705722152479,14.20554274846313,15.108606211173633,low volume
2025-10-24,11_27,16.0,12.58470787119682,12.79586,13.182551943855499,14.205542748463134,16.343039940250254,low volume
2025-10-25,11_27,9.0,13.615929424450341,13.461323,13.587907071547082,14.205542748463136,16.90311871793849,low volume
2025-10-26,11_27,11.0,11.075217236925736,10.87769,11.243184556492572,14.205542748463136,14.706077029685524,low volume
2025-10-27,11_27,8.0,9.731270268367325,9.606002,8.736648799384229,14.205542748463136,12.11655963062546,low volume
2025-10-28,11_27,8.0,9.620798901991044,9.488035,8.966738422375107,14.205542748463136,12.780252797702241,low volume
2025-10-29,11_27,9.0,10.12088038990091,9.879912,9.37967735199343,14.205542748463136,13.235889342939801,low volume
2025-10-30,11_27,26.0,11.707283624913313,11.555912,11.032846467463012,14.205542748463136,15.153580786384302,low volume
2025-10-31,11_27,15.0,13.6378423945987,13.243264,12.262752066833345,14.205542748463136,16.388603643820815,low volume
2025-11-01,11_27,9.0,14.363885586273659,13.82059,12.660864652158736,14.205542748463136,16.948949716774838,low volume
2025-11-02,11_27,5.0,10.478216120202568,10.6323805,10.17920300041044,14.205542748463136,14.75085949951952,low volume
2025-11-03,11_27,11.0,8.772117816762707,8.774774,7.798857252125411,14.205542748463136,12.160106264057477,low volume
2025-11-04,11_27,3.0,8.67678297738067,8.683512,7.909485597702742,14.205542748463136,12.824116175936172,low volume
2025-11-05,11_27,8.0,8.474501178812508,8.99909,8.281017770135911,14.205542748463136,13.279970171818738,low volume
2025-11-06,11_27,8.0,9.860765689318603,10.30248,10.026964373763413,14.205542748463136,15.19857682552382,low volume
2025-11-07,11_27,8.0,11.109325954297567,11.255927,11.120638805605749,14.205542748463136,16.434189092479286,low volume
2025-11-08,11_27,19.0,11.593235636776445,11.923127,11.457836045157855,14.205542748463136,16.99480258826465,low volume
2025-11-09,11_27,12.0,9.648808069165444,9.912802,9.07416423660188,14.205542748463136,14.795663341600878,low volume
2025-11-10,11_27,12.0,8.748524800769296,8.987426,6.63005704437835,14.205542748463136,12.203673679939078,low volume
2025-11-11,11_27,8.0,8.815196269887682,9.002624,6.932245969772349,14.205542748463136,12.868000487784824,low volume
2025-11-12,11_27,11.0,9.284380194169874,9.369659,7.3415285175675296,14.205542748463136,13.32407203808981,low volume
2025-11-13,11_27,11.0,10.569003418043302,10.672679,8.93658084730305,14.205542748463136,15.24359433883576,low volume
2025-11-14,11_27,13.0,11.833175968306506,11.828997,10.218155613038729,14.205542748463136,16.479796296603418,low volume
2025-11-15,11_27,20.0,12.460605466520729,12.538398,10.592835213610293,14.205542748463136,17.040677342846557,low volume
2025-11-16,11_27,11.0,10.451355382179267,10.329794,8.28841274322838,14.205542748463136,14.840488566129412,low volume
2025-11-17,11_27,6.0,9.102538700007326,9.331475,5.934463459231396,14.205542748463136,12.247261888188595,low volume
2025-11-18,11_27,8.0,8.70313220409806,8.721967,6.328972605194904,14.205542748463136,12.911905743238677,low volume
2025-11-19,11_27,8.0,9.27037829427999,9.240157,6.860611509579848,14.205542748463136,13.368194951793026,low volume
2025-11-20,11_27,8.0,10.607042731397632,10.571915,8.670783808856624,14.205542748463136,15.288633336568584,low volume
2025-11-21,11_27,14.0,11.497410191631447,11.244713,9.980530101926517,14.205542748463136,16.52542526657592,low volume
2025-11-22,11_27,17.0,12.438343362162735,12.175897,10.469669940557319,14.205542748463136,17.086573990964173,low volume
2025-11-23,11_27,12.0,9.931859536643627,10.155895,8.187895641119903,14.205542748463136,14.885335183309802,low volume
2025-11-24,11_27,5.0,8.781257471330836,8.915747,5.859808703253241,14.205542748463136,12.290870898729096,low volume
2025-11-25,11_27,5.0,8.48861009543264,8.339594,6.542197863151457,14.205542748463136,12.955831952292971,low volume
2025-11-26,11_27,11.0,8.404993019934569,8.488296,6.949970195494084,14.205542748463136,13.412338922973175,low volume
2025-11-27,11_27,6.0,10.294573474433914,10.033278,8.885248805871282,14.205542748463136,15.333693828975631,low volume
2025-11-28,11_27,10.0,10.680074994362343,10.53187,10.416501775293229,14.205542748463136,16.571076012784438,low volume
2025-11-29,11_27,11.0,10.820687245366853,10.775236,10.89774944687509,14.205542748463136,17.13249254306609,low volume
2025-11-30,11_27,11.0,8.551332710764548,8.75184,8.53161041765882,14.205542748463136,14.930203203351601,low volume
2025-12-01,11_27,8.0,7.775004749586647,7.8665752,6.239888116724492,14.205542748463136,12.33450072148839,low volume
2025-12-02,11_27,5.0,7.517062602706901,7.699435,6.788876398211114,14.205542748463136,12.999779124947727,low volume
2025-12-03,11_27,10.0,7.971647280410034,8.152145,7.331363852766642,14.205542748463136,13.456503961679857,low volume
2025-12-04,11_27,13.0,9.382428405181448,9.224477,9.124522595107225,14.205542748463136,15.378775826315154,low volume
2025-12-05,11_27,9.0,11.045309898134603,11.024129,10.495303503865559,14.205542748463136,16.616748545621604,low volume
2025-12-06,11_27,16.0,11.742699198741414,11.885897,11.044147917538623,14.205542748463136,17.1784330096059,low volume
2025-12-07,11_27,10.0,10.03626439981683,9.9305105,8.756482694499576,14.205542748463136,14.97509263646924,low volume
2025-12-08,11_27,6.0,9.01956121671693,8.929418,6.596325447584043,14.205542748463136,12.378151366399022,low volume
2025-12-09,11_27,6.0,8.778826885177045,8.970877,7.064291520490944,14.205542748463136,13.04374727120774,low volume
2025-12-10,11_27,6.0,9.241443182784662,9.32523,7.456847473852907,14.205542748463136,13.50069007796746,low volume
2025-12-11,11_27,10.0,10.748187802966253,10.617387,9.238677560647641,14.205542748463136,15.42387933885029,low volume
2025-12-12,11_27,11.0,12.121421276985,12.299746,10.661313247292009,14.205542748463136,16.662442875484995,low volume
2025-12-13,11_27,13.0,12.735448620935717,12.99572,11.232459757022474,14.205542748463136,17.22439540104218,low volume
2025-12-14,11_27,9.0,10.545797797092336,10.871842,8.933882543503634,14.205542748463136,15.02000349288202,low volume
2025-12-15,11_27,6.0,9.358402513037001,9.444345,6.52280826890766,14.205542748463136,12.42182284339828,low volume
2025-12-16,11_27,10.0,9.145561330459142,9.156218,6.947617687920362,14.205542748463136,13.087736401082575,low volume
2025-12-17,11_27,6.0,10.310846262408486,10.624118,7.517970754904341,14.205542748463136,13.544897281895175,low volume
2025-12-18,11_27,14.0,11.76223497240574,11.341858,10.175148838584082,14.205542748463136,15.469004376849076,low volume
2025-12-19,11_27,14.0,13.388130999921238,13.322098,11.426050514411559,14.205542748463136,16.708159012777145,low volume
2025-12-20,11_27,13.0,14.461394061047796,14.477938,11.933944445773786,14.205542748463136,17.270379727838492,low volume
2025-12-21,11_27,14.0,12.570420604015137,12.693475,9.62351157751254,14.205542748463136,15.06493578281412,low volume
2025-12-22,11_27,10.0,11.184053971554107,11.625728,7.284309051333821,14.205542748463136,12.46551516242819,low volume
2025-12-23,11_27,12.0,11.541341629958843,11.901477,7.6909890051824155,14.205542748463136,13.131746524586577,low volume
2025-12-24,11_27,7.0,12.39655490247866,12.209756,8.187223480561874,14.205542748463136,13.589125583526991,low volume
2025-12-25,11_27,2.0,1.9026599758605456,5.898787,8.215210019015322,14.205542748463136,15.514150950584456,low volume
2025-12-26,11_27,13.0,13.340816587171503,13.789645,9.506035055115134,14.205542748463136,16.753896967905565,low volume
2025-12-27,11_27,10.0,11.928854873824296,11.914023,11.646169641033186,14.205542748463136,17.316386000463396,low volume
2025-12-28,11_27,6.0,9.549064920977285,9.198809,9.374181519045148,14.205542748463136,15.109889516494595,low volume
2025-12-29,11_27,12.0,7.835777216541827,8.160827,7.203993713610756,14.205542748463136,12.509228333435523,low volume
2025-12-30,11_27,7.0,7.859108883513209,8.194124,7.5299315982418635,14.205542748463136,13.175777651738862,low volume
2025-12-31,11_27,6.0,8.099708843432193,8.39858,7.954941922249031,14.205542748463136,13.633374992931694,low volume
2025-10-01,12_9,21.0,14.516823663523164,15.31612,17.290814103896043,16.538507814749117,15.560210940307003,mid volume
2025-10-02,12_9,23.0,16.395261102577408,16.866377,19.00303545559735,15.569382182905727,15.960672354318119,mid volume
2025-10-03,12_9,21.0,19.890045024607023,19.652285,21.94644117476689,15.29805281394233,17.925584751554172,mid volume
2025-10-04,12_9,22.0,20.479040636170147,20.297272,23.73670161960334,15.222087816172081,19.584285093466725,mid volume
2025-10-05,12_9,17.0,16.158533037644673,15.702165,17.8427505062015,15.200819639755055,15.289101570934855,mid volume
2025-10-06,12_9,17.0,12.880186550212228,12.8042,12.980586462430718,15.194865116732837,14.004577920903031,mid volume
2025-10-07,12_9,18.0,13.916481742452175,13.868706,15.202714969100969,15.193198008856406,13.861813934426804,mid volume
2025-10-08,12_9,21.0,15.4161574263037,16.165144,16.930251660201975,15.192731263046324,14.418017933501607,mid volume
2025-10-09,12_9,19.0,17.12605374731117,16.099794,17.89054016392929,15.192600586649009,15.714723801283398,mid volume
2025-10-10,12_9,25.0,22.89894551946539,23.864925,24.87813159352474,15.192564000737692,17.836542546760096,mid volume
2025-10-11,12_9,26.0,25.03620411131231,26.065338,26.76859137988023,15.19255375765681,19.520464537122994,mid volume
2025-10-12,12_9,21.0,20.350860472092954,20.476156,20.838036055280146,15.192550889866938,15.240425072809032,mid volume
2025-10-13,12_9,18.0,19.06154268121351,18.57408,19.740612444879005,15.192550086962143,13.959807735941972,mid volume
2025-10-14,12_9,15.0,17.87675842882112,16.755697,18.537213406833704,15.192549862170182,13.817542628554982,mid volume
2025-10-15,12_9,19.0,19.12477022815169,19.069883,19.987910722789465,15.192549799234419,14.372492966384483,mid volume
2025-10-16,12_9,9.0,17.031925690847117,16.368181,16.969340159017175,15.192549781614082,15.66621057841837,mid volume
2025-10-17,12_9,18.0,17.96117532011063,18.227612,19.925412954904026,15.192549776680856,17.783131614566763,mid volume
2025-10-18,12_9,16.0,19.531494131069067,19.52077,22.076699625329084,15.192549775299684,19.463166069867327,mid volume
2025-10-19,12_9,15.0,15.488410706819101,14.900417,15.68443894659707,15.192549774912992,15.1930080709819,mid volume
2025-10-20,12_9,20.0,13.839836378469297,13.733283,14.499685818670525,15.192549774804728,13.91534733293693,mid volume
2025-10-21,12_9,22.801658922468416,14.649241703770983,14.690729,15.00479563429067,15.192549774774418,13.773410677573507,mid volume
2025-10-22,12_9,11.0,15.97802125518226,15.757517,15.01368127243944,15.192549774765933,14.327079787951115,mid volume
2025-10-23,12_9,19.0,18.073785048692933,17.939955,17.125982359863308,15.192549774763556,15.617810562012805,mid volume
2025-10-24,12_9,24.0,20.194626177539888,19.893492,19.619600060452036,15.192549774762892,17.729844209955925,mid volume
2025-10-25,12_9,16.0,20.873600044728708,20.922977,21.224614090898115,15.192549774762705,19.405999927954102,mid volume
2025-10-26,12_9,12.0,16.807550799828622,16.199715,15.635338993959154,15.192549774762654,15.1457005489738,mid volume
2025-10-27,12_9,12.0,15.559357324996833,15.79351,15.296153124312314,15.19254977476264,13.870989578030485,mid volume
2025-10-28,12_9,23.0,15.765445225222402,16.082901,15.442140359779055,15.192549774762636,13.72938061535108,mid volume
2025-10-29,12_9,22.0,16.584621444838263,16.79576,16.000180189014255,15.192549774762634,14.281771456092358,mid volume
2025-10-30,12_9,18.0,18.751735004892627,18.811974,17.75968315682005,15.192549774762634,15.569522287935424,mid volume
2025-10-31,12_9,23.0,20.72680208923039,20.811556,20.77101156279852,15.192549774762634,17.67667983130187,mid volume
2025-11-01,12_9,37.0,39.8154447033848,42.707672,33.953197180906564,15.192549774762634,19.348965766933787,mid volume
2025-11-02,12_9,43.0,33.47689578692907,31.64301,28.96846806799865,15.192549774762634,15.09850224701761,mid volume
2025-11-03,12_9,33.0,32.432555480247665,32.26564,27.66600685258814,15.192549774762634,13.826734232975294,mid volume
2025-11-04,12_9,31.0,35.228490525004716,32.26825,28.327997710894866,15.192549774762634,13.685452206427655,mid volume
2025-11-05,12_9,34.0,34.681170478872794,33.302944,28.954945385791753,15.192549774762634,14.23656772870548,mid volume
2025-11-06,12_9,37.0,40.46906567619866,38.9541,30.00931959835257,15.192549774762634,15.521345498196588,mid volume
2025-11-07,12_9,59.0,43.74746052952629,45.51473,33.7544694755839,15.192549774762634,17.623638194570184,mid volume
2025-11-08,12_9,29.0,28.721937984777288,22.859306,23.701879545563894,15.192549774762634,19.292063282098578,mid volume
2025-11-09,12_9,19.0,18.943077952765304,16.456387,18.10295551162183,15.192549774762634,15.051412912954238,mid volume
2025-11-10,12_9,17.0,18.146019124872222,16.566614,17.205601751662606,15.192549774762634,13.78258106133518,mid volume
2025-11-11,12_9,13.0,17.077062168026302,15.478372,16.807419501672857,15.192549774762634,13.641625216113733,mid volume
2025-11-12,12_9,23.0,17.417855994220545,16.344917,17.35431415495663,15.192549774762634,14.191468364287541,mid volume
2025-11-13,12_9,27.0,20.88781169845276,19.305136,19.519299485545254,15.192549774762634,15.473279935409638,mid volume
2025-11-14,12_9,17.0,23.44401184751791,22.776442,22.378908463492422,15.192549774762634,17.570719016383553,mid volume
2025-11-15,12_9,26.0,25.080870044539747,24.284733,24.219551957209877,15.192549774762634,19.235292169444396,mid volume
2025-11-16,12_9,22.0,19.97992229594285,19.29594,18.54510799317366,15.192549774762634,15.004432295206804,mid volume
2025-11-17,12_9,19.0,19.019358061323615,18.543598,17.5646538554987,15.192549774762634,13.738529827219837,mid volume
2025-11-18,12_9,20.0,19.013516815613176,18.081087,17.124163623943147,15.192549774762634,13.597899410261649,mid volume
2025-11-19,12_9,14.0,18.569258905892486,18.515821,17.49543925920695,15.192549774762634,14.146473121893159,mid volume
2025-11-20,12_9,15.0,20.346617177571442,20.210205,18.969714081066847,15.192549774762634,15.425325342782141,mid volume
2025-11-21,12_9,30.0,22.30286528398756,23.358194,22.28395904768543,15.192549774762634,17.517922014018886,mid volume
2025-11-22,12_9,19.0,24.357162276936037,24.420025,24.08344285075989,15.192549774762634,19.17865212566902,mid volume
2025-11-23,12_9,18.0,18.948178584473826,19.068468,18.924323585774065,15.192549774762634,14.957560142779247,mid volume
2025-11-24,12_9,17.0,17.109111171451335,17.195522,18.43837344049813,15.192549774762634,13.694580295283572,mid volume
2025-11-25,12_9,13.0,16.20395407542181,15.618914,16.916938819178412,15.192549774762634,13.554274555264323,mid volume
2025-11-26,12_9,19.0,17.68211719220117,17.518047,18.641816361037172,15.192549774762634,14.10158176113323,mid volume
2025-11-27,12_9,15.0,19.749506307916047,19.541065,19.949843885543668,15.192549774762634,15.377481464114535,mid volume
2025-11-28,12_9,18.0,21.6897945096014,21.104504,22.477885834025315,15.192549774762634,17.46524690540582,mid volume
2025-11-29,12_9,15.0,23.251557225535777,22.242914,24.806601534306118,15.192549774762634,19.12214284817047,mid volume
2025-11-30,12_9,20.0,20.18611982351837,18.878391,20.57016946711147,15.192549774762634,14.910796205254982,mid volume
2025-12-01,12_9,14.0,18.05143675317207,17.605589,20.21688147704134,15.192549774762634,13.650732230724032,mid volume
2025-12-02,12_9,15.0,18.042410430213526,17.152374,19.76768562952418,15.192549774762634,13.510750418054002,mid volume
2025-12-03,12_9,19.0,19.038782627652942,19.059875,20.88469886036223,15.192549774762634,14.056794042173639,mid volume
2025-12-04,12_9,21.0,22.77380445128584,22.277285,23.155567267687218,15.192549774762634,15.329748043798743,mid volume
2025-12-05,12_9,28.0,25.48030206208614,24.877562,26.672141899655927,15.192549774762634,17.412693409125225,mid volume
2025-12-06,12_9,28.0,27.26487920753389,27.372908,28.544430478891776,15.192549774762634,19.065764035045394,mid volume
2025-12-07,12_9,31.0,22.88078641260465,23.666391,23.704397016027112,15.192549774762634,14.864140232795581,mid volume
2025-12-08,12_9,19.0,22.38472310962345,23.834887,22.352935443439947,15.192549774762634,13.606985399280966,mid volume
2025-12-09,12_9,27.0,21.271172629803484,22.167984,22.103034512056865,15.192549774762634,13.467326766101035,mid volume
2025-12-10,12_9,13.0,23.526759695429398,24.242779,23.7643422215034,15.192549774762634,14.012109725733993,mid volume
2025-12-11,12_9,22.0,25.89119981802742,24.906874,25.694141157287223,15.192549774762634,15.282124826816831,mid volume
2025-12-12,12_9,35.0,27.589641362756588,27.5285,28.442279379210873,15.192549774762634,17.360261244407692,mid volume
2025-12-13,12_9,46.0,29.87874721325866,29.186926,29.681524808504143,15.192549774762634,19.009515385087454,mid volume
2025-12-14,12_9,20.0,27.1669157069498,24.557276,24.374921389315283,15.192549774762634,14.817591976139411,mid volume
2025-12-15,12_9,29.0,24.064429152427657,24.763784,23.96879487267769,15.192549774762634,13.563339567234964,mid volume
2025-12-16,12_9,25.0,25.422594252029974,26.226925,23.415520729389637,15.192549774762634,13.42400336741261,mid volume
2025-12-17,12_9,13.0,24.919235055092834,26.625599,23.45522719695652,15.192549774762634,13.967528573086321,mid volume
2025-12-18,12_9,40.0,29.263862517084526,29.591284,27.137712491551426,15.192549774762634,15.234611558739623,mid volume
2025-12-19,12_9,26.0,37.201616626405,38.055866,30.381068564572765,15.192549774762634,17.307950131132024,mid volume
2025-12-20,12_9,38.0,37.37064045771844,39.910343,31.49657891986399,15.192549774762634,18.95339659778571,mid volume
2025-12-21,12_9,21.0,32.48705561387082,35.00198,25.79509687999988,15.192549774762634,14.77115118660032,mid volume
2025-12-22,12_9,31.0,30.837573164136447,35.064907,24.537751182197503,15.192549774762634,13.519794501406205,mid volume
2025-12-23,12_9,26.0,32.229650709523845,35.39876,23.720705427113252,15.192549774762634,13.38077999053152,mid volume
2025-12-24,12_9,31.0,31.738639620867485,34.062565,23.88434788794195,15.192549774762634,13.923050346053813,mid volume
2025-12-25,12_9,3.0,6.991174372675576,12.740376,21.995637101839122,15.192549774762634,15.187207985725344,mid volume
2025-12-26,12_9,31.0,33.82343296139997,33.09901,24.79770445972621,15.192549774762634,17.255759789823742,mid volume
2025-12-27,12_9,35.0,28.42467622488637,29.875956,29.502567708253125,15.192549774762634,18.897407373323013,mid volume
2025-12-28,12_9,16.0,24.204254257906193,25.35224,23.484671160440293,15.192549774762634,14.724817616066304,mid volume
2025-12-29,12_9,17.0,19.911330998129245,18.963009,21.18800000417196,15.192549774762634,13.476349969153215,mid volume
2025-12-30,12_9,14.0,17.43807544670623,17.512161,20.87626501050839,15.192549774762634,13.33765640453493,mid volume
2025-12-31,12_9,17.0,17.571367683905237,16.936148,21.5376271083459,15.192549774762634,13.878674807009537,mid volume
2025-10-01,12_30,3.0,3.8724109241903717,4.139995,3.350911463883867,4.420878571406369,4.427190145291507,low volume
2025-10-02,12_30,1.0,4.263440279890924,4.648371,3.8424907828476713,4.438525330234994,4.468253347305152,low volume
2025-10-03,12_30,6.0,4.849705840901876,5.084367,4.105081788758707,4.439265230335194,4.466151808818434,low volume
2025-10-04,12_30,2.0,5.067559502480493,5.231622,4.312511975888902,4.439296253151542,4.436538746216191,low volume
2025-10-05,12_30,2.0,4.2952245458117755,4.152338,3.9152738187666856,4.439297553888133,4.496733315203238,low volume
2025-10-06,12_30,4.0,3.2964577206021546,3.1859903,3.7429151355098114,4.439297608425918,4.42589179614379,low volume
2025-10-07,12_30,4.0,3.536580444013613,3.1802492,4.368683021031994,4.439297610712599,4.441439441797455,low volume
2025-10-08,12_30,2.0,3.4653159882055564,3.4153938,3.2596358774738055,4.4392976108084765,4.438334877064894,low volume
2025-10-09,12_30,2.0,3.956741886616672,3.8171809,4.432464577417582,4.439297610812496,4.4240193605317195,low volume
2025-10-10,12_30,7.0,4.486015870980137,4.2321997,4.704560953597169,4.439297610812665,4.425754512452071,low volume
2025-10-11,12_30,3.0,4.678718259943098,4.57681,4.5466572190248575,4.439297610812672,4.443873270597493,low volume
2025-10-12,12_30,2.0,3.948226083023099,3.7041905,4.021307009219498,4.439297610812672,4.407082285003573,low volume
2025-10-13,12_30,0.0,3.5568329035967015,3.283666,3.99947734665332,4.439297610812672,4.4503816573131445,low volume
2025-10-14,12_30,2.0,3.245098087989961,3.2018447,4.517349368540524,4.439297610812672,4.440878717544136,low volume
2025-10-15,12_30,6.0,3.374044835503195,3.134923,3.617000451085515,4.439297610812672,4.442776271519965,low volume
2025-10-16,12_30,2.0,3.627100921730859,3.5170493,4.341054028059324,4.439297610812672,4.45152611790372,low volume
2025-10-17,12_30,3.0,4.205017621535138,3.9948888,4.267827489132109,4.439297610812672,4.4504655684841605,low volume
2025-10-18,12_30,8.0,4.378844727549531,4.201199,3.754891191900976,4.439297610812672,4.439391126983857,low volume
2025-10-19,12_30,7.0,3.8548946525274377,3.7054513,3.7698970380174965,4.439297610812672,4.461878298258424,low volume
2025-10-20,12_30,4.0,3.4601133295970556,3.4849887,3.90377542432462,4.439297610812672,4.435413108878787,low volume
2025-10-21,12_30,1.0,3.40969617614729,3.403287,2.414451741318715,4.439297610812672,4.441221440206364,low volume
2025-10-22,12_30,1.0,3.7717604223808143,3.4529822,3.4316507561637803,4.439297610812672,4.44006162835114,low volume
2025-10-23,12_30,4.0,3.955618227018574,3.777507,3.202410703147789,4.439297610812672,4.434713598362778,low volume
2025-10-24,12_30,1.0,4.4875437204222495,4.223718,3.875140720426805,4.439297610812672,4.435361821183064,low volume
2025-10-25,12_30,6.0,4.582899980210467,4.1937866,4.232539678242596,4.439297610812672,4.442130676617822,low volume
2025-10-26,12_30,4.0,3.7658939113858083,3.4422934,3.445913413735585,4.439297610812672,4.4283861991658435,low volume
2025-10-27,12_30,4.0,3.291974544187759,3.0456657,2.7327626697231255,4.439297610812672,4.444562097603641,low volume
2025-10-28,12_30,1.0,2.957645739596287,3.0639293,1.904245007545845,4.439297610812672,4.441011963263009,low volume
2025-10-29,12_30,3.0,3.095585332744209,3.2278929,2.4413418879265794,4.439297610812672,4.441720856689312,low volume
2025-10-30,12_30,6.0,3.4312288189783438,3.6098971,2.849080524299625,4.439297610812672,4.444989648334558,low volume
2025-10-31,12_30,2.0,4.004542287240482,4.0901318,3.0554632768725654,4.439297610812672,4.444593445369388,low volume
2025-11-01,12_30,2.0,4.4458852767901815,4.1774707,3.7791373761713447,4.439297610812672,4.440456225095535,low volume
2025-11-02,12_30,4.0,3.4444335240881068,3.171944,2.374182272873028,4.439297610812672,4.448857044305802,low volume
2025-11-03,12_30,1.0,3.1785825718581786,2.9200747,2.970801291372296,4.439297610812672,4.438970106165421,low volume
2025-11-04,12_30,0.0,2.960650219570225,2.3305955,1.5757009502771882,4.439297610812672,4.441139998536521,low volume
2025-11-05,12_30,1.0,3.089048722875229,2.5629086,2.0709381808714746,4.439297610812672,4.440706712837991,low volume
2025-11-06,12_30,2.0,3.5220871058196392,3.3564174,3.3702511018106884,4.439297610812672,4.438708781105505,low volume
2025-11-07,12_30,4.0,3.7515417669053734,3.2711437,2.6889953614836863,4.439297610812672,4.43895094596718,low volume
2025-11-08,12_30,4.0,3.89790137667167,3.275288,3.0051073981526826,4.439297610812672,4.441479673572513,low volume
2025-11-09,12_30,1.0,3.0908122828990265,2.915083,2.2932487601759175,4.439297610812672,4.4363449739340455,low volume
2025-11-10,12_30,1.0,2.660715271581637,2.4678292,2.287697917313006,4.439297610812672,4.442388010502778,low volume
2025-11-11,12_30,22.801658922468416,2.607028978381143,2.4171042,2.1012843021906282,4.439297610812672,4.441061741564651,low volume
2025-11-12,12_30,2.0,3.326412762200306,2.9510603,2.569502582504277,4.439297610812672,4.441326571917966,low volume
2025-11-13,12_30,2.0,3.0855692369488747,2.7818742,2.351244287594282,4.439297610812672,4.442547736079188,low volume
2025-11-14,12_30,0.0,3.161908714589758,3.0810354,2.5954833798489263,4.439297610812672,4.4423997214872095,low volume
2025-11-15,12_30,3.0,3.4812796189518123,3.1843083,2.6449647990088456,4.439297610812672,4.4408541273736,low volume
2025-11-16,12_30,3.0,2.935922010709161,2.7536783,1.9164292615873757,4.439297610812672,4.443992528488702,low volume
2025-11-17,12_30,1.0,2.529079451006885,2.6030986,1.922372892579567,4.439297610812672,4.4402989389817655,low volume
2025-11-18,12_30,3.0,2.4854467950487646,2.4099035,1.7220825219751759,4.439297610812672,4.441109573333804,low volume
2025-11-19,12_30,4.0,2.80586553631046,2.8335648,2.37210424274428,4.439297610812672,4.440947705272442,low volume
2025-11-20,12_30,2.0,3.1963415501483237,3.2154913,3.012023958131767,4.439297610812672,4.4402013124481,low volume
2025-11-21,12_30,4.0,3.7080007199641636,3.750979,2.72569426806943,4.439297610812672,4.440291781062279,low volume
2025-11-22,12_30,3.0,3.9596774585936796,3.8910196,2.901861723276518,4.439297610812672,4.441236470066736,low volume
2025-11-23,12_30,1.0,3.097446671979114,3.058568,1.6490222110244988,4.439297610812672,4.439318234872317,low volume
2025-11-24,12_30,3.0,2.547070942834506,2.4869115,1.195986134876941,4.439297610812672,4.441575809072074,low volume
2025-11-25,12_30,4.0,2.799068920948678,2.694969,2.5355245482462014,4.439297610812672,4.441080337879305,low volume
2025-11-26,12_30,2.0,2.883581209473608,2.98643,1.7307079073535225,4.439297610812672,4.441179273930106,low volume
2025-11-27,12_30,3.0,3.2959878480432785,3.3849144,2.837518530710742,4.439297610812672,4.441635479791627,low volume
2025-11-28,12_30,4.0,3.8946174085656087,3.8598266,3.8151680441128755,4.439297610812672,4.441580184093803,low volume
2025-11-29,12_30,6.0,4.1351197956134405,3.950967,3.6375879473230786,4.439297610812672,4.441002776799558,low volume
2025-11-30,12_30,2.0,3.2115307929468733,3.377903,1.5548329869313986,4.439297610812672,4.4421752293083845,low volume
2025-12-01,12_30,5.0,2.643589269488215,2.5398078,1.2566057541502427,4.439297610812672,4.4407953679952,low volume
2025-12-02,12_30,0.0,2.596261359868295,2.4214706,1.5759672278601258,4.439297610812672,4.441098207003004,low volume
2025-12-03,12_30,5.0,2.766169048215082,2.7377627,1.8271899091657555,4.439297610812672,4.441037735888037,low volume
2025-12-04,12_30,1.0,3.1018125344492176,3.0818298,2.0130316954174146,4.439297610812672,4.440758896406603,low volume
2025-12-05,12_30,0.0,3.6604050554809184,3.5513818,2.006583333246921,4.439297610812672,4.440792693919978,low volume
2025-12-06,12_30,6.0,4.068848914687822,3.903414,2.6019142792902454,4.439297610812672,4.441145613433041,low volume
2025-12-07,12_30,1.0,5.525528399061309,5.3118153,2.8301948772105154,4.439297610812672,4.440428993860293,low volume
2025-12-08,12_30,2.0,5.077780864607766,5.0286207,3.8772805617161152,4.439297610812672,4.441272384630717,low volume
2025-12-09,12_30,1.0,6.122872297828155,5.1822667,3.9954873170193963,4.439297610812672,4.441087285141612,low volume
2025-12-10,12_30,2.0,5.557104253024565,5.059281,3.555010558849171,4.439297610812672,4.441124245943218,low volume
2025-12-11,12_30,8.0,6.159120534104472,5.773021,4.084062963321748,4.439297610812672,4.441294676582026,low volume
2025-12-12,12_30,5.0,7.438243971438514,6.805923,4.886095329145006,4.439297610812672,4.441274019063353,low volume
2025-12-13,12_30,13.0,8.353666520396402,7.5704393,6.056662517190358,4.439297610812672,4.441058309660404,low volume
2025-12-14,12_30,3.0,7.499995642690441,7.309915,5.193026086613203,4.439297610812672,4.441496317689027,low volume
2025-12-15,12_30,3.0,5.615609203221122,6.100056,4.736523452109201,4.439297610812672,4.440980825309582,low volume
2025-12-16,12_30,1.0,5.634742037403445,5.659958,4.843969596600674,4.439297610812672,4.441093960737925,low volume
2025-12-17,12_30,4.0,6.668265657460626,6.8160787,5.994772973370407,4.439297610812672,4.4410713697727,low volume
2025-12-18,12_30,2.0,4.584582301153376,4.6787605,3.36223886239035,4.439297610812672,4.440967200153337,low volume
2025-12-19,12_30,4.0,5.256127295712185,5.242175,3.0590308260796095,4.439297610812672,4.4409798263212155,low volume
2025-12-20,12_30,4.0,5.673716362171219,5.4393106,3.8748642622816254,4.439297610812672,4.441111670962269,low volume
2025-12-21,12_30,0.0,4.789412634855746,4.630267,2.9887131520143453,4.439297610812672,4.4408439542539435,low volume
2025-12-22,12_30,6.0,4.767718030802083,4.2588224,3.0798161812006986,4.439297610812672,4.4411590304945,low volume
2025-12-23,12_30,3.0,4.930432291120785,4.5170712,3.0276491345538212,4.439297610812672,4.441089880518947,low volume
2025-12-24,12_30,2.0,5.252719631262589,4.71927,3.553049003181878,4.439297610812672,4.441103688436732,low volume
2025-12-25,12_30,0.0,0.4941692160537154,2.175218,2.9135911235326377,4.439297610812672,4.441167358382899,low volume
2025-12-26,12_30,1.0,6.359532206677165,5.190034,2.7763619290333565,4.439297610812672,4.441159641090334,low volume
2025-12-27,12_30,3.0,4.5062467108220075,4.499316,3.8262840745262174,4.439297610812672,4.441079055779091,low volume
2025-12-28,12_30,2.0,3.645675460535239,3.4616532,3.0698016318003174,4.439297610812672,4.4412426880215,low volume
2025-12-29,12_30,3.0,3.125923372550062,3.0886931,4.252918933434585,4.439297610812672,4.441050108962484,low volume
2025-12-30,12_30,0.0,2.8254271203200165,2.7249072,3.4515884925498512,4.439297610812672,4.441092374406554,low volume
2025-12-31,12_30,1.0,2.8419419298073265,2.8308113,3.3110479245586855,4.439297610812672,4.441083934811714,low volume
