promo_id,store_id,store_name,province,item_id,item_name,category,start_date,end_date,duration_days,discount_pct,promo_type
1,1,Sydney CBD,New South Wales,1,Long Grain Rice 2kg,Staples,2023-07-03,2023-07-10,8,20.0,Catalogue
2,1,Sydney CBD,New South Wales,1,Long Grain Rice 2kg,Staples,2023-01-29,2023-02-09,12,30.0,Catalogue
3,1,Sydney CBD,New South Wales,1,Long Grain Rice 2kg,Staples,2025-01-12,2025-01-20,9,20.0,Catalogue
4,1,Sydney CBD,New South Wales,1,Long Grain Rice 2kg,Staples,2025-03-07,2025-03-19,13,50.0,Clearance
5,1,Sydney CBD,New South Wales,1,Long Grain Rice 2kg,Staples,2025-04-25,2025-05-02,8,50.0,Clearance
6,1,Sydney CBD,New South Wales,1,Long Grain Rice 2kg,Staples,2023-06-07,2023-06-15,9,15.0,In-Store Display
7,1,Sydney CBD,New South Wales,1,Long Grain Rice 2kg,Staples,2023-12-29,2024-01-11,14,15.0,In-Store Display
8,1,Sydney CBD,New South Wales,1,Long Grain Rice 2kg,Staples,2025-11-03,2025-11-07,5,15.0,In-Store Display
9,1,Sydney CBD,New South Wales,1,Long Grain Rice 2kg,Staples,2023-10-19,2023-10-30,12,10.0,In-Store Display
10,1,Sydney CBD,New South Wales,1,Long Grain Rice 2kg,Staples,2023-03-15,2023-03-24,10,30.0,Catalogue
11,1,Sydney CBD,New South Wales,1,Long Grain Rice 2kg,Staples,2025-02-11,2025-02-17,7,25.0,Catalogue
12,1,Sydney CBD,New South Wales,1,Long Grain Rice 2kg,Staples,2024-07-10,2024-07-22,13,30.0,Catalogue
13,1,Sydney CBD,New South Wales,2,Dried Pasta 500g,Staples,2025-11-28,2025-12-05,8,20.0,Catalogue
14,1,Sydney CBD,New South Wales,2,Dried Pasta 500g,Staples,2023-07-05,2023-07-14,10,20.0,Catalogue
15,1,Sydney CBD,New South Wales,2,Dried Pasta 500g,Staples,2023-01-21,2023-01-27,7,10.0,In-Store Display
16,1,Sydney CBD,New South Wales,2,Dried Pasta 500g,Staples,2024-09-29,2024-10-06,8,25.0,Catalogue
17,1,Sydney CBD,New South Wales,2,Dried Pasta 500g,Staples,2025-05-08,2025-05-14,7,10.0,In-Store Display
18,1,Sydney CBD,New South Wales,2,Dried Pasta 500g,Staples,2023-12-02,2023-12-12,11,10.0,In-Store Display
19,1,Sydney CBD,New South Wales,2,Dried Pasta 500g,Staples,2023-05-27,2023-06-08,13,30.0,Catalogue
20,1,Sydney CBD,New South Wales,2,Dried Pasta 500g,Staples,2023-02-28,2023-03-05,6,25.0,Catalogue
21,1,Sydney CBD,New South Wales,2,Dried Pasta 500g,Staples,2025-07-05,2025-07-12,8,15.0,In-Store Display
22,1,Sydney CBD,New South Wales,2,Dried Pasta 500g,Staples,2025-01-21,2025-01-27,7,15.0,In-Store Display
23,1,Sydney CBD,New South Wales,2,Dried Pasta 500g,Staples,2023-09-14,2023-09-23,10,25.0,Catalogue
24,1,Sydney CBD,New South Wales,2,Dried Pasta 500g,Staples,2023-10-18,2023-10-29,12,10.0,In-Store Display
25,1,Sydney CBD,New South Wales,2,Dried Pasta 500g,Staples,2025-03-22,2025-04-01,11,15.0,In-Store Display
26,1,Sydney CBD,New South Wales,2,Dried Pasta 500g,Staples,2024-11-05,2024-11-12,8,15.0,In-Store Display
27,1,Sydney CBD,New South Wales,2,Dried Pasta 500g,Staples,2024-04-01,2024-04-13,13,15.0,In-Store Display
28,1,Sydney CBD,New South Wales,2,Dried Pasta 500g,Staples,2023-08-09,2023-08-16,8,10.0,In-Store Display
29,1,Sydney CBD,New South Wales,2,Dried Pasta 500g,Staples,2024-07-05,2024-07-11,7,10.0,In-Store Display
30,1,Sydney CBD,New South Wales,3,White Bread Loaf,Staples,2023-03-13,2023-03-20,8,10.0,In-Store Display
31,1,Sydney CBD,New South Wales,3,White Bread Loaf,Staples,2024-05-12,2024-05-20,9,10.0,In-Store Display
32,1,Sydney CBD,New South Wales,3,White Bread Loaf,Staples,2025-04-03,2025-04-12,10,10.0,In-Store Display
33,1,Sydney CBD,New South Wales,3,White Bread Loaf,Staples,2023-09-30,2023-10-10,11,50.0,Clearance
34,1,Sydney CBD,New South Wales,3,White Bread Loaf,Staples,2025-01-22,2025-01-29,8,25.0,Catalogue
35,1,Sydney CBD,New South Wales,3,White Bread Loaf,Staples,2024-02-22,2024-03-04,12,20.0,Catalogue
36,1,Sydney CBD,New South Wales,3,White Bread Loaf,Staples,2024-03-20,2024-04-01,13,15.0,In-Store Display
37,1,Sydney CBD,New South Wales,3,White Bread Loaf,Staples,2025-07-09,2025-07-13,5,10.0,In-Store Display
38,1,Sydney CBD,New South Wales,3,White Bread Loaf,Staples,2025-12-04,2025-12-15,12,20.0,Catalogue
39,1,Sydney CBD,New South Wales,4,Plain Flour 1kg,Staples,2025-04-22,2025-05-02,11,15.0,In-Store Display
40,1,Sydney CBD,New South Wales,4,Plain Flour 1kg,Staples,2025-10-16,2025-10-28,13,15.0,In-Store Display
41,1,Sydney CBD,New South Wales,4,Plain Flour 1kg,Staples,2025-06-15,2025-06-25,11,30.0,Catalogue
42,1,Sydney CBD,New South Wales,4,Plain Flour 1kg,Staples,2024-03-07,2024-03-18,12,10.0,In-Store Display
43,1,Sydney CBD,New South Wales,4,Plain Flour 1kg,Staples,2023-02-24,2023-03-08,13,25.0,Catalogue
44,1,Sydney CBD,New South Wales,4,Plain Flour 1kg,Staples,2024-11-12,2024-11-20,9,20.0,Catalogue
45,1,Sydney CBD,New South Wales,4,Plain Flour 1kg,Staples,2025-08-24,2025-09-03,11,30.0,Catalogue
46,1,Sydney CBD,New South Wales,4,Plain Flour 1kg,Staples,2023-08-25,2023-08-31,7,15.0,In-Store Display
47,1,Sydney CBD,New South Wales,4,Plain Flour 1kg,Staples,2025-11-24,2025-12-04,11,25.0,Catalogue
48,1,Sydney CBD,New South Wales,4,Plain Flour 1kg,Staples,2023-04-28,2023-05-11,14,15.0,In-Store Display
49,1,Sydney CBD,New South Wales,5,Breakfast Cereal 1kg,Staples,2025-10-23,2025-10-31,9,25.0,Catalogue
50,1,Sydney CBD,New South Wales,5,Breakfast Cereal 1kg,Staples,2023-01-19,2023-01-29,11,10.0,In-Store Display
51,1,Sydney CBD,New South Wales,5,Breakfast Cereal 1kg,Staples,2025-05-22,2025-05-30,9,20.0,Catalogue
52,1,Sydney CBD,New South Wales,5,Breakfast Cereal 1kg,Staples,2024-01-21,2024-01-29,9,15.0,In-Store Display
53,1,Sydney CBD,New South Wales,5,Breakfast Cereal 1kg,Staples,2024-09-16,2024-09-29,14,25.0,Catalogue
54,1,Sydney CBD,New South Wales,5,Breakfast Cereal 1kg,Staples,2023-03-19,2023-03-25,7,20.0,Catalogue
55,1,Sydney CBD,New South Wales,5,Breakfast Cereal 1kg,Staples,2024-11-17,2024-11-23,7,20.0,Catalogue
56,1,Sydney CBD,New South Wales,5,Breakfast Cereal 1kg,Staples,2024-10-21,2024-11-01,12,20.0,Catalogue
57,1,Sydney CBD,New South Wales,5,Breakfast Cereal 1kg,Staples,2024-03-08,2024-03-17,10,30.0,Catalogue
58,1,Sydney CBD,New South Wales,5,Breakfast Cereal 1kg,Staples,2025-01-15,2025-01-19,5,50.0,Clearance
59,1,Sydney CBD,New South Wales,5,Breakfast Cereal 1kg,Staples,2025-03-18,2025-03-27,10,25.0,Catalogue
60,1,Sydney CBD,New South Wales,5,Breakfast Cereal 1kg,Staples,2025-02-14,2025-02-26,13,25.0,Catalogue
61,1,Sydney CBD,New South Wales,5,Breakfast Cereal 1kg,Staples,2024-08-02,2024-08-08,7,25.0,Catalogue
62,1,Sydney CBD,New South Wales,5,Breakfast Cereal 1kg,Staples,2024-12-12,2024-12-22,11,30.0,Catalogue
63,1,Sydney CBD,New South Wales,5,Breakfast Cereal 1kg,Staples,2023-12-12,2023-12-18,7,50.0,Clearance
64,1,Sydney CBD,New South Wales,5,Breakfast Cereal 1kg,Staples,2023-10-04,2023-10-08,5,20.0,Catalogue
65,1,Sydney CBD,New South Wales,5,Breakfast Cereal 1kg,Staples,2025-08-06,2025-08-16,11,25.0,Catalogue
66,1,Sydney CBD,New South Wales,6,White Sugar 1kg,Staples,2024-08-19,2024-08-27,9,25.0,Catalogue
67,1,Sydney CBD,New South Wales,6,White Sugar 1kg,Staples,2023-02-08,2023-02-18,11,10.0,In-Store Display
68,1,Sydney CBD,New South Wales,6,White Sugar 1kg,Staples,2024-04-14,2024-04-26,13,15.0,In-Store Display
69,1,Sydney CBD,New South Wales,6,White Sugar 1kg,Staples,2023-04-30,2023-05-07,8,10.0,In-Store Display
70,1,Sydney CBD,New South Wales,6,White Sugar 1kg,Staples,2025-09-28,2025-10-03,6,25.0,Catalogue
71,1,Sydney CBD,New South Wales,6,White Sugar 1kg,Staples,2024-07-11,2024-07-22,12,30.0,Catalogue
72,1,Sydney CBD,New South Wales,6,White Sugar 1kg,Staples,2025-11-23,2025-12-06,14,20.0,Catalogue
73,1,Sydney CBD,New South Wales,6,White Sugar 1kg,Staples,2024-12-30,2025-01-04,6,10.0,In-Store Display
74,1,Sydney CBD,New South Wales,6,White Sugar 1kg,Staples,2023-09-21,2023-10-01,11,25.0,Catalogue
75,1,Sydney CBD,New South Wales,7,Full Cream Milk 2L,Dairy & Frozen,2025-02-15,2025-02-25,11,15.0,In-Store Display
76,1,Sydney CBD,New South Wales,7,Full Cream Milk 2L,Dairy & Frozen,2024-03-31,2024-04-08,9,20.0,Catalogue
77,1,Sydney CBD,New South Wales,7,Full Cream Milk 2L,Dairy & Frozen,2023-12-29,2024-01-06,9,20.0,Catalogue
78,1,Sydney CBD,New South Wales,7,Full Cream Milk 2L,Dairy & Frozen,2023-09-24,2023-09-30,7,20.0,Catalogue
79,1,Sydney CBD,New South Wales,7,Full Cream Milk 2L,Dairy & Frozen,2025-11-20,2025-11-25,6,20.0,Catalogue
80,1,Sydney CBD,New South Wales,7,Full Cream Milk 2L,Dairy & Frozen,2025-01-01,2025-01-07,7,15.0,In-Store Display
81,1,Sydney CBD,New South Wales,7,Full Cream Milk 2L,Dairy & Frozen,2024-05-26,2024-05-30,5,15.0,In-Store Display
82,1,Sydney CBD,New South Wales,7,Full Cream Milk 2L,Dairy & Frozen,2024-03-03,2024-03-16,14,10.0,In-Store Display
83,1,Sydney CBD,New South Wales,8,Tasty Cheese Block 500g,Dairy & Frozen,2025-03-07,2025-03-15,9,50.0,Clearance
84,1,Sydney CBD,New South Wales,8,Tasty Cheese Block 500g,Dairy & Frozen,2023-09-21,2023-09-25,5,50.0,Clearance
85,1,Sydney CBD,New South Wales,8,Tasty Cheese Block 500g,Dairy & Frozen,2025-10-04,2025-10-08,5,15.0,In-Store Display
86,1,Sydney CBD,New South Wales,8,Tasty Cheese Block 500g,Dairy & Frozen,2024-07-04,2024-07-16,13,25.0,Catalogue
87,1,Sydney CBD,New South Wales,8,Tasty Cheese Block 500g,Dairy & Frozen,2025-04-06,2025-04-16,11,30.0,Catalogue
88,1,Sydney CBD,New South Wales,8,Tasty Cheese Block 500g,Dairy & Frozen,2024-02-06,2024-02-11,6,15.0,In-Store Display
89,1,Sydney CBD,New South Wales,8,Tasty Cheese Block 500g,Dairy & Frozen,2025-09-03,2025-09-15,13,30.0,Catalogue
90,1,Sydney CBD,New South Wales,8,Tasty Cheese Block 500g,Dairy & Frozen,2024-08-16,2024-08-24,9,15.0,In-Store Display
91,1,Sydney CBD,New South Wales,8,Tasty Cheese Block 500g,Dairy & Frozen,2023-11-01,2023-11-11,11,25.0,Catalogue
92,1,Sydney CBD,New South Wales,8,Tasty Cheese Block 500g,Dairy & Frozen,2023-02-12,2023-02-17,6,10.0,In-Store Display
93,1,Sydney CBD,New South Wales,8,Tasty Cheese Block 500g,Dairy & Frozen,2023-11-28,2023-12-06,9,30.0,Catalogue
94,1,Sydney CBD,New South Wales,8,Tasty Cheese Block 500g,Dairy & Frozen,2023-08-19,2023-08-29,11,25.0,Catalogue
95,1,Sydney CBD,New South Wales,8,Tasty Cheese Block 500g,Dairy & Frozen,2025-01-30,2025-02-09,11,10.0,In-Store Display
96,1,Sydney CBD,New South Wales,8,Tasty Cheese Block 500g,Dairy & Frozen,2023-07-12,2023-07-24,13,10.0,In-Store Display
97,1,Sydney CBD,New South Wales,8,Tasty Cheese Block 500g,Dairy & Frozen,2024-03-28,2024-04-05,9,10.0,In-Store Display
98,1,Sydney CBD,New South Wales,8,Tasty Cheese Block 500g,Dairy & Frozen,2023-05-29,2023-06-09,12,30.0,Catalogue
99,1,Sydney CBD,New South Wales,8,Tasty Cheese Block 500g,Dairy & Frozen,2023-04-19,2023-04-29,11,20.0,Catalogue
100,1,Sydney CBD,New South Wales,8,Tasty Cheese Block 500g,Dairy & Frozen,2024-05-10,2024-05-15,6,10.0,In-Store Display
101,1,Sydney CBD,New South Wales,8,Tasty Cheese Block 500g,Dairy & Frozen,2023-12-26,2024-01-08,14,15.0,In-Store Display
102,1,Sydney CBD,New South Wales,8,Tasty Cheese Block 500g,Dairy & Frozen,2025-07-10,2025-07-18,9,20.0,Catalogue
103,1,Sydney CBD,New South Wales,8,Tasty Cheese Block 500g,Dairy & Frozen,2024-10-19,2024-10-31,13,10.0,In-Store Display
104,1,Sydney CBD,New South Wales,9,Greek Yoghurt 1kg,Dairy & Frozen,2023-02-17,2023-02-24,8,10.0,In-Store Display
105,1,Sydney CBD,New South Wales,9,Greek Yoghurt 1kg,Dairy & Frozen,2025-12-16,2025-12-21,6,25.0,Catalogue
106,1,Sydney CBD,New South Wales,9,Greek Yoghurt 1kg,Dairy & Frozen,2023-09-11,2023-09-23,13,15.0,In-Store Display
107,1,Sydney CBD,New South Wales,9,Greek Yoghurt 1kg,Dairy & Frozen,2024-12-23,2025-01-04,13,20.0,Catalogue
108,1,Sydney CBD,New South Wales,9,Greek Yoghurt 1kg,Dairy & Frozen,2024-03-02,2024-03-12,11,15.0,In-Store Display
109,1,Sydney CBD,New South Wales,9,Greek Yoghurt 1kg,Dairy & Frozen,2024-01-08,2024-01-15,8,15.0,In-Store Display
110,1,Sydney CBD,New South Wales,9,Greek Yoghurt 1kg,Dairy & Frozen,2024-11-23,2024-11-27,5,15.0,In-Store Display
111,1,Sydney CBD,New South Wales,9,Greek Yoghurt 1kg,Dairy & Frozen,2025-08-25,2025-09-03,10,25.0,Catalogue
112,1,Sydney CBD,New South Wales,9,Greek Yoghurt 1kg,Dairy & Frozen,2024-09-22,2024-10-03,12,15.0,In-Store Display
113,1,Sydney CBD,New South Wales,9,Greek Yoghurt 1kg,Dairy & Frozen,2024-06-12,2024-06-19,8,15.0,In-Store Display
114,1,Sydney CBD,New South Wales,9,Greek Yoghurt 1kg,Dairy & Frozen,2024-04-27,2024-05-09,13,50.0,Clearance
115,1,Sydney CBD,New South Wales,9,Greek Yoghurt 1kg,Dairy & Frozen,2023-08-04,2023-08-16,13,25.0,Catalogue
116,1,Sydney CBD,New South Wales,9,Greek Yoghurt 1kg,Dairy & Frozen,2025-02-17,2025-02-26,10,10.0,In-Store Display
117,1,Sydney CBD,New South Wales,9,Greek Yoghurt 1kg,Dairy & Frozen,2023-12-13,2023-12-20,8,10.0,In-Store Display
118,1,Sydney CBD,New South Wales,9,Greek Yoghurt 1kg,Dairy & Frozen,2025-06-19,2025-06-30,12,30.0,Catalogue
119,1,Sydney CBD,New South Wales,9,Greek Yoghurt 1kg,Dairy & Frozen,2023-03-19,2023-03-25,7,15.0,In-Store Display
120,1,Sydney CBD,New South Wales,9,Greek Yoghurt 1kg,Dairy & Frozen,2025-09-21,2025-09-27,7,30.0,Catalogue
121,1,Sydney CBD,New South Wales,9,Greek Yoghurt 1kg,Dairy & Frozen,2023-04-30,2023-05-08,9,10.0,In-Store Display
122,1,Sydney CBD,New South Wales,9,Greek Yoghurt 1kg,Dairy & Frozen,2024-08-15,2024-08-27,13,15.0,In-Store Display
123,1,Sydney CBD,New South Wales,10,Vanilla Ice Cream 2L,Dairy & Frozen,2025-07-06,2025-07-19,14,20.0,Catalogue
124,1,Sydney CBD,New South Wales,10,Vanilla Ice Cream 2L,Dairy & Frozen,2024-01-08,2024-01-20,13,10.0,In-Store Display
125,1,Sydney CBD,New South Wales,10,Vanilla Ice Cream 2L,Dairy & Frozen,2025-08-23,2025-09-01,10,10.0,In-Store Display
126,1,Sydney CBD,New South Wales,10,Vanilla Ice Cream 2L,Dairy & Frozen,2023-01-22,2023-01-29,8,30.0,Catalogue
127,1,Sydney CBD,New South Wales,10,Vanilla Ice Cream 2L,Dairy & Frozen,2025-03-21,2025-03-25,5,10.0,In-Store Display
128,1,Sydney CBD,New South Wales,10,Vanilla Ice Cream 2L,Dairy & Frozen,2025-02-18,2025-02-24,7,15.0,In-Store Display
129,1,Sydney CBD,New South Wales,10,Vanilla Ice Cream 2L,Dairy & Frozen,2024-04-05,2024-04-11,7,10.0,In-Store Display
130,1,Sydney CBD,New South Wales,10,Vanilla Ice Cream 2L,Dairy & Frozen,2025-04-11,2025-04-23,13,10.0,In-Store Display
131,1,Sydney CBD,New South Wales,10,Vanilla Ice Cream 2L,Dairy & Frozen,2024-06-15,2024-06-24,10,10.0,In-Store Display
132,1,Sydney CBD,New South Wales,10,Vanilla Ice Cream 2L,Dairy & Frozen,2025-11-29,2025-12-08,10,10.0,In-Store Display
133,1,Sydney CBD,New South Wales,10,Vanilla Ice Cream 2L,Dairy & Frozen,2023-08-07,2023-08-17,11,25.0,Catalogue
134,1,Sydney CBD,New South Wales,10,Vanilla Ice Cream 2L,Dairy & Frozen,2024-10-02,2024-10-12,11,10.0,In-Store Display
135,1,Sydney CBD,New South Wales,10,Vanilla Ice Cream 2L,Dairy & Frozen,2024-12-25,2025-01-06,13,20.0,Catalogue
136,1,Sydney CBD,New South Wales,10,Vanilla Ice Cream 2L,Dairy & Frozen,2023-04-16,2023-04-25,10,25.0,Catalogue
137,1,Sydney CBD,New South Wales,10,Vanilla Ice Cream 2L,Dairy & Frozen,2023-03-03,2023-03-11,9,20.0,Catalogue
138,1,Sydney CBD,New South Wales,10,Vanilla Ice Cream 2L,Dairy & Frozen,2023-05-18,2023-05-24,7,10.0,In-Store Display
139,1,Sydney CBD,New South Wales,10,Vanilla Ice Cream 2L,Dairy & Frozen,2024-07-15,2024-07-19,5,20.0,Catalogue
140,1,Sydney CBD,New South Wales,10,Vanilla Ice Cream 2L,Dairy & Frozen,2024-11-21,2024-11-28,8,30.0,Catalogue
141,1,Sydney CBD,New South Wales,10,Vanilla Ice Cream 2L,Dairy & Frozen,2023-06-27,2023-07-05,9,50.0,Clearance
142,1,Sydney CBD,New South Wales,10,Vanilla Ice Cream 2L,Dairy & Frozen,2025-10-11,2025-10-21,11,10.0,In-Store Display
143,1,Sydney CBD,New South Wales,10,Vanilla Ice Cream 2L,Dairy & Frozen,2023-10-03,2023-10-15,13,15.0,In-Store Display
144,1,Sydney CBD,New South Wales,10,Vanilla Ice Cream 2L,Dairy & Frozen,2024-08-09,2024-08-14,6,20.0,Catalogue
145,1,Sydney CBD,New South Wales,10,Vanilla Ice Cream 2L,Dairy & Frozen,2025-05-16,2025-05-27,12,20.0,Catalogue
146,1,Sydney CBD,New South Wales,11,Frozen Mixed Vegetables 1kg,Dairy & Frozen,2025-04-30,2025-05-04,5,10.0,In-Store Display
147,1,Sydney CBD,New South Wales,11,Frozen Mixed Vegetables 1kg,Dairy & Frozen,2023-05-21,2023-06-01,12,50.0,Clearance
148,1,Sydney CBD,New South Wales,11,Frozen Mixed Vegetables 1kg,Dairy & Frozen,2024-08-02,2024-08-08,7,15.0,In-Store Display
149,1,Sydney CBD,New South Wales,11,Frozen Mixed Vegetables 1kg,Dairy & Frozen,2023-03-17,2023-03-30,14,10.0,In-Store Display
150,1,Sydney CBD,New South Wales,11,Frozen Mixed Vegetables 1kg,Dairy & Frozen,2024-02-29,2024-03-08,9,30.0,Catalogue
151,1,Sydney CBD,New South Wales,11,Frozen Mixed Vegetables 1kg,Dairy & Frozen,2023-12-05,2023-12-09,5,20.0,Catalogue
152,1,Sydney CBD,New South Wales,11,Frozen Mixed Vegetables 1kg,Dairy & Frozen,2025-08-25,2025-09-03,10,25.0,Catalogue
153,1,Sydney CBD,New South Wales,11,Frozen Mixed Vegetables 1kg,Dairy & Frozen,2023-10-19,2023-10-31,13,30.0,Catalogue
154,1,Sydney CBD,New South Wales,11,Frozen Mixed Vegetables 1kg,Dairy & Frozen,2024-05-06,2024-05-14,9,25.0,Catalogue
155,1,Sydney CBD,New South Wales,11,Frozen Mixed Vegetables 1kg,Dairy & Frozen,2025-07-19,2025-07-29,11,15.0,In-Store Display
156,1,Sydney CBD,New South Wales,11,Frozen Mixed Vegetables 1kg,Dairy & Frozen,2025-10-18,2025-10-23,6,15.0,In-Store Display
157,1,Sydney CBD,New South Wales,11,Frozen Mixed Vegetables 1kg,Dairy & Frozen,2023-08-28,2023-09-02,6,25.0,Catalogue
158,1,Sydney CBD,New South Wales,11,Frozen Mixed Vegetables 1kg,Dairy & Frozen,2025-01-24,2025-01-29,6,15.0,In-Store Display
159,1,Sydney CBD,New South Wales,11,Frozen Mixed Vegetables 1kg,Dairy & Frozen,2025-03-26,2025-04-03,9,20.0,Catalogue
160,1,Sydney CBD,New South Wales,11,Frozen Mixed Vegetables 1kg,Dairy & Frozen,2024-10-01,2024-10-08,8,15.0,In-Store Display
161,1,Sydney CBD,New South Wales,11,Frozen Mixed Vegetables 1kg,Dairy & Frozen,2025-01-03,2025-01-09,7,25.0,Catalogue
162,1,Sydney CBD,New South Wales,11,Frozen Mixed Vegetables 1kg,Dairy & Frozen,2025-11-07,2025-11-20,14,20.0,Catalogue
163,1,Sydney CBD,New South Wales,11,Frozen Mixed Vegetables 1kg,Dairy & Frozen,2023-01-13,2023-01-21,9,25.0,Catalogue
164,1,Sydney CBD,New South Wales,12,Frozen Meat Pies 4pk,Dairy & Frozen,2023-07-08,2023-07-15,8,10.0,In-Store Display
165,1,Sydney CBD,New South Wales,12,Frozen Meat Pies 4pk,Dairy & Frozen,2023-02-04,2023-02-15,12,20.0,Catalogue
166,1,Sydney CBD,New South Wales,12,Frozen Meat Pies 4pk,Dairy & Frozen,2023-10-04,2023-10-14,11,30.0,Catalogue
167,1,Sydney CBD,New South Wales,12,Frozen Meat Pies 4pk,Dairy & Frozen,2025-11-23,2025-11-30,8,10.0,In-Store Display
168,1,Sydney CBD,New South Wales,12,Frozen Meat Pies 4pk,Dairy & Frozen,2023-05-03,2023-05-11,9,50.0,Clearance
169,1,Sydney CBD,New South Wales,12,Frozen Meat Pies 4pk,Dairy & Frozen,2025-07-30,2025-08-08,10,10.0,In-Store Display
170,1,Sydney CBD,New South Wales,12,Frozen Meat Pies 4pk,Dairy & Frozen,2025-06-23,2025-07-05,13,20.0,Catalogue
171,1,Sydney CBD,New South Wales,12,Frozen Meat Pies 4pk,Dairy & Frozen,2025-10-03,2025-10-08,6,15.0,In-Store Display
172,1,Sydney CBD,New South Wales,12,Frozen Meat Pies 4pk,Dairy & Frozen,2024-09-11,2024-09-20,10,50.0,Clearance
173,1,Sydney CBD,New South Wales,12,Frozen Meat Pies 4pk,Dairy & Frozen,2023-01-13,2023-01-17,5,30.0,Catalogue
174,1,Sydney CBD,New South Wales,12,Frozen Meat Pies 4pk,Dairy & Frozen,2025-09-02,2025-09-15,14,15.0,In-Store Display
175,1,Sydney CBD,New South Wales,12,Frozen Meat Pies 4pk,Dairy & Frozen,2024-07-21,2024-08-03,14,10.0,In-Store Display
176,1,Sydney CBD,New South Wales,12,Frozen Meat Pies 4pk,Dairy & Frozen,2024-02-12,2024-02-19,8,10.0,In-Store Display
177,1,Sydney CBD,New South Wales,12,Frozen Meat Pies 4pk,Dairy & Frozen,2025-04-16,2025-04-27,12,30.0,Catalogue
178,1,Sydney CBD,New South Wales,12,Frozen Meat Pies 4pk,Dairy & Frozen,2023-08-19,2023-08-31,13,20.0,Catalogue
179,1,Sydney CBD,New South Wales,12,Frozen Meat Pies 4pk,Dairy & Frozen,2025-02-26,2025-03-02,5,25.0,Catalogue
180,1,Sydney CBD,New South Wales,12,Frozen Meat Pies 4pk,Dairy & Frozen,2023-03-16,2023-03-20,5,25.0,Catalogue
181,1,Sydney CBD,New South Wales,12,Frozen Meat Pies 4pk,Dairy & Frozen,2025-10-26,2025-11-02,8,10.0,In-Store Display
182,1,Sydney CBD,New South Wales,12,Frozen Meat Pies 4pk,Dairy & Frozen,2024-05-04,2024-05-13,10,15.0,In-Store Display
183,1,Sydney CBD,New South Wales,13,Cola Soft Drink 1.25L,Beverages,2023-11-28,2023-12-02,5,15.0,In-Store Display
184,1,Sydney CBD,New South Wales,13,Cola Soft Drink 1.25L,Beverages,2023-07-27,2023-08-07,12,10.0,In-Store Display
185,1,Sydney CBD,New South Wales,13,Cola Soft Drink 1.25L,Beverages,2024-10-29,2024-11-08,11,20.0,Catalogue
186,1,Sydney CBD,New South Wales,13,Cola Soft Drink 1.25L,Beverages,2024-05-08,2024-05-13,6,20.0,Catalogue
187,1,Sydney CBD,New South Wales,13,Cola Soft Drink 1.25L,Beverages,2023-05-01,2023-05-13,13,15.0,In-Store Display
188,1,Sydney CBD,New South Wales,13,Cola Soft Drink 1.25L,Beverages,2025-01-31,2025-02-08,9,15.0,In-Store Display
189,1,Sydney CBD,New South Wales,13,Cola Soft Drink 1.25L,Beverages,2025-11-15,2025-11-28,14,25.0,Catalogue
190,1,Sydney CBD,New South Wales,13,Cola Soft Drink 1.25L,Beverages,2024-08-31,2024-09-08,9,20.0,Catalogue
191,1,Sydney CBD,New South Wales,13,Cola Soft Drink 1.25L,Beverages,2025-04-28,2025-05-02,5,15.0,In-Store Display
192,1,Sydney CBD,New South Wales,13,Cola Soft Drink 1.25L,Beverages,2024-02-16,2024-02-28,13,25.0,Catalogue
193,1,Sydney CBD,New South Wales,13,Cola Soft Drink 1.25L,Beverages,2023-01-20,2023-01-28,9,30.0,Catalogue
194,1,Sydney CBD,New South Wales,13,Cola Soft Drink 1.25L,Beverages,2025-05-23,2025-05-30,8,30.0,Catalogue
195,1,Sydney CBD,New South Wales,13,Cola Soft Drink 1.25L,Beverages,2025-09-27,2025-10-07,11,20.0,Catalogue
196,1,Sydney CBD,New South Wales,13,Cola Soft Drink 1.25L,Beverages,2023-08-30,2023-09-12,14,20.0,Catalogue
197,1,Sydney CBD,New South Wales,13,Cola Soft Drink 1.25L,Beverages,2025-08-29,2025-09-08,11,10.0,In-Store Display
198,1,Sydney CBD,New South Wales,13,Cola Soft Drink 1.25L,Beverages,2024-01-20,2024-01-30,11,10.0,In-Store Display
199,1,Sydney CBD,New South Wales,13,Cola Soft Drink 1.25L,Beverages,2023-12-26,2023-12-30,5,10.0,In-Store Display
200,1,Sydney CBD,New South Wales,13,Cola Soft Drink 1.25L,Beverages,2023-03-03,2023-03-09,7,20.0,Catalogue
201,1,Sydney CBD,New South Wales,13,Cola Soft Drink 1.25L,Beverages,2023-10-29,2023-11-02,5,25.0,Catalogue
202,1,Sydney CBD,New South Wales,13,Cola Soft Drink 1.25L,Beverages,2023-06-08,2023-06-13,6,30.0,Catalogue
203,1,Sydney CBD,New South Wales,13,Cola Soft Drink 1.25L,Beverages,2024-12-13,2024-12-22,10,30.0,Catalogue
204,1,Sydney CBD,New South Wales,13,Cola Soft Drink 1.25L,Beverages,2025-03-25,2025-04-05,12,15.0,In-Store Display
205,1,Sydney CBD,New South Wales,13,Cola Soft Drink 1.25L,Beverages,2024-07-04,2024-07-14,11,10.0,In-Store Display
206,1,Sydney CBD,New South Wales,13,Cola Soft Drink 1.25L,Beverages,2025-06-21,2025-07-03,13,30.0,Catalogue
207,1,Sydney CBD,New South Wales,13,Cola Soft Drink 1.25L,Beverages,2024-09-30,2024-10-04,5,30.0,Catalogue
208,1,Sydney CBD,New South Wales,13,Cola Soft Drink 1.25L,Beverages,2025-01-10,2025-01-14,5,20.0,Catalogue
209,1,Sydney CBD,New South Wales,13,Cola Soft Drink 1.25L,Beverages,2025-07-23,2025-08-03,12,10.0,In-Store Display
210,1,Sydney CBD,New South Wales,13,Cola Soft Drink 1.25L,Beverages,2023-04-04,2023-04-09,6,25.0,Catalogue
211,1,Sydney CBD,New South Wales,13,Cola Soft Drink 1.25L,Beverages,2023-09-28,2023-10-05,8,10.0,In-Store Display
212,1,Sydney CBD,New South Wales,14,Orange Juice 2L,Beverages,2025-12-12,2025-12-16,5,25.0,Catalogue
213,1,Sydney CBD,New South Wales,14,Orange Juice 2L,Beverages,2023-02-17,2023-02-22,6,10.0,In-Store Display
214,1,Sydney CBD,New South Wales,14,Orange Juice 2L,Beverages,2023-11-28,2023-12-04,7,15.0,In-Store Display
215,1,Sydney CBD,New South Wales,14,Orange Juice 2L,Beverages,2025-10-11,2025-10-18,8,30.0,Catalogue
216,1,Sydney CBD,New South Wales,14,Orange Juice 2L,Beverages,2025-03-16,2025-03-29,14,10.0,In-Store Display
217,1,Sydney CBD,New South Wales,14,Orange Juice 2L,Beverages,2023-08-29,2023-09-11,14,10.0,In-Store Display
218,1,Sydney CBD,New South Wales,14,Orange Juice 2L,Beverages,2025-09-04,2025-09-16,13,10.0,In-Store Display
219,1,Sydney CBD,New South Wales,14,Orange Juice 2L,Beverages,2025-07-18,2025-07-25,8,30.0,Catalogue
220,1,Sydney CBD,New South Wales,14,Orange Juice 2L,Beverages,2025-11-06,2025-11-15,10,25.0,Catalogue
221,1,Sydney CBD,New South Wales,14,Orange Juice 2L,Beverages,2025-01-07,2025-01-17,11,10.0,In-Store Display
222,1,Sydney CBD,New South Wales,14,Orange Juice 2L,Beverages,2024-02-29,2024-03-06,7,20.0,Catalogue
223,1,Sydney CBD,New South Wales,14,Orange Juice 2L,Beverages,2023-10-04,2023-10-08,5,25.0,Catalogue
224,1,Sydney CBD,New South Wales,14,Orange Juice 2L,Beverages,2023-10-30,2023-11-05,7,20.0,Catalogue
225,1,Sydney CBD,New South Wales,14,Orange Juice 2L,Beverages,2023-04-25,2023-05-01,7,25.0,Catalogue
226,1,Sydney CBD,New South Wales,14,Orange Juice 2L,Beverages,2024-10-07,2024-10-17,11,25.0,Catalogue
227,1,Sydney CBD,New South Wales,14,Orange Juice 2L,Beverages,2025-05-11,2025-05-17,7,20.0,Catalogue
228,1,Sydney CBD,New South Wales,14,Orange Juice 2L,Beverages,2023-07-06,2023-07-16,11,50.0,Clearance
229,1,Sydney CBD,New South Wales,14,Orange Juice 2L,Beverages,2023-01-01,2023-01-06,6,25.0,Catalogue
230,1,Sydney CBD,New South Wales,14,Orange Juice 2L,Beverages,2025-08-09,2025-08-13,5,15.0,In-Store Display
231,1,Sydney CBD,New South Wales,14,Orange Juice 2L,Beverages,2024-11-04,2024-11-12,9,25.0,Catalogue
232,1,Sydney CBD,New South Wales,14,Orange Juice 2L,Beverages,2024-12-06,2024-12-13,8,10.0,In-Store Display
233,1,Sydney CBD,New South Wales,14,Orange Juice 2L,Beverages,2024-04-01,2024-04-13,13,25.0,Catalogue
234,1,Sydney CBD,New South Wales,14,Orange Juice 2L,Beverages,2023-05-21,2023-05-26,6,15.0,In-Store Display
235,1,Sydney CBD,New South Wales,15,Spring Water 6L,Beverages,2025-03-15,2025-03-23,9,20.0,Catalogue
236,1,Sydney CBD,New South Wales,15,Spring Water 6L,Beverages,2023-11-23,2023-12-05,13,30.0,Catalogue
237,1,Sydney CBD,New South Wales,15,Spring Water 6L,Beverages,2025-06-14,2025-06-19,6,30.0,Catalogue
238,1,Sydney CBD,New South Wales,15,Spring Water 6L,Beverages,2023-01-18,2023-01-26,9,15.0,In-Store Display
239,1,Sydney CBD,New South Wales,15,Spring Water 6L,Beverages,2024-03-10,2024-03-22,13,20.0,Catalogue
240,1,Sydney CBD,New South Wales,15,Spring Water 6L,Beverages,2025-12-20,2025-12-29,10,25.0,Catalogue
241,1,Sydney CBD,New South Wales,15,Spring Water 6L,Beverages,2024-01-20,2024-01-31,12,20.0,Catalogue
242,1,Sydney CBD,New South Wales,15,Spring Water 6L,Beverages,2023-07-01,2023-07-10,10,15.0,In-Store Display
243,1,Sydney CBD,New South Wales,15,Spring Water 6L,Beverages,2025-02-01,2025-02-08,8,20.0,Catalogue
244,1,Sydney CBD,New South Wales,15,Spring Water 6L,Beverages,2023-06-08,2023-06-16,9,20.0,Catalogue
245,1,Sydney CBD,New South Wales,15,Spring Water 6L,Beverages,2024-09-29,2024-10-07,9,20.0,Catalogue
246,1,Sydney CBD,New South Wales,15,Spring Water 6L,Beverages,2025-08-05,2025-08-14,10,15.0,In-Store Display
247,1,Sydney CBD,New South Wales,15,Spring Water 6L,Beverages,2025-01-07,2025-01-11,5,10.0,In-Store Display
248,1,Sydney CBD,New South Wales,15,Spring Water 6L,Beverages,2024-10-26,2024-11-03,9,20.0,Catalogue
249,1,Sydney CBD,New South Wales,15,Spring Water 6L,Beverages,2023-08-05,2023-08-17,13,20.0,Catalogue
250,1,Sydney CBD,New South Wales,15,Spring Water 6L,Beverages,2025-07-10,2025-07-20,11,15.0,In-Store Display
251,1,Sydney CBD,New South Wales,15,Spring Water 6L,Beverages,2024-11-29,2024-12-12,14,25.0,Catalogue
252,1,Sydney CBD,New South Wales,15,Spring Water 6L,Beverages,2023-09-02,2023-09-12,11,15.0,In-Store Display
253,1,Sydney CBD,New South Wales,15,Spring Water 6L,Beverages,2024-06-09,2024-06-17,9,15.0,In-Store Display
254,1,Sydney CBD,New South Wales,15,Spring Water 6L,Beverages,2024-09-05,2024-09-11,7,10.0,In-Store Display
255,1,Sydney CBD,New South Wales,15,Spring Water 6L,Beverages,2023-03-15,2023-03-25,11,30.0,Catalogue
256,1,Sydney CBD,New South Wales,15,Spring Water 6L,Beverages,2025-11-25,2025-12-01,7,25.0,Catalogue
257,1,Sydney CBD,New South Wales,15,Spring Water 6L,Beverages,2024-07-31,2024-08-08,9,10.0,In-Store Display
258,1,Sydney CBD,New South Wales,16,Ground Coffee 1kg,Beverages,2025-06-17,2025-06-22,6,15.0,In-Store Display
259,1,Sydney CBD,New South Wales,16,Ground Coffee 1kg,Beverages,2023-12-14,2023-12-25,12,10.0,In-Store Display
260,1,Sydney CBD,New South Wales,16,Ground Coffee 1kg,Beverages,2023-09-04,2023-09-16,13,10.0,In-Store Display
261,1,Sydney CBD,New South Wales,16,Ground Coffee 1kg,Beverages,2023-06-25,2023-07-05,11,15.0,In-Store Display
262,1,Sydney CBD,New South Wales,16,Ground Coffee 1kg,Beverages,2023-10-19,2023-10-27,9,20.0,Catalogue
263,1,Sydney CBD,New South Wales,16,Ground Coffee 1kg,Beverages,2024-10-03,2024-10-13,11,20.0,Catalogue
264,1,Sydney CBD,New South Wales,16,Ground Coffee 1kg,Beverages,2025-10-01,2025-10-09,9,20.0,Catalogue
265,1,Sydney CBD,New South Wales,16,Ground Coffee 1kg,Beverages,2023-02-19,2023-02-28,10,25.0,Catalogue
266,1,Sydney CBD,New South Wales,16,Ground Coffee 1kg,Beverages,2024-11-30,2024-12-06,7,10.0,In-Store Display
267,1,Sydney CBD,New South Wales,16,Ground Coffee 1kg,Beverages,2025-12-02,2025-12-08,7,20.0,Catalogue
268,1,Sydney CBD,New South Wales,16,Ground Coffee 1kg,Beverages,2025-11-10,2025-11-16,7,50.0,Clearance
269,1,Sydney CBD,New South Wales,16,Ground Coffee 1kg,Beverages,2023-01-07,2023-01-13,7,20.0,Catalogue
270,1,Sydney CBD,New South Wales,16,Ground Coffee 1kg,Beverages,2024-03-02,2024-03-07,6,10.0,In-Store Display
271,1,Sydney CBD,New South Wales,16,Ground Coffee 1kg,Beverages,2024-05-17,2024-05-30,14,10.0,In-Store Display
272,1,Sydney CBD,New South Wales,16,Ground Coffee 1kg,Beverages,2024-08-04,2024-08-10,7,20.0,Catalogue
273,1,Sydney CBD,New South Wales,16,Ground Coffee 1kg,Beverages,2023-11-17,2023-11-24,8,30.0,Catalogue
274,1,Sydney CBD,New South Wales,16,Ground Coffee 1kg,Beverages,2024-06-19,2024-06-30,12,25.0,Catalogue
275,1,Sydney CBD,New South Wales,16,Ground Coffee 1kg,Beverages,2024-08-26,2024-09-04,10,15.0,In-Store Display
276,1,Sydney CBD,New South Wales,16,Ground Coffee 1kg,Beverages,2023-08-07,2023-08-11,5,30.0,Catalogue
277,1,Sydney CBD,New South Wales,16,Ground Coffee 1kg,Beverages,2024-03-25,2024-03-29,5,15.0,In-Store Display
278,1,Sydney CBD,New South Wales,16,Ground Coffee 1kg,Beverages,2025-01-05,2025-01-18,14,30.0,Catalogue
279,1,Sydney CBD,New South Wales,16,Ground Coffee 1kg,Beverages,2025-05-13,2025-05-22,10,25.0,Catalogue
280,1,Sydney CBD,New South Wales,16,Ground Coffee 1kg,Beverages,2023-05-22,2023-06-04,14,15.0,In-Store Display
281,1,Sydney CBD,New South Wales,16,Ground Coffee 1kg,Beverages,2024-01-21,2024-01-31,11,10.0,In-Store Display
282,1,Sydney CBD,New South Wales,17,Black Tea Bags 100pk,Beverages,2024-10-30,2024-11-04,6,15.0,In-Store Display
283,1,Sydney CBD,New South Wales,17,Black Tea Bags 100pk,Beverages,2025-03-18,2025-03-27,10,25.0,Catalogue
284,1,Sydney CBD,New South Wales,17,Black Tea Bags 100pk,Beverages,2025-11-12,2025-11-23,12,10.0,In-Store Display
285,1,Sydney CBD,New South Wales,17,Black Tea Bags 100pk,Beverages,2023-11-03,2023-11-14,12,20.0,Catalogue
286,1,Sydney CBD,New South Wales,17,Black Tea Bags 100pk,Beverages,2025-04-11,2025-04-21,11,20.0,Catalogue
287,1,Sydney CBD,New South Wales,17,Black Tea Bags 100pk,Beverages,2023-02-05,2023-02-13,9,10.0,In-Store Display
288,1,Sydney CBD,New South Wales,17,Black Tea Bags 100pk,Beverages,2023-03-29,2023-04-06,9,20.0,Catalogue
289,1,Sydney CBD,New South Wales,17,Black Tea Bags 100pk,Beverages,2025-06-18,2025-06-29,12,20.0,Catalogue
290,1,Sydney CBD,New South Wales,17,Black Tea Bags 100pk,Beverages,2024-05-28,2024-06-08,12,10.0,In-Store Display
291,1,Sydney CBD,New South Wales,17,Black Tea Bags 100pk,Beverages,2024-01-06,2024-01-18,13,25.0,Catalogue
292,1,Sydney CBD,New South Wales,17,Black Tea Bags 100pk,Beverages,2023-06-30,2023-07-13,14,10.0,In-Store Display
293,1,Sydney CBD,New South Wales,17,Black Tea Bags 100pk,Beverages,2024-03-14,2024-03-19,6,20.0,Catalogue
294,1,Sydney CBD,New South Wales,17,Black Tea Bags 100pk,Beverages,2023-10-04,2023-10-12,9,50.0,Clearance
295,1,Sydney CBD,New South Wales,17,Black Tea Bags 100pk,Beverages,2025-10-15,2025-10-25,11,30.0,Catalogue
296,1,Sydney CBD,New South Wales,17,Black Tea Bags 100pk,Beverages,2024-04-10,2024-04-21,12,15.0,In-Store Display
297,1,Sydney CBD,New South Wales,18,Sports Drink 600ml,Beverages,2023-10-30,2023-11-09,11,15.0,In-Store Display
298,1,Sydney CBD,New South Wales,18,Sports Drink 600ml,Beverages,2024-11-01,2024-11-10,10,15.0,In-Store Display
299,1,Sydney CBD,New South Wales,18,Sports Drink 600ml,Beverages,2024-12-17,2024-12-21,5,30.0,Catalogue
300,1,Sydney CBD,New South Wales,18,Sports Drink 600ml,Beverages,2023-06-11,2023-06-16,6,15.0,In-Store Display
301,1,Sydney CBD,New South Wales,18,Sports Drink 600ml,Beverages,2025-10-27,2025-10-31,5,15.0,In-Store Display
302,1,Sydney CBD,New South Wales,18,Sports Drink 600ml,Beverages,2025-09-09,2025-09-13,5,10.0,In-Store Display
303,1,Sydney CBD,New South Wales,18,Sports Drink 600ml,Beverages,2023-10-05,2023-10-15,11,30.0,Catalogue
304,1,Sydney CBD,New South Wales,18,Sports Drink 600ml,Beverages,2023-04-03,2023-04-15,13,20.0,Catalogue
305,1,Sydney CBD,New South Wales,18,Sports Drink 600ml,Beverages,2025-11-20,2025-12-02,13,15.0,In-Store Display
306,1,Sydney CBD,New South Wales,18,Sports Drink 600ml,Beverages,2023-01-26,2023-02-04,10,10.0,In-Store Display
307,1,Sydney CBD,New South Wales,18,Sports Drink 600ml,Beverages,2023-02-27,2023-03-04,6,15.0,In-Store Display
308,1,Sydney CBD,New South Wales,18,Sports Drink 600ml,Beverages,2025-03-12,2025-03-24,13,15.0,In-Store Display
309,1,Sydney CBD,New South Wales,18,Sports Drink 600ml,Beverages,2025-06-21,2025-07-01,11,15.0,In-Store Display
310,1,Sydney CBD,New South Wales,18,Sports Drink 600ml,Beverages,2024-06-12,2024-06-21,10,20.0,Catalogue
311,1,Sydney CBD,New South Wales,18,Sports Drink 600ml,Beverages,2023-05-11,2023-05-16,6,30.0,Catalogue
312,1,Sydney CBD,New South Wales,18,Sports Drink 600ml,Beverages,2024-01-12,2024-01-21,10,10.0,In-Store Display
313,1,Sydney CBD,New South Wales,18,Sports Drink 600ml,Beverages,2025-04-27,2025-05-04,8,10.0,In-Store Display
314,1,Sydney CBD,New South Wales,18,Sports Drink 600ml,Beverages,2025-02-12,2025-02-25,14,15.0,In-Store Display
315,1,Sydney CBD,New South Wales,18,Sports Drink 600ml,Beverages,2024-04-16,2024-04-24,9,25.0,Catalogue
316,1,Sydney CBD,New South Wales,18,Sports Drink 600ml,Beverages,2024-03-04,2024-03-12,9,25.0,Catalogue
317,1,Sydney CBD,New South Wales,18,Sports Drink 600ml,Beverages,2024-02-11,2024-02-18,8,15.0,In-Store Display
318,1,Sydney CBD,New South Wales,18,Sports Drink 600ml,Beverages,2023-07-24,2023-08-06,14,10.0,In-Store Display
319,1,Sydney CBD,New South Wales,18,Sports Drink 600ml,Beverages,2023-12-16,2023-12-27,12,30.0,Catalogue
320,1,Sydney CBD,New South Wales,18,Sports Drink 600ml,Beverages,2025-12-25,2025-12-30,6,15.0,In-Store Display
321,1,Sydney CBD,New South Wales,18,Sports Drink 600ml,Beverages,2025-08-13,2025-08-21,9,20.0,Catalogue
322,1,Sydney CBD,New South Wales,18,Sports Drink 600ml,Beverages,2024-10-08,2024-10-13,6,10.0,In-Store Display
323,1,Sydney CBD,New South Wales,18,Sports Drink 600ml,Beverages,2024-05-12,2024-05-20,9,15.0,In-Store Display
324,1,Sydney CBD,New South Wales,19,Potato Chips 175g,Snacks,2024-04-30,2024-05-13,14,15.0,In-Store Display
325,1,Sydney CBD,New South Wales,19,Potato Chips 175g,Snacks,2025-07-13,2025-07-18,6,30.0,Catalogue
326,1,Sydney CBD,New South Wales,19,Potato Chips 175g,Snacks,2025-03-30,2025-04-12,14,20.0,Catalogue
327,1,Sydney CBD,New South Wales,19,Potato Chips 175g,Snacks,2024-02-14,2024-02-27,14,10.0,In-Store Display
328,1,Sydney CBD,New South Wales,19,Potato Chips 175g,Snacks,2023-10-04,2023-10-15,12,25.0,Catalogue
329,1,Sydney CBD,New South Wales,19,Potato Chips 175g,Snacks,2025-08-11,2025-08-16,6,50.0,Clearance
330,1,Sydney CBD,New South Wales,19,Potato Chips 175g,Snacks,2023-08-05,2023-08-12,8,20.0,Catalogue
331,1,Sydney CBD,New South Wales,19,Potato Chips 175g,Snacks,2025-05-21,2025-05-28,8,15.0,In-Store Display
332,1,Sydney CBD,New South Wales,19,Potato Chips 175g,Snacks,2024-06-19,2024-06-29,11,15.0,In-Store Display
333,1,Sydney CBD,New South Wales,19,Potato Chips 175g,Snacks,2023-12-18,2023-12-24,7,15.0,In-Store Display
334,1,Sydney CBD,New South Wales,19,Potato Chips 175g,Snacks,2025-09-01,2025-09-10,10,30.0,Catalogue
335,1,Sydney CBD,New South Wales,19,Potato Chips 175g,Snacks,2023-02-13,2023-02-20,8,15.0,In-Store Display
336,1,Sydney CBD,New South Wales,19,Potato Chips 175g,Snacks,2023-08-28,2023-09-10,14,20.0,Catalogue
337,1,Sydney CBD,New South Wales,19,Potato Chips 175g,Snacks,2023-11-19,2023-11-23,5,15.0,In-Store Display
338,1,Sydney CBD,New South Wales,19,Potato Chips 175g,Snacks,2023-04-02,2023-04-13,12,15.0,In-Store Display
339,1,Sydney CBD,New South Wales,19,Potato Chips 175g,Snacks,2024-05-29,2024-06-02,5,15.0,In-Store Display
340,1,Sydney CBD,New South Wales,19,Potato Chips 175g,Snacks,2024-01-14,2024-01-24,11,30.0,Catalogue
341,1,Sydney CBD,New South Wales,19,Potato Chips 175g,Snacks,2025-10-03,2025-10-09,7,15.0,In-Store Display
342,1,Sydney CBD,New South Wales,19,Potato Chips 175g,Snacks,2024-03-18,2024-03-26,9,25.0,Catalogue
343,1,Sydney CBD,New South Wales,19,Potato Chips 175g,Snacks,2023-06-28,2023-07-04,7,25.0,Catalogue
344,1,Sydney CBD,New South Wales,19,Potato Chips 175g,Snacks,2024-10-21,2024-11-02,13,25.0,Catalogue
345,1,Sydney CBD,New South Wales,19,Potato Chips 175g,Snacks,2025-01-23,2025-01-28,6,15.0,In-Store Display
346,1,Sydney CBD,New South Wales,19,Potato Chips 175g,Snacks,2024-08-18,2024-08-28,11,50.0,Clearance
347,1,Sydney CBD,New South Wales,19,Potato Chips 175g,Snacks,2025-11-30,2025-12-11,12,15.0,In-Store Display
348,1,Sydney CBD,New South Wales,19,Potato Chips 175g,Snacks,2023-05-12,2023-05-16,5,25.0,Catalogue
349,1,Sydney CBD,New South Wales,19,Potato Chips 175g,Snacks,2024-12-10,2024-12-15,6,25.0,Catalogue
350,1,Sydney CBD,New South Wales,19,Potato Chips 175g,Snacks,2024-09-25,2024-10-02,8,20.0,Catalogue
351,1,Sydney CBD,New South Wales,19,Potato Chips 175g,Snacks,2023-01-06,2023-01-14,9,25.0,Catalogue
352,1,Sydney CBD,New South Wales,19,Potato Chips 175g,Snacks,2024-12-31,2025-01-08,9,20.0,Catalogue
353,1,Sydney CBD,New South Wales,19,Potato Chips 175g,Snacks,2025-11-07,2025-11-12,6,15.0,In-Store Display
354,1,Sydney CBD,New South Wales,19,Potato Chips 175g,Snacks,2024-07-19,2024-07-31,13,30.0,Catalogue
355,1,Sydney CBD,New South Wales,20,Sweet Biscuits 250g,Snacks,2023-02-11,2023-02-22,12,20.0,Catalogue
356,1,Sydney CBD,New South Wales,20,Sweet Biscuits 250g,Snacks,2024-05-08,2024-05-21,14,20.0,Catalogue
357,1,Sydney CBD,New South Wales,20,Sweet Biscuits 250g,Snacks,2024-09-14,2024-09-26,13,25.0,Catalogue
358,1,Sydney CBD,New South Wales,20,Sweet Biscuits 250g,Snacks,2024-02-13,2024-02-20,8,25.0,Catalogue
359,1,Sydney CBD,New South Wales,20,Sweet Biscuits 250g,Snacks,2024-12-28,2025-01-09,13,10.0,In-Store Display
360,1,Sydney CBD,New South Wales,20,Sweet Biscuits 250g,Snacks,2025-01-29,2025-02-07,10,15.0,In-Store Display
361,1,Sydney CBD,New South Wales,20,Sweet Biscuits 250g,Snacks,2025-03-24,2025-03-28,5,30.0,Catalogue
362,1,Sydney CBD,New South Wales,20,Sweet Biscuits 250g,Snacks,2023-07-04,2023-07-15,12,10.0,In-Store Display
363,1,Sydney CBD,New South Wales,20,Sweet Biscuits 250g,Snacks,2024-10-13,2024-10-18,6,20.0,Catalogue
364,1,Sydney CBD,New South Wales,20,Sweet Biscuits 250g,Snacks,2024-01-16,2024-01-21,6,15.0,In-Store Display
365,1,Sydney CBD,New South Wales,20,Sweet Biscuits 250g,Snacks,2025-08-11,2025-08-16,6,50.0,Clearance
366,1,Sydney CBD,New South Wales,20,Sweet Biscuits 250g,Snacks,2023-05-25,2023-05-29,5,15.0,In-Store Display
367,1,Sydney CBD,New South Wales,20,Sweet Biscuits 250g,Snacks,2023-12-10,2023-12-18,9,20.0,Catalogue
368,1,Sydney CBD,New South Wales,20,Sweet Biscuits 250g,Snacks,2023-03-30,2023-04-09,11,10.0,In-Store Display
369,1,Sydney CBD,New South Wales,20,Sweet Biscuits 250g,Snacks,2023-10-17,2023-10-30,14,15.0,In-Store Display
370,1,Sydney CBD,New South Wales,20,Sweet Biscuits 250g,Snacks,2023-08-01,2023-08-05,5,10.0,In-Store Display
371,1,Sydney CBD,New South Wales,20,Sweet Biscuits 250g,Snacks,2024-06-26,2024-07-05,10,15.0,In-Store Display
372,1,Sydney CBD,New South Wales,20,Sweet Biscuits 250g,Snacks,2023-11-17,2023-11-25,9,10.0,In-Store Display
373,1,Sydney CBD,New South Wales,20,Sweet Biscuits 250g,Snacks,2025-04-23,2025-05-06,14,20.0,Catalogue
374,1,Sydney CBD,New South Wales,20,Sweet Biscuits 250g,Snacks,2024-08-10,2024-08-15,6,10.0,In-Store Display
375,1,Sydney CBD,New South Wales,20,Sweet Biscuits 250g,Snacks,2025-06-24,2025-06-30,7,20.0,Catalogue
376,1,Sydney CBD,New South Wales,20,Sweet Biscuits 250g,Snacks,2023-01-07,2023-01-19,13,10.0,In-Store Display
377,1,Sydney CBD,New South Wales,20,Sweet Biscuits 250g,Snacks,2024-12-01,2024-12-06,6,20.0,Catalogue
378,1,Sydney CBD,New South Wales,20,Sweet Biscuits 250g,Snacks,2025-09-10,2025-09-19,10,30.0,Catalogue
379,1,Sydney CBD,New South Wales,20,Sweet Biscuits 250g,Snacks,2025-11-06,2025-11-12,7,15.0,In-Store Display
380,1,Sydney CBD,New South Wales,20,Sweet Biscuits 250g,Snacks,2024-03-11,2024-03-23,13,20.0,Catalogue
381,1,Sydney CBD,New South Wales,21,Chocolate Block 180g,Snacks,2024-06-25,2024-07-03,9,10.0,In-Store Display
382,1,Sydney CBD,New South Wales,21,Chocolate Block 180g,Snacks,2023-11-30,2023-12-11,12,15.0,In-Store Display
383,1,Sydney CBD,New South Wales,21,Chocolate Block 180g,Snacks,2024-01-19,2024-02-01,14,10.0,In-Store Display
384,1,Sydney CBD,New South Wales,21,Chocolate Block 180g,Snacks,2023-05-12,2023-05-20,9,30.0,Catalogue
385,1,Sydney CBD,New South Wales,21,Chocolate Block 180g,Snacks,2025-12-07,2025-12-11,5,10.0,In-Store Display
386,1,Sydney CBD,New South Wales,21,Chocolate Block 180g,Snacks,2024-08-18,2024-08-24,7,15.0,In-Store Display
387,1,Sydney CBD,New South Wales,21,Chocolate Block 180g,Snacks,2023-01-09,2023-01-15,7,20.0,Catalogue
388,1,Sydney CBD,New South Wales,21,Chocolate Block 180g,Snacks,2025-07-05,2025-07-14,10,25.0,Catalogue
389,1,Sydney CBD,New South Wales,21,Chocolate Block 180g,Snacks,2024-12-07,2024-12-15,9,20.0,Catalogue
390,1,Sydney CBD,New South Wales,21,Chocolate Block 180g,Snacks,2024-05-17,2024-05-24,8,20.0,Catalogue
391,1,Sydney CBD,New South Wales,21,Chocolate Block 180g,Snacks,2024-03-08,2024-03-18,11,20.0,Catalogue
392,1,Sydney CBD,New South Wales,21,Chocolate Block 180g,Snacks,2023-07-02,2023-07-10,9,20.0,Catalogue
393,1,Sydney CBD,New South Wales,21,Chocolate Block 180g,Snacks,2025-06-03,2025-06-12,10,25.0,Catalogue
394,1,Sydney CBD,New South Wales,21,Chocolate Block 180g,Snacks,2025-04-04,2025-04-11,8,10.0,In-Store Display
395,1,Sydney CBD,New South Wales,21,Chocolate Block 180g,Snacks,2023-02-24,2023-03-09,14,10.0,In-Store Display
396,1,Sydney CBD,New South Wales,21,Chocolate Block 180g,Snacks,2023-03-28,2023-04-10,14,20.0,Catalogue
397,1,Sydney CBD,New South Wales,21,Chocolate Block 180g,Snacks,2023-09-06,2023-09-12,7,25.0,Catalogue
398,1,Sydney CBD,New South Wales,21,Chocolate Block 180g,Snacks,2024-09-29,2024-10-08,10,20.0,Catalogue
399,1,Sydney CBD,New South Wales,21,Chocolate Block 180g,Snacks,2025-01-28,2025-02-05,9,15.0,In-Store Display
400,1,Sydney CBD,New South Wales,21,Chocolate Block 180g,Snacks,2025-11-08,2025-11-19,12,20.0,Catalogue
401,1,Sydney CBD,New South Wales,21,Chocolate Block 180g,Snacks,2023-10-07,2023-10-19,13,15.0,In-Store Display
402,1,Sydney CBD,New South Wales,21,Chocolate Block 180g,Snacks,2025-08-31,2025-09-11,12,20.0,Catalogue
403,1,Sydney CBD,New South Wales,21,Chocolate Block 180g,Snacks,2025-02-22,2025-03-04,11,15.0,In-Store Display
404,1,Sydney CBD,New South Wales,21,Chocolate Block 180g,Snacks,2023-01-31,2023-02-04,5,10.0,In-Store Display
405,1,Sydney CBD,New South Wales,21,Chocolate Block 180g,Snacks,2025-05-11,2025-05-19,9,15.0,In-Store Display
406,1,Sydney CBD,New South Wales,21,Chocolate Block 180g,Snacks,2023-12-26,2024-01-02,8,15.0,In-Store Display
407,1,Sydney CBD,New South Wales,21,Chocolate Block 180g,Snacks,2025-01-04,2025-01-08,5,10.0,In-Store Display
408,1,Sydney CBD,New South Wales,21,Chocolate Block 180g,Snacks,2023-08-02,2023-08-07,6,20.0,Catalogue
409,1,Sydney CBD,New South Wales,21,Chocolate Block 180g,Snacks,2023-11-04,2023-11-15,12,15.0,In-Store Display
410,1,Sydney CBD,New South Wales,21,Chocolate Block 180g,Snacks,2023-06-05,2023-06-16,12,25.0,Catalogue
411,1,Sydney CBD,New South Wales,21,Chocolate Block 180g,Snacks,2024-04-12,2024-04-18,7,25.0,Catalogue
412,1,Sydney CBD,New South Wales,21,Chocolate Block 180g,Snacks,2025-10-14,2025-10-19,6,20.0,Catalogue
413,1,Sydney CBD,New South Wales,21,Chocolate Block 180g,Snacks,2025-08-04,2025-08-09,6,25.0,Catalogue
414,1,Sydney CBD,New South Wales,22,Mixed Nuts 400g,Snacks,2023-01-27,2023-02-05,10,20.0,Catalogue
415,1,Sydney CBD,New South Wales,22,Mixed Nuts 400g,Snacks,2023-10-01,2023-10-12,12,30.0,Catalogue
416,1,Sydney CBD,New South Wales,22,Mixed Nuts 400g,Snacks,2025-09-16,2025-09-22,7,30.0,Catalogue
417,1,Sydney CBD,New South Wales,22,Mixed Nuts 400g,Snacks,2024-11-01,2024-11-13,13,15.0,In-Store Display
418,1,Sydney CBD,New South Wales,22,Mixed Nuts 400g,Snacks,2024-12-04,2024-12-11,8,20.0,Catalogue
419,1,Sydney CBD,New South Wales,22,Mixed Nuts 400g,Snacks,2025-05-14,2025-05-21,8,15.0,In-Store Display
420,1,Sydney CBD,New South Wales,22,Mixed Nuts 400g,Snacks,2024-05-23,2024-05-29,7,15.0,In-Store Display
421,1,Sydney CBD,New South Wales,22,Mixed Nuts 400g,Snacks,2024-01-11,2024-01-20,10,20.0,Catalogue
422,1,Sydney CBD,New South Wales,22,Mixed Nuts 400g,Snacks,2024-07-07,2024-07-19,13,25.0,Catalogue
423,1,Sydney CBD,New South Wales,22,Mixed Nuts 400g,Snacks,2023-09-03,2023-09-07,5,15.0,In-Store Display
424,1,Sydney CBD,New South Wales,22,Mixed Nuts 400g,Snacks,2023-05-08,2023-05-12,5,20.0,Catalogue
425,1,Sydney CBD,New South Wales,22,Mixed Nuts 400g,Snacks,2023-06-11,2023-06-15,5,25.0,Catalogue
426,1,Sydney CBD,New South Wales,22,Mixed Nuts 400g,Snacks,2023-03-08,2023-03-19,12,25.0,Catalogue
427,1,Sydney CBD,New South Wales,22,Mixed Nuts 400g,Snacks,2024-08-30,2024-09-05,7,15.0,In-Store Display
428,1,Sydney CBD,New South Wales,22,Mixed Nuts 400g,Snacks,2024-09-23,2024-10-05,13,15.0,In-Store Display
429,1,Sydney CBD,New South Wales,22,Mixed Nuts 400g,Snacks,2023-01-03,2023-01-09,7,30.0,Catalogue
430,1,Sydney CBD,New South Wales,22,Mixed Nuts 400g,Snacks,2023-11-14,2023-11-19,6,10.0,In-Store Display
431,1,Sydney CBD,New South Wales,22,Mixed Nuts 400g,Snacks,2025-03-08,2025-03-19,12,20.0,Catalogue
432,1,Sydney CBD,New South Wales,22,Mixed Nuts 400g,Snacks,2024-03-01,2024-03-07,7,25.0,Catalogue
433,1,Sydney CBD,New South Wales,22,Mixed Nuts 400g,Snacks,2025-01-15,2025-01-23,9,25.0,Catalogue
434,1,Sydney CBD,New South Wales,22,Mixed Nuts 400g,Snacks,2023-07-22,2023-07-30,9,30.0,Catalogue
435,1,Sydney CBD,New South Wales,22,Mixed Nuts 400g,Snacks,2024-04-18,2024-04-30,13,20.0,Catalogue
436,1,Sydney CBD,New South Wales,22,Mixed Nuts 400g,Snacks,2025-11-17,2025-11-24,8,25.0,Catalogue
437,1,Sydney CBD,New South Wales,22,Mixed Nuts 400g,Snacks,2025-10-14,2025-10-24,11,15.0,In-Store Display
438,1,Sydney CBD,New South Wales,22,Mixed Nuts 400g,Snacks,2025-08-05,2025-08-15,11,10.0,In-Store Display
439,1,Sydney CBD,New South Wales,23,Muesli Bars 6pk,Snacks,2024-03-06,2024-03-14,9,25.0,Catalogue
440,1,Sydney CBD,New South Wales,23,Muesli Bars 6pk,Snacks,2023-04-29,2023-05-08,10,10.0,In-Store Display
441,1,Sydney CBD,New South Wales,23,Muesli Bars 6pk,Snacks,2024-04-27,2024-05-04,8,15.0,In-Store Display
442,1,Sydney CBD,New South Wales,23,Muesli Bars 6pk,Snacks,2025-01-20,2025-01-30,11,15.0,In-Store Display
443,1,Sydney CBD,New South Wales,23,Muesli Bars 6pk,Snacks,2023-04-04,2023-04-12,9,10.0,In-Store Display
444,1,Sydney CBD,New South Wales,23,Muesli Bars 6pk,Snacks,2024-11-18,2024-11-30,13,20.0,Catalogue
445,1,Sydney CBD,New South Wales,23,Muesli Bars 6pk,Snacks,2024-10-24,2024-11-02,10,10.0,In-Store Display
446,1,Sydney CBD,New South Wales,23,Muesli Bars 6pk,Snacks,2025-06-28,2025-07-07,10,25.0,Catalogue
447,1,Sydney CBD,New South Wales,23,Muesli Bars 6pk,Snacks,2025-11-02,2025-11-14,13,10.0,In-Store Display
448,1,Sydney CBD,New South Wales,23,Muesli Bars 6pk,Snacks,2024-08-23,2024-09-03,12,20.0,Catalogue
449,1,Sydney CBD,New South Wales,23,Muesli Bars 6pk,Snacks,2024-06-08,2024-06-17,10,20.0,Catalogue
450,1,Sydney CBD,New South Wales,23,Muesli Bars 6pk,Snacks,2023-12-14,2023-12-26,13,10.0,In-Store Display
451,1,Sydney CBD,New South Wales,23,Muesli Bars 6pk,Snacks,2023-10-23,2023-11-05,14,30.0,Catalogue
452,1,Sydney CBD,New South Wales,23,Muesli Bars 6pk,Snacks,2023-02-21,2023-03-05,13,30.0,Catalogue
453,1,Sydney CBD,New South Wales,23,Muesli Bars 6pk,Snacks,2025-12-13,2025-12-23,11,25.0,Catalogue
454,1,Sydney CBD,New South Wales,23,Muesli Bars 6pk,Snacks,2025-05-01,2025-05-06,6,10.0,In-Store Display
455,1,Sydney CBD,New South Wales,23,Muesli Bars 6pk,Snacks,2023-08-26,2023-09-08,14,10.0,In-Store Display
456,1,Sydney CBD,New South Wales,23,Muesli Bars 6pk,Snacks,2023-07-17,2023-07-30,14,10.0,In-Store Display
457,1,Sydney CBD,New South Wales,23,Muesli Bars 6pk,Snacks,2025-08-19,2025-08-29,11,30.0,Catalogue
458,1,Sydney CBD,New South Wales,23,Muesli Bars 6pk,Snacks,2024-09-20,2024-10-02,13,25.0,Catalogue
459,1,Sydney CBD,New South Wales,24,Toilet Paper 12pk,Household,2023-06-11,2023-06-22,12,25.0,Catalogue
460,1,Sydney CBD,New South Wales,24,Toilet Paper 12pk,Household,2025-09-15,2025-09-22,8,25.0,Catalogue
461,1,Sydney CBD,New South Wales,24,Toilet Paper 12pk,Household,2024-02-26,2024-03-04,8,15.0,In-Store Display
462,1,Sydney CBD,New South Wales,24,Toilet Paper 12pk,Household,2024-05-01,2024-05-13,13,15.0,In-Store Display
463,1,Sydney CBD,New South Wales,24,Toilet Paper 12pk,Household,2023-09-22,2023-10-02,11,20.0,Catalogue
464,1,Sydney CBD,New South Wales,24,Toilet Paper 12pk,Household,2024-08-19,2024-08-25,7,20.0,Catalogue
465,1,Sydney CBD,New South Wales,24,Toilet Paper 12pk,Household,2023-08-12,2023-08-20,9,10.0,In-Store Display
466,1,Sydney CBD,New South Wales,24,Toilet Paper 12pk,Household,2023-10-22,2023-11-01,11,30.0,Catalogue
467,1,Sydney CBD,New South Wales,24,Toilet Paper 12pk,Household,2023-02-26,2023-03-04,7,10.0,In-Store Display
468,1,Sydney CBD,New South Wales,24,Toilet Paper 12pk,Household,2025-01-06,2025-01-16,11,15.0,In-Store Display
469,1,Sydney CBD,New South Wales,24,Toilet Paper 12pk,Household,2025-08-01,2025-08-07,7,30.0,Catalogue
470,1,Sydney CBD,New South Wales,24,Toilet Paper 12pk,Household,2025-02-05,2025-02-09,5,20.0,Catalogue
471,1,Sydney CBD,New South Wales,24,Toilet Paper 12pk,Household,2024-01-21,2024-01-26,6,20.0,Catalogue
472,1,Sydney CBD,New South Wales,24,Toilet Paper 12pk,Household,2025-02-26,2025-03-10,13,15.0,In-Store Display
473,1,Sydney CBD,New South Wales,24,Toilet Paper 12pk,Household,2025-05-14,2025-05-20,7,15.0,In-Store Display
474,1,Sydney CBD,New South Wales,24,Toilet Paper 12pk,Household,2024-06-16,2024-06-25,10,10.0,In-Store Display
475,1,Sydney CBD,New South Wales,24,Toilet Paper 12pk,Household,2025-11-26,2025-12-09,14,15.0,In-Store Display
476,1,Sydney CBD,New South Wales,24,Toilet Paper 12pk,Household,2023-04-02,2023-04-14,13,15.0,In-Store Display
477,1,Sydney CBD,New South Wales,24,Toilet Paper 12pk,Household,2023-11-16,2023-11-25,10,10.0,In-Store Display
478,1,Sydney CBD,New South Wales,24,Toilet Paper 12pk,Household,2024-11-01,2024-11-06,6,25.0,Catalogue
479,1,Sydney CBD,New South Wales,24,Toilet Paper 12pk,Household,2023-05-13,2023-05-18,6,10.0,In-Store Display
480,1,Sydney CBD,New South Wales,24,Toilet Paper 12pk,Household,2023-01-19,2023-01-28,10,10.0,In-Store Display
481,1,Sydney CBD,New South Wales,25,Laundry Liquid 2L,Household,2024-02-01,2024-02-08,8,10.0,In-Store Display
482,1,Sydney CBD,New South Wales,25,Laundry Liquid 2L,Household,2025-06-20,2025-07-01,12,25.0,Catalogue
483,1,Sydney CBD,New South Wales,25,Laundry Liquid 2L,Household,2025-03-11,2025-03-20,10,25.0,Catalogue
484,1,Sydney CBD,New South Wales,25,Laundry Liquid 2L,Household,2023-07-17,2023-07-23,7,50.0,Clearance
485,1,Sydney CBD,New South Wales,25,Laundry Liquid 2L,Household,2025-01-18,2025-01-24,7,15.0,In-Store Display
486,1,Sydney CBD,New South Wales,25,Laundry Liquid 2L,Household,2023-10-31,2023-11-05,6,20.0,Catalogue
487,1,Sydney CBD,New South Wales,25,Laundry Liquid 2L,Household,2023-01-08,2023-01-16,9,30.0,Catalogue
488,1,Sydney CBD,New South Wales,25,Laundry Liquid 2L,Household,2025-10-16,2025-10-21,6,10.0,In-Store Display
489,1,Sydney CBD,New South Wales,25,Laundry Liquid 2L,Household,2025-09-01,2025-09-09,9,10.0,In-Store Display
490,1,Sydney CBD,New South Wales,25,Laundry Liquid 2L,Household,2025-04-05,2025-04-13,9,25.0,Catalogue
491,1,Sydney CBD,New South Wales,25,Laundry Liquid 2L,Household,2023-03-25,2023-04-01,8,10.0,In-Store Display
492,1,Sydney CBD,New South Wales,25,Laundry Liquid 2L,Household,2024-07-19,2024-07-27,9,10.0,In-Store Display
493,1,Sydney CBD,New South Wales,25,Laundry Liquid 2L,Household,2023-08-09,2023-08-18,10,20.0,Catalogue
494,1,Sydney CBD,New South Wales,25,Laundry Liquid 2L,Household,2024-05-19,2024-05-29,11,25.0,Catalogue
495,1,Sydney CBD,New South Wales,25,Laundry Liquid 2L,Household,2024-03-08,2024-03-19,12,10.0,In-Store Display
496,1,Sydney CBD,New South Wales,25,Laundry Liquid 2L,Household,2024-11-24,2024-12-02,9,25.0,Catalogue
497,1,Sydney CBD,New South Wales,25,Laundry Liquid 2L,Household,2023-05-26,2023-06-04,10,10.0,In-Store Display
498,1,Sydney CBD,New South Wales,25,Laundry Liquid 2L,Household,2023-12-17,2023-12-23,7,20.0,Catalogue
499,1,Sydney CBD,New South Wales,25,Laundry Liquid 2L,Household,2025-07-29,2025-08-10,13,20.0,Catalogue
500,1,Sydney CBD,New South Wales,25,Laundry Liquid 2L,Household,2025-11-05,2025-11-17,13,10.0,In-Store Display
501,1,Sydney CBD,New South Wales,25,Laundry Liquid 2L,Household,2025-05-02,2025-05-12,11,10.0,In-Store Display
502,1,Sydney CBD,New South Wales,25,Laundry Liquid 2L,Household,2023-02-23,2023-03-02,8,25.0,Catalogue
503,1,Sydney CBD,New South Wales,25,Laundry Liquid 2L,Household,2023-10-04,2023-10-15,12,10.0,In-Store Display
504,1,Sydney CBD,New South Wales,25,Laundry Liquid 2L,Household,2025-12-18,2025-12-22,5,25.0,Catalogue
505,1,Sydney CBD,New South Wales,25,Laundry Liquid 2L,Household,2024-09-18,2024-09-28,11,30.0,Catalogue
506,1,Sydney CBD,New South Wales,25,Laundry Liquid 2L,Household,2024-08-17,2024-08-27,11,10.0,In-Store Display
507,1,Sydney CBD,New South Wales,26,Dishwashing Liquid 500ml,Household,2024-07-11,2024-07-21,11,20.0,Catalogue
508,1,Sydney CBD,New South Wales,26,Dishwashing Liquid 500ml,Household,2023-12-04,2023-12-17,14,10.0,In-Store Display
509,1,Sydney CBD,New South Wales,26,Dishwashing Liquid 500ml,Household,2023-09-29,2023-10-12,14,20.0,Catalogue
510,1,Sydney CBD,New South Wales,26,Dishwashing Liquid 500ml,Household,2025-04-12,2025-04-21,10,25.0,Catalogue
511,1,Sydney CBD,New South Wales,26,Dishwashing Liquid 500ml,Household,2024-02-10,2024-02-21,12,30.0,Catalogue
512,1,Sydney CBD,New South Wales,26,Dishwashing Liquid 500ml,Household,2025-09-17,2025-09-25,9,25.0,Catalogue
513,1,Sydney CBD,New South Wales,26,Dishwashing Liquid 500ml,Household,2024-04-22,2024-04-30,9,15.0,In-Store Display
514,1,Sydney CBD,New South Wales,26,Dishwashing Liquid 500ml,Household,2025-02-22,2025-03-06,13,20.0,Catalogue
515,1,Sydney CBD,New South Wales,26,Dishwashing Liquid 500ml,Household,2024-12-29,2025-01-02,5,10.0,In-Store Display
516,1,Sydney CBD,New South Wales,26,Dishwashing Liquid 500ml,Household,2025-07-20,2025-07-29,10,25.0,Catalogue
517,1,Sydney CBD,New South Wales,26,Dishwashing Liquid 500ml,Household,2024-06-03,2024-06-09,7,20.0,Catalogue
518,1,Sydney CBD,New South Wales,26,Dishwashing Liquid 500ml,Household,2023-08-30,2023-09-05,7,25.0,Catalogue
519,1,Sydney CBD,New South Wales,26,Dishwashing Liquid 500ml,Household,2024-08-24,2024-08-31,8,10.0,In-Store Display
520,1,Sydney CBD,New South Wales,26,Dishwashing Liquid 500ml,Household,2023-01-10,2023-01-14,5,10.0,In-Store Display
521,1,Sydney CBD,New South Wales,26,Dishwashing Liquid 500ml,Household,2025-12-24,2025-12-28,5,20.0,Catalogue
522,1,Sydney CBD,New South Wales,26,Dishwashing Liquid 500ml,Household,2023-08-03,2023-08-09,7,30.0,Catalogue
523,1,Sydney CBD,New South Wales,26,Dishwashing Liquid 500ml,Household,2023-05-26,2023-06-02,8,20.0,Catalogue
524,1,Sydney CBD,New South Wales,27,Paper Towel 4pk,Household,2023-09-26,2023-10-06,11,10.0,In-Store Display
525,1,Sydney CBD,New South Wales,27,Paper Towel 4pk,Household,2025-02-04,2025-02-17,14,10.0,In-Store Display
526,1,Sydney CBD,New South Wales,27,Paper Towel 4pk,Household,2023-02-08,2023-02-17,10,20.0,Catalogue
527,1,Sydney CBD,New South Wales,27,Paper Towel 4pk,Household,2025-03-30,2025-04-05,7,20.0,Catalogue
528,1,Sydney CBD,New South Wales,27,Paper Towel 4pk,Household,2025-05-24,2025-06-01,9,10.0,In-Store Display
529,1,Sydney CBD,New South Wales,27,Paper Towel 4pk,Household,2024-03-19,2024-03-29,11,50.0,Clearance
530,1,Sydney CBD,New South Wales,27,Paper Towel 4pk,Household,2024-01-21,2024-01-28,8,30.0,Catalogue
531,1,Sydney CBD,New South Wales,27,Paper Towel 4pk,Household,2024-06-11,2024-06-16,6,30.0,Catalogue
532,1,Sydney CBD,New South Wales,27,Paper Towel 4pk,Household,2025-10-29,2025-11-10,13,25.0,Catalogue
533,1,Sydney CBD,New South Wales,27,Paper Towel 4pk,Household,2023-10-21,2023-11-03,14,10.0,In-Store Display
534,1,Sydney CBD,New South Wales,27,Paper Towel 4pk,Household,2024-09-29,2024-10-09,11,20.0,Catalogue
535,1,Sydney CBD,New South Wales,27,Paper Towel 4pk,Household,2023-04-10,2023-04-16,7,30.0,Catalogue
536,1,Sydney CBD,New South Wales,27,Paper Towel 4pk,Household,2023-06-30,2023-07-04,5,10.0,In-Store Display
537,1,Sydney CBD,New South Wales,27,Paper Towel 4pk,Household,2025-09-06,2025-09-17,12,50.0,Clearance
538,1,Sydney CBD,New South Wales,27,Paper Towel 4pk,Household,2023-03-11,2023-03-17,7,10.0,In-Store Display
539,1,Sydney CBD,New South Wales,27,Paper Towel 4pk,Household,2024-11-04,2024-11-17,14,30.0,Catalogue
540,1,Sydney CBD,New South Wales,27,Paper Towel 4pk,Household,2023-11-19,2023-11-24,6,15.0,In-Store Display
541,1,Sydney CBD,New South Wales,27,Paper Towel 4pk,Household,2024-12-15,2024-12-25,11,25.0,Catalogue
542,1,Sydney CBD,New South Wales,28,Sunscreen SPF50+ 200ml,Household,2024-06-25,2024-07-02,8,25.0,Catalogue
543,1,Sydney CBD,New South Wales,28,Sunscreen SPF50+ 200ml,Household,2023-07-15,2023-07-24,10,30.0,Catalogue
544,1,Sydney CBD,New South Wales,28,Sunscreen SPF50+ 200ml,Household,2023-01-30,2023-02-06,8,10.0,In-Store Display
545,1,Sydney CBD,New South Wales,28,Sunscreen SPF50+ 200ml,Household,2023-05-16,2023-05-28,13,30.0,Catalogue
546,1,Sydney CBD,New South Wales,28,Sunscreen SPF50+ 200ml,Household,2024-11-02,2024-11-12,11,30.0,Catalogue
547,1,Sydney CBD,New South Wales,28,Sunscreen SPF50+ 200ml,Household,2025-01-20,2025-01-26,7,25.0,Catalogue
548,1,Sydney CBD,New South Wales,28,Sunscreen SPF50+ 200ml,Household,2025-08-04,2025-08-08,5,25.0,Catalogue
549,1,Sydney CBD,New South Wales,28,Sunscreen SPF50+ 200ml,Household,2023-04-18,2023-05-01,14,30.0,Catalogue
550,1,Sydney CBD,New South Wales,28,Sunscreen SPF50+ 200ml,Household,2023-01-09,2023-01-15,7,30.0,Catalogue
551,1,Sydney CBD,New South Wales,28,Sunscreen SPF50+ 200ml,Household,2024-08-11,2024-08-15,5,30.0,Catalogue
552,1,Sydney CBD,New South Wales,28,Sunscreen SPF50+ 200ml,Household,2023-08-17,2023-08-22,6,10.0,In-Store Display
553,1,Sydney CBD,New South Wales,28,Sunscreen SPF50+ 200ml,Household,2025-09-15,2025-09-20,6,50.0,Clearance
554,1,Sydney CBD,New South Wales,28,Sunscreen SPF50+ 200ml,Household,2024-03-20,2024-03-30,11,30.0,Catalogue
555,1,Sydney CBD,New South Wales,28,Sunscreen SPF50+ 200ml,Household,2023-11-19,2023-12-02,14,10.0,In-Store Display
556,1,Sydney CBD,New South Wales,28,Sunscreen SPF50+ 200ml,Household,2025-12-16,2025-12-22,7,20.0,Catalogue
557,1,Sydney CBD,New South Wales,28,Sunscreen SPF50+ 200ml,Household,2023-03-23,2023-03-28,6,30.0,Catalogue
558,1,Sydney CBD,New South Wales,28,Sunscreen SPF50+ 200ml,Household,2024-12-25,2024-12-29,5,10.0,In-Store Display
559,1,Sydney CBD,New South Wales,28,Sunscreen SPF50+ 200ml,Household,2025-04-04,2025-04-14,11,50.0,Clearance
560,1,Sydney CBD,New South Wales,28,Sunscreen SPF50+ 200ml,Household,2024-12-05,2024-12-10,6,50.0,Clearance
561,1,Sydney CBD,New South Wales,28,Sunscreen SPF50+ 200ml,Household,2024-01-19,2024-01-25,7,25.0,Catalogue
562,1,Sydney CBD,New South Wales,28,Sunscreen SPF50+ 200ml,Household,2024-02-19,2024-02-26,8,25.0,Catalogue
563,1,Sydney CBD,New South Wales,28,Sunscreen SPF50+ 200ml,Household,2023-10-11,2023-10-21,11,30.0,Catalogue
564,1,Sydney CBD,New South Wales,28,Sunscreen SPF50+ 200ml,Household,2024-09-14,2024-09-19,6,20.0,Catalogue
565,1,Sydney CBD,New South Wales,28,Sunscreen SPF50+ 200ml,Household,2025-03-01,2025-03-12,12,30.0,Catalogue
566,1,Sydney CBD,New South Wales,29,Insect Repellent 150ml,Household,2023-10-03,2023-10-13,11,30.0,Catalogue
567,1,Sydney CBD,New South Wales,29,Insect Repellent 150ml,Household,2025-11-20,2025-11-29,10,25.0,Catalogue
568,1,Sydney CBD,New South Wales,29,Insect Repellent 150ml,Household,2024-08-29,2024-09-03,6,25.0,Catalogue
569,1,Sydney CBD,New South Wales,29,Insect Repellent 150ml,Household,2025-06-26,2025-07-06,11,15.0,In-Store Display
570,1,Sydney CBD,New South Wales,29,Insect Repellent 150ml,Household,2023-01-11,2023-01-16,6,25.0,Catalogue
571,1,Sydney CBD,New South Wales,29,Insect Repellent 150ml,Household,2023-12-28,2024-01-02,6,10.0,In-Store Display
572,1,Sydney CBD,New South Wales,29,Insect Repellent 150ml,Household,2023-11-13,2023-11-17,5,15.0,In-Store Display
573,1,Sydney CBD,New South Wales,29,Insect Repellent 150ml,Household,2023-09-04,2023-09-16,13,50.0,Clearance
574,1,Sydney CBD,New South Wales,29,Insect Repellent 150ml,Household,2024-07-09,2024-07-14,6,15.0,In-Store Display
575,1,Sydney CBD,New South Wales,29,Insect Repellent 150ml,Household,2025-08-20,2025-08-29,10,10.0,In-Store Display
576,1,Sydney CBD,New South Wales,29,Insect Repellent 150ml,Household,2023-03-24,2023-04-03,11,15.0,In-Store Display
577,1,Sydney CBD,New South Wales,29,Insect Repellent 150ml,Household,2024-10-01,2024-10-11,11,15.0,In-Store Display
578,1,Sydney CBD,New South Wales,29,Insect Repellent 150ml,Household,2024-05-05,2024-05-16,12,50.0,Clearance
579,1,Sydney CBD,New South Wales,29,Insect Repellent 150ml,Household,2025-04-12,2025-04-23,12,20.0,Catalogue
580,1,Sydney CBD,New South Wales,29,Insect Repellent 150ml,Household,2025-01-11,2025-01-19,9,25.0,Catalogue
581,1,Sydney CBD,New South Wales,29,Insect Repellent 150ml,Household,2025-09-15,2025-09-21,7,10.0,In-Store Display
582,1,Sydney CBD,New South Wales,29,Insect Repellent 150ml,Household,2023-02-02,2023-02-09,8,30.0,Catalogue
583,1,Sydney CBD,New South Wales,30,Firelighters 24pk,Household,2023-08-02,2023-08-13,12,10.0,In-Store Display
584,1,Sydney CBD,New South Wales,30,Firelighters 24pk,Household,2023-06-20,2023-06-24,5,15.0,In-Store Display
585,1,Sydney CBD,New South Wales,30,Firelighters 24pk,Household,2024-04-05,2024-04-14,10,20.0,Catalogue
586,1,Sydney CBD,New South Wales,30,Firelighters 24pk,Household,2023-11-20,2023-12-01,12,20.0,Catalogue
587,1,Sydney CBD,New South Wales,30,Firelighters 24pk,Household,2025-12-09,2025-12-19,11,25.0,Catalogue
588,1,Sydney CBD,New South Wales,30,Firelighters 24pk,Household,2024-02-15,2024-02-28,14,30.0,Catalogue
589,1,Sydney CBD,New South Wales,30,Firelighters 24pk,Household,2023-02-21,2023-03-02,10,25.0,Catalogue
590,1,Sydney CBD,New South Wales,30,Firelighters 24pk,Household,2024-11-16,2024-11-24,9,10.0,In-Store Display
591,1,Sydney CBD,New South Wales,30,Firelighters 24pk,Household,2024-09-04,2024-09-10,7,10.0,In-Store Display
592,1,Sydney CBD,New South Wales,30,Firelighters 24pk,Household,2025-07-21,2025-07-27,7,25.0,Catalogue
593,1,Sydney CBD,New South Wales,30,Firelighters 24pk,Household,2024-05-19,2024-05-25,7,25.0,Catalogue
594,1,Sydney CBD,New South Wales,30,Firelighters 24pk,Household,2023-10-27,2023-11-02,7,15.0,In-Store Display
595,2,Parramatta,New South Wales,1,Long Grain Rice 2kg,Staples,2023-11-20,2023-11-25,6,15.0,In-Store Display
596,2,Parramatta,New South Wales,1,Long Grain Rice 2kg,Staples,2025-08-16,2025-08-25,10,15.0,In-Store Display
597,2,Parramatta,New South Wales,1,Long Grain Rice 2kg,Staples,2023-04-04,2023-04-11,8,10.0,In-Store Display
598,2,Parramatta,New South Wales,1,Long Grain Rice 2kg,Staples,2025-11-26,2025-12-06,11,25.0,Catalogue
599,2,Parramatta,New South Wales,1,Long Grain Rice 2kg,Staples,2023-01-16,2023-01-29,14,25.0,Catalogue
600,2,Parramatta,New South Wales,1,Long Grain Rice 2kg,Staples,2024-12-22,2024-12-31,10,20.0,Catalogue
601,2,Parramatta,New South Wales,1,Long Grain Rice 2kg,Staples,2023-05-24,2023-06-02,10,20.0,Catalogue
602,2,Parramatta,New South Wales,1,Long Grain Rice 2kg,Staples,2025-05-20,2025-05-31,12,20.0,Catalogue
603,2,Parramatta,New South Wales,1,Long Grain Rice 2kg,Staples,2025-02-01,2025-02-10,10,25.0,Catalogue
604,2,Parramatta,New South Wales,1,Long Grain Rice 2kg,Staples,2025-09-30,2025-10-08,9,15.0,In-Store Display
605,2,Parramatta,New South Wales,1,Long Grain Rice 2kg,Staples,2023-07-12,2023-07-20,9,25.0,Catalogue
606,2,Parramatta,New South Wales,2,Dried Pasta 500g,Staples,2023-04-02,2023-04-12,11,15.0,In-Store Display
607,2,Parramatta,New South Wales,2,Dried Pasta 500g,Staples,2023-01-20,2023-02-02,14,10.0,In-Store Display
608,2,Parramatta,New South Wales,2,Dried Pasta 500g,Staples,2024-09-01,2024-09-05,5,10.0,In-Store Display
609,2,Parramatta,New South Wales,2,Dried Pasta 500g,Staples,2024-02-08,2024-02-12,5,15.0,In-Store Display
610,2,Parramatta,New South Wales,2,Dried Pasta 500g,Staples,2025-06-06,2025-06-19,14,20.0,Catalogue
611,2,Parramatta,New South Wales,2,Dried Pasta 500g,Staples,2024-03-19,2024-03-31,13,15.0,In-Store Display
612,2,Parramatta,New South Wales,2,Dried Pasta 500g,Staples,2025-09-16,2025-09-20,5,10.0,In-Store Display
613,2,Parramatta,New South Wales,2,Dried Pasta 500g,Staples,2024-12-28,2025-01-01,5,10.0,In-Store Display
614,2,Parramatta,New South Wales,2,Dried Pasta 500g,Staples,2025-04-09,2025-04-16,8,30.0,Catalogue
615,2,Parramatta,New South Wales,2,Dried Pasta 500g,Staples,2025-02-10,2025-02-15,6,30.0,Catalogue
616,2,Parramatta,New South Wales,2,Dried Pasta 500g,Staples,2023-09-15,2023-09-19,5,20.0,Catalogue
617,2,Parramatta,New South Wales,2,Dried Pasta 500g,Staples,2024-06-08,2024-06-14,7,15.0,In-Store Display
618,2,Parramatta,New South Wales,2,Dried Pasta 500g,Staples,2023-11-10,2023-11-21,12,10.0,In-Store Display
619,2,Parramatta,New South Wales,2,Dried Pasta 500g,Staples,2024-05-15,2024-05-19,5,10.0,In-Store Display
620,2,Parramatta,New South Wales,2,Dried Pasta 500g,Staples,2024-08-06,2024-08-14,9,30.0,Catalogue
621,2,Parramatta,New South Wales,2,Dried Pasta 500g,Staples,2023-05-14,2023-05-18,5,15.0,In-Store Display
622,2,Parramatta,New South Wales,2,Dried Pasta 500g,Staples,2025-10-18,2025-10-27,10,10.0,In-Store Display
623,2,Parramatta,New South Wales,2,Dried Pasta 500g,Staples,2023-02-26,2023-03-05,8,30.0,Catalogue
624,2,Parramatta,New South Wales,2,Dried Pasta 500g,Staples,2023-12-25,2024-01-03,10,20.0,Catalogue
625,2,Parramatta,New South Wales,3,White Bread Loaf,Staples,2023-04-10,2023-04-18,9,20.0,Catalogue
626,2,Parramatta,New South Wales,3,White Bread Loaf,Staples,2024-02-09,2024-02-18,10,10.0,In-Store Display
627,2,Parramatta,New South Wales,3,White Bread Loaf,Staples,2023-12-13,2023-12-22,10,15.0,In-Store Display
628,2,Parramatta,New South Wales,3,White Bread Loaf,Staples,2025-04-30,2025-05-08,9,15.0,In-Store Display
629,2,Parramatta,New South Wales,3,White Bread Loaf,Staples,2023-08-09,2023-08-19,11,15.0,In-Store Display
630,2,Parramatta,New South Wales,3,White Bread Loaf,Staples,2025-11-17,2025-11-28,12,15.0,In-Store Display
631,2,Parramatta,New South Wales,3,White Bread Loaf,Staples,2025-06-12,2025-06-18,7,10.0,In-Store Display
632,2,Parramatta,New South Wales,3,White Bread Loaf,Staples,2024-09-23,2024-10-03,11,25.0,Catalogue
633,2,Parramatta,New South Wales,3,White Bread Loaf,Staples,2023-02-25,2023-03-02,6,15.0,In-Store Display
634,2,Parramatta,New South Wales,3,White Bread Loaf,Staples,2024-08-05,2024-08-12,8,20.0,Catalogue
635,2,Parramatta,New South Wales,4,Plain Flour 1kg,Staples,2024-07-14,2024-07-22,9,20.0,Catalogue
636,2,Parramatta,New South Wales,4,Plain Flour 1kg,Staples,2023-06-04,2023-06-14,11,15.0,In-Store Display
637,2,Parramatta,New South Wales,4,Plain Flour 1kg,Staples,2024-06-04,2024-06-10,7,25.0,Catalogue
638,2,Parramatta,New South Wales,4,Plain Flour 1kg,Staples,2025-03-15,2025-03-26,12,25.0,Catalogue
639,2,Parramatta,New South Wales,4,Plain Flour 1kg,Staples,2024-11-22,2024-11-28,7,50.0,Clearance
640,2,Parramatta,New South Wales,4,Plain Flour 1kg,Staples,2025-04-26,2025-05-07,12,20.0,Catalogue
641,2,Parramatta,New South Wales,4,Plain Flour 1kg,Staples,2024-05-14,2024-05-19,6,15.0,In-Store Display
642,2,Parramatta,New South Wales,4,Plain Flour 1kg,Staples,2024-01-31,2024-02-13,14,15.0,In-Store Display
643,2,Parramatta,New South Wales,4,Plain Flour 1kg,Staples,2025-12-21,2025-12-26,6,30.0,Catalogue
644,2,Parramatta,New South Wales,4,Plain Flour 1kg,Staples,2023-07-30,2023-08-04,6,25.0,Catalogue
645,2,Parramatta,New South Wales,4,Plain Flour 1kg,Staples,2025-08-14,2025-08-18,5,10.0,In-Store Display
646,2,Parramatta,New South Wales,4,Plain Flour 1kg,Staples,2024-09-08,2024-09-17,10,25.0,Catalogue
647,2,Parramatta,New South Wales,4,Plain Flour 1kg,Staples,2023-07-01,2023-07-06,6,15.0,In-Store Display
648,2,Parramatta,New South Wales,5,Breakfast Cereal 1kg,Staples,2023-05-21,2023-05-31,11,20.0,Catalogue
649,2,Parramatta,New South Wales,5,Breakfast Cereal 1kg,Staples,2025-06-24,2025-07-06,13,25.0,Catalogue
650,2,Parramatta,New South Wales,5,Breakfast Cereal 1kg,Staples,2023-01-17,2023-01-29,13,30.0,Catalogue
651,2,Parramatta,New South Wales,5,Breakfast Cereal 1kg,Staples,2024-10-15,2024-10-20,6,20.0,Catalogue
652,2,Parramatta,New South Wales,5,Breakfast Cereal 1kg,Staples,2024-04-24,2024-05-03,10,10.0,In-Store Display
653,2,Parramatta,New South Wales,5,Breakfast Cereal 1kg,Staples,2023-09-27,2023-10-07,11,30.0,Catalogue
654,2,Parramatta,New South Wales,5,Breakfast Cereal 1kg,Staples,2023-03-03,2023-03-13,11,25.0,Catalogue
655,2,Parramatta,New South Wales,5,Breakfast Cereal 1kg,Staples,2025-03-16,2025-03-24,9,20.0,Catalogue
656,2,Parramatta,New South Wales,5,Breakfast Cereal 1kg,Staples,2023-06-21,2023-07-01,11,20.0,Catalogue
657,2,Parramatta,New South Wales,5,Breakfast Cereal 1kg,Staples,2024-02-22,2024-03-03,11,15.0,In-Store Display
658,2,Parramatta,New South Wales,5,Breakfast Cereal 1kg,Staples,2024-08-04,2024-08-14,11,20.0,Catalogue
659,2,Parramatta,New South Wales,5,Breakfast Cereal 1kg,Staples,2025-09-28,2025-10-09,12,30.0,Catalogue
660,2,Parramatta,New South Wales,5,Breakfast Cereal 1kg,Staples,2024-03-18,2024-03-24,7,15.0,In-Store Display
661,2,Parramatta,New South Wales,5,Breakfast Cereal 1kg,Staples,2025-07-24,2025-08-06,14,15.0,In-Store Display
662,2,Parramatta,New South Wales,5,Breakfast Cereal 1kg,Staples,2023-12-04,2023-12-15,12,30.0,Catalogue
663,2,Parramatta,New South Wales,6,White Sugar 1kg,Staples,2024-10-11,2024-10-15,5,15.0,In-Store Display
664,2,Parramatta,New South Wales,6,White Sugar 1kg,Staples,2024-05-13,2024-05-25,13,15.0,In-Store Display
665,2,Parramatta,New South Wales,6,White Sugar 1kg,Staples,2025-09-21,2025-10-03,13,20.0,Catalogue
666,2,Parramatta,New South Wales,6,White Sugar 1kg,Staples,2024-12-22,2025-01-01,11,15.0,In-Store Display
667,2,Parramatta,New South Wales,6,White Sugar 1kg,Staples,2023-03-07,2023-03-20,14,10.0,In-Store Display
668,2,Parramatta,New South Wales,6,White Sugar 1kg,Staples,2025-06-07,2025-06-18,12,50.0,Clearance
669,2,Parramatta,New South Wales,6,White Sugar 1kg,Staples,2024-07-30,2024-08-07,9,30.0,Catalogue
670,2,Parramatta,New South Wales,6,White Sugar 1kg,Staples,2023-06-02,2023-06-11,10,30.0,Catalogue
671,2,Parramatta,New South Wales,7,Full Cream Milk 2L,Dairy & Frozen,2025-09-23,2025-10-04,12,10.0,In-Store Display
672,2,Parramatta,New South Wales,7,Full Cream Milk 2L,Dairy & Frozen,2023-06-30,2023-07-13,14,25.0,Catalogue
673,2,Parramatta,New South Wales,7,Full Cream Milk 2L,Dairy & Frozen,2023-10-08,2023-10-17,10,25.0,Catalogue
674,2,Parramatta,New South Wales,7,Full Cream Milk 2L,Dairy & Frozen,2024-06-04,2024-06-11,8,15.0,In-Store Display
675,2,Parramatta,New South Wales,7,Full Cream Milk 2L,Dairy & Frozen,2023-05-01,2023-05-10,10,20.0,Catalogue
676,2,Parramatta,New South Wales,7,Full Cream Milk 2L,Dairy & Frozen,2024-03-15,2024-03-22,8,15.0,In-Store Display
677,2,Parramatta,New South Wales,7,Full Cream Milk 2L,Dairy & Frozen,2024-07-22,2024-07-30,9,15.0,In-Store Display
678,2,Parramatta,New South Wales,8,Tasty Cheese Block 500g,Dairy & Frozen,2025-05-13,2025-05-24,12,20.0,Catalogue
679,2,Parramatta,New South Wales,8,Tasty Cheese Block 500g,Dairy & Frozen,2024-01-07,2024-01-12,6,20.0,Catalogue
680,2,Parramatta,New South Wales,8,Tasty Cheese Block 500g,Dairy & Frozen,2025-11-15,2025-11-26,12,30.0,Catalogue
681,2,Parramatta,New South Wales,8,Tasty Cheese Block 500g,Dairy & Frozen,2024-10-20,2024-10-26,7,20.0,Catalogue
682,2,Parramatta,New South Wales,8,Tasty Cheese Block 500g,Dairy & Frozen,2025-03-10,2025-03-23,14,15.0,In-Store Display
683,2,Parramatta,New South Wales,8,Tasty Cheese Block 500g,Dairy & Frozen,2024-08-23,2024-09-04,13,20.0,Catalogue
684,2,Parramatta,New South Wales,8,Tasty Cheese Block 500g,Dairy & Frozen,2025-08-21,2025-08-28,8,20.0,Catalogue
685,2,Parramatta,New South Wales,8,Tasty Cheese Block 500g,Dairy & Frozen,2025-09-24,2025-10-06,13,15.0,In-Store Display
686,2,Parramatta,New South Wales,8,Tasty Cheese Block 500g,Dairy & Frozen,2024-03-12,2024-03-20,9,15.0,In-Store Display
687,2,Parramatta,New South Wales,8,Tasty Cheese Block 500g,Dairy & Frozen,2023-07-01,2023-07-14,14,20.0,Catalogue
688,2,Parramatta,New South Wales,8,Tasty Cheese Block 500g,Dairy & Frozen,2023-12-02,2023-12-06,5,10.0,In-Store Display
689,2,Parramatta,New South Wales,8,Tasty Cheese Block 500g,Dairy & Frozen,2023-01-05,2023-01-14,10,15.0,In-Store Display
690,2,Parramatta,New South Wales,8,Tasty Cheese Block 500g,Dairy & Frozen,2025-06-12,2025-06-20,9,20.0,Catalogue
691,2,Parramatta,New South Wales,8,Tasty Cheese Block 500g,Dairy & Frozen,2025-07-13,2025-07-19,7,10.0,In-Store Display
692,2,Parramatta,New South Wales,8,Tasty Cheese Block 500g,Dairy & Frozen,2024-12-14,2024-12-23,10,25.0,Catalogue
693,2,Parramatta,New South Wales,8,Tasty Cheese Block 500g,Dairy & Frozen,2023-08-28,2023-09-09,13,25.0,Catalogue
694,2,Parramatta,New South Wales,8,Tasty Cheese Block 500g,Dairy & Frozen,2023-10-05,2023-10-12,8,25.0,Catalogue
695,2,Parramatta,New South Wales,8,Tasty Cheese Block 500g,Dairy & Frozen,2023-05-18,2023-05-30,13,15.0,In-Store Display
696,2,Parramatta,New South Wales,8,Tasty Cheese Block 500g,Dairy & Frozen,2024-04-15,2024-04-21,7,10.0,In-Store Display
697,2,Parramatta,New South Wales,8,Tasty Cheese Block 500g,Dairy & Frozen,2024-09-22,2024-09-29,8,25.0,Catalogue
698,2,Parramatta,New South Wales,9,Greek Yoghurt 1kg,Dairy & Frozen,2025-06-14,2025-06-20,7,50.0,Clearance
699,2,Parramatta,New South Wales,9,Greek Yoghurt 1kg,Dairy & Frozen,2024-09-03,2024-09-14,12,15.0,In-Store Display
700,2,Parramatta,New South Wales,9,Greek Yoghurt 1kg,Dairy & Frozen,2023-01-08,2023-01-20,13,20.0,Catalogue
701,2,Parramatta,New South Wales,9,Greek Yoghurt 1kg,Dairy & Frozen,2023-04-13,2023-04-21,9,10.0,In-Store Display
702,2,Parramatta,New South Wales,9,Greek Yoghurt 1kg,Dairy & Frozen,2023-11-08,2023-11-16,9,10.0,In-Store Display
703,2,Parramatta,New South Wales,9,Greek Yoghurt 1kg,Dairy & Frozen,2024-10-30,2024-11-05,7,25.0,Catalogue
704,2,Parramatta,New South Wales,9,Greek Yoghurt 1kg,Dairy & Frozen,2024-12-07,2024-12-20,14,10.0,In-Store Display
705,2,Parramatta,New South Wales,9,Greek Yoghurt 1kg,Dairy & Frozen,2025-02-11,2025-02-20,10,50.0,Clearance
706,2,Parramatta,New South Wales,9,Greek Yoghurt 1kg,Dairy & Frozen,2025-07-16,2025-07-28,13,10.0,In-Store Display
707,2,Parramatta,New South Wales,9,Greek Yoghurt 1kg,Dairy & Frozen,2023-09-19,2023-10-01,13,20.0,Catalogue
708,2,Parramatta,New South Wales,9,Greek Yoghurt 1kg,Dairy & Frozen,2024-05-24,2024-06-03,11,30.0,Catalogue
709,2,Parramatta,New South Wales,9,Greek Yoghurt 1kg,Dairy & Frozen,2024-07-14,2024-07-22,9,15.0,In-Store Display
710,2,Parramatta,New South Wales,9,Greek Yoghurt 1kg,Dairy & Frozen,2024-06-21,2024-06-27,7,30.0,Catalogue
711,2,Parramatta,New South Wales,9,Greek Yoghurt 1kg,Dairy & Frozen,2025-09-06,2025-09-19,14,15.0,In-Store Display
712,2,Parramatta,New South Wales,9,Greek Yoghurt 1kg,Dairy & Frozen,2023-02-18,2023-02-27,10,10.0,In-Store Display
713,2,Parramatta,New South Wales,9,Greek Yoghurt 1kg,Dairy & Frozen,2025-12-11,2025-12-23,13,25.0,Catalogue
714,2,Parramatta,New South Wales,9,Greek Yoghurt 1kg,Dairy & Frozen,2023-07-27,2023-08-06,11,20.0,Catalogue
715,2,Parramatta,New South Wales,10,Vanilla Ice Cream 2L,Dairy & Frozen,2023-09-14,2023-09-25,12,25.0,Catalogue
716,2,Parramatta,New South Wales,10,Vanilla Ice Cream 2L,Dairy & Frozen,2024-02-20,2024-02-24,5,25.0,Catalogue
717,2,Parramatta,New South Wales,10,Vanilla Ice Cream 2L,Dairy & Frozen,2023-07-15,2023-07-28,14,20.0,Catalogue
718,2,Parramatta,New South Wales,10,Vanilla Ice Cream 2L,Dairy & Frozen,2023-10-11,2023-10-24,14,25.0,Catalogue
719,2,Parramatta,New South Wales,10,Vanilla Ice Cream 2L,Dairy & Frozen,2024-08-26,2024-08-30,5,25.0,Catalogue
720,2,Parramatta,New South Wales,10,Vanilla Ice Cream 2L,Dairy & Frozen,2024-10-19,2024-10-29,11,15.0,In-Store Display
721,2,Parramatta,New South Wales,10,Vanilla Ice Cream 2L,Dairy & Frozen,2025-07-14,2025-07-24,11,15.0,In-Store Display
722,2,Parramatta,New South Wales,10,Vanilla Ice Cream 2L,Dairy & Frozen,2023-08-17,2023-08-29,13,25.0,Catalogue
723,2,Parramatta,New South Wales,10,Vanilla Ice Cream 2L,Dairy & Frozen,2023-03-06,2023-03-12,7,30.0,Catalogue
724,2,Parramatta,New South Wales,10,Vanilla Ice Cream 2L,Dairy & Frozen,2023-12-14,2023-12-23,10,10.0,In-Store Display
725,2,Parramatta,New South Wales,10,Vanilla Ice Cream 2L,Dairy & Frozen,2024-03-21,2024-03-28,8,30.0,Catalogue
726,2,Parramatta,New South Wales,10,Vanilla Ice Cream 2L,Dairy & Frozen,2025-04-25,2025-05-01,7,10.0,In-Store Display
727,2,Parramatta,New South Wales,10,Vanilla Ice Cream 2L,Dairy & Frozen,2024-04-20,2024-05-01,12,10.0,In-Store Display
728,2,Parramatta,New South Wales,10,Vanilla Ice Cream 2L,Dairy & Frozen,2025-01-29,2025-02-04,7,10.0,In-Store Display
729,2,Parramatta,New South Wales,10,Vanilla Ice Cream 2L,Dairy & Frozen,2024-07-07,2024-07-16,10,25.0,Catalogue
730,2,Parramatta,New South Wales,10,Vanilla Ice Cream 2L,Dairy & Frozen,2025-10-29,2025-11-09,12,10.0,In-Store Display
731,2,Parramatta,New South Wales,10,Vanilla Ice Cream 2L,Dairy & Frozen,2025-09-10,2025-09-23,14,15.0,In-Store Display
732,2,Parramatta,New South Wales,10,Vanilla Ice Cream 2L,Dairy & Frozen,2025-05-17,2025-05-29,13,15.0,In-Store Display
733,2,Parramatta,New South Wales,10,Vanilla Ice Cream 2L,Dairy & Frozen,2025-12-24,2025-12-28,5,20.0,Catalogue
734,2,Parramatta,New South Wales,10,Vanilla Ice Cream 2L,Dairy & Frozen,2023-03-27,2023-04-05,10,15.0,In-Store Display
735,2,Parramatta,New South Wales,10,Vanilla Ice Cream 2L,Dairy & Frozen,2023-01-24,2023-02-06,14,15.0,In-Store Display
736,2,Parramatta,New South Wales,10,Vanilla Ice Cream 2L,Dairy & Frozen,2023-05-22,2023-05-29,8,20.0,Catalogue
737,2,Parramatta,New South Wales,11,Frozen Mixed Vegetables 1kg,Dairy & Frozen,2025-10-15,2025-10-20,6,20.0,Catalogue
738,2,Parramatta,New South Wales,11,Frozen Mixed Vegetables 1kg,Dairy & Frozen,2023-01-02,2023-01-06,5,15.0,In-Store Display
739,2,Parramatta,New South Wales,11,Frozen Mixed Vegetables 1kg,Dairy & Frozen,2024-05-07,2024-05-20,14,20.0,Catalogue
740,2,Parramatta,New South Wales,11,Frozen Mixed Vegetables 1kg,Dairy & Frozen,2023-10-24,2023-11-03,11,20.0,Catalogue
741,2,Parramatta,New South Wales,11,Frozen Mixed Vegetables 1kg,Dairy & Frozen,2023-12-12,2023-12-22,11,10.0,In-Store Display
742,2,Parramatta,New South Wales,11,Frozen Mixed Vegetables 1kg,Dairy & Frozen,2024-08-25,2024-08-31,7,30.0,Catalogue
743,2,Parramatta,New South Wales,11,Frozen Mixed Vegetables 1kg,Dairy & Frozen,2023-02-28,2023-03-11,12,15.0,In-Store Display
744,2,Parramatta,New South Wales,11,Frozen Mixed Vegetables 1kg,Dairy & Frozen,2023-07-15,2023-07-23,9,15.0,In-Store Display
745,2,Parramatta,New South Wales,11,Frozen Mixed Vegetables 1kg,Dairy & Frozen,2024-03-05,2024-03-10,6,15.0,In-Store Display
746,2,Parramatta,New South Wales,11,Frozen Mixed Vegetables 1kg,Dairy & Frozen,2025-08-25,2025-09-07,14,15.0,In-Store Display
747,2,Parramatta,New South Wales,11,Frozen Mixed Vegetables 1kg,Dairy & Frozen,2024-09-29,2024-10-08,10,25.0,Catalogue
748,2,Parramatta,New South Wales,11,Frozen Mixed Vegetables 1kg,Dairy & Frozen,2024-11-08,2024-11-18,11,10.0,In-Store Display
749,2,Parramatta,New South Wales,11,Frozen Mixed Vegetables 1kg,Dairy & Frozen,2025-06-28,2025-07-04,7,25.0,Catalogue
750,2,Parramatta,New South Wales,11,Frozen Mixed Vegetables 1kg,Dairy & Frozen,2025-01-12,2025-01-20,9,15.0,In-Store Display
751,2,Parramatta,New South Wales,11,Frozen Mixed Vegetables 1kg,Dairy & Frozen,2023-04-29,2023-05-04,6,30.0,Catalogue
752,2,Parramatta,New South Wales,11,Frozen Mixed Vegetables 1kg,Dairy & Frozen,2025-05-10,2025-05-17,8,25.0,Catalogue
753,2,Parramatta,New South Wales,11,Frozen Mixed Vegetables 1kg,Dairy & Frozen,2024-06-17,2024-06-25,9,15.0,In-Store Display
754,2,Parramatta,New South Wales,12,Frozen Meat Pies 4pk,Dairy & Frozen,2025-06-04,2025-06-17,14,20.0,Catalogue
755,2,Parramatta,New South Wales,12,Frozen Meat Pies 4pk,Dairy & Frozen,2025-09-10,2025-09-17,8,25.0,Catalogue
756,2,Parramatta,New South Wales,12,Frozen Meat Pies 4pk,Dairy & Frozen,2023-03-01,2023-03-14,14,20.0,Catalogue
757,2,Parramatta,New South Wales,12,Frozen Meat Pies 4pk,Dairy & Frozen,2023-01-21,2023-02-03,14,20.0,Catalogue
758,2,Parramatta,New South Wales,12,Frozen Meat Pies 4pk,Dairy & Frozen,2024-10-23,2024-11-04,13,25.0,Catalogue
759,2,Parramatta,New South Wales,12,Frozen Meat Pies 4pk,Dairy & Frozen,2023-11-09,2023-11-18,10,10.0,In-Store Display
760,2,Parramatta,New South Wales,12,Frozen Meat Pies 4pk,Dairy & Frozen,2023-06-15,2023-06-27,13,10.0,In-Store Display
761,2,Parramatta,New South Wales,12,Frozen Meat Pies 4pk,Dairy & Frozen,2024-07-15,2024-07-25,11,50.0,Clearance
762,2,Parramatta,New South Wales,12,Frozen Meat Pies 4pk,Dairy & Frozen,2023-05-04,2023-05-09,6,15.0,In-Store Display
763,2,Parramatta,New South Wales,12,Frozen Meat Pies 4pk,Dairy & Frozen,2025-03-12,2025-03-23,12,15.0,In-Store Display
764,2,Parramatta,New South Wales,12,Frozen Meat Pies 4pk,Dairy & Frozen,2025-07-21,2025-07-25,5,10.0,In-Store Display
765,2,Parramatta,New South Wales,12,Frozen Meat Pies 4pk,Dairy & Frozen,2023-09-17,2023-09-22,6,10.0,In-Store Display
766,2,Parramatta,New South Wales,12,Frozen Meat Pies 4pk,Dairy & Frozen,2023-12-17,2023-12-24,8,15.0,In-Store Display
767,2,Parramatta,New South Wales,12,Frozen Meat Pies 4pk,Dairy & Frozen,2024-01-30,2024-02-09,11,15.0,In-Store Display
768,2,Parramatta,New South Wales,12,Frozen Meat Pies 4pk,Dairy & Frozen,2024-06-17,2024-06-24,8,15.0,In-Store Display
769,2,Parramatta,New South Wales,12,Frozen Meat Pies 4pk,Dairy & Frozen,2023-08-03,2023-08-15,13,15.0,In-Store Display
770,2,Parramatta,New South Wales,12,Frozen Meat Pies 4pk,Dairy & Frozen,2025-11-07,2025-11-18,12,50.0,Clearance
771,2,Parramatta,New South Wales,13,Cola Soft Drink 1.25L,Beverages,2025-02-17,2025-02-25,9,15.0,In-Store Display
772,2,Parramatta,New South Wales,13,Cola Soft Drink 1.25L,Beverages,2023-03-17,2023-03-25,9,10.0,In-Store Display
773,2,Parramatta,New South Wales,13,Cola Soft Drink 1.25L,Beverages,2024-07-14,2024-07-27,14,10.0,In-Store Display
774,2,Parramatta,New South Wales,13,Cola Soft Drink 1.25L,Beverages,2023-11-19,2023-11-25,7,25.0,Catalogue
775,2,Parramatta,New South Wales,13,Cola Soft Drink 1.25L,Beverages,2024-12-12,2024-12-24,13,15.0,In-Store Display
776,2,Parramatta,New South Wales,13,Cola Soft Drink 1.25L,Beverages,2025-06-23,2025-06-28,6,30.0,Catalogue
777,2,Parramatta,New South Wales,13,Cola Soft Drink 1.25L,Beverages,2024-10-07,2024-10-15,9,25.0,Catalogue
778,2,Parramatta,New South Wales,13,Cola Soft Drink 1.25L,Beverages,2023-08-14,2023-08-25,12,10.0,In-Store Display
779,2,Parramatta,New South Wales,13,Cola Soft Drink 1.25L,Beverages,2023-09-28,2023-10-11,14,30.0,Catalogue
780,2,Parramatta,New South Wales,13,Cola Soft Drink 1.25L,Beverages,2023-02-01,2023-02-12,12,25.0,Catalogue
781,2,Parramatta,New South Wales,13,Cola Soft Drink 1.25L,Beverages,2025-04-29,2025-05-08,10,10.0,In-Store Display
782,2,Parramatta,New South Wales,13,Cola Soft Drink 1.25L,Beverages,2025-01-09,2025-01-13,5,30.0,Catalogue
783,2,Parramatta,New South Wales,13,Cola Soft Drink 1.25L,Beverages,2024-03-21,2024-03-26,6,10.0,In-Store Display
784,2,Parramatta,New South Wales,13,Cola Soft Drink 1.25L,Beverages,2023-05-30,2023-06-09,11,10.0,In-Store Display
785,2,Parramatta,New South Wales,13,Cola Soft Drink 1.25L,Beverages,2025-09-05,2025-09-15,11,25.0,Catalogue
786,2,Parramatta,New South Wales,13,Cola Soft Drink 1.25L,Beverages,2024-05-27,2024-06-06,11,15.0,In-Store Display
787,2,Parramatta,New South Wales,13,Cola Soft Drink 1.25L,Beverages,2024-01-16,2024-01-21,6,15.0,In-Store Display
788,2,Parramatta,New South Wales,13,Cola Soft Drink 1.25L,Beverages,2025-10-01,2025-10-12,12,30.0,Catalogue
789,2,Parramatta,New South Wales,13,Cola Soft Drink 1.25L,Beverages,2025-08-14,2025-08-21,8,10.0,In-Store Display
790,2,Parramatta,New South Wales,13,Cola Soft Drink 1.25L,Beverages,2023-04-21,2023-04-25,5,25.0,Catalogue
791,2,Parramatta,New South Wales,13,Cola Soft Drink 1.25L,Beverages,2024-02-22,2024-03-06,14,10.0,In-Store Display
792,2,Parramatta,New South Wales,13,Cola Soft Drink 1.25L,Beverages,2025-03-26,2025-04-01,7,20.0,Catalogue
793,2,Parramatta,New South Wales,13,Cola Soft Drink 1.25L,Beverages,2024-09-07,2024-09-18,12,30.0,Catalogue
794,2,Parramatta,New South Wales,13,Cola Soft Drink 1.25L,Beverages,2024-11-09,2024-11-21,13,30.0,Catalogue
795,2,Parramatta,New South Wales,13,Cola Soft Drink 1.25L,Beverages,2025-12-17,2025-12-28,12,20.0,Catalogue
796,2,Parramatta,New South Wales,13,Cola Soft Drink 1.25L,Beverages,2024-04-12,2024-04-22,11,10.0,In-Store Display
797,2,Parramatta,New South Wales,13,Cola Soft Drink 1.25L,Beverages,2025-11-01,2025-11-13,13,20.0,Catalogue
798,2,Parramatta,New South Wales,14,Orange Juice 2L,Beverages,2024-06-17,2024-06-30,14,10.0,In-Store Display
799,2,Parramatta,New South Wales,14,Orange Juice 2L,Beverages,2025-03-06,2025-03-10,5,25.0,Catalogue
800,2,Parramatta,New South Wales,14,Orange Juice 2L,Beverages,2023-09-11,2023-09-23,13,20.0,Catalogue
801,2,Parramatta,New South Wales,14,Orange Juice 2L,Beverages,2023-07-06,2023-07-10,5,15.0,In-Store Display
802,2,Parramatta,New South Wales,14,Orange Juice 2L,Beverages,2025-09-01,2025-09-06,6,30.0,Catalogue
803,2,Parramatta,New South Wales,14,Orange Juice 2L,Beverages,2023-11-16,2023-11-22,7,20.0,Catalogue
804,2,Parramatta,New South Wales,14,Orange Juice 2L,Beverages,2023-05-02,2023-05-15,14,20.0,Catalogue
805,2,Parramatta,New South Wales,14,Orange Juice 2L,Beverages,2024-02-05,2024-02-10,6,10.0,In-Store Display
806,2,Parramatta,New South Wales,14,Orange Juice 2L,Beverages,2024-01-02,2024-01-09,8,25.0,Catalogue
807,2,Parramatta,New South Wales,14,Orange Juice 2L,Beverages,2025-10-30,2025-11-10,12,20.0,Catalogue
808,2,Parramatta,New South Wales,14,Orange Juice 2L,Beverages,2024-05-07,2024-05-17,11,10.0,In-Store Display
809,2,Parramatta,New South Wales,14,Orange Juice 2L,Beverages,2025-01-09,2025-01-15,7,30.0,Catalogue
810,2,Parramatta,New South Wales,14,Orange Juice 2L,Beverages,2024-04-16,2024-04-20,5,15.0,In-Store Display
811,2,Parramatta,New South Wales,14,Orange Juice 2L,Beverages,2024-07-24,2024-08-06,14,50.0,Clearance
812,2,Parramatta,New South Wales,14,Orange Juice 2L,Beverages,2025-04-01,2025-04-12,12,25.0,Catalogue
813,2,Parramatta,New South Wales,14,Orange Juice 2L,Beverages,2023-12-09,2023-12-14,6,15.0,In-Store Display
814,2,Parramatta,New South Wales,14,Orange Juice 2L,Beverages,2025-05-31,2025-06-12,13,15.0,In-Store Display
815,2,Parramatta,New South Wales,14,Orange Juice 2L,Beverages,2025-04-28,2025-05-10,13,15.0,In-Store Display
816,2,Parramatta,New South Wales,14,Orange Juice 2L,Beverages,2024-10-07,2024-10-12,6,20.0,Catalogue
817,2,Parramatta,New South Wales,14,Orange Juice 2L,Beverages,2023-02-20,2023-03-04,13,30.0,Catalogue
818,2,Parramatta,New South Wales,14,Orange Juice 2L,Beverages,2023-10-15,2023-10-22,8,20.0,Catalogue
819,2,Parramatta,New South Wales,15,Spring Water 6L,Beverages,2024-07-05,2024-07-10,6,20.0,Catalogue
820,2,Parramatta,New South Wales,15,Spring Water 6L,Beverages,2023-06-28,2023-07-06,9,20.0,Catalogue
821,2,Parramatta,New South Wales,15,Spring Water 6L,Beverages,2025-07-02,2025-07-07,6,15.0,In-Store Display
822,2,Parramatta,New South Wales,15,Spring Water 6L,Beverages,2023-07-21,2023-07-26,6,25.0,Catalogue
823,2,Parramatta,New South Wales,15,Spring Water 6L,Beverages,2025-01-05,2025-01-17,13,10.0,In-Store Display
824,2,Parramatta,New South Wales,15,Spring Water 6L,Beverages,2024-10-06,2024-10-18,13,20.0,Catalogue
825,2,Parramatta,New South Wales,15,Spring Water 6L,Beverages,2024-08-30,2024-09-11,13,15.0,In-Store Display
826,2,Parramatta,New South Wales,15,Spring Water 6L,Beverages,2025-10-26,2025-10-31,6,15.0,In-Store Display
827,2,Parramatta,New South Wales,15,Spring Water 6L,Beverages,2024-03-22,2024-04-02,12,20.0,Catalogue
828,2,Parramatta,New South Wales,15,Spring Water 6L,Beverages,2025-05-15,2025-05-25,11,25.0,Catalogue
829,2,Parramatta,New South Wales,15,Spring Water 6L,Beverages,2023-10-08,2023-10-16,9,30.0,Catalogue
830,2,Parramatta,New South Wales,15,Spring Water 6L,Beverages,2023-12-02,2023-12-10,9,20.0,Catalogue
831,2,Parramatta,New South Wales,15,Spring Water 6L,Beverages,2023-04-12,2023-04-24,13,10.0,In-Store Display
832,2,Parramatta,New South Wales,15,Spring Water 6L,Beverages,2025-03-17,2025-03-23,7,20.0,Catalogue
833,2,Parramatta,New South Wales,15,Spring Water 6L,Beverages,2023-09-06,2023-09-18,13,10.0,In-Store Display
834,2,Parramatta,New South Wales,15,Spring Water 6L,Beverages,2024-07-29,2024-08-04,7,15.0,In-Store Display
835,2,Parramatta,New South Wales,15,Spring Water 6L,Beverages,2024-06-07,2024-06-19,13,25.0,Catalogue
836,2,Parramatta,New South Wales,15,Spring Water 6L,Beverages,2023-01-15,2023-01-19,5,15.0,In-Store Display
837,2,Parramatta,New South Wales,15,Spring Water 6L,Beverages,2024-04-24,2024-05-06,13,10.0,In-Store Display
838,2,Parramatta,New South Wales,15,Spring Water 6L,Beverages,2025-04-12,2025-04-19,8,10.0,In-Store Display
839,2,Parramatta,New South Wales,15,Spring Water 6L,Beverages,2025-11-18,2025-11-27,10,10.0,In-Store Display
840,2,Parramatta,New South Wales,15,Spring Water 6L,Beverages,2023-11-08,2023-11-12,5,20.0,Catalogue
841,2,Parramatta,New South Wales,15,Spring Water 6L,Beverages,2023-12-26,2024-01-07,13,20.0,Catalogue
842,2,Parramatta,New South Wales,16,Ground Coffee 1kg,Beverages,2023-01-26,2023-02-04,10,20.0,Catalogue
843,2,Parramatta,New South Wales,16,Ground Coffee 1kg,Beverages,2023-12-13,2023-12-17,5,10.0,In-Store Display
844,2,Parramatta,New South Wales,16,Ground Coffee 1kg,Beverages,2023-08-23,2023-08-29,7,10.0,In-Store Display
845,2,Parramatta,New South Wales,16,Ground Coffee 1kg,Beverages,2023-04-30,2023-05-11,12,10.0,In-Store Display
846,2,Parramatta,New South Wales,16,Ground Coffee 1kg,Beverages,2025-08-16,2025-08-21,6,10.0,In-Store Display
847,2,Parramatta,New South Wales,16,Ground Coffee 1kg,Beverages,2024-06-07,2024-06-20,14,15.0,In-Store Display
848,2,Parramatta,New South Wales,16,Ground Coffee 1kg,Beverages,2023-10-02,2023-10-11,10,25.0,Catalogue
849,2,Parramatta,New South Wales,16,Ground Coffee 1kg,Beverages,2024-02-19,2024-03-03,14,15.0,In-Store Display
850,2,Parramatta,New South Wales,16,Ground Coffee 1kg,Beverages,2024-11-18,2024-11-24,7,20.0,Catalogue
851,2,Parramatta,New South Wales,16,Ground Coffee 1kg,Beverages,2023-11-14,2023-11-19,6,50.0,Clearance
852,2,Parramatta,New South Wales,16,Ground Coffee 1kg,Beverages,2024-04-05,2024-04-15,11,50.0,Clearance
853,2,Parramatta,New South Wales,16,Ground Coffee 1kg,Beverages,2025-01-29,2025-02-05,8,30.0,Catalogue
854,2,Parramatta,New South Wales,16,Ground Coffee 1kg,Beverages,2025-10-12,2025-10-18,7,25.0,Catalogue
855,2,Parramatta,New South Wales,16,Ground Coffee 1kg,Beverages,2023-06-03,2023-06-07,5,10.0,In-Store Display
856,2,Parramatta,New South Wales,16,Ground Coffee 1kg,Beverages,2024-10-22,2024-10-31,10,10.0,In-Store Display
857,2,Parramatta,New South Wales,16,Ground Coffee 1kg,Beverages,2025-06-15,2025-06-21,7,25.0,Catalogue
858,2,Parramatta,New South Wales,16,Ground Coffee 1kg,Beverages,2025-03-25,2025-03-31,7,15.0,In-Store Display
859,2,Parramatta,New South Wales,16,Ground Coffee 1kg,Beverages,2024-10-03,2024-10-07,5,10.0,In-Store Display
860,2,Parramatta,New South Wales,16,Ground Coffee 1kg,Beverages,2025-09-10,2025-09-23,14,15.0,In-Store Display
861,2,Parramatta,New South Wales,16,Ground Coffee 1kg,Beverages,2024-08-20,2024-08-26,7,20.0,Catalogue
862,2,Parramatta,New South Wales,16,Ground Coffee 1kg,Beverages,2025-05-16,2025-05-22,7,30.0,Catalogue
863,2,Parramatta,New South Wales,16,Ground Coffee 1kg,Beverages,2023-07-10,2023-07-20,11,15.0,In-Store Display
864,2,Parramatta,New South Wales,16,Ground Coffee 1kg,Beverages,2025-11-06,2025-11-17,12,10.0,In-Store Display
865,2,Parramatta,New South Wales,16,Ground Coffee 1kg,Beverages,2023-02-20,2023-03-04,13,20.0,Catalogue
866,2,Parramatta,New South Wales,16,Ground Coffee 1kg,Beverages,2025-07-10,2025-07-17,8,15.0,In-Store Display
867,2,Parramatta,New South Wales,17,Black Tea Bags 100pk,Beverages,2025-10-13,2025-10-25,13,50.0,Clearance
868,2,Parramatta,New South Wales,17,Black Tea Bags 100pk,Beverages,2024-04-14,2024-04-23,10,30.0,Catalogue
869,2,Parramatta,New South Wales,17,Black Tea Bags 100pk,Beverages,2023-06-28,2023-07-07,10,20.0,Catalogue
870,2,Parramatta,New South Wales,17,Black Tea Bags 100pk,Beverages,2023-08-12,2023-08-18,7,30.0,Catalogue
871,2,Parramatta,New South Wales,17,Black Tea Bags 100pk,Beverages,2024-06-23,2024-07-01,9,15.0,In-Store Display
872,2,Parramatta,New South Wales,17,Black Tea Bags 100pk,Beverages,2023-03-02,2023-03-11,10,20.0,Catalogue
873,2,Parramatta,New South Wales,17,Black Tea Bags 100pk,Beverages,2025-02-22,2025-03-06,13,10.0,In-Store Display
874,2,Parramatta,New South Wales,17,Black Tea Bags 100pk,Beverages,2023-04-02,2023-04-14,13,10.0,In-Store Display
875,2,Parramatta,New South Wales,17,Black Tea Bags 100pk,Beverages,2023-09-25,2023-10-07,13,10.0,In-Store Display
876,2,Parramatta,New South Wales,17,Black Tea Bags 100pk,Beverages,2025-08-12,2025-08-17,6,10.0,In-Store Display
877,2,Parramatta,New South Wales,17,Black Tea Bags 100pk,Beverages,2025-04-20,2025-04-28,9,15.0,In-Store Display
878,2,Parramatta,New South Wales,17,Black Tea Bags 100pk,Beverages,2023-09-03,2023-09-07,5,15.0,In-Store Display
879,2,Parramatta,New South Wales,17,Black Tea Bags 100pk,Beverages,2024-01-05,2024-01-12,8,20.0,Catalogue
880,2,Parramatta,New South Wales,17,Black Tea Bags 100pk,Beverages,2025-01-06,2025-01-19,14,15.0,In-Store Display
881,2,Parramatta,New South Wales,17,Black Tea Bags 100pk,Beverages,2024-08-05,2024-08-17,13,15.0,In-Store Display
882,2,Parramatta,New South Wales,18,Sports Drink 600ml,Beverages,2023-08-03,2023-08-12,10,25.0,Catalogue
883,2,Parramatta,New South Wales,18,Sports Drink 600ml,Beverages,2024-03-29,2024-04-07,10,15.0,In-Store Display
884,2,Parramatta,New South Wales,18,Sports Drink 600ml,Beverages,2025-12-06,2025-12-15,10,20.0,Catalogue
885,2,Parramatta,New South Wales,18,Sports Drink 600ml,Beverages,2025-11-14,2025-11-18,5,50.0,Clearance
886,2,Parramatta,New South Wales,18,Sports Drink 600ml,Beverages,2025-08-08,2025-08-20,13,10.0,In-Store Display
887,2,Parramatta,New South Wales,18,Sports Drink 600ml,Beverages,2025-04-02,2025-04-06,5,25.0,Catalogue
888,2,Parramatta,New South Wales,18,Sports Drink 600ml,Beverages,2023-09-06,2023-09-16,11,15.0,In-Store Display
889,2,Parramatta,New South Wales,18,Sports Drink 600ml,Beverages,2024-01-08,2024-01-15,8,30.0,Catalogue
890,2,Parramatta,New South Wales,18,Sports Drink 600ml,Beverages,2023-06-30,2023-07-08,9,15.0,In-Store Display
891,2,Parramatta,New South Wales,18,Sports Drink 600ml,Beverages,2025-01-16,2025-01-29,14,30.0,Catalogue
892,2,Parramatta,New South Wales,18,Sports Drink 600ml,Beverages,2025-09-24,2025-09-28,5,20.0,Catalogue
893,2,Parramatta,New South Wales,18,Sports Drink 600ml,Beverages,2024-11-04,2024-11-11,8,30.0,Catalogue
894,2,Parramatta,New South Wales,18,Sports Drink 600ml,Beverages,2024-06-07,2024-06-16,10,10.0,In-Store Display
895,2,Parramatta,New South Wales,18,Sports Drink 600ml,Beverages,2023-02-22,2023-02-26,5,25.0,Catalogue
896,2,Parramatta,New South Wales,18,Sports Drink 600ml,Beverages,2025-05-10,2025-05-22,13,30.0,Catalogue
897,2,Parramatta,New South Wales,18,Sports Drink 600ml,Beverages,2023-03-30,2023-04-10,12,25.0,Catalogue
898,2,Parramatta,New South Wales,18,Sports Drink 600ml,Beverages,2023-01-31,2023-02-05,6,15.0,In-Store Display
899,2,Parramatta,New South Wales,18,Sports Drink 600ml,Beverages,2024-07-17,2024-07-22,6,25.0,Catalogue
900,2,Parramatta,New South Wales,18,Sports Drink 600ml,Beverages,2024-02-27,2024-03-11,14,10.0,In-Store Display
901,2,Parramatta,New South Wales,18,Sports Drink 600ml,Beverages,2024-08-14,2024-08-22,9,30.0,Catalogue
902,2,Parramatta,New South Wales,18,Sports Drink 600ml,Beverages,2024-12-21,2024-12-25,5,30.0,Catalogue
903,2,Parramatta,New South Wales,18,Sports Drink 600ml,Beverages,2023-04-26,2023-05-02,7,10.0,In-Store Display
904,2,Parramatta,New South Wales,18,Sports Drink 600ml,Beverages,2023-11-24,2023-12-06,13,15.0,In-Store Display
905,2,Parramatta,New South Wales,18,Sports Drink 600ml,Beverages,2024-10-01,2024-10-12,12,10.0,In-Store Display
906,2,Parramatta,New South Wales,18,Sports Drink 600ml,Beverages,2023-11-03,2023-11-07,5,10.0,In-Store Display
907,2,Parramatta,New South Wales,18,Sports Drink 600ml,Beverages,2024-05-08,2024-05-13,6,15.0,In-Store Display
908,2,Parramatta,New South Wales,18,Sports Drink 600ml,Beverages,2025-07-08,2025-07-14,7,30.0,Catalogue
909,2,Parramatta,New South Wales,18,Sports Drink 600ml,Beverages,2023-05-23,2023-05-28,6,25.0,Catalogue
910,2,Parramatta,New South Wales,19,Potato Chips 175g,Snacks,2024-05-05,2024-05-14,10,15.0,In-Store Display
911,2,Parramatta,New South Wales,19,Potato Chips 175g,Snacks,2023-08-12,2023-08-23,12,20.0,Catalogue
912,2,Parramatta,New South Wales,19,Potato Chips 175g,Snacks,2024-06-26,2024-07-03,8,10.0,In-Store Display
913,2,Parramatta,New South Wales,19,Potato Chips 175g,Snacks,2023-10-27,2023-11-08,13,20.0,Catalogue
914,2,Parramatta,New South Wales,19,Potato Chips 175g,Snacks,2024-11-24,2024-12-05,12,20.0,Catalogue
915,2,Parramatta,New South Wales,19,Potato Chips 175g,Snacks,2024-02-22,2024-03-01,9,30.0,Catalogue
916,2,Parramatta,New South Wales,19,Potato Chips 175g,Snacks,2023-03-31,2023-04-07,8,20.0,Catalogue
917,2,Parramatta,New South Wales,19,Potato Chips 175g,Snacks,2024-01-15,2024-01-20,6,25.0,Catalogue
918,2,Parramatta,New South Wales,19,Potato Chips 175g,Snacks,2024-03-25,2024-04-04,11,15.0,In-Store Display
919,2,Parramatta,New South Wales,19,Potato Chips 175g,Snacks,2023-05-03,2023-05-14,12,30.0,Catalogue
920,2,Parramatta,New South Wales,19,Potato Chips 175g,Snacks,2023-07-04,2023-07-16,13,30.0,Catalogue
921,2,Parramatta,New South Wales,19,Potato Chips 175g,Snacks,2025-11-11,2025-11-21,11,20.0,Catalogue
922,2,Parramatta,New South Wales,19,Potato Chips 175g,Snacks,2025-01-23,2025-01-31,9,10.0,In-Store Display
923,2,Parramatta,New South Wales,19,Potato Chips 175g,Snacks,2025-05-28,2025-06-01,5,10.0,In-Store Display
924,2,Parramatta,New South Wales,19,Potato Chips 175g,Snacks,2023-06-03,2023-06-08,6,25.0,Catalogue
925,2,Parramatta,New South Wales,19,Potato Chips 175g,Snacks,2023-11-26,2023-12-01,6,15.0,In-Store Display
926,2,Parramatta,New South Wales,19,Potato Chips 175g,Snacks,2025-03-12,2025-03-22,11,30.0,Catalogue
927,2,Parramatta,New South Wales,19,Potato Chips 175g,Snacks,2024-09-01,2024-09-11,11,25.0,Catalogue
928,2,Parramatta,New South Wales,19,Potato Chips 175g,Snacks,2025-04-30,2025-05-11,12,25.0,Catalogue
929,2,Parramatta,New South Wales,19,Potato Chips 175g,Snacks,2025-10-10,2025-10-18,9,50.0,Clearance
930,2,Parramatta,New South Wales,19,Potato Chips 175g,Snacks,2023-01-15,2023-01-27,13,10.0,In-Store Display
931,2,Parramatta,New South Wales,19,Potato Chips 175g,Snacks,2024-07-30,2024-08-12,14,25.0,Catalogue
932,2,Parramatta,New South Wales,19,Potato Chips 175g,Snacks,2025-07-18,2025-07-24,7,15.0,In-Store Display
933,2,Parramatta,New South Wales,19,Potato Chips 175g,Snacks,2025-09-12,2025-09-18,7,25.0,Catalogue
934,2,Parramatta,New South Wales,19,Potato Chips 175g,Snacks,2023-12-17,2023-12-28,12,15.0,In-Store Display
935,2,Parramatta,New South Wales,19,Potato Chips 175g,Snacks,2025-12-16,2025-12-25,10,15.0,In-Store Display
936,2,Parramatta,New South Wales,19,Potato Chips 175g,Snacks,2025-06-22,2025-06-27,6,30.0,Catalogue
937,2,Parramatta,New South Wales,19,Potato Chips 175g,Snacks,2024-05-31,2024-06-04,5,30.0,Catalogue
938,2,Parramatta,New South Wales,19,Potato Chips 175g,Snacks,2023-02-19,2023-02-24,6,50.0,Clearance
939,2,Parramatta,New South Wales,19,Potato Chips 175g,Snacks,2024-10-16,2024-10-23,8,20.0,Catalogue
940,2,Parramatta,New South Wales,19,Potato Chips 175g,Snacks,2023-09-27,2023-10-06,10,25.0,Catalogue
941,2,Parramatta,New South Wales,20,Sweet Biscuits 250g,Snacks,2023-06-25,2023-06-29,5,15.0,In-Store Display
942,2,Parramatta,New South Wales,20,Sweet Biscuits 250g,Snacks,2024-03-01,2024-03-12,12,50.0,Clearance
943,2,Parramatta,New South Wales,20,Sweet Biscuits 250g,Snacks,2024-04-06,2024-04-10,5,20.0,Catalogue
944,2,Parramatta,New South Wales,20,Sweet Biscuits 250g,Snacks,2024-08-07,2024-08-20,14,25.0,Catalogue
945,2,Parramatta,New South Wales,20,Sweet Biscuits 250g,Snacks,2024-09-08,2024-09-14,7,10.0,In-Store Display
946,2,Parramatta,New South Wales,20,Sweet Biscuits 250g,Snacks,2025-08-13,2025-08-26,14,10.0,In-Store Display
947,2,Parramatta,New South Wales,20,Sweet Biscuits 250g,Snacks,2024-12-09,2024-12-16,8,10.0,In-Store Display
948,2,Parramatta,New South Wales,20,Sweet Biscuits 250g,Snacks,2025-07-20,2025-07-24,5,15.0,In-Store Display
949,2,Parramatta,New South Wales,20,Sweet Biscuits 250g,Snacks,2024-06-07,2024-06-19,13,30.0,Catalogue
950,2,Parramatta,New South Wales,20,Sweet Biscuits 250g,Snacks,2023-03-19,2023-03-29,11,25.0,Catalogue
951,2,Parramatta,New South Wales,20,Sweet Biscuits 250g,Snacks,2025-05-21,2025-06-02,13,25.0,Catalogue
952,2,Parramatta,New South Wales,20,Sweet Biscuits 250g,Snacks,2023-10-03,2023-10-07,5,15.0,In-Store Display
953,2,Parramatta,New South Wales,20,Sweet Biscuits 250g,Snacks,2023-08-04,2023-08-16,13,30.0,Catalogue
954,2,Parramatta,New South Wales,20,Sweet Biscuits 250g,Snacks,2024-10-05,2024-10-16,12,30.0,Catalogue
955,2,Parramatta,New South Wales,20,Sweet Biscuits 250g,Snacks,2023-05-21,2023-05-28,8,15.0,In-Store Display
956,2,Parramatta,New South Wales,20,Sweet Biscuits 250g,Snacks,2023-01-06,2023-01-16,11,10.0,In-Store Display
957,2,Parramatta,New South Wales,20,Sweet Biscuits 250g,Snacks,2023-01-31,2023-02-07,8,50.0,Clearance
958,2,Parramatta,New South Wales,20,Sweet Biscuits 250g,Snacks,2025-12-01,2025-12-10,10,30.0,Catalogue
959,2,Parramatta,New South Wales,20,Sweet Biscuits 250g,Snacks,2023-12-18,2023-12-31,14,15.0,In-Store Display
960,2,Parramatta,New South Wales,20,Sweet Biscuits 250g,Snacks,2025-04-24,2025-04-28,5,25.0,Catalogue
961,2,Parramatta,New South Wales,20,Sweet Biscuits 250g,Snacks,2023-09-02,2023-09-08,7,10.0,In-Store Display
962,2,Parramatta,New South Wales,20,Sweet Biscuits 250g,Snacks,2025-01-13,2025-01-25,13,15.0,In-Store Display
963,2,Parramatta,New South Wales,20,Sweet Biscuits 250g,Snacks,2025-02-27,2025-03-12,14,50.0,Clearance
964,2,Parramatta,New South Wales,20,Sweet Biscuits 250g,Snacks,2025-10-01,2025-10-11,11,10.0,In-Store Display
965,2,Parramatta,New South Wales,20,Sweet Biscuits 250g,Snacks,2023-11-09,2023-11-16,8,30.0,Catalogue
966,2,Parramatta,New South Wales,21,Chocolate Block 180g,Snacks,2025-06-16,2025-06-24,9,25.0,Catalogue
967,2,Parramatta,New South Wales,21,Chocolate Block 180g,Snacks,2023-01-02,2023-01-08,7,10.0,In-Store Display
968,2,Parramatta,New South Wales,21,Chocolate Block 180g,Snacks,2025-03-28,2025-04-10,14,20.0,Catalogue
969,2,Parramatta,New South Wales,21,Chocolate Block 180g,Snacks,2025-10-13,2025-10-20,8,15.0,In-Store Display
970,2,Parramatta,New South Wales,21,Chocolate Block 180g,Snacks,2024-04-15,2024-04-27,13,20.0,Catalogue
971,2,Parramatta,New South Wales,21,Chocolate Block 180g,Snacks,2024-06-04,2024-06-13,10,20.0,Catalogue
972,2,Parramatta,New South Wales,21,Chocolate Block 180g,Snacks,2023-07-26,2023-08-01,7,10.0,In-Store Display
973,2,Parramatta,New South Wales,21,Chocolate Block 180g,Snacks,2024-03-09,2024-03-22,14,10.0,In-Store Display
974,2,Parramatta,New South Wales,21,Chocolate Block 180g,Snacks,2023-02-19,2023-02-25,7,15.0,In-Store Display
975,2,Parramatta,New South Wales,21,Chocolate Block 180g,Snacks,2024-12-01,2024-12-09,9,10.0,In-Store Display
976,2,Parramatta,New South Wales,21,Chocolate Block 180g,Snacks,2024-07-18,2024-07-25,8,10.0,In-Store Display
977,2,Parramatta,New South Wales,21,Chocolate Block 180g,Snacks,2025-01-21,2025-01-29,9,15.0,In-Store Display
978,2,Parramatta,New South Wales,21,Chocolate Block 180g,Snacks,2023-04-22,2023-04-30,9,20.0,Catalogue
979,2,Parramatta,New South Wales,21,Chocolate Block 180g,Snacks,2025-08-03,2025-08-16,14,25.0,Catalogue
980,2,Parramatta,New South Wales,21,Chocolate Block 180g,Snacks,2023-10-03,2023-10-09,7,20.0,Catalogue
981,2,Parramatta,New South Wales,21,Chocolate Block 180g,Snacks,2023-08-16,2023-08-28,13,10.0,In-Store Display
982,2,Parramatta,New South Wales,21,Chocolate Block 180g,Snacks,2025-11-14,2025-11-27,14,20.0,Catalogue
983,2,Parramatta,New South Wales,21,Chocolate Block 180g,Snacks,2023-10-30,2023-11-04,6,25.0,Catalogue
984,2,Parramatta,New South Wales,21,Chocolate Block 180g,Snacks,2025-09-04,2025-09-11,8,15.0,In-Store Display
985,2,Parramatta,New South Wales,21,Chocolate Block 180g,Snacks,2025-05-01,2025-05-14,14,25.0,Catalogue
986,2,Parramatta,New South Wales,21,Chocolate Block 180g,Snacks,2023-06-09,2023-06-18,10,15.0,In-Store Display
987,2,Parramatta,New South Wales,21,Chocolate Block 180g,Snacks,2023-03-25,2023-04-03,10,20.0,Catalogue
988,2,Parramatta,New South Wales,21,Chocolate Block 180g,Snacks,2025-02-22,2025-03-04,11,50.0,Clearance
989,2,Parramatta,New South Wales,21,Chocolate Block 180g,Snacks,2024-09-27,2024-10-01,5,30.0,Catalogue
990,2,Parramatta,New South Wales,21,Chocolate Block 180g,Snacks,2024-08-09,2024-08-13,5,25.0,Catalogue
991,2,Parramatta,New South Wales,21,Chocolate Block 180g,Snacks,2024-11-03,2024-11-15,13,10.0,In-Store Display
992,2,Parramatta,New South Wales,21,Chocolate Block 180g,Snacks,2023-12-28,2024-01-05,9,50.0,Clearance
993,2,Parramatta,New South Wales,21,Chocolate Block 180g,Snacks,2024-01-28,2024-02-10,14,15.0,In-Store Display
994,2,Parramatta,New South Wales,21,Chocolate Block 180g,Snacks,2025-12-18,2025-12-24,7,20.0,Catalogue
995,2,Parramatta,New South Wales,21,Chocolate Block 180g,Snacks,2023-11-23,2023-11-29,7,15.0,In-Store Display
996,2,Parramatta,New South Wales,21,Chocolate Block 180g,Snacks,2024-12-27,2024-12-31,5,15.0,In-Store Display
997,2,Parramatta,New South Wales,21,Chocolate Block 180g,Snacks,2025-07-15,2025-07-19,5,10.0,In-Store Display
998,2,Parramatta,New South Wales,21,Chocolate Block 180g,Snacks,2024-05-13,2024-05-20,8,20.0,Catalogue
999,2,Parramatta,New South Wales,22,Mixed Nuts 400g,Snacks,2023-01-27,2023-02-09,14,15.0,In-Store Display
1000,2,Parramatta,New South Wales,22,Mixed Nuts 400g,Snacks,2024-05-22,2024-06-03,13,20.0,Catalogue
1001,2,Parramatta,New South Wales,22,Mixed Nuts 400g,Snacks,2024-03-14,2024-03-25,12,20.0,Catalogue
1002,2,Parramatta,New South Wales,22,Mixed Nuts 400g,Snacks,2023-03-22,2023-03-27,6,20.0,Catalogue
1003,2,Parramatta,New South Wales,22,Mixed Nuts 400g,Snacks,2025-06-02,2025-06-11,10,20.0,Catalogue
1004,2,Parramatta,New South Wales,22,Mixed Nuts 400g,Snacks,2024-11-28,2024-12-06,9,10.0,In-Store Display
1005,2,Parramatta,New South Wales,22,Mixed Nuts 400g,Snacks,2023-07-05,2023-07-18,14,10.0,In-Store Display
1006,2,Parramatta,New South Wales,22,Mixed Nuts 400g,Snacks,2024-04-11,2024-04-15,5,50.0,Clearance
1007,2,Parramatta,New South Wales,22,Mixed Nuts 400g,Snacks,2023-12-16,2023-12-23,8,10.0,In-Store Display
1008,2,Parramatta,New South Wales,22,Mixed Nuts 400g,Snacks,2025-01-24,2025-01-30,7,15.0,In-Store Display
1009,2,Parramatta,New South Wales,22,Mixed Nuts 400g,Snacks,2025-10-15,2025-10-21,7,15.0,In-Store Display
1010,2,Parramatta,New South Wales,22,Mixed Nuts 400g,Snacks,2025-07-06,2025-07-18,13,15.0,In-Store Display
1011,2,Parramatta,New South Wales,22,Mixed Nuts 400g,Snacks,2023-11-15,2023-11-21,7,15.0,In-Store Display
1012,2,Parramatta,New South Wales,22,Mixed Nuts 400g,Snacks,2023-09-09,2023-09-22,14,20.0,Catalogue
1013,2,Parramatta,New South Wales,22,Mixed Nuts 400g,Snacks,2025-04-04,2025-04-08,5,20.0,Catalogue
1014,2,Parramatta,New South Wales,22,Mixed Nuts 400g,Snacks,2025-09-05,2025-09-10,6,10.0,In-Store Display
1015,2,Parramatta,New South Wales,22,Mixed Nuts 400g,Snacks,2023-04-19,2023-04-23,5,20.0,Catalogue
1016,2,Parramatta,New South Wales,22,Mixed Nuts 400g,Snacks,2024-07-22,2024-08-04,14,20.0,Catalogue
1017,2,Parramatta,New South Wales,22,Mixed Nuts 400g,Snacks,2023-08-12,2023-08-19,8,10.0,In-Store Display
1018,2,Parramatta,New South Wales,22,Mixed Nuts 400g,Snacks,2023-05-15,2023-05-26,12,10.0,In-Store Display
1019,2,Parramatta,New South Wales,22,Mixed Nuts 400g,Snacks,2025-08-09,2025-08-21,13,10.0,In-Store Display
1020,2,Parramatta,New South Wales,22,Mixed Nuts 400g,Snacks,2024-12-21,2024-12-28,8,10.0,In-Store Display
1021,2,Parramatta,New South Wales,22,Mixed Nuts 400g,Snacks,2025-03-08,2025-03-18,11,50.0,Clearance
1022,2,Parramatta,New South Wales,23,Muesli Bars 6pk,Snacks,2023-05-04,2023-05-12,9,20.0,Catalogue
1023,2,Parramatta,New South Wales,23,Muesli Bars 6pk,Snacks,2024-04-14,2024-04-26,13,20.0,Catalogue
1024,2,Parramatta,New South Wales,23,Muesli Bars 6pk,Snacks,2024-03-10,2024-03-23,14,20.0,Catalogue
1025,2,Parramatta,New South Wales,23,Muesli Bars 6pk,Snacks,2023-12-16,2023-12-22,7,30.0,Catalogue
1026,2,Parramatta,New South Wales,23,Muesli Bars 6pk,Snacks,2025-08-20,2025-08-30,11,10.0,In-Store Display
1027,2,Parramatta,New South Wales,23,Muesli Bars 6pk,Snacks,2025-01-19,2025-01-31,13,10.0,In-Store Display
1028,2,Parramatta,New South Wales,23,Muesli Bars 6pk,Snacks,2023-11-09,2023-11-15,7,30.0,Catalogue
1029,2,Parramatta,New South Wales,23,Muesli Bars 6pk,Snacks,2023-03-18,2023-03-31,14,25.0,Catalogue
1030,2,Parramatta,New South Wales,23,Muesli Bars 6pk,Snacks,2025-02-15,2025-02-26,12,10.0,In-Store Display
1031,2,Parramatta,New South Wales,23,Muesli Bars 6pk,Snacks,2023-06-14,2023-06-22,9,15.0,In-Store Display
1032,2,Parramatta,New South Wales,23,Muesli Bars 6pk,Snacks,2024-05-15,2024-05-24,10,20.0,Catalogue
1033,2,Parramatta,New South Wales,23,Muesli Bars 6pk,Snacks,2024-02-06,2024-02-10,5,25.0,Catalogue
1034,2,Parramatta,New South Wales,23,Muesli Bars 6pk,Snacks,2025-12-02,2025-12-08,7,20.0,Catalogue
1035,2,Parramatta,New South Wales,23,Muesli Bars 6pk,Snacks,2023-02-14,2023-02-25,12,15.0,In-Store Display
1036,2,Parramatta,New South Wales,23,Muesli Bars 6pk,Snacks,2024-09-18,2024-09-30,13,25.0,Catalogue
1037,2,Parramatta,New South Wales,23,Muesli Bars 6pk,Snacks,2023-07-28,2023-08-01,5,50.0,Clearance
1038,2,Parramatta,New South Wales,23,Muesli Bars 6pk,Snacks,2024-07-10,2024-07-22,13,20.0,Catalogue
1039,2,Parramatta,New South Wales,23,Muesli Bars 6pk,Snacks,2023-09-05,2023-09-11,7,25.0,Catalogue
1040,2,Parramatta,New South Wales,23,Muesli Bars 6pk,Snacks,2025-07-22,2025-07-31,10,15.0,In-Store Display
1041,2,Parramatta,New South Wales,23,Muesli Bars 6pk,Snacks,2025-05-31,2025-06-09,10,15.0,In-Store Display
1042,2,Parramatta,New South Wales,23,Muesli Bars 6pk,Snacks,2023-01-01,2023-01-12,12,15.0,In-Store Display
1043,2,Parramatta,New South Wales,23,Muesli Bars 6pk,Snacks,2024-06-12,2024-06-23,12,15.0,In-Store Display
1044,2,Parramatta,New South Wales,24,Toilet Paper 12pk,Household,2025-02-23,2025-02-27,5,15.0,In-Store Display
1045,2,Parramatta,New South Wales,24,Toilet Paper 12pk,Household,2024-02-16,2024-02-24,9,25.0,Catalogue
1046,2,Parramatta,New South Wales,24,Toilet Paper 12pk,Household,2024-08-11,2024-08-20,10,25.0,Catalogue
1047,2,Parramatta,New South Wales,24,Toilet Paper 12pk,Household,2023-06-05,2023-06-09,5,10.0,In-Store Display
1048,2,Parramatta,New South Wales,24,Toilet Paper 12pk,Household,2023-01-01,2023-01-08,8,10.0,In-Store Display
1049,2,Parramatta,New South Wales,24,Toilet Paper 12pk,Household,2025-05-22,2025-06-03,13,30.0,Catalogue
1050,2,Parramatta,New South Wales,24,Toilet Paper 12pk,Household,2024-04-30,2024-05-12,13,20.0,Catalogue
1051,2,Parramatta,New South Wales,24,Toilet Paper 12pk,Household,2025-11-06,2025-11-13,8,25.0,Catalogue
1052,2,Parramatta,New South Wales,24,Toilet Paper 12pk,Household,2024-12-26,2025-01-03,9,15.0,In-Store Display
1053,2,Parramatta,New South Wales,24,Toilet Paper 12pk,Household,2023-02-21,2023-03-02,10,10.0,In-Store Display
1054,2,Parramatta,New South Wales,24,Toilet Paper 12pk,Household,2024-07-03,2024-07-16,14,15.0,In-Store Display
1055,2,Parramatta,New South Wales,24,Toilet Paper 12pk,Household,2024-10-29,2024-11-11,14,30.0,Catalogue
1056,2,Parramatta,New South Wales,24,Toilet Paper 12pk,Household,2023-10-18,2023-10-29,12,25.0,Catalogue
1057,2,Parramatta,New South Wales,24,Toilet Paper 12pk,Household,2023-12-29,2024-01-04,7,15.0,In-Store Display
1058,2,Parramatta,New South Wales,24,Toilet Paper 12pk,Household,2023-08-09,2023-08-18,10,30.0,Catalogue
1059,2,Parramatta,New South Wales,24,Toilet Paper 12pk,Household,2024-09-14,2024-09-20,7,25.0,Catalogue
1060,2,Parramatta,New South Wales,24,Toilet Paper 12pk,Household,2025-09-11,2025-09-20,10,20.0,Catalogue
1061,2,Parramatta,New South Wales,24,Toilet Paper 12pk,Household,2023-03-28,2023-04-06,10,10.0,In-Store Display
1062,2,Parramatta,New South Wales,24,Toilet Paper 12pk,Household,2024-03-15,2024-03-24,10,15.0,In-Store Display
1063,2,Parramatta,New South Wales,24,Toilet Paper 12pk,Household,2023-12-02,2023-12-13,12,15.0,In-Store Display
1064,2,Parramatta,New South Wales,24,Toilet Paper 12pk,Household,2023-01-27,2023-02-02,7,15.0,In-Store Display
1065,2,Parramatta,New South Wales,25,Laundry Liquid 2L,Household,2023-10-27,2023-11-08,13,10.0,In-Store Display
1066,2,Parramatta,New South Wales,25,Laundry Liquid 2L,Household,2024-02-25,2024-03-05,10,15.0,In-Store Display
1067,2,Parramatta,New South Wales,25,Laundry Liquid 2L,Household,2023-07-31,2023-08-10,11,15.0,In-Store Display
1068,2,Parramatta,New South Wales,25,Laundry Liquid 2L,Household,2024-03-31,2024-04-12,13,10.0,In-Store Display
1069,2,Parramatta,New South Wales,25,Laundry Liquid 2L,Household,2024-01-08,2024-01-13,6,25.0,Catalogue
1070,2,Parramatta,New South Wales,25,Laundry Liquid 2L,Household,2023-05-25,2023-05-30,6,30.0,Catalogue
1071,2,Parramatta,New South Wales,25,Laundry Liquid 2L,Household,2023-09-20,2023-09-24,5,15.0,In-Store Display
1072,2,Parramatta,New South Wales,25,Laundry Liquid 2L,Household,2023-07-02,2023-07-13,12,20.0,Catalogue
1073,2,Parramatta,New South Wales,25,Laundry Liquid 2L,Household,2024-12-11,2024-12-15,5,20.0,Catalogue
1074,2,Parramatta,New South Wales,25,Laundry Liquid 2L,Household,2023-03-14,2023-03-21,8,20.0,Catalogue
1075,2,Parramatta,New South Wales,25,Laundry Liquid 2L,Household,2025-06-22,2025-06-26,5,10.0,In-Store Display
1076,2,Parramatta,New South Wales,25,Laundry Liquid 2L,Household,2024-10-14,2024-10-22,9,25.0,Catalogue
1077,2,Parramatta,New South Wales,25,Laundry Liquid 2L,Household,2023-02-20,2023-02-25,6,10.0,In-Store Display
1078,2,Parramatta,New South Wales,25,Laundry Liquid 2L,Household,2025-04-14,2025-04-26,13,20.0,Catalogue
1079,2,Parramatta,New South Wales,25,Laundry Liquid 2L,Household,2024-05-19,2024-06-01,14,10.0,In-Store Display
1080,2,Parramatta,New South Wales,25,Laundry Liquid 2L,Household,2025-12-07,2025-12-11,5,30.0,Catalogue
1081,2,Parramatta,New South Wales,25,Laundry Liquid 2L,Household,2024-09-03,2024-09-16,14,10.0,In-Store Display
1082,2,Parramatta,New South Wales,25,Laundry Liquid 2L,Household,2025-01-18,2025-01-24,7,10.0,In-Store Display
1083,2,Parramatta,New South Wales,25,Laundry Liquid 2L,Household,2023-04-13,2023-04-20,8,25.0,Catalogue
1084,2,Parramatta,New South Wales,25,Laundry Liquid 2L,Household,2024-06-29,2024-07-06,8,15.0,In-Store Display
1085,2,Parramatta,New South Wales,25,Laundry Liquid 2L,Household,2024-02-02,2024-02-10,9,10.0,In-Store Display
1086,2,Parramatta,New South Wales,25,Laundry Liquid 2L,Household,2023-01-30,2023-02-03,5,15.0,In-Store Display
1087,2,Parramatta,New South Wales,25,Laundry Liquid 2L,Household,2024-11-08,2024-11-16,9,15.0,In-Store Display
1088,2,Parramatta,New South Wales,25,Laundry Liquid 2L,Household,2025-08-15,2025-08-27,13,20.0,Catalogue
1089,2,Parramatta,New South Wales,25,Laundry Liquid 2L,Household,2023-12-03,2023-12-09,7,15.0,In-Store Display
1090,2,Parramatta,New South Wales,25,Laundry Liquid 2L,Household,2025-03-05,2025-03-16,12,15.0,In-Store Display
1091,2,Parramatta,New South Wales,25,Laundry Liquid 2L,Household,2025-05-11,2025-05-17,7,15.0,In-Store Display
1092,2,Parramatta,New South Wales,25,Laundry Liquid 2L,Household,2025-10-18,2025-10-28,11,15.0,In-Store Display
1093,2,Parramatta,New South Wales,26,Dishwashing Liquid 500ml,Household,2025-07-18,2025-07-22,5,20.0,Catalogue
1094,2,Parramatta,New South Wales,26,Dishwashing Liquid 500ml,Household,2024-09-16,2024-09-29,14,10.0,In-Store Display
1095,2,Parramatta,New South Wales,26,Dishwashing Liquid 500ml,Household,2025-05-29,2025-06-07,10,10.0,In-Store Display
1096,2,Parramatta,New South Wales,26,Dishwashing Liquid 500ml,Household,2023-02-12,2023-02-23,12,15.0,In-Store Display
1097,2,Parramatta,New South Wales,26,Dishwashing Liquid 500ml,Household,2025-04-08,2025-04-16,9,10.0,In-Store Display
1098,2,Parramatta,New South Wales,26,Dishwashing Liquid 500ml,Household,2025-06-23,2025-06-29,7,20.0,Catalogue
1099,2,Parramatta,New South Wales,26,Dishwashing Liquid 500ml,Household,2024-12-04,2024-12-13,10,30.0,Catalogue
1100,2,Parramatta,New South Wales,26,Dishwashing Liquid 500ml,Household,2025-01-19,2025-01-26,8,20.0,Catalogue
1101,2,Parramatta,New South Wales,26,Dishwashing Liquid 500ml,Household,2025-11-12,2025-11-17,6,25.0,Catalogue
1102,2,Parramatta,New South Wales,26,Dishwashing Liquid 500ml,Household,2023-12-17,2023-12-25,9,10.0,In-Store Display
1103,2,Parramatta,New South Wales,26,Dishwashing Liquid 500ml,Household,2023-10-11,2023-10-23,13,25.0,Catalogue
1104,2,Parramatta,New South Wales,26,Dishwashing Liquid 500ml,Household,2025-09-03,2025-09-16,14,20.0,Catalogue
1105,2,Parramatta,New South Wales,26,Dishwashing Liquid 500ml,Household,2023-07-19,2023-08-01,14,15.0,In-Store Display
1106,2,Parramatta,New South Wales,26,Dishwashing Liquid 500ml,Household,2023-05-27,2023-06-06,11,10.0,In-Store Display
1107,2,Parramatta,New South Wales,26,Dishwashing Liquid 500ml,Household,2024-03-16,2024-03-29,14,15.0,In-Store Display
1108,2,Parramatta,New South Wales,27,Paper Towel 4pk,Household,2024-03-10,2024-03-19,10,10.0,In-Store Display
1109,2,Parramatta,New South Wales,27,Paper Towel 4pk,Household,2025-05-11,2025-05-24,14,20.0,Catalogue
1110,2,Parramatta,New South Wales,27,Paper Towel 4pk,Household,2024-08-23,2024-09-04,13,15.0,In-Store Display
1111,2,Parramatta,New South Wales,27,Paper Towel 4pk,Household,2023-02-10,2023-02-16,7,25.0,Catalogue
1112,2,Parramatta,New South Wales,27,Paper Towel 4pk,Household,2025-06-11,2025-06-19,9,20.0,Catalogue
1113,2,Parramatta,New South Wales,27,Paper Towel 4pk,Household,2023-09-08,2023-09-13,6,15.0,In-Store Display
1114,2,Parramatta,New South Wales,27,Paper Towel 4pk,Household,2023-11-14,2023-11-21,8,15.0,In-Store Display
1115,2,Parramatta,New South Wales,27,Paper Towel 4pk,Household,2025-12-25,2025-12-29,5,20.0,Catalogue
1116,2,Parramatta,New South Wales,27,Paper Towel 4pk,Household,2024-06-01,2024-06-13,13,30.0,Catalogue
1117,2,Parramatta,New South Wales,27,Paper Towel 4pk,Household,2023-05-03,2023-05-11,9,15.0,In-Store Display
1118,2,Parramatta,New South Wales,27,Paper Towel 4pk,Household,2023-05-30,2023-06-07,9,10.0,In-Store Display
1119,2,Parramatta,New South Wales,27,Paper Towel 4pk,Household,2025-08-30,2025-09-08,10,15.0,In-Store Display
1120,2,Parramatta,New South Wales,27,Paper Towel 4pk,Household,2025-09-30,2025-10-05,6,25.0,Catalogue
1121,2,Parramatta,New South Wales,27,Paper Towel 4pk,Household,2025-01-28,2025-02-10,14,30.0,Catalogue
1122,2,Parramatta,New South Wales,27,Paper Towel 4pk,Household,2023-04-04,2023-04-10,7,25.0,Catalogue
1123,2,Parramatta,New South Wales,27,Paper Towel 4pk,Household,2024-10-31,2024-11-05,6,30.0,Catalogue
1124,2,Parramatta,New South Wales,27,Paper Towel 4pk,Household,2024-07-07,2024-07-17,11,10.0,In-Store Display
1125,2,Parramatta,New South Wales,27,Paper Towel 4pk,Household,2025-01-02,2025-01-06,5,15.0,In-Store Display
1126,2,Parramatta,New South Wales,27,Paper Towel 4pk,Household,2023-12-08,2023-12-16,9,20.0,Catalogue
1127,2,Parramatta,New South Wales,27,Paper Towel 4pk,Household,2023-10-15,2023-10-23,9,20.0,Catalogue
1128,2,Parramatta,New South Wales,28,Sunscreen SPF50+ 200ml,Household,2025-11-28,2025-12-05,8,20.0,Catalogue
1129,2,Parramatta,New South Wales,28,Sunscreen SPF50+ 200ml,Household,2024-11-09,2024-11-17,9,25.0,Catalogue
1130,2,Parramatta,New South Wales,28,Sunscreen SPF50+ 200ml,Household,2024-06-07,2024-06-12,6,15.0,In-Store Display
1131,2,Parramatta,New South Wales,28,Sunscreen SPF50+ 200ml,Household,2025-06-18,2025-06-25,8,10.0,In-Store Display
1132,2,Parramatta,New South Wales,28,Sunscreen SPF50+ 200ml,Household,2024-08-31,2024-09-13,14,15.0,In-Store Display
1133,2,Parramatta,New South Wales,28,Sunscreen SPF50+ 200ml,Household,2023-12-29,2024-01-08,11,20.0,Catalogue
1134,2,Parramatta,New South Wales,28,Sunscreen SPF50+ 200ml,Household,2023-10-28,2023-11-05,9,20.0,Catalogue
1135,2,Parramatta,New South Wales,28,Sunscreen SPF50+ 200ml,Household,2023-06-26,2023-07-09,14,10.0,In-Store Display
1136,2,Parramatta,New South Wales,28,Sunscreen SPF50+ 200ml,Household,2025-08-09,2025-08-14,6,10.0,In-Store Display
1137,2,Parramatta,New South Wales,28,Sunscreen SPF50+ 200ml,Household,2024-05-04,2024-05-14,11,15.0,In-Store Display
1138,2,Parramatta,New South Wales,28,Sunscreen SPF50+ 200ml,Household,2025-04-19,2025-04-23,5,25.0,Catalogue
1139,2,Parramatta,New South Wales,28,Sunscreen SPF50+ 200ml,Household,2023-09-04,2023-09-16,13,30.0,Catalogue
1140,2,Parramatta,New South Wales,28,Sunscreen SPF50+ 200ml,Household,2025-02-23,2025-03-06,12,15.0,In-Store Display
1141,2,Parramatta,New South Wales,28,Sunscreen SPF50+ 200ml,Household,2023-05-23,2023-06-02,11,30.0,Catalogue
1142,2,Parramatta,New South Wales,28,Sunscreen SPF50+ 200ml,Household,2024-08-03,2024-08-10,8,25.0,Catalogue
1143,2,Parramatta,New South Wales,28,Sunscreen SPF50+ 200ml,Household,2024-03-15,2024-03-22,8,25.0,Catalogue
1144,2,Parramatta,New South Wales,28,Sunscreen SPF50+ 200ml,Household,2023-11-28,2023-12-05,8,10.0,In-Store Display
1145,2,Parramatta,New South Wales,28,Sunscreen SPF50+ 200ml,Household,2025-11-02,2025-11-09,8,15.0,In-Store Display
1146,2,Parramatta,New South Wales,28,Sunscreen SPF50+ 200ml,Household,2024-01-23,2024-01-28,6,15.0,In-Store Display
1147,2,Parramatta,New South Wales,28,Sunscreen SPF50+ 200ml,Household,2025-01-24,2025-02-02,10,15.0,In-Store Display
1148,2,Parramatta,New South Wales,28,Sunscreen SPF50+ 200ml,Household,2023-01-14,2023-01-23,10,15.0,In-Store Display
1149,2,Parramatta,New South Wales,28,Sunscreen SPF50+ 200ml,Household,2023-03-18,2023-03-27,10,20.0,Catalogue
1150,2,Parramatta,New South Wales,29,Insect Repellent 150ml,Household,2024-08-10,2024-08-15,6,15.0,In-Store Display
1151,2,Parramatta,New South Wales,29,Insect Repellent 150ml,Household,2023-11-22,2023-11-28,7,15.0,In-Store Display
1152,2,Parramatta,New South Wales,29,Insect Repellent 150ml,Household,2025-05-08,2025-05-12,5,15.0,In-Store Display
1153,2,Parramatta,New South Wales,29,Insect Repellent 150ml,Household,2024-07-13,2024-07-26,14,20.0,Catalogue
1154,2,Parramatta,New South Wales,29,Insect Repellent 150ml,Household,2023-10-25,2023-11-05,12,50.0,Clearance
1155,2,Parramatta,New South Wales,29,Insect Repellent 150ml,Household,2024-01-28,2024-02-10,14,30.0,Catalogue
1156,2,Parramatta,New South Wales,29,Insect Repellent 150ml,Household,2023-06-03,2023-06-11,9,15.0,In-Store Display
1157,2,Parramatta,New South Wales,29,Insect Repellent 150ml,Household,2024-11-09,2024-11-15,7,25.0,Catalogue
1158,2,Parramatta,New South Wales,29,Insect Repellent 150ml,Household,2023-01-24,2023-02-06,14,10.0,In-Store Display
1159,2,Parramatta,New South Wales,29,Insect Repellent 150ml,Household,2025-03-01,2025-03-13,13,20.0,Catalogue
1160,2,Parramatta,New South Wales,29,Insect Repellent 150ml,Household,2023-07-06,2023-07-17,12,25.0,Catalogue
1161,2,Parramatta,New South Wales,29,Insect Repellent 150ml,Household,2025-11-14,2025-11-27,14,10.0,In-Store Display
1162,2,Parramatta,New South Wales,29,Insect Repellent 150ml,Household,2024-04-07,2024-04-17,11,25.0,Catalogue
1163,2,Parramatta,New South Wales,29,Insect Repellent 150ml,Household,2023-08-03,2023-08-10,8,15.0,In-Store Display
1164,2,Parramatta,New South Wales,29,Insect Repellent 150ml,Household,2025-09-19,2025-09-26,8,10.0,In-Store Display
1165,2,Parramatta,New South Wales,30,Firelighters 24pk,Household,2023-03-24,2023-04-06,14,15.0,In-Store Display
1166,2,Parramatta,New South Wales,30,Firelighters 24pk,Household,2023-11-15,2023-11-24,10,20.0,Catalogue
1167,2,Parramatta,New South Wales,30,Firelighters 24pk,Household,2024-08-10,2024-08-15,6,20.0,Catalogue
1168,2,Parramatta,New South Wales,30,Firelighters 24pk,Household,2023-05-26,2023-06-03,9,25.0,Catalogue
1169,2,Parramatta,New South Wales,30,Firelighters 24pk,Household,2023-01-04,2023-01-09,6,25.0,Catalogue
1170,2,Parramatta,New South Wales,30,Firelighters 24pk,Household,2023-06-23,2023-07-01,9,15.0,In-Store Display
1171,2,Parramatta,New South Wales,30,Firelighters 24pk,Household,2023-10-27,2023-10-31,5,15.0,In-Store Display
1172,2,Parramatta,New South Wales,30,Firelighters 24pk,Household,2025-10-30,2025-11-03,5,50.0,Clearance
1173,2,Parramatta,New South Wales,30,Firelighters 24pk,Household,2023-02-04,2023-02-13,10,20.0,Catalogue
1174,2,Parramatta,New South Wales,30,Firelighters 24pk,Household,2025-06-20,2025-06-25,6,15.0,In-Store Display
1175,2,Parramatta,New South Wales,30,Firelighters 24pk,Household,2024-07-13,2024-07-24,12,15.0,In-Store Display
1176,2,Parramatta,New South Wales,30,Firelighters 24pk,Household,2025-01-05,2025-01-16,12,10.0,In-Store Display
1177,2,Parramatta,New South Wales,30,Firelighters 24pk,Household,2025-11-30,2025-12-08,9,15.0,In-Store Display
1178,3,Chatswood,New South Wales,1,Long Grain Rice 2kg,Staples,2025-05-30,2025-06-09,11,15.0,In-Store Display
1179,3,Chatswood,New South Wales,1,Long Grain Rice 2kg,Staples,2023-04-17,2023-04-22,6,10.0,In-Store Display
1180,3,Chatswood,New South Wales,1,Long Grain Rice 2kg,Staples,2025-01-17,2025-01-29,13,25.0,Catalogue
1181,3,Chatswood,New South Wales,1,Long Grain Rice 2kg,Staples,2023-10-25,2023-11-02,9,25.0,Catalogue
1182,3,Chatswood,New South Wales,1,Long Grain Rice 2kg,Staples,2025-09-12,2025-09-23,12,15.0,In-Store Display
1183,3,Chatswood,New South Wales,1,Long Grain Rice 2kg,Staples,2024-11-01,2024-11-05,5,15.0,In-Store Display
1184,3,Chatswood,New South Wales,1,Long Grain Rice 2kg,Staples,2023-01-12,2023-01-25,14,25.0,Catalogue
1185,3,Chatswood,New South Wales,1,Long Grain Rice 2kg,Staples,2023-09-02,2023-09-08,7,15.0,In-Store Display
1186,3,Chatswood,New South Wales,1,Long Grain Rice 2kg,Staples,2025-11-03,2025-11-15,13,25.0,Catalogue
1187,3,Chatswood,New South Wales,1,Long Grain Rice 2kg,Staples,2023-07-02,2023-07-14,13,10.0,In-Store Display
1188,3,Chatswood,New South Wales,1,Long Grain Rice 2kg,Staples,2024-04-26,2024-04-30,5,15.0,In-Store Display
1189,3,Chatswood,New South Wales,1,Long Grain Rice 2kg,Staples,2024-07-01,2024-07-08,8,10.0,In-Store Display
1190,3,Chatswood,New South Wales,2,Dried Pasta 500g,Staples,2024-06-23,2024-07-03,11,30.0,Catalogue
1191,3,Chatswood,New South Wales,2,Dried Pasta 500g,Staples,2025-07-07,2025-07-12,6,20.0,Catalogue
1192,3,Chatswood,New South Wales,2,Dried Pasta 500g,Staples,2024-12-20,2024-12-25,6,25.0,Catalogue
1193,3,Chatswood,New South Wales,2,Dried Pasta 500g,Staples,2023-04-28,2023-05-03,6,25.0,Catalogue
1194,3,Chatswood,New South Wales,2,Dried Pasta 500g,Staples,2025-05-09,2025-05-20,12,25.0,Catalogue
1195,3,Chatswood,New South Wales,2,Dried Pasta 500g,Staples,2025-03-14,2025-03-20,7,50.0,Clearance
1196,3,Chatswood,New South Wales,2,Dried Pasta 500g,Staples,2025-09-12,2025-09-24,13,10.0,In-Store Display
1197,3,Chatswood,New South Wales,2,Dried Pasta 500g,Staples,2025-07-31,2025-08-04,5,25.0,Catalogue
1198,3,Chatswood,New South Wales,2,Dried Pasta 500g,Staples,2025-10-09,2025-10-18,10,20.0,Catalogue
1199,3,Chatswood,New South Wales,2,Dried Pasta 500g,Staples,2024-04-09,2024-04-16,8,30.0,Catalogue
1200,3,Chatswood,New South Wales,2,Dried Pasta 500g,Staples,2024-10-07,2024-10-11,5,20.0,Catalogue
1201,3,Chatswood,New South Wales,2,Dried Pasta 500g,Staples,2024-05-27,2024-06-01,6,15.0,In-Store Display
1202,3,Chatswood,New South Wales,2,Dried Pasta 500g,Staples,2023-03-18,2023-03-30,13,20.0,Catalogue
1203,3,Chatswood,New South Wales,2,Dried Pasta 500g,Staples,2023-01-23,2023-02-04,13,30.0,Catalogue
1204,3,Chatswood,New South Wales,2,Dried Pasta 500g,Staples,2024-10-30,2024-11-07,9,30.0,Catalogue
1205,3,Chatswood,New South Wales,2,Dried Pasta 500g,Staples,2023-12-09,2023-12-18,10,30.0,Catalogue
1206,3,Chatswood,New South Wales,2,Dried Pasta 500g,Staples,2024-03-07,2024-03-15,9,20.0,Catalogue
1207,3,Chatswood,New South Wales,2,Dried Pasta 500g,Staples,2023-09-19,2023-09-30,12,20.0,Catalogue
1208,3,Chatswood,New South Wales,3,White Bread Loaf,Staples,2024-09-12,2024-09-18,7,50.0,Clearance
1209,3,Chatswood,New South Wales,3,White Bread Loaf,Staples,2025-07-14,2025-07-22,9,20.0,Catalogue
1210,3,Chatswood,New South Wales,3,White Bread Loaf,Staples,2023-10-11,2023-10-15,5,25.0,Catalogue
1211,3,Chatswood,New South Wales,3,White Bread Loaf,Staples,2025-11-28,2025-12-07,10,25.0,Catalogue
1212,3,Chatswood,New South Wales,3,White Bread Loaf,Staples,2025-04-22,2025-05-03,12,20.0,Catalogue
1213,3,Chatswood,New South Wales,3,White Bread Loaf,Staples,2023-12-11,2023-12-17,7,10.0,In-Store Display
1214,3,Chatswood,New South Wales,3,White Bread Loaf,Staples,2024-07-16,2024-07-21,6,10.0,In-Store Display
1215,3,Chatswood,New South Wales,3,White Bread Loaf,Staples,2023-01-14,2023-01-20,7,10.0,In-Store Display
1216,3,Chatswood,New South Wales,3,White Bread Loaf,Staples,2025-10-12,2025-10-24,13,15.0,In-Store Display
1217,3,Chatswood,New South Wales,3,White Bread Loaf,Staples,2023-11-06,2023-11-11,6,10.0,In-Store Display
1218,3,Chatswood,New South Wales,3,White Bread Loaf,Staples,2023-03-15,2023-03-19,5,20.0,Catalogue
1219,3,Chatswood,New South Wales,4,Plain Flour 1kg,Staples,2024-07-03,2024-07-09,7,10.0,In-Store Display
1220,3,Chatswood,New South Wales,4,Plain Flour 1kg,Staples,2023-04-10,2023-04-17,8,20.0,Catalogue
1221,3,Chatswood,New South Wales,4,Plain Flour 1kg,Staples,2025-08-27,2025-08-31,5,10.0,In-Store Display
1222,3,Chatswood,New South Wales,4,Plain Flour 1kg,Staples,2025-10-24,2025-11-05,13,10.0,In-Store Display
1223,3,Chatswood,New South Wales,4,Plain Flour 1kg,Staples,2023-09-16,2023-09-27,12,10.0,In-Store Display
1224,3,Chatswood,New South Wales,4,Plain Flour 1kg,Staples,2024-03-03,2024-03-11,9,30.0,Catalogue
1225,3,Chatswood,New South Wales,4,Plain Flour 1kg,Staples,2025-12-21,2025-12-29,9,20.0,Catalogue
1226,3,Chatswood,New South Wales,4,Plain Flour 1kg,Staples,2024-11-15,2024-11-20,6,15.0,In-Store Display
1227,3,Chatswood,New South Wales,4,Plain Flour 1kg,Staples,2025-04-21,2025-04-28,8,10.0,In-Store Display
1228,3,Chatswood,New South Wales,4,Plain Flour 1kg,Staples,2025-07-29,2025-08-08,11,20.0,Catalogue
1229,3,Chatswood,New South Wales,4,Plain Flour 1kg,Staples,2024-04-03,2024-04-08,6,10.0,In-Store Display
1230,3,Chatswood,New South Wales,4,Plain Flour 1kg,Staples,2025-01-21,2025-01-26,6,15.0,In-Store Display
1231,3,Chatswood,New South Wales,4,Plain Flour 1kg,Staples,2024-10-04,2024-10-12,9,25.0,Catalogue
1232,3,Chatswood,New South Wales,5,Breakfast Cereal 1kg,Staples,2023-10-07,2023-10-14,8,10.0,In-Store Display
1233,3,Chatswood,New South Wales,5,Breakfast Cereal 1kg,Staples,2023-11-04,2023-11-15,12,20.0,Catalogue
1234,3,Chatswood,New South Wales,5,Breakfast Cereal 1kg,Staples,2024-05-23,2024-05-29,7,30.0,Catalogue
1235,3,Chatswood,New South Wales,5,Breakfast Cereal 1kg,Staples,2024-10-06,2024-10-11,6,10.0,In-Store Display
1236,3,Chatswood,New South Wales,5,Breakfast Cereal 1kg,Staples,2024-09-03,2024-09-15,13,20.0,Catalogue
1237,3,Chatswood,New South Wales,5,Breakfast Cereal 1kg,Staples,2023-04-30,2023-05-11,12,25.0,Catalogue
1238,3,Chatswood,New South Wales,5,Breakfast Cereal 1kg,Staples,2023-03-13,2023-03-22,10,25.0,Catalogue
1239,3,Chatswood,New South Wales,5,Breakfast Cereal 1kg,Staples,2024-03-04,2024-03-11,8,15.0,In-Store Display
1240,3,Chatswood,New South Wales,5,Breakfast Cereal 1kg,Staples,2024-07-20,2024-07-31,12,30.0,Catalogue
1241,3,Chatswood,New South Wales,5,Breakfast Cereal 1kg,Staples,2025-10-30,2025-11-09,11,15.0,In-Store Display
1242,3,Chatswood,New South Wales,5,Breakfast Cereal 1kg,Staples,2024-11-18,2024-11-29,12,20.0,Catalogue
1243,3,Chatswood,New South Wales,5,Breakfast Cereal 1kg,Staples,2024-01-01,2024-01-09,9,15.0,In-Store Display
1244,3,Chatswood,New South Wales,5,Breakfast Cereal 1kg,Staples,2025-12-09,2025-12-15,7,20.0,Catalogue
1245,3,Chatswood,New South Wales,5,Breakfast Cereal 1kg,Staples,2023-09-05,2023-09-09,5,10.0,In-Store Display
1246,3,Chatswood,New South Wales,5,Breakfast Cereal 1kg,Staples,2024-06-22,2024-07-03,12,15.0,In-Store Display
1247,3,Chatswood,New South Wales,5,Breakfast Cereal 1kg,Staples,2025-01-10,2025-01-20,11,30.0,Catalogue
1248,3,Chatswood,New South Wales,6,White Sugar 1kg,Staples,2023-11-29,2023-12-09,11,20.0,Catalogue
1249,3,Chatswood,New South Wales,6,White Sugar 1kg,Staples,2025-06-30,2025-07-11,12,10.0,In-Store Display
1250,3,Chatswood,New South Wales,6,White Sugar 1kg,Staples,2024-06-19,2024-06-29,11,15.0,In-Store Display
1251,3,Chatswood,New South Wales,6,White Sugar 1kg,Staples,2024-08-23,2024-08-27,5,15.0,In-Store Display
1252,3,Chatswood,New South Wales,6,White Sugar 1kg,Staples,2023-05-01,2023-05-08,8,15.0,In-Store Display
1253,3,Chatswood,New South Wales,6,White Sugar 1kg,Staples,2024-01-31,2024-02-13,14,10.0,In-Store Display
1254,3,Chatswood,New South Wales,6,White Sugar 1kg,Staples,2023-01-22,2023-02-01,11,20.0,Catalogue
1255,3,Chatswood,New South Wales,6,White Sugar 1kg,Staples,2023-06-13,2023-06-17,5,20.0,Catalogue
1256,3,Chatswood,New South Wales,6,White Sugar 1kg,Staples,2025-04-01,2025-04-11,11,15.0,In-Store Display
1257,3,Chatswood,New South Wales,7,Full Cream Milk 2L,Dairy & Frozen,2023-07-04,2023-07-16,13,25.0,Catalogue
1258,3,Chatswood,New South Wales,7,Full Cream Milk 2L,Dairy & Frozen,2025-11-18,2025-11-24,7,15.0,In-Store Display
1259,3,Chatswood,New South Wales,7,Full Cream Milk 2L,Dairy & Frozen,2024-06-14,2024-06-20,7,25.0,Catalogue
1260,3,Chatswood,New South Wales,7,Full Cream Milk 2L,Dairy & Frozen,2023-10-04,2023-10-11,8,20.0,Catalogue
1261,3,Chatswood,New South Wales,7,Full Cream Milk 2L,Dairy & Frozen,2024-08-04,2024-08-09,6,15.0,In-Store Display
1262,3,Chatswood,New South Wales,7,Full Cream Milk 2L,Dairy & Frozen,2023-08-16,2023-08-24,9,10.0,In-Store Display
1263,3,Chatswood,New South Wales,7,Full Cream Milk 2L,Dairy & Frozen,2025-02-10,2025-02-17,8,30.0,Catalogue
1264,3,Chatswood,New South Wales,7,Full Cream Milk 2L,Dairy & Frozen,2024-11-01,2024-11-06,6,30.0,Catalogue
1265,3,Chatswood,New South Wales,7,Full Cream Milk 2L,Dairy & Frozen,2024-09-24,2024-09-28,5,15.0,In-Store Display
1266,3,Chatswood,New South Wales,8,Tasty Cheese Block 500g,Dairy & Frozen,2025-06-19,2025-06-23,5,20.0,Catalogue
1267,3,Chatswood,New South Wales,8,Tasty Cheese Block 500g,Dairy & Frozen,2025-01-14,2025-01-26,13,20.0,Catalogue
1268,3,Chatswood,New South Wales,8,Tasty Cheese Block 500g,Dairy & Frozen,2024-04-09,2024-04-22,14,15.0,In-Store Display
1269,3,Chatswood,New South Wales,8,Tasty Cheese Block 500g,Dairy & Frozen,2023-09-16,2023-09-26,11,10.0,In-Store Display
1270,3,Chatswood,New South Wales,8,Tasty Cheese Block 500g,Dairy & Frozen,2025-11-11,2025-11-16,6,15.0,In-Store Display
1271,3,Chatswood,New South Wales,8,Tasty Cheese Block 500g,Dairy & Frozen,2024-06-20,2024-06-27,8,50.0,Clearance
1272,3,Chatswood,New South Wales,8,Tasty Cheese Block 500g,Dairy & Frozen,2024-01-10,2024-01-18,9,25.0,Catalogue
1273,3,Chatswood,New South Wales,8,Tasty Cheese Block 500g,Dairy & Frozen,2023-07-27,2023-08-01,6,25.0,Catalogue
1274,3,Chatswood,New South Wales,8,Tasty Cheese Block 500g,Dairy & Frozen,2023-10-20,2023-10-25,6,25.0,Catalogue
1275,3,Chatswood,New South Wales,8,Tasty Cheese Block 500g,Dairy & Frozen,2023-03-04,2023-03-09,6,10.0,In-Store Display
1276,3,Chatswood,New South Wales,8,Tasty Cheese Block 500g,Dairy & Frozen,2023-08-20,2023-08-26,7,25.0,Catalogue
1277,3,Chatswood,New South Wales,8,Tasty Cheese Block 500g,Dairy & Frozen,2024-07-28,2024-08-06,10,10.0,In-Store Display
1278,3,Chatswood,New South Wales,8,Tasty Cheese Block 500g,Dairy & Frozen,2023-06-03,2023-06-14,12,10.0,In-Store Display
1279,3,Chatswood,New South Wales,8,Tasty Cheese Block 500g,Dairy & Frozen,2023-12-09,2023-12-15,7,10.0,In-Store Display
1280,3,Chatswood,New South Wales,8,Tasty Cheese Block 500g,Dairy & Frozen,2023-01-30,2023-02-03,5,25.0,Catalogue
1281,3,Chatswood,New South Wales,8,Tasty Cheese Block 500g,Dairy & Frozen,2024-09-14,2024-09-20,7,25.0,Catalogue
1282,3,Chatswood,New South Wales,8,Tasty Cheese Block 500g,Dairy & Frozen,2025-10-09,2025-10-21,13,15.0,In-Store Display
1283,3,Chatswood,New South Wales,8,Tasty Cheese Block 500g,Dairy & Frozen,2025-02-10,2025-02-21,12,25.0,Catalogue
1284,3,Chatswood,New South Wales,8,Tasty Cheese Block 500g,Dairy & Frozen,2025-12-16,2025-12-23,8,25.0,Catalogue
1285,3,Chatswood,New South Wales,8,Tasty Cheese Block 500g,Dairy & Frozen,2024-02-22,2024-03-06,14,25.0,Catalogue
1286,3,Chatswood,New South Wales,8,Tasty Cheese Block 500g,Dairy & Frozen,2025-07-11,2025-07-18,8,50.0,Clearance
1287,3,Chatswood,New South Wales,8,Tasty Cheese Block 500g,Dairy & Frozen,2023-04-13,2023-04-17,5,25.0,Catalogue
1288,3,Chatswood,New South Wales,8,Tasty Cheese Block 500g,Dairy & Frozen,2024-05-18,2024-05-28,11,10.0,In-Store Display
1289,3,Chatswood,New South Wales,9,Greek Yoghurt 1kg,Dairy & Frozen,2023-05-28,2023-06-10,14,20.0,Catalogue
1290,3,Chatswood,New South Wales,9,Greek Yoghurt 1kg,Dairy & Frozen,2023-01-31,2023-02-09,10,20.0,Catalogue
1291,3,Chatswood,New South Wales,9,Greek Yoghurt 1kg,Dairy & Frozen,2025-01-25,2025-01-29,5,30.0,Catalogue
1292,3,Chatswood,New South Wales,9,Greek Yoghurt 1kg,Dairy & Frozen,2025-09-06,2025-09-11,6,20.0,Catalogue
1293,3,Chatswood,New South Wales,9,Greek Yoghurt 1kg,Dairy & Frozen,2025-02-27,2025-03-06,8,30.0,Catalogue
1294,3,Chatswood,New South Wales,9,Greek Yoghurt 1kg,Dairy & Frozen,2025-05-31,2025-06-07,8,20.0,Catalogue
1295,3,Chatswood,New South Wales,9,Greek Yoghurt 1kg,Dairy & Frozen,2024-03-05,2024-03-18,14,25.0,Catalogue
1296,3,Chatswood,New South Wales,9,Greek Yoghurt 1kg,Dairy & Frozen,2025-06-26,2025-07-06,11,10.0,In-Store Display
1297,3,Chatswood,New South Wales,9,Greek Yoghurt 1kg,Dairy & Frozen,2023-12-11,2023-12-15,5,15.0,In-Store Display
1298,3,Chatswood,New South Wales,9,Greek Yoghurt 1kg,Dairy & Frozen,2024-08-29,2024-09-06,9,20.0,Catalogue
1299,3,Chatswood,New South Wales,9,Greek Yoghurt 1kg,Dairy & Frozen,2025-04-07,2025-04-17,11,20.0,Catalogue
1300,3,Chatswood,New South Wales,9,Greek Yoghurt 1kg,Dairy & Frozen,2024-05-24,2024-06-03,11,30.0,Catalogue
1301,3,Chatswood,New South Wales,9,Greek Yoghurt 1kg,Dairy & Frozen,2025-10-30,2025-11-07,9,15.0,In-Store Display
1302,3,Chatswood,New South Wales,9,Greek Yoghurt 1kg,Dairy & Frozen,2024-08-02,2024-08-09,8,20.0,Catalogue
1303,3,Chatswood,New South Wales,9,Greek Yoghurt 1kg,Dairy & Frozen,2025-07-29,2025-08-08,11,20.0,Catalogue
1304,3,Chatswood,New South Wales,9,Greek Yoghurt 1kg,Dairy & Frozen,2025-10-06,2025-10-12,7,10.0,In-Store Display
1305,3,Chatswood,New South Wales,9,Greek Yoghurt 1kg,Dairy & Frozen,2024-10-29,2024-11-11,14,15.0,In-Store Display
1306,3,Chatswood,New South Wales,9,Greek Yoghurt 1kg,Dairy & Frozen,2023-10-26,2023-11-06,12,25.0,Catalogue
1307,3,Chatswood,New South Wales,9,Greek Yoghurt 1kg,Dairy & Frozen,2023-07-08,2023-07-14,7,20.0,Catalogue
1308,3,Chatswood,New South Wales,10,Vanilla Ice Cream 2L,Dairy & Frozen,2023-07-22,2023-08-03,13,25.0,Catalogue
1309,3,Chatswood,New South Wales,10,Vanilla Ice Cream 2L,Dairy & Frozen,2023-04-23,2023-05-06,14,15.0,In-Store Display
1310,3,Chatswood,New South Wales,10,Vanilla Ice Cream 2L,Dairy & Frozen,2025-12-16,2025-12-21,6,30.0,Catalogue
1311,3,Chatswood,New South Wales,10,Vanilla Ice Cream 2L,Dairy & Frozen,2023-01-11,2023-01-22,12,30.0,Catalogue
1312,3,Chatswood,New South Wales,10,Vanilla Ice Cream 2L,Dairy & Frozen,2025-08-20,2025-09-01,13,10.0,In-Store Display
1313,3,Chatswood,New South Wales,10,Vanilla Ice Cream 2L,Dairy & Frozen,2023-03-21,2023-03-26,6,20.0,Catalogue
1314,3,Chatswood,New South Wales,10,Vanilla Ice Cream 2L,Dairy & Frozen,2023-10-27,2023-11-09,14,15.0,In-Store Display
1315,3,Chatswood,New South Wales,10,Vanilla Ice Cream 2L,Dairy & Frozen,2024-01-09,2024-01-14,6,10.0,In-Store Display
1316,3,Chatswood,New South Wales,10,Vanilla Ice Cream 2L,Dairy & Frozen,2024-06-24,2024-07-01,8,50.0,Clearance
1317,3,Chatswood,New South Wales,10,Vanilla Ice Cream 2L,Dairy & Frozen,2024-08-28,2024-09-01,5,30.0,Catalogue
1318,3,Chatswood,New South Wales,10,Vanilla Ice Cream 2L,Dairy & Frozen,2024-05-25,2024-06-03,10,25.0,Catalogue
1319,3,Chatswood,New South Wales,10,Vanilla Ice Cream 2L,Dairy & Frozen,2024-09-23,2024-09-27,5,10.0,In-Store Display
1320,3,Chatswood,New South Wales,10,Vanilla Ice Cream 2L,Dairy & Frozen,2024-07-18,2024-07-28,11,10.0,In-Store Display
1321,3,Chatswood,New South Wales,10,Vanilla Ice Cream 2L,Dairy & Frozen,2023-12-11,2023-12-19,9,10.0,In-Store Display
1322,3,Chatswood,New South Wales,10,Vanilla Ice Cream 2L,Dairy & Frozen,2023-08-30,2023-09-08,10,25.0,Catalogue
1323,3,Chatswood,New South Wales,10,Vanilla Ice Cream 2L,Dairy & Frozen,2024-11-12,2024-11-19,8,30.0,Catalogue
1324,3,Chatswood,New South Wales,10,Vanilla Ice Cream 2L,Dairy & Frozen,2025-02-25,2025-03-05,9,10.0,In-Store Display
1325,3,Chatswood,New South Wales,10,Vanilla Ice Cream 2L,Dairy & Frozen,2024-03-29,2024-04-06,9,10.0,In-Store Display
1326,3,Chatswood,New South Wales,10,Vanilla Ice Cream 2L,Dairy & Frozen,2024-02-02,2024-02-14,13,10.0,In-Store Display
1327,3,Chatswood,New South Wales,10,Vanilla Ice Cream 2L,Dairy & Frozen,2025-01-09,2025-01-17,9,10.0,In-Store Display
1328,3,Chatswood,New South Wales,10,Vanilla Ice Cream 2L,Dairy & Frozen,2025-07-01,2025-07-07,7,25.0,Catalogue
1329,3,Chatswood,New South Wales,10,Vanilla Ice Cream 2L,Dairy & Frozen,2023-06-20,2023-06-27,8,20.0,Catalogue
1330,3,Chatswood,New South Wales,10,Vanilla Ice Cream 2L,Dairy & Frozen,2024-04-24,2024-05-06,13,10.0,In-Store Display
1331,3,Chatswood,New South Wales,10,Vanilla Ice Cream 2L,Dairy & Frozen,2025-09-29,2025-10-03,5,30.0,Catalogue
1332,3,Chatswood,New South Wales,11,Frozen Mixed Vegetables 1kg,Dairy & Frozen,2025-01-20,2025-02-02,14,15.0,In-Store Display
1333,3,Chatswood,New South Wales,11,Frozen Mixed Vegetables 1kg,Dairy & Frozen,2024-12-05,2024-12-16,12,25.0,Catalogue
1334,3,Chatswood,New South Wales,11,Frozen Mixed Vegetables 1kg,Dairy & Frozen,2024-04-30,2024-05-13,14,15.0,In-Store Display
1335,3,Chatswood,New South Wales,11,Frozen Mixed Vegetables 1kg,Dairy & Frozen,2023-07-10,2023-07-14,5,25.0,Catalogue
1336,3,Chatswood,New South Wales,11,Frozen Mixed Vegetables 1kg,Dairy & Frozen,2024-10-27,2024-11-02,7,10.0,In-Store Display
1337,3,Chatswood,New South Wales,11,Frozen Mixed Vegetables 1kg,Dairy & Frozen,2025-02-18,2025-02-24,7,20.0,Catalogue
1338,3,Chatswood,New South Wales,11,Frozen Mixed Vegetables 1kg,Dairy & Frozen,2023-12-16,2023-12-23,8,10.0,In-Store Display
1339,3,Chatswood,New South Wales,11,Frozen Mixed Vegetables 1kg,Dairy & Frozen,2025-03-13,2025-03-19,7,25.0,Catalogue
1340,3,Chatswood,New South Wales,11,Frozen Mixed Vegetables 1kg,Dairy & Frozen,2024-02-05,2024-02-10,6,10.0,In-Store Display
1341,3,Chatswood,New South Wales,11,Frozen Mixed Vegetables 1kg,Dairy & Frozen,2025-06-21,2025-07-03,13,15.0,In-Store Display
1342,3,Chatswood,New South Wales,11,Frozen Mixed Vegetables 1kg,Dairy & Frozen,2023-01-23,2023-02-02,11,10.0,In-Store Display
1343,3,Chatswood,New South Wales,11,Frozen Mixed Vegetables 1kg,Dairy & Frozen,2024-02-26,2024-03-08,12,25.0,Catalogue
1344,3,Chatswood,New South Wales,11,Frozen Mixed Vegetables 1kg,Dairy & Frozen,2023-02-19,2023-02-26,8,10.0,In-Store Display
1345,3,Chatswood,New South Wales,11,Frozen Mixed Vegetables 1kg,Dairy & Frozen,2023-06-05,2023-06-12,8,15.0,In-Store Display
1346,3,Chatswood,New South Wales,11,Frozen Mixed Vegetables 1kg,Dairy & Frozen,2025-10-02,2025-10-08,7,15.0,In-Store Display
1347,3,Chatswood,New South Wales,11,Frozen Mixed Vegetables 1kg,Dairy & Frozen,2023-03-16,2023-03-28,13,50.0,Clearance
1348,3,Chatswood,New South Wales,11,Frozen Mixed Vegetables 1kg,Dairy & Frozen,2023-10-20,2023-10-31,12,20.0,Catalogue
1349,3,Chatswood,New South Wales,12,Frozen Meat Pies 4pk,Dairy & Frozen,2023-08-06,2023-08-10,5,10.0,In-Store Display
1350,3,Chatswood,New South Wales,12,Frozen Meat Pies 4pk,Dairy & Frozen,2023-05-27,2023-06-08,13,20.0,Catalogue
1351,3,Chatswood,New South Wales,12,Frozen Meat Pies 4pk,Dairy & Frozen,2024-08-31,2024-09-04,5,10.0,In-Store Display
1352,3,Chatswood,New South Wales,12,Frozen Meat Pies 4pk,Dairy & Frozen,2025-03-29,2025-04-02,5,15.0,In-Store Display
1353,3,Chatswood,New South Wales,12,Frozen Meat Pies 4pk,Dairy & Frozen,2024-12-10,2024-12-20,11,20.0,Catalogue
1354,3,Chatswood,New South Wales,12,Frozen Meat Pies 4pk,Dairy & Frozen,2025-07-16,2025-07-26,11,15.0,In-Store Display
1355,3,Chatswood,New South Wales,12,Frozen Meat Pies 4pk,Dairy & Frozen,2023-12-31,2024-01-08,9,10.0,In-Store Display
1356,3,Chatswood,New South Wales,12,Frozen Meat Pies 4pk,Dairy & Frozen,2023-01-27,2023-02-08,13,10.0,In-Store Display
1357,3,Chatswood,New South Wales,12,Frozen Meat Pies 4pk,Dairy & Frozen,2023-04-26,2023-05-06,11,25.0,Catalogue
1358,3,Chatswood,New South Wales,12,Frozen Meat Pies 4pk,Dairy & Frozen,2025-03-09,2025-03-14,6,20.0,Catalogue
1359,3,Chatswood,New South Wales,12,Frozen Meat Pies 4pk,Dairy & Frozen,2025-09-16,2025-09-26,11,15.0,In-Store Display
1360,3,Chatswood,New South Wales,12,Frozen Meat Pies 4pk,Dairy & Frozen,2024-10-27,2024-11-02,7,20.0,Catalogue
1361,3,Chatswood,New South Wales,12,Frozen Meat Pies 4pk,Dairy & Frozen,2025-10-29,2025-11-07,10,10.0,In-Store Display
1362,3,Chatswood,New South Wales,12,Frozen Meat Pies 4pk,Dairy & Frozen,2023-11-20,2023-11-24,5,20.0,Catalogue
1363,3,Chatswood,New South Wales,12,Frozen Meat Pies 4pk,Dairy & Frozen,2024-07-14,2024-07-24,11,50.0,Clearance
1364,3,Chatswood,New South Wales,12,Frozen Meat Pies 4pk,Dairy & Frozen,2024-01-24,2024-01-28,5,20.0,Catalogue
1365,3,Chatswood,New South Wales,12,Frozen Meat Pies 4pk,Dairy & Frozen,2025-01-18,2025-01-31,14,50.0,Clearance
1366,3,Chatswood,New South Wales,12,Frozen Meat Pies 4pk,Dairy & Frozen,2023-09-25,2023-10-06,12,30.0,Catalogue
1367,3,Chatswood,New South Wales,12,Frozen Meat Pies 4pk,Dairy & Frozen,2023-07-03,2023-07-16,14,25.0,Catalogue
1368,3,Chatswood,New South Wales,13,Cola Soft Drink 1.25L,Beverages,2024-08-13,2024-08-19,7,20.0,Catalogue
1369,3,Chatswood,New South Wales,13,Cola Soft Drink 1.25L,Beverages,2025-05-24,2025-06-06,14,10.0,In-Store Display
1370,3,Chatswood,New South Wales,13,Cola Soft Drink 1.25L,Beverages,2024-10-28,2024-11-10,14,25.0,Catalogue
1371,3,Chatswood,New South Wales,13,Cola Soft Drink 1.25L,Beverages,2025-07-31,2025-08-08,9,15.0,In-Store Display
1372,3,Chatswood,New South Wales,13,Cola Soft Drink 1.25L,Beverages,2023-11-20,2023-11-30,11,20.0,Catalogue
1373,3,Chatswood,New South Wales,13,Cola Soft Drink 1.25L,Beverages,2025-04-04,2025-04-10,7,20.0,Catalogue
1374,3,Chatswood,New South Wales,13,Cola Soft Drink 1.25L,Beverages,2023-10-15,2023-10-23,9,10.0,In-Store Display
1375,3,Chatswood,New South Wales,13,Cola Soft Drink 1.25L,Beverages,2023-05-18,2023-05-26,9,10.0,In-Store Display
1376,3,Chatswood,New South Wales,13,Cola Soft Drink 1.25L,Beverages,2025-03-10,2025-03-19,10,25.0,Catalogue
1377,3,Chatswood,New South Wales,13,Cola Soft Drink 1.25L,Beverages,2025-04-27,2025-05-06,10,25.0,Catalogue
1378,3,Chatswood,New South Wales,13,Cola Soft Drink 1.25L,Beverages,2023-03-20,2023-03-28,9,20.0,Catalogue
1379,3,Chatswood,New South Wales,13,Cola Soft Drink 1.25L,Beverages,2025-12-11,2025-12-19,9,25.0,Catalogue
1380,3,Chatswood,New South Wales,13,Cola Soft Drink 1.25L,Beverages,2023-02-13,2023-02-24,12,30.0,Catalogue
1381,3,Chatswood,New South Wales,13,Cola Soft Drink 1.25L,Beverages,2023-01-05,2023-01-09,5,15.0,In-Store Display
1382,3,Chatswood,New South Wales,13,Cola Soft Drink 1.25L,Beverages,2023-08-09,2023-08-21,13,15.0,In-Store Display
1383,3,Chatswood,New South Wales,13,Cola Soft Drink 1.25L,Beverages,2024-06-04,2024-06-13,10,15.0,In-Store Display
1384,3,Chatswood,New South Wales,13,Cola Soft Drink 1.25L,Beverages,2024-02-27,2024-03-04,7,10.0,In-Store Display
1385,3,Chatswood,New South Wales,13,Cola Soft Drink 1.25L,Beverages,2024-12-29,2025-01-11,14,10.0,In-Store Display
1386,3,Chatswood,New South Wales,13,Cola Soft Drink 1.25L,Beverages,2023-12-18,2023-12-30,13,25.0,Catalogue
1387,3,Chatswood,New South Wales,13,Cola Soft Drink 1.25L,Beverages,2023-06-16,2023-06-29,14,30.0,Catalogue
1388,3,Chatswood,New South Wales,13,Cola Soft Drink 1.25L,Beverages,2025-02-01,2025-02-07,7,20.0,Catalogue
1389,3,Chatswood,New South Wales,13,Cola Soft Drink 1.25L,Beverages,2023-09-10,2023-09-19,10,15.0,In-Store Display
1390,3,Chatswood,New South Wales,13,Cola Soft Drink 1.25L,Beverages,2024-11-26,2024-12-07,12,20.0,Catalogue
1391,3,Chatswood,New South Wales,13,Cola Soft Drink 1.25L,Beverages,2024-09-17,2024-09-25,9,10.0,In-Store Display
1392,3,Chatswood,New South Wales,13,Cola Soft Drink 1.25L,Beverages,2025-10-08,2025-10-20,13,10.0,In-Store Display
1393,3,Chatswood,New South Wales,13,Cola Soft Drink 1.25L,Beverages,2024-04-08,2024-04-17,10,15.0,In-Store Display
1394,3,Chatswood,New South Wales,14,Orange Juice 2L,Beverages,2025-11-08,2025-11-16,9,15.0,In-Store Display
1395,3,Chatswood,New South Wales,14,Orange Juice 2L,Beverages,2024-05-29,2024-06-10,13,20.0,Catalogue
1396,3,Chatswood,New South Wales,14,Orange Juice 2L,Beverages,2023-09-23,2023-10-01,9,50.0,Clearance
1397,3,Chatswood,New South Wales,14,Orange Juice 2L,Beverages,2024-03-25,2024-04-07,14,10.0,In-Store Display
1398,3,Chatswood,New South Wales,14,Orange Juice 2L,Beverages,2024-08-20,2024-08-26,7,15.0,In-Store Display
1399,3,Chatswood,New South Wales,14,Orange Juice 2L,Beverages,2023-02-16,2023-02-22,7,10.0,In-Store Display
1400,3,Chatswood,New South Wales,14,Orange Juice 2L,Beverages,2025-09-27,2025-10-07,11,15.0,In-Store Display
1401,3,Chatswood,New South Wales,14,Orange Juice 2L,Beverages,2023-06-06,2023-06-19,14,25.0,Catalogue
1402,3,Chatswood,New South Wales,14,Orange Juice 2L,Beverages,2025-07-06,2025-07-18,13,15.0,In-Store Display
1403,3,Chatswood,New South Wales,14,Orange Juice 2L,Beverages,2023-12-21,2024-01-01,12,15.0,In-Store Display
1404,3,Chatswood,New South Wales,14,Orange Juice 2L,Beverages,2025-03-21,2025-04-03,14,10.0,In-Store Display
1405,3,Chatswood,New South Wales,14,Orange Juice 2L,Beverages,2024-09-25,2024-10-07,13,30.0,Catalogue
1406,3,Chatswood,New South Wales,14,Orange Juice 2L,Beverages,2023-04-02,2023-04-08,7,10.0,In-Store Display
1407,3,Chatswood,New South Wales,14,Orange Juice 2L,Beverages,2023-10-25,2023-11-02,9,15.0,In-Store Display
1408,3,Chatswood,New South Wales,14,Orange Juice 2L,Beverages,2023-08-01,2023-08-14,14,10.0,In-Store Display
1409,3,Chatswood,New South Wales,14,Orange Juice 2L,Beverages,2025-05-31,2025-06-04,5,15.0,In-Store Display
1410,3,Chatswood,New South Wales,14,Orange Juice 2L,Beverages,2024-06-30,2024-07-09,10,25.0,Catalogue
1411,3,Chatswood,New South Wales,14,Orange Juice 2L,Beverages,2023-01-28,2023-02-01,5,15.0,In-Store Display
1412,3,Chatswood,New South Wales,14,Orange Juice 2L,Beverages,2024-01-16,2024-01-29,14,10.0,In-Store Display
1413,3,Chatswood,New South Wales,15,Spring Water 6L,Beverages,2024-11-05,2024-11-17,13,15.0,In-Store Display
1414,3,Chatswood,New South Wales,15,Spring Water 6L,Beverages,2024-08-27,2024-08-31,5,20.0,Catalogue
1415,3,Chatswood,New South Wales,15,Spring Water 6L,Beverages,2025-05-21,2025-05-30,10,15.0,In-Store Display
1416,3,Chatswood,New South Wales,15,Spring Water 6L,Beverages,2023-12-11,2023-12-16,6,10.0,In-Store Display
1417,3,Chatswood,New South Wales,15,Spring Water 6L,Beverages,2025-02-12,2025-02-21,10,10.0,In-Store Display
1418,3,Chatswood,New South Wales,15,Spring Water 6L,Beverages,2024-12-10,2024-12-16,7,10.0,In-Store Display
1419,3,Chatswood,New South Wales,15,Spring Water 6L,Beverages,2024-05-12,2024-05-19,8,15.0,In-Store Display
1420,3,Chatswood,New South Wales,15,Spring Water 6L,Beverages,2024-09-20,2024-09-30,11,15.0,In-Store Display
1421,3,Chatswood,New South Wales,15,Spring Water 6L,Beverages,2024-02-25,2024-03-04,9,20.0,Catalogue
1422,3,Chatswood,New South Wales,15,Spring Water 6L,Beverages,2025-12-05,2025-12-09,5,15.0,In-Store Display
1423,3,Chatswood,New South Wales,15,Spring Water 6L,Beverages,2025-07-19,2025-07-23,5,25.0,Catalogue
1424,3,Chatswood,New South Wales,15,Spring Water 6L,Beverages,2025-09-04,2025-09-13,10,10.0,In-Store Display
1425,3,Chatswood,New South Wales,15,Spring Water 6L,Beverages,2023-02-13,2023-02-19,7,10.0,In-Store Display
1426,3,Chatswood,New South Wales,15,Spring Water 6L,Beverages,2024-03-28,2024-04-03,7,25.0,Catalogue
1427,3,Chatswood,New South Wales,15,Spring Water 6L,Beverages,2025-03-08,2025-03-15,8,10.0,In-Store Display
1428,3,Chatswood,New South Wales,15,Spring Water 6L,Beverages,2023-03-11,2023-03-19,9,20.0,Catalogue
1429,3,Chatswood,New South Wales,15,Spring Water 6L,Beverages,2023-09-29,2023-10-05,7,25.0,Catalogue
1430,3,Chatswood,New South Wales,15,Spring Water 6L,Beverages,2023-10-22,2023-10-27,6,15.0,In-Store Display
1431,3,Chatswood,New South Wales,15,Spring Water 6L,Beverages,2024-01-26,2024-02-06,12,20.0,Catalogue
1432,3,Chatswood,New South Wales,15,Spring Water 6L,Beverages,2024-04-21,2024-04-27,7,20.0,Catalogue
1433,3,Chatswood,New South Wales,15,Spring Water 6L,Beverages,2025-06-19,2025-07-01,13,25.0,Catalogue
1434,3,Chatswood,New South Wales,15,Spring Water 6L,Beverages,2025-01-11,2025-01-17,7,25.0,Catalogue
1435,3,Chatswood,New South Wales,15,Spring Water 6L,Beverages,2023-04-09,2023-04-14,6,25.0,Catalogue
1436,3,Chatswood,New South Wales,15,Spring Water 6L,Beverages,2024-07-18,2024-07-23,6,50.0,Clearance
1437,3,Chatswood,New South Wales,15,Spring Water 6L,Beverages,2023-08-02,2023-08-14,13,15.0,In-Store Display
1438,3,Chatswood,New South Wales,15,Spring Water 6L,Beverages,2025-10-23,2025-11-04,13,15.0,In-Store Display
1439,3,Chatswood,New South Wales,16,Ground Coffee 1kg,Beverages,2025-07-08,2025-07-16,9,25.0,Catalogue
1440,3,Chatswood,New South Wales,16,Ground Coffee 1kg,Beverages,2025-10-29,2025-11-04,7,25.0,Catalogue
1441,3,Chatswood,New South Wales,16,Ground Coffee 1kg,Beverages,2025-02-19,2025-03-01,11,10.0,In-Store Display
1442,3,Chatswood,New South Wales,16,Ground Coffee 1kg,Beverages,2024-06-28,2024-07-08,11,10.0,In-Store Display
1443,3,Chatswood,New South Wales,16,Ground Coffee 1kg,Beverages,2025-04-18,2025-04-28,11,25.0,Catalogue
1444,3,Chatswood,New South Wales,16,Ground Coffee 1kg,Beverages,2024-01-04,2024-01-11,8,50.0,Clearance
1445,3,Chatswood,New South Wales,16,Ground Coffee 1kg,Beverages,2024-04-18,2024-05-01,14,15.0,In-Store Display
1446,3,Chatswood,New South Wales,16,Ground Coffee 1kg,Beverages,2023-01-06,2023-01-14,9,25.0,Catalogue
1447,3,Chatswood,New South Wales,16,Ground Coffee 1kg,Beverages,2024-08-17,2024-08-30,14,15.0,In-Store Display
1448,3,Chatswood,New South Wales,16,Ground Coffee 1kg,Beverages,2024-03-07,2024-03-19,13,10.0,In-Store Display
1449,3,Chatswood,New South Wales,16,Ground Coffee 1kg,Beverages,2023-12-13,2023-12-19,7,20.0,Catalogue
1450,3,Chatswood,New South Wales,16,Ground Coffee 1kg,Beverages,2024-10-07,2024-10-11,5,10.0,In-Store Display
1451,3,Chatswood,New South Wales,16,Ground Coffee 1kg,Beverages,2023-07-16,2023-07-22,7,50.0,Clearance
1452,3,Chatswood,New South Wales,16,Ground Coffee 1kg,Beverages,2023-05-19,2023-05-26,8,20.0,Catalogue
1453,3,Chatswood,New South Wales,16,Ground Coffee 1kg,Beverages,2025-01-08,2025-01-16,9,10.0,In-Store Display
1454,3,Chatswood,New South Wales,16,Ground Coffee 1kg,Beverages,2025-12-11,2025-12-16,6,25.0,Catalogue
1455,3,Chatswood,New South Wales,16,Ground Coffee 1kg,Beverages,2024-11-18,2024-11-24,7,20.0,Catalogue
1456,3,Chatswood,New South Wales,16,Ground Coffee 1kg,Beverages,2025-09-27,2025-10-10,14,10.0,In-Store Display
1457,3,Chatswood,New South Wales,16,Ground Coffee 1kg,Beverages,2023-02-18,2023-02-28,11,25.0,Catalogue
1458,3,Chatswood,New South Wales,16,Ground Coffee 1kg,Beverages,2023-08-21,2023-08-29,9,20.0,Catalogue
1459,3,Chatswood,New South Wales,16,Ground Coffee 1kg,Beverages,2025-08-02,2025-08-09,8,25.0,Catalogue
1460,3,Chatswood,New South Wales,16,Ground Coffee 1kg,Beverages,2024-05-26,2024-06-04,10,50.0,Clearance
1461,3,Chatswood,New South Wales,16,Ground Coffee 1kg,Beverages,2023-10-25,2023-11-03,10,25.0,Catalogue
1462,3,Chatswood,New South Wales,16,Ground Coffee 1kg,Beverages,2024-12-12,2024-12-24,13,15.0,In-Store Display
1463,3,Chatswood,New South Wales,17,Black Tea Bags 100pk,Beverages,2024-05-27,2024-06-05,10,10.0,In-Store Display
1464,3,Chatswood,New South Wales,17,Black Tea Bags 100pk,Beverages,2023-06-29,2023-07-03,5,25.0,Catalogue
1465,3,Chatswood,New South Wales,17,Black Tea Bags 100pk,Beverages,2024-12-26,2025-01-02,8,15.0,In-Store Display
1466,3,Chatswood,New South Wales,17,Black Tea Bags 100pk,Beverages,2025-01-17,2025-01-22,6,20.0,Catalogue
1467,3,Chatswood,New South Wales,17,Black Tea Bags 100pk,Beverages,2023-01-31,2023-02-12,13,15.0,In-Store Display
1468,3,Chatswood,New South Wales,17,Black Tea Bags 100pk,Beverages,2023-11-14,2023-11-19,6,25.0,Catalogue
1469,3,Chatswood,New South Wales,17,Black Tea Bags 100pk,Beverages,2025-08-07,2025-08-19,13,25.0,Catalogue
1470,3,Chatswood,New South Wales,17,Black Tea Bags 100pk,Beverages,2023-05-31,2023-06-08,9,15.0,In-Store Display
1471,3,Chatswood,New South Wales,17,Black Tea Bags 100pk,Beverages,2023-01-03,2023-01-08,6,10.0,In-Store Display
1472,3,Chatswood,New South Wales,17,Black Tea Bags 100pk,Beverages,2024-10-28,2024-11-01,5,25.0,Catalogue
1473,3,Chatswood,New South Wales,17,Black Tea Bags 100pk,Beverages,2025-06-19,2025-06-23,5,50.0,Clearance
1474,3,Chatswood,New South Wales,17,Black Tea Bags 100pk,Beverages,2023-08-16,2023-08-25,10,15.0,In-Store Display
1475,3,Chatswood,New South Wales,17,Black Tea Bags 100pk,Beverages,2025-02-17,2025-02-22,6,15.0,In-Store Display
1476,3,Chatswood,New South Wales,17,Black Tea Bags 100pk,Beverages,2025-05-12,2025-05-17,6,20.0,Catalogue
1477,3,Chatswood,New South Wales,17,Black Tea Bags 100pk,Beverages,2025-12-24,2025-12-29,6,15.0,In-Store Display
1478,3,Chatswood,New South Wales,17,Black Tea Bags 100pk,Beverages,2023-03-06,2023-03-15,10,15.0,In-Store Display
1479,3,Chatswood,New South Wales,17,Black Tea Bags 100pk,Beverages,2024-04-11,2024-04-20,10,15.0,In-Store Display
1480,3,Chatswood,New South Wales,17,Black Tea Bags 100pk,Beverages,2024-08-20,2024-08-26,7,10.0,In-Store Display
1481,3,Chatswood,New South Wales,17,Black Tea Bags 100pk,Beverages,2024-06-24,2024-07-06,13,20.0,Catalogue
1482,3,Chatswood,New South Wales,18,Sports Drink 600ml,Beverages,2023-12-25,2024-01-07,14,10.0,In-Store Display
1483,3,Chatswood,New South Wales,18,Sports Drink 600ml,Beverages,2024-03-23,2024-03-31,9,30.0,Catalogue
1484,3,Chatswood,New South Wales,18,Sports Drink 600ml,Beverages,2023-08-26,2023-08-30,5,30.0,Catalogue
1485,3,Chatswood,New South Wales,18,Sports Drink 600ml,Beverages,2025-05-11,2025-05-22,12,20.0,Catalogue
1486,3,Chatswood,New South Wales,18,Sports Drink 600ml,Beverages,2024-02-14,2024-02-26,13,25.0,Catalogue
1487,3,Chatswood,New South Wales,18,Sports Drink 600ml,Beverages,2025-06-26,2025-07-06,11,15.0,In-Store Display
1488,3,Chatswood,New South Wales,18,Sports Drink 600ml,Beverages,2024-10-07,2024-10-13,7,10.0,In-Store Display
1489,3,Chatswood,New South Wales,18,Sports Drink 600ml,Beverages,2024-08-06,2024-08-13,8,30.0,Catalogue
1490,3,Chatswood,New South Wales,18,Sports Drink 600ml,Beverages,2024-06-04,2024-06-09,6,30.0,Catalogue
1491,3,Chatswood,New South Wales,18,Sports Drink 600ml,Beverages,2023-01-27,2023-02-06,11,30.0,Catalogue
1492,3,Chatswood,New South Wales,18,Sports Drink 600ml,Beverages,2023-03-17,2023-03-23,7,20.0,Catalogue
1493,3,Chatswood,New South Wales,18,Sports Drink 600ml,Beverages,2023-06-28,2023-07-11,14,10.0,In-Store Display
1494,3,Chatswood,New South Wales,18,Sports Drink 600ml,Beverages,2025-08-14,2025-08-26,13,15.0,In-Store Display
1495,3,Chatswood,New South Wales,18,Sports Drink 600ml,Beverages,2025-12-19,2025-12-27,9,10.0,In-Store Display
1496,3,Chatswood,New South Wales,18,Sports Drink 600ml,Beverages,2023-05-21,2023-05-29,9,25.0,Catalogue
1497,3,Chatswood,New South Wales,18,Sports Drink 600ml,Beverages,2024-08-31,2024-09-07,8,15.0,In-Store Display
1498,3,Chatswood,New South Wales,18,Sports Drink 600ml,Beverages,2024-05-10,2024-05-18,9,20.0,Catalogue
1499,3,Chatswood,New South Wales,18,Sports Drink 600ml,Beverages,2023-10-05,2023-10-14,10,15.0,In-Store Display
1500,3,Chatswood,New South Wales,18,Sports Drink 600ml,Beverages,2025-07-23,2025-07-29,7,10.0,In-Store Display
1501,3,Chatswood,New South Wales,18,Sports Drink 600ml,Beverages,2025-03-07,2025-03-18,12,20.0,Catalogue
1502,3,Chatswood,New South Wales,18,Sports Drink 600ml,Beverages,2025-09-27,2025-10-03,7,50.0,Clearance
1503,3,Chatswood,New South Wales,18,Sports Drink 600ml,Beverages,2025-11-10,2025-11-22,13,10.0,In-Store Display
1504,3,Chatswood,New South Wales,18,Sports Drink 600ml,Beverages,2025-04-11,2025-04-16,6,20.0,Catalogue
1505,3,Chatswood,New South Wales,18,Sports Drink 600ml,Beverages,2025-01-03,2025-01-10,8,15.0,In-Store Display
1506,3,Chatswood,New South Wales,18,Sports Drink 600ml,Beverages,2024-12-05,2024-12-18,14,15.0,In-Store Display
1507,3,Chatswood,New South Wales,19,Potato Chips 175g,Snacks,2024-03-26,2024-04-04,10,10.0,In-Store Display
1508,3,Chatswood,New South Wales,19,Potato Chips 175g,Snacks,2024-06-28,2024-07-05,8,15.0,In-Store Display
1509,3,Chatswood,New South Wales,19,Potato Chips 175g,Snacks,2025-01-08,2025-01-15,8,50.0,Clearance
1510,3,Chatswood,New South Wales,19,Potato Chips 175g,Snacks,2024-08-28,2024-09-03,7,15.0,In-Store Display
1511,3,Chatswood,New South Wales,19,Potato Chips 175g,Snacks,2023-01-28,2023-02-05,9,20.0,Catalogue
1512,3,Chatswood,New South Wales,19,Potato Chips 175g,Snacks,2023-10-23,2023-11-04,13,10.0,In-Store Display
1513,3,Chatswood,New South Wales,19,Potato Chips 175g,Snacks,2023-08-29,2023-09-07,10,30.0,Catalogue
1514,3,Chatswood,New South Wales,19,Potato Chips 175g,Snacks,2024-02-14,2024-02-23,10,30.0,Catalogue
1515,3,Chatswood,New South Wales,19,Potato Chips 175g,Snacks,2024-05-07,2024-05-18,12,15.0,In-Store Display
1516,3,Chatswood,New South Wales,19,Potato Chips 175g,Snacks,2024-11-01,2024-11-10,10,20.0,Catalogue
1517,3,Chatswood,New South Wales,19,Potato Chips 175g,Snacks,2023-03-17,2023-03-24,8,30.0,Catalogue
1518,3,Chatswood,New South Wales,19,Potato Chips 175g,Snacks,2023-07-22,2023-07-28,7,10.0,In-Store Display
1519,3,Chatswood,New South Wales,19,Potato Chips 175g,Snacks,2025-03-22,2025-03-27,6,15.0,In-Store Display
1520,3,Chatswood,New South Wales,19,Potato Chips 175g,Snacks,2025-12-02,2025-12-12,11,30.0,Catalogue
1521,3,Chatswood,New South Wales,19,Potato Chips 175g,Snacks,2025-05-14,2025-05-24,11,10.0,In-Store Display
1522,3,Chatswood,New South Wales,19,Potato Chips 175g,Snacks,2025-02-03,2025-02-12,10,20.0,Catalogue
1523,3,Chatswood,New South Wales,19,Potato Chips 175g,Snacks,2023-12-02,2023-12-11,10,10.0,In-Store Display
1524,3,Chatswood,New South Wales,19,Potato Chips 175g,Snacks,2023-04-25,2023-04-29,5,20.0,Catalogue
1525,3,Chatswood,New South Wales,19,Potato Chips 175g,Snacks,2024-12-04,2024-12-09,6,25.0,Catalogue
1526,3,Chatswood,New South Wales,19,Potato Chips 175g,Snacks,2023-06-06,2023-06-18,13,15.0,In-Store Display
1527,3,Chatswood,New South Wales,19,Potato Chips 175g,Snacks,2023-02-23,2023-03-02,8,30.0,Catalogue
1528,3,Chatswood,New South Wales,19,Potato Chips 175g,Snacks,2024-09-23,2024-10-06,14,25.0,Catalogue
1529,3,Chatswood,New South Wales,19,Potato Chips 175g,Snacks,2023-09-22,2023-09-28,7,25.0,Catalogue
1530,3,Chatswood,New South Wales,19,Potato Chips 175g,Snacks,2025-07-12,2025-07-18,7,15.0,In-Store Display
1531,3,Chatswood,New South Wales,19,Potato Chips 175g,Snacks,2023-01-03,2023-01-13,11,15.0,In-Store Display
1532,3,Chatswood,New South Wales,19,Potato Chips 175g,Snacks,2025-11-05,2025-11-11,7,20.0,Catalogue
1533,3,Chatswood,New South Wales,19,Potato Chips 175g,Snacks,2024-01-12,2024-01-24,13,15.0,In-Store Display
1534,3,Chatswood,New South Wales,19,Potato Chips 175g,Snacks,2025-08-04,2025-08-12,9,10.0,In-Store Display
1535,3,Chatswood,New South Wales,19,Potato Chips 175g,Snacks,2024-06-08,2024-06-12,5,25.0,Catalogue
1536,3,Chatswood,New South Wales,19,Potato Chips 175g,Snacks,2025-06-11,2025-06-19,9,50.0,Clearance
1537,3,Chatswood,New South Wales,19,Potato Chips 175g,Snacks,2025-09-01,2025-09-05,5,25.0,Catalogue
1538,3,Chatswood,New South Wales,19,Potato Chips 175g,Snacks,2024-07-26,2024-08-07,13,15.0,In-Store Display
1539,3,Chatswood,New South Wales,20,Sweet Biscuits 250g,Snacks,2024-10-21,2024-10-28,8,25.0,Catalogue
1540,3,Chatswood,New South Wales,20,Sweet Biscuits 250g,Snacks,2023-10-27,2023-11-03,8,20.0,Catalogue
1541,3,Chatswood,New South Wales,20,Sweet Biscuits 250g,Snacks,2023-12-12,2023-12-16,5,50.0,Clearance
1542,3,Chatswood,New South Wales,20,Sweet Biscuits 250g,Snacks,2024-11-15,2024-11-19,5,20.0,Catalogue
1543,3,Chatswood,New South Wales,20,Sweet Biscuits 250g,Snacks,2025-06-20,2025-06-26,7,25.0,Catalogue
1544,3,Chatswood,New South Wales,20,Sweet Biscuits 250g,Snacks,2024-04-22,2024-05-04,13,25.0,Catalogue
1545,3,Chatswood,New South Wales,20,Sweet Biscuits 250g,Snacks,2025-04-09,2025-04-15,7,30.0,Catalogue
1546,3,Chatswood,New South Wales,20,Sweet Biscuits 250g,Snacks,2023-03-26,2023-03-31,6,15.0,In-Store Display
1547,3,Chatswood,New South Wales,20,Sweet Biscuits 250g,Snacks,2024-08-22,2024-09-03,13,25.0,Catalogue
1548,3,Chatswood,New South Wales,20,Sweet Biscuits 250g,Snacks,2023-08-30,2023-09-03,5,20.0,Catalogue
1549,3,Chatswood,New South Wales,20,Sweet Biscuits 250g,Snacks,2023-02-28,2023-03-06,7,30.0,Catalogue
1550,3,Chatswood,New South Wales,20,Sweet Biscuits 250g,Snacks,2024-02-05,2024-02-13,9,15.0,In-Store Display
1551,3,Chatswood,New South Wales,20,Sweet Biscuits 250g,Snacks,2025-08-09,2025-08-21,13,15.0,In-Store Display
1552,3,Chatswood,New South Wales,20,Sweet Biscuits 250g,Snacks,2023-07-12,2023-07-24,13,15.0,In-Store Display
1553,3,Chatswood,New South Wales,20,Sweet Biscuits 250g,Snacks,2023-06-15,2023-06-27,13,20.0,Catalogue
1554,3,Chatswood,New South Wales,20,Sweet Biscuits 250g,Snacks,2025-05-18,2025-05-22,5,15.0,In-Store Display
1555,3,Chatswood,New South Wales,20,Sweet Biscuits 250g,Snacks,2024-05-29,2024-06-07,10,20.0,Catalogue
1556,3,Chatswood,New South Wales,20,Sweet Biscuits 250g,Snacks,2024-12-11,2024-12-24,14,10.0,In-Store Display
1557,3,Chatswood,New South Wales,20,Sweet Biscuits 250g,Snacks,2025-02-06,2025-02-16,11,10.0,In-Store Display
1558,3,Chatswood,New South Wales,20,Sweet Biscuits 250g,Snacks,2024-07-07,2024-07-19,13,15.0,In-Store Display
1559,3,Chatswood,New South Wales,20,Sweet Biscuits 250g,Snacks,2024-03-10,2024-03-17,8,25.0,Catalogue
1560,3,Chatswood,New South Wales,20,Sweet Biscuits 250g,Snacks,2023-02-01,2023-02-12,12,30.0,Catalogue
1561,3,Chatswood,New South Wales,20,Sweet Biscuits 250g,Snacks,2025-09-13,2025-09-17,5,20.0,Catalogue
1562,3,Chatswood,New South Wales,20,Sweet Biscuits 250g,Snacks,2025-10-25,2025-10-31,7,15.0,In-Store Display
1563,3,Chatswood,New South Wales,20,Sweet Biscuits 250g,Snacks,2023-05-14,2023-05-20,7,50.0,Clearance
1564,3,Chatswood,New South Wales,20,Sweet Biscuits 250g,Snacks,2025-10-04,2025-10-10,7,25.0,Catalogue
1565,3,Chatswood,New South Wales,20,Sweet Biscuits 250g,Snacks,2025-07-21,2025-07-25,5,15.0,In-Store Display
1566,3,Chatswood,New South Wales,20,Sweet Biscuits 250g,Snacks,2025-01-13,2025-01-20,8,20.0,Catalogue
1567,3,Chatswood,New South Wales,21,Chocolate Block 180g,Snacks,2024-07-27,2024-08-04,9,20.0,Catalogue
1568,3,Chatswood,New South Wales,21,Chocolate Block 180g,Snacks,2025-03-26,2025-04-04,10,10.0,In-Store Display
1569,3,Chatswood,New South Wales,21,Chocolate Block 180g,Snacks,2023-10-28,2023-11-02,6,20.0,Catalogue
1570,3,Chatswood,New South Wales,21,Chocolate Block 180g,Snacks,2024-09-16,2024-09-24,9,25.0,Catalogue
1571,3,Chatswood,New South Wales,21,Chocolate Block 180g,Snacks,2024-04-21,2024-04-27,7,25.0,Catalogue
1572,3,Chatswood,New South Wales,21,Chocolate Block 180g,Snacks,2025-12-18,2025-12-26,9,25.0,Catalogue
1573,3,Chatswood,New South Wales,21,Chocolate Block 180g,Snacks,2024-01-11,2024-01-17,7,25.0,Catalogue
1574,3,Chatswood,New South Wales,21,Chocolate Block 180g,Snacks,2024-03-23,2024-03-27,5,30.0,Catalogue
1575,3,Chatswood,New South Wales,21,Chocolate Block 180g,Snacks,2023-03-31,2023-04-08,9,15.0,In-Store Display
1576,3,Chatswood,New South Wales,21,Chocolate Block 180g,Snacks,2025-11-10,2025-11-19,10,15.0,In-Store Display
1577,3,Chatswood,New South Wales,21,Chocolate Block 180g,Snacks,2025-06-08,2025-06-16,9,20.0,Catalogue
1578,3,Chatswood,New South Wales,21,Chocolate Block 180g,Snacks,2024-11-05,2024-11-12,8,10.0,In-Store Display
1579,3,Chatswood,New South Wales,21,Chocolate Block 180g,Snacks,2023-12-19,2023-12-23,5,10.0,In-Store Display
1580,3,Chatswood,New South Wales,21,Chocolate Block 180g,Snacks,2024-05-30,2024-06-04,6,10.0,In-Store Display
1581,3,Chatswood,New South Wales,21,Chocolate Block 180g,Snacks,2023-06-25,2023-06-29,5,10.0,In-Store Display
1582,3,Chatswood,New South Wales,21,Chocolate Block 180g,Snacks,2025-07-31,2025-08-04,5,25.0,Catalogue
1583,3,Chatswood,New South Wales,21,Chocolate Block 180g,Snacks,2023-02-21,2023-02-25,5,15.0,In-Store Display
1584,3,Chatswood,New South Wales,21,Chocolate Block 180g,Snacks,2023-01-21,2023-01-26,6,20.0,Catalogue
1585,3,Chatswood,New South Wales,21,Chocolate Block 180g,Snacks,2024-08-21,2024-08-26,6,25.0,Catalogue
1586,3,Chatswood,New South Wales,21,Chocolate Block 180g,Snacks,2023-05-23,2023-05-28,6,15.0,In-Store Display
1587,3,Chatswood,New South Wales,21,Chocolate Block 180g,Snacks,2024-02-08,2024-02-20,13,10.0,In-Store Display
1588,3,Chatswood,New South Wales,21,Chocolate Block 180g,Snacks,2024-06-22,2024-06-27,6,15.0,In-Store Display
1589,3,Chatswood,New South Wales,21,Chocolate Block 180g,Snacks,2023-09-01,2023-09-06,6,20.0,Catalogue
1590,3,Chatswood,New South Wales,21,Chocolate Block 180g,Snacks,2025-02-22,2025-03-06,13,10.0,In-Store Display
1591,3,Chatswood,New South Wales,21,Chocolate Block 180g,Snacks,2023-07-20,2023-07-26,7,10.0,In-Store Display
1592,3,Chatswood,New South Wales,21,Chocolate Block 180g,Snacks,2023-11-22,2023-11-30,9,15.0,In-Store Display
1593,3,Chatswood,New South Wales,21,Chocolate Block 180g,Snacks,2025-05-20,2025-05-24,5,10.0,In-Store Display
1594,3,Chatswood,New South Wales,21,Chocolate Block 180g,Snacks,2023-09-25,2023-10-06,12,20.0,Catalogue
1595,3,Chatswood,New South Wales,21,Chocolate Block 180g,Snacks,2025-08-22,2025-08-26,5,15.0,In-Store Display
1596,3,Chatswood,New South Wales,21,Chocolate Block 180g,Snacks,2025-01-26,2025-02-03,9,25.0,Catalogue
1597,3,Chatswood,New South Wales,21,Chocolate Block 180g,Snacks,2025-04-20,2025-05-03,14,25.0,Catalogue
1598,3,Chatswood,New South Wales,21,Chocolate Block 180g,Snacks,2025-09-23,2025-10-02,10,25.0,Catalogue
1599,3,Chatswood,New South Wales,21,Chocolate Block 180g,Snacks,2024-10-10,2024-10-18,9,30.0,Catalogue
1600,3,Chatswood,New South Wales,21,Chocolate Block 180g,Snacks,2024-12-23,2024-12-27,5,25.0,Catalogue
1601,3,Chatswood,New South Wales,21,Chocolate Block 180g,Snacks,2025-07-02,2025-07-09,8,15.0,In-Store Display
1602,3,Chatswood,New South Wales,21,Chocolate Block 180g,Snacks,2025-10-18,2025-10-22,5,15.0,In-Store Display
1603,3,Chatswood,New South Wales,21,Chocolate Block 180g,Snacks,2023-05-02,2023-05-08,7,20.0,Catalogue
1604,3,Chatswood,New South Wales,22,Mixed Nuts 400g,Snacks,2023-08-20,2023-09-02,14,15.0,In-Store Display
1605,3,Chatswood,New South Wales,22,Mixed Nuts 400g,Snacks,2025-07-24,2025-08-06,14,20.0,Catalogue
1606,3,Chatswood,New South Wales,22,Mixed Nuts 400g,Snacks,2024-03-03,2024-03-10,8,30.0,Catalogue
1607,3,Chatswood,New South Wales,22,Mixed Nuts 400g,Snacks,2025-09-11,2025-09-18,8,25.0,Catalogue
1608,3,Chatswood,New South Wales,22,Mixed Nuts 400g,Snacks,2023-06-05,2023-06-09,5,10.0,In-Store Display
1609,3,Chatswood,New South Wales,22,Mixed Nuts 400g,Snacks,2025-02-08,2025-02-16,9,10.0,In-Store Display
1610,3,Chatswood,New South Wales,22,Mixed Nuts 400g,Snacks,2025-12-18,2025-12-27,10,15.0,In-Store Display
1611,3,Chatswood,New South Wales,22,Mixed Nuts 400g,Snacks,2025-10-28,2025-11-08,12,10.0,In-Store Display
1612,3,Chatswood,New South Wales,22,Mixed Nuts 400g,Snacks,2025-04-03,2025-04-13,11,20.0,Catalogue
1613,3,Chatswood,New South Wales,22,Mixed Nuts 400g,Snacks,2024-07-11,2024-07-21,11,10.0,In-Store Display
1614,3,Chatswood,New South Wales,22,Mixed Nuts 400g,Snacks,2023-01-01,2023-01-11,11,30.0,Catalogue
1615,3,Chatswood,New South Wales,22,Mixed Nuts 400g,Snacks,2023-11-08,2023-11-13,6,30.0,Catalogue
1616,3,Chatswood,New South Wales,22,Mixed Nuts 400g,Snacks,2024-12-09,2024-12-16,8,10.0,In-Store Display
1617,3,Chatswood,New South Wales,22,Mixed Nuts 400g,Snacks,2023-12-12,2023-12-17,6,20.0,Catalogue
1618,3,Chatswood,New South Wales,22,Mixed Nuts 400g,Snacks,2023-10-15,2023-10-21,7,10.0,In-Store Display
1619,3,Chatswood,New South Wales,22,Mixed Nuts 400g,Snacks,2023-04-09,2023-04-19,11,20.0,Catalogue
1620,3,Chatswood,New South Wales,22,Mixed Nuts 400g,Snacks,2025-04-29,2025-05-10,12,15.0,In-Store Display
1621,3,Chatswood,New South Wales,22,Mixed Nuts 400g,Snacks,2024-05-16,2024-05-28,13,15.0,In-Store Display
1622,3,Chatswood,New South Wales,22,Mixed Nuts 400g,Snacks,2024-01-29,2024-02-06,9,10.0,In-Store Display
1623,3,Chatswood,New South Wales,22,Mixed Nuts 400g,Snacks,2024-09-08,2024-09-17,10,15.0,In-Store Display
1624,3,Chatswood,New South Wales,22,Mixed Nuts 400g,Snacks,2025-06-19,2025-06-24,6,25.0,Catalogue
1625,3,Chatswood,New South Wales,22,Mixed Nuts 400g,Snacks,2025-01-05,2025-01-16,12,15.0,In-Store Display
1626,3,Chatswood,New South Wales,22,Mixed Nuts 400g,Snacks,2023-02-26,2023-03-11,14,15.0,In-Store Display
1627,3,Chatswood,New South Wales,23,Muesli Bars 6pk,Snacks,2025-07-31,2025-08-13,14,30.0,Catalogue
1628,3,Chatswood,New South Wales,23,Muesli Bars 6pk,Snacks,2024-09-16,2024-09-25,10,15.0,In-Store Display
1629,3,Chatswood,New South Wales,23,Muesli Bars 6pk,Snacks,2025-09-25,2025-10-03,9,10.0,In-Store Display
1630,3,Chatswood,New South Wales,23,Muesli Bars 6pk,Snacks,2024-11-12,2024-11-17,6,10.0,In-Store Display
1631,3,Chatswood,New South Wales,23,Muesli Bars 6pk,Snacks,2023-06-20,2023-07-01,12,30.0,Catalogue
1632,3,Chatswood,New South Wales,23,Muesli Bars 6pk,Snacks,2023-04-03,2023-04-07,5,10.0,In-Store Display
1633,3,Chatswood,New South Wales,23,Muesli Bars 6pk,Snacks,2024-12-12,2024-12-21,10,30.0,Catalogue
1634,3,Chatswood,New South Wales,23,Muesli Bars 6pk,Snacks,2023-11-28,2023-12-10,13,15.0,In-Store Display
1635,3,Chatswood,New South Wales,23,Muesli Bars 6pk,Snacks,2024-07-11,2024-07-18,8,10.0,In-Store Display
1636,3,Chatswood,New South Wales,23,Muesli Bars 6pk,Snacks,2023-01-06,2023-01-18,13,20.0,Catalogue
1637,3,Chatswood,New South Wales,23,Muesli Bars 6pk,Snacks,2024-08-09,2024-08-17,9,10.0,In-Store Display
1638,3,Chatswood,New South Wales,23,Muesli Bars 6pk,Snacks,2025-11-26,2025-11-30,5,20.0,Catalogue
1639,3,Chatswood,New South Wales,23,Muesli Bars 6pk,Snacks,2024-03-07,2024-03-17,11,25.0,Catalogue
1640,3,Chatswood,New South Wales,23,Muesli Bars 6pk,Snacks,2023-10-13,2023-10-19,7,20.0,Catalogue
1641,3,Chatswood,New South Wales,23,Muesli Bars 6pk,Snacks,2023-12-28,2024-01-04,8,25.0,Catalogue
1642,3,Chatswood,New South Wales,23,Muesli Bars 6pk,Snacks,2023-08-10,2023-08-23,14,30.0,Catalogue
1643,3,Chatswood,New South Wales,23,Muesli Bars 6pk,Snacks,2023-07-16,2023-07-24,9,50.0,Clearance
1644,3,Chatswood,New South Wales,23,Muesli Bars 6pk,Snacks,2024-02-04,2024-02-09,6,15.0,In-Store Display
1645,3,Chatswood,New South Wales,23,Muesli Bars 6pk,Snacks,2023-02-25,2023-03-01,5,15.0,In-Store Display
1646,3,Chatswood,New South Wales,23,Muesli Bars 6pk,Snacks,2025-10-27,2025-11-05,10,15.0,In-Store Display
1647,3,Chatswood,New South Wales,23,Muesli Bars 6pk,Snacks,2023-04-24,2023-05-01,8,30.0,Catalogue
1648,3,Chatswood,New South Wales,23,Muesli Bars 6pk,Snacks,2024-05-22,2024-05-28,7,10.0,In-Store Display
1649,3,Chatswood,New South Wales,23,Muesli Bars 6pk,Snacks,2024-10-14,2024-10-24,11,20.0,Catalogue
1650,3,Chatswood,New South Wales,23,Muesli Bars 6pk,Snacks,2025-12-25,2025-12-30,6,20.0,Catalogue
1651,3,Chatswood,New South Wales,23,Muesli Bars 6pk,Snacks,2023-05-21,2023-06-03,14,10.0,In-Store Display
1652,3,Chatswood,New South Wales,24,Toilet Paper 12pk,Household,2025-03-13,2025-03-22,10,25.0,Catalogue
1653,3,Chatswood,New South Wales,24,Toilet Paper 12pk,Household,2025-09-12,2025-09-20,9,25.0,Catalogue
1654,3,Chatswood,New South Wales,24,Toilet Paper 12pk,Household,2023-01-29,2023-02-04,7,10.0,In-Store Display
1655,3,Chatswood,New South Wales,24,Toilet Paper 12pk,Household,2024-10-18,2024-10-25,8,30.0,Catalogue
1656,3,Chatswood,New South Wales,24,Toilet Paper 12pk,Household,2024-12-09,2024-12-16,8,20.0,Catalogue
1657,3,Chatswood,New South Wales,24,Toilet Paper 12pk,Household,2025-12-07,2025-12-16,10,15.0,In-Store Display
1658,3,Chatswood,New South Wales,24,Toilet Paper 12pk,Household,2023-05-10,2023-05-21,12,10.0,In-Store Display
1659,3,Chatswood,New South Wales,24,Toilet Paper 12pk,Household,2023-11-24,2023-12-02,9,10.0,In-Store Display
1660,3,Chatswood,New South Wales,24,Toilet Paper 12pk,Household,2023-12-19,2023-12-26,8,10.0,In-Store Display
1661,3,Chatswood,New South Wales,24,Toilet Paper 12pk,Household,2024-09-05,2024-09-16,12,15.0,In-Store Display
1662,3,Chatswood,New South Wales,24,Toilet Paper 12pk,Household,2023-08-01,2023-08-09,9,50.0,Clearance
1663,3,Chatswood,New South Wales,24,Toilet Paper 12pk,Household,2025-01-07,2025-01-16,10,20.0,Catalogue
1664,3,Chatswood,New South Wales,24,Toilet Paper 12pk,Household,2023-07-01,2023-07-14,14,20.0,Catalogue
1665,3,Chatswood,New South Wales,24,Toilet Paper 12pk,Household,2025-10-24,2025-10-31,8,15.0,In-Store Display
1666,3,Chatswood,New South Wales,24,Toilet Paper 12pk,Household,2024-03-06,2024-03-17,12,10.0,In-Store Display
1667,3,Chatswood,New South Wales,24,Toilet Paper 12pk,Household,2024-04-06,2024-04-15,10,20.0,Catalogue
1668,3,Chatswood,New South Wales,24,Toilet Paper 12pk,Household,2024-07-15,2024-07-20,6,15.0,In-Store Display
1669,3,Chatswood,New South Wales,24,Toilet Paper 12pk,Household,2023-04-04,2023-04-14,11,25.0,Catalogue
1670,3,Chatswood,New South Wales,24,Toilet Paper 12pk,Household,2024-06-11,2024-06-19,9,30.0,Catalogue
1671,3,Chatswood,New South Wales,24,Toilet Paper 12pk,Household,2025-02-10,2025-02-20,11,30.0,Catalogue
1672,3,Chatswood,New South Wales,24,Toilet Paper 12pk,Household,2024-02-03,2024-02-12,10,10.0,In-Store Display
1673,3,Chatswood,New South Wales,25,Laundry Liquid 2L,Household,2025-07-06,2025-07-19,14,10.0,In-Store Display
1674,3,Chatswood,New South Wales,25,Laundry Liquid 2L,Household,2023-08-06,2023-08-12,7,10.0,In-Store Display
1675,3,Chatswood,New South Wales,25,Laundry Liquid 2L,Household,2024-06-18,2024-06-29,12,20.0,Catalogue
1676,3,Chatswood,New South Wales,25,Laundry Liquid 2L,Household,2025-08-14,2025-08-23,10,25.0,Catalogue
1677,3,Chatswood,New South Wales,25,Laundry Liquid 2L,Household,2023-02-26,2023-03-02,5,25.0,Catalogue
1678,3,Chatswood,New South Wales,25,Laundry Liquid 2L,Household,2024-09-22,2024-10-02,11,15.0,In-Store Display
1679,3,Chatswood,New South Wales,25,Laundry Liquid 2L,Household,2023-12-15,2023-12-27,13,30.0,Catalogue
1680,3,Chatswood,New South Wales,25,Laundry Liquid 2L,Household,2024-05-28,2024-06-03,7,15.0,In-Store Display
1681,3,Chatswood,New South Wales,25,Laundry Liquid 2L,Household,2025-05-17,2025-05-24,8,20.0,Catalogue
1682,3,Chatswood,New South Wales,25,Laundry Liquid 2L,Household,2025-12-12,2025-12-17,6,20.0,Catalogue
1683,3,Chatswood,New South Wales,25,Laundry Liquid 2L,Household,2024-08-10,2024-08-18,9,20.0,Catalogue
1684,3,Chatswood,New South Wales,25,Laundry Liquid 2L,Household,2025-04-25,2025-05-02,8,15.0,In-Store Display
1685,3,Chatswood,New South Wales,25,Laundry Liquid 2L,Household,2025-09-22,2025-09-27,6,10.0,In-Store Display
1686,3,Chatswood,New South Wales,25,Laundry Liquid 2L,Household,2024-03-31,2024-04-12,13,10.0,In-Store Display
1687,3,Chatswood,New South Wales,25,Laundry Liquid 2L,Household,2024-11-24,2024-12-07,14,30.0,Catalogue
1688,3,Chatswood,New South Wales,25,Laundry Liquid 2L,Household,2024-03-03,2024-03-10,8,15.0,In-Store Display
1689,3,Chatswood,New South Wales,25,Laundry Liquid 2L,Household,2025-01-08,2025-01-19,12,10.0,In-Store Display
1690,3,Chatswood,New South Wales,25,Laundry Liquid 2L,Household,2025-03-20,2025-03-26,7,20.0,Catalogue
1691,3,Chatswood,New South Wales,25,Laundry Liquid 2L,Household,2025-06-08,2025-06-14,7,20.0,Catalogue
1692,3,Chatswood,New South Wales,25,Laundry Liquid 2L,Household,2023-07-10,2023-07-15,6,10.0,In-Store Display
1693,3,Chatswood,New South Wales,25,Laundry Liquid 2L,Household,2023-01-20,2023-02-02,14,15.0,In-Store Display
1694,3,Chatswood,New South Wales,25,Laundry Liquid 2L,Household,2023-08-28,2023-09-05,9,15.0,In-Store Display
1695,3,Chatswood,New South Wales,25,Laundry Liquid 2L,Household,2023-04-11,2023-04-22,12,15.0,In-Store Display
1696,3,Chatswood,New South Wales,25,Laundry Liquid 2L,Household,2025-02-10,2025-02-15,6,10.0,In-Store Display
1697,3,Chatswood,New South Wales,25,Laundry Liquid 2L,Household,2023-05-07,2023-05-12,6,10.0,In-Store Display
1698,3,Chatswood,New South Wales,25,Laundry Liquid 2L,Household,2023-10-08,2023-10-18,11,20.0,Catalogue
1699,3,Chatswood,New South Wales,26,Dishwashing Liquid 500ml,Household,2025-03-26,2025-03-30,5,15.0,In-Store Display
1700,3,Chatswood,New South Wales,26,Dishwashing Liquid 500ml,Household,2024-11-12,2024-11-17,6,15.0,In-Store Display
1701,3,Chatswood,New South Wales,26,Dishwashing Liquid 500ml,Household,2025-12-15,2025-12-21,7,15.0,In-Store Display
1702,3,Chatswood,New South Wales,26,Dishwashing Liquid 500ml,Household,2023-02-23,2023-03-04,10,10.0,In-Store Display
1703,3,Chatswood,New South Wales,26,Dishwashing Liquid 500ml,Household,2024-04-13,2024-04-18,6,10.0,In-Store Display
1704,3,Chatswood,New South Wales,26,Dishwashing Liquid 500ml,Household,2024-09-10,2024-09-16,7,15.0,In-Store Display
1705,3,Chatswood,New South Wales,26,Dishwashing Liquid 500ml,Household,2023-08-30,2023-09-04,6,20.0,Catalogue
1706,3,Chatswood,New South Wales,26,Dishwashing Liquid 500ml,Household,2023-07-11,2023-07-17,7,30.0,Catalogue
1707,3,Chatswood,New South Wales,26,Dishwashing Liquid 500ml,Household,2025-05-22,2025-05-27,6,20.0,Catalogue
1708,3,Chatswood,New South Wales,26,Dishwashing Liquid 500ml,Household,2024-07-05,2024-07-18,14,25.0,Catalogue
1709,3,Chatswood,New South Wales,26,Dishwashing Liquid 500ml,Household,2023-11-25,2023-12-04,10,20.0,Catalogue
1710,3,Chatswood,New South Wales,26,Dishwashing Liquid 500ml,Household,2025-02-13,2025-02-21,9,20.0,Catalogue
1711,3,Chatswood,New South Wales,26,Dishwashing Liquid 500ml,Household,2023-06-14,2023-06-22,9,10.0,In-Store Display
1712,3,Chatswood,New South Wales,26,Dishwashing Liquid 500ml,Household,2023-04-07,2023-04-15,9,15.0,In-Store Display
1713,3,Chatswood,New South Wales,26,Dishwashing Liquid 500ml,Household,2025-09-21,2025-10-02,12,10.0,In-Store Display
1714,3,Chatswood,New South Wales,26,Dishwashing Liquid 500ml,Household,2024-01-09,2024-01-16,8,20.0,Catalogue
1715,3,Chatswood,New South Wales,26,Dishwashing Liquid 500ml,Household,2023-05-06,2023-05-19,14,25.0,Catalogue
1716,3,Chatswood,New South Wales,26,Dishwashing Liquid 500ml,Household,2025-07-31,2025-08-12,13,10.0,In-Store Display
1717,3,Chatswood,New South Wales,27,Paper Towel 4pk,Household,2024-01-02,2024-01-11,10,15.0,In-Store Display
1718,3,Chatswood,New South Wales,27,Paper Towel 4pk,Household,2023-02-15,2023-02-27,13,10.0,In-Store Display
1719,3,Chatswood,New South Wales,27,Paper Towel 4pk,Household,2023-11-08,2023-11-19,12,15.0,In-Store Display
1720,3,Chatswood,New South Wales,27,Paper Towel 4pk,Household,2025-08-17,2025-08-26,10,10.0,In-Store Display
1721,3,Chatswood,New South Wales,27,Paper Towel 4pk,Household,2025-10-05,2025-10-10,6,10.0,In-Store Display
1722,3,Chatswood,New South Wales,27,Paper Towel 4pk,Household,2025-02-26,2025-03-11,14,50.0,Clearance
1723,3,Chatswood,New South Wales,27,Paper Towel 4pk,Household,2024-03-20,2024-03-31,12,20.0,Catalogue
1724,3,Chatswood,New South Wales,27,Paper Towel 4pk,Household,2025-04-10,2025-04-18,9,30.0,Catalogue
1725,3,Chatswood,New South Wales,27,Paper Towel 4pk,Household,2025-06-25,2025-07-06,12,20.0,Catalogue
1726,3,Chatswood,New South Wales,27,Paper Towel 4pk,Household,2024-02-20,2024-02-25,6,15.0,In-Store Display
1727,3,Chatswood,New South Wales,27,Paper Towel 4pk,Household,2023-09-04,2023-09-15,12,10.0,In-Store Display
1728,3,Chatswood,New South Wales,27,Paper Towel 4pk,Household,2024-08-21,2024-09-03,14,25.0,Catalogue
1729,3,Chatswood,New South Wales,27,Paper Towel 4pk,Household,2023-01-02,2023-01-14,13,15.0,In-Store Display
1730,3,Chatswood,New South Wales,27,Paper Towel 4pk,Household,2024-12-29,2025-01-10,13,10.0,In-Store Display
1731,3,Chatswood,New South Wales,27,Paper Towel 4pk,Household,2023-10-06,2023-10-16,11,20.0,Catalogue
1732,3,Chatswood,New South Wales,27,Paper Towel 4pk,Household,2024-05-13,2024-05-22,10,20.0,Catalogue
1733,3,Chatswood,New South Wales,28,Sunscreen SPF50+ 200ml,Household,2025-08-25,2025-08-29,5,20.0,Catalogue
1734,3,Chatswood,New South Wales,28,Sunscreen SPF50+ 200ml,Household,2023-07-11,2023-07-20,10,30.0,Catalogue
1735,3,Chatswood,New South Wales,28,Sunscreen SPF50+ 200ml,Household,2025-07-14,2025-07-18,5,10.0,In-Store Display
1736,3,Chatswood,New South Wales,28,Sunscreen SPF50+ 200ml,Household,2024-09-11,2024-09-22,12,15.0,In-Store Display
1737,3,Chatswood,New South Wales,28,Sunscreen SPF50+ 200ml,Household,2025-02-22,2025-03-05,12,15.0,In-Store Display
1738,3,Chatswood,New South Wales,28,Sunscreen SPF50+ 200ml,Household,2024-10-29,2024-11-06,9,15.0,In-Store Display
1739,3,Chatswood,New South Wales,28,Sunscreen SPF50+ 200ml,Household,2024-04-13,2024-04-22,10,10.0,In-Store Display
1740,3,Chatswood,New South Wales,28,Sunscreen SPF50+ 200ml,Household,2025-11-17,2025-11-22,6,10.0,In-Store Display
1741,3,Chatswood,New South Wales,28,Sunscreen SPF50+ 200ml,Household,2024-02-02,2024-02-11,10,15.0,In-Store Display
1742,3,Chatswood,New South Wales,28,Sunscreen SPF50+ 200ml,Household,2023-08-16,2023-08-22,7,20.0,Catalogue
1743,3,Chatswood,New South Wales,28,Sunscreen SPF50+ 200ml,Household,2025-12-15,2025-12-20,6,25.0,Catalogue
1744,3,Chatswood,New South Wales,28,Sunscreen SPF50+ 200ml,Household,2023-10-02,2023-10-14,13,15.0,In-Store Display
1745,3,Chatswood,New South Wales,28,Sunscreen SPF50+ 200ml,Household,2024-12-19,2024-12-28,10,20.0,Catalogue
1746,3,Chatswood,New South Wales,28,Sunscreen SPF50+ 200ml,Household,2025-06-14,2025-06-23,10,15.0,In-Store Display
1747,3,Chatswood,New South Wales,28,Sunscreen SPF50+ 200ml,Household,2023-02-08,2023-02-17,10,10.0,In-Store Display
1748,3,Chatswood,New South Wales,28,Sunscreen SPF50+ 200ml,Household,2023-06-21,2023-06-26,6,25.0,Catalogue
1749,3,Chatswood,New South Wales,28,Sunscreen SPF50+ 200ml,Household,2024-08-12,2024-08-25,14,15.0,In-Store Display
1750,3,Chatswood,New South Wales,28,Sunscreen SPF50+ 200ml,Household,2024-06-08,2024-06-17,10,10.0,In-Store Display
1751,3,Chatswood,New South Wales,28,Sunscreen SPF50+ 200ml,Household,2023-12-10,2023-12-17,8,25.0,Catalogue
1752,3,Chatswood,New South Wales,28,Sunscreen SPF50+ 200ml,Household,2023-04-06,2023-04-12,7,30.0,Catalogue
1753,3,Chatswood,New South Wales,28,Sunscreen SPF50+ 200ml,Household,2025-09-17,2025-09-22,6,20.0,Catalogue
1754,3,Chatswood,New South Wales,28,Sunscreen SPF50+ 200ml,Household,2025-04-19,2025-04-25,7,25.0,Catalogue
1755,3,Chatswood,New South Wales,28,Sunscreen SPF50+ 200ml,Household,2025-10-28,2025-11-01,5,25.0,Catalogue
1756,3,Chatswood,New South Wales,29,Insect Repellent 150ml,Household,2024-11-20,2024-12-01,12,20.0,Catalogue
1757,3,Chatswood,New South Wales,29,Insect Repellent 150ml,Household,2025-04-15,2025-04-19,5,50.0,Clearance
1758,3,Chatswood,New South Wales,29,Insect Repellent 150ml,Household,2023-12-31,2024-01-07,8,20.0,Catalogue
1759,3,Chatswood,New South Wales,29,Insect Repellent 150ml,Household,2025-03-06,2025-03-18,13,25.0,Catalogue
1760,3,Chatswood,New South Wales,29,Insect Repellent 150ml,Household,2024-06-02,2024-06-12,11,10.0,In-Store Display
1761,3,Chatswood,New South Wales,29,Insect Repellent 150ml,Household,2024-09-06,2024-09-17,12,25.0,Catalogue
1762,3,Chatswood,New South Wales,29,Insect Repellent 150ml,Household,2025-07-24,2025-08-03,11,20.0,Catalogue
1763,3,Chatswood,New South Wales,29,Insect Repellent 150ml,Household,2023-02-22,2023-03-07,14,10.0,In-Store Display
1764,3,Chatswood,New South Wales,29,Insect Repellent 150ml,Household,2023-05-06,2023-05-17,12,10.0,In-Store Display
1765,3,Chatswood,New South Wales,29,Insect Repellent 150ml,Household,2023-08-15,2023-08-20,6,20.0,Catalogue
1766,3,Chatswood,New South Wales,29,Insect Repellent 150ml,Household,2025-06-11,2025-06-19,9,25.0,Catalogue
1767,3,Chatswood,New South Wales,29,Insect Repellent 150ml,Household,2025-01-15,2025-01-24,10,25.0,Catalogue
1768,3,Chatswood,New South Wales,29,Insect Repellent 150ml,Household,2025-08-19,2025-08-28,10,30.0,Catalogue
1769,3,Chatswood,New South Wales,29,Insect Repellent 150ml,Household,2024-07-04,2024-07-11,8,30.0,Catalogue
1770,3,Chatswood,New South Wales,29,Insect Repellent 150ml,Household,2024-03-17,2024-03-23,7,10.0,In-Store Display
1771,3,Chatswood,New South Wales,29,Insect Repellent 150ml,Household,2023-04-03,2023-04-12,10,15.0,In-Store Display
1772,3,Chatswood,New South Wales,30,Firelighters 24pk,Household,2025-07-13,2025-07-24,12,25.0,Catalogue
1773,3,Chatswood,New South Wales,30,Firelighters 24pk,Household,2023-03-10,2023-03-18,9,20.0,Catalogue
1774,3,Chatswood,New South Wales,30,Firelighters 24pk,Household,2025-01-31,2025-02-13,14,15.0,In-Store Display
1775,3,Chatswood,New South Wales,30,Firelighters 24pk,Household,2025-09-11,2025-09-16,6,10.0,In-Store Display
1776,3,Chatswood,New South Wales,30,Firelighters 24pk,Household,2025-12-13,2025-12-20,8,30.0,Catalogue
1777,3,Chatswood,New South Wales,30,Firelighters 24pk,Household,2024-09-05,2024-09-12,8,20.0,Catalogue
1778,3,Chatswood,New South Wales,30,Firelighters 24pk,Household,2024-05-18,2024-05-31,14,10.0,In-Store Display
1779,3,Chatswood,New South Wales,30,Firelighters 24pk,Household,2024-04-24,2024-05-02,9,30.0,Catalogue
1780,3,Chatswood,New South Wales,30,Firelighters 24pk,Household,2025-10-19,2025-10-24,6,10.0,In-Store Display
1781,3,Chatswood,New South Wales,30,Firelighters 24pk,Household,2024-03-05,2024-03-09,5,25.0,Catalogue
1782,3,Chatswood,New South Wales,30,Firelighters 24pk,Household,2025-11-10,2025-11-20,11,20.0,Catalogue
1783,3,Chatswood,New South Wales,30,Firelighters 24pk,Household,2023-09-21,2023-09-25,5,25.0,Catalogue
1784,3,Chatswood,New South Wales,30,Firelighters 24pk,Household,2023-07-08,2023-07-20,13,15.0,In-Store Display
1785,4,Melbourne CBD,Victoria,1,Long Grain Rice 2kg,Staples,2023-11-30,2023-12-06,7,25.0,Catalogue
1786,4,Melbourne CBD,Victoria,1,Long Grain Rice 2kg,Staples,2025-05-11,2025-05-15,5,15.0,In-Store Display
1787,4,Melbourne CBD,Victoria,1,Long Grain Rice 2kg,Staples,2023-11-02,2023-11-15,14,15.0,In-Store Display
1788,4,Melbourne CBD,Victoria,1,Long Grain Rice 2kg,Staples,2023-03-03,2023-03-12,10,15.0,In-Store Display
1789,4,Melbourne CBD,Victoria,1,Long Grain Rice 2kg,Staples,2023-04-16,2023-04-25,10,10.0,In-Store Display
1790,4,Melbourne CBD,Victoria,1,Long Grain Rice 2kg,Staples,2025-04-08,2025-04-19,12,10.0,In-Store Display
1791,4,Melbourne CBD,Victoria,1,Long Grain Rice 2kg,Staples,2024-02-20,2024-03-02,12,30.0,Catalogue
1792,4,Melbourne CBD,Victoria,1,Long Grain Rice 2kg,Staples,2024-09-29,2024-10-07,9,20.0,Catalogue
1793,4,Melbourne CBD,Victoria,1,Long Grain Rice 2kg,Staples,2023-07-13,2023-07-21,9,10.0,In-Store Display
1794,4,Melbourne CBD,Victoria,1,Long Grain Rice 2kg,Staples,2024-05-26,2024-06-01,7,10.0,In-Store Display
1795,4,Melbourne CBD,Victoria,1,Long Grain Rice 2kg,Staples,2025-08-11,2025-08-24,14,25.0,Catalogue
1796,4,Melbourne CBD,Victoria,2,Dried Pasta 500g,Staples,2024-09-25,2024-10-01,7,25.0,Catalogue
1797,4,Melbourne CBD,Victoria,2,Dried Pasta 500g,Staples,2025-11-22,2025-12-02,11,30.0,Catalogue
1798,4,Melbourne CBD,Victoria,2,Dried Pasta 500g,Staples,2025-02-16,2025-02-25,10,25.0,Catalogue
1799,4,Melbourne CBD,Victoria,2,Dried Pasta 500g,Staples,2024-06-06,2024-06-14,9,15.0,In-Store Display
1800,4,Melbourne CBD,Victoria,2,Dried Pasta 500g,Staples,2023-02-03,2023-02-07,5,25.0,Catalogue
1801,4,Melbourne CBD,Victoria,2,Dried Pasta 500g,Staples,2025-09-06,2025-09-13,8,15.0,In-Store Display
1802,4,Melbourne CBD,Victoria,2,Dried Pasta 500g,Staples,2023-10-07,2023-10-19,13,10.0,In-Store Display
1803,4,Melbourne CBD,Victoria,2,Dried Pasta 500g,Staples,2023-07-28,2023-08-07,11,20.0,Catalogue
1804,4,Melbourne CBD,Victoria,2,Dried Pasta 500g,Staples,2024-07-24,2024-08-02,10,20.0,Catalogue
1805,4,Melbourne CBD,Victoria,2,Dried Pasta 500g,Staples,2024-05-07,2024-05-12,6,10.0,In-Store Display
1806,4,Melbourne CBD,Victoria,2,Dried Pasta 500g,Staples,2025-08-06,2025-08-14,9,25.0,Catalogue
1807,4,Melbourne CBD,Victoria,2,Dried Pasta 500g,Staples,2024-12-14,2024-12-22,9,30.0,Catalogue
1808,4,Melbourne CBD,Victoria,2,Dried Pasta 500g,Staples,2023-11-06,2023-11-19,14,25.0,Catalogue
1809,4,Melbourne CBD,Victoria,2,Dried Pasta 500g,Staples,2024-11-12,2024-11-16,5,10.0,In-Store Display
1810,4,Melbourne CBD,Victoria,2,Dried Pasta 500g,Staples,2025-05-01,2025-05-11,11,25.0,Catalogue
1811,4,Melbourne CBD,Victoria,2,Dried Pasta 500g,Staples,2025-03-19,2025-03-23,5,10.0,In-Store Display
1812,4,Melbourne CBD,Victoria,2,Dried Pasta 500g,Staples,2023-09-05,2023-09-14,10,20.0,Catalogue
1813,4,Melbourne CBD,Victoria,3,White Bread Loaf,Staples,2025-09-27,2025-10-03,7,10.0,In-Store Display
1814,4,Melbourne CBD,Victoria,3,White Bread Loaf,Staples,2025-01-07,2025-01-20,14,15.0,In-Store Display
1815,4,Melbourne CBD,Victoria,3,White Bread Loaf,Staples,2023-06-25,2023-07-08,14,20.0,Catalogue
1816,4,Melbourne CBD,Victoria,3,White Bread Loaf,Staples,2023-03-06,2023-03-14,9,15.0,In-Store Display
1817,4,Melbourne CBD,Victoria,3,White Bread Loaf,Staples,2024-11-14,2024-11-21,8,25.0,Catalogue
1818,4,Melbourne CBD,Victoria,3,White Bread Loaf,Staples,2025-04-24,2025-05-07,14,25.0,Catalogue
1819,4,Melbourne CBD,Victoria,3,White Bread Loaf,Staples,2025-02-13,2025-02-19,7,30.0,Catalogue
1820,4,Melbourne CBD,Victoria,3,White Bread Loaf,Staples,2025-08-19,2025-09-01,14,10.0,In-Store Display
1821,4,Melbourne CBD,Victoria,4,Plain Flour 1kg,Staples,2024-10-06,2024-10-16,11,25.0,Catalogue
1822,4,Melbourne CBD,Victoria,4,Plain Flour 1kg,Staples,2024-11-08,2024-11-17,10,10.0,In-Store Display
1823,4,Melbourne CBD,Victoria,4,Plain Flour 1kg,Staples,2024-02-01,2024-02-07,7,20.0,Catalogue
1824,4,Melbourne CBD,Victoria,4,Plain Flour 1kg,Staples,2023-05-12,2023-05-21,10,20.0,Catalogue
1825,4,Melbourne CBD,Victoria,4,Plain Flour 1kg,Staples,2025-11-21,2025-11-27,7,10.0,In-Store Display
1826,4,Melbourne CBD,Victoria,4,Plain Flour 1kg,Staples,2023-07-12,2023-07-20,9,25.0,Catalogue
1827,4,Melbourne CBD,Victoria,4,Plain Flour 1kg,Staples,2023-06-12,2023-06-23,12,30.0,Catalogue
1828,4,Melbourne CBD,Victoria,4,Plain Flour 1kg,Staples,2025-01-01,2025-01-08,8,10.0,In-Store Display
1829,4,Melbourne CBD,Victoria,4,Plain Flour 1kg,Staples,2023-10-01,2023-10-06,6,25.0,Catalogue
1830,4,Melbourne CBD,Victoria,4,Plain Flour 1kg,Staples,2024-12-03,2024-12-10,8,20.0,Catalogue
1831,4,Melbourne CBD,Victoria,4,Plain Flour 1kg,Staples,2024-04-22,2024-04-26,5,25.0,Catalogue
1832,4,Melbourne CBD,Victoria,4,Plain Flour 1kg,Staples,2024-06-20,2024-07-02,13,30.0,Catalogue
1833,4,Melbourne CBD,Victoria,4,Plain Flour 1kg,Staples,2025-04-16,2025-04-22,7,10.0,In-Store Display
1834,4,Melbourne CBD,Victoria,5,Breakfast Cereal 1kg,Staples,2023-09-10,2023-09-20,11,30.0,Catalogue
1835,4,Melbourne CBD,Victoria,5,Breakfast Cereal 1kg,Staples,2025-09-18,2025-10-01,14,50.0,Clearance
1836,4,Melbourne CBD,Victoria,5,Breakfast Cereal 1kg,Staples,2023-10-31,2023-11-08,9,20.0,Catalogue
1837,4,Melbourne CBD,Victoria,5,Breakfast Cereal 1kg,Staples,2025-03-29,2025-04-05,8,30.0,Catalogue
1838,4,Melbourne CBD,Victoria,5,Breakfast Cereal 1kg,Staples,2025-03-06,2025-03-14,9,30.0,Catalogue
1839,4,Melbourne CBD,Victoria,5,Breakfast Cereal 1kg,Staples,2024-09-11,2024-09-24,14,15.0,In-Store Display
1840,4,Melbourne CBD,Victoria,5,Breakfast Cereal 1kg,Staples,2023-04-05,2023-04-17,13,15.0,In-Store Display
1841,4,Melbourne CBD,Victoria,5,Breakfast Cereal 1kg,Staples,2024-07-02,2024-07-06,5,30.0,Catalogue
1842,4,Melbourne CBD,Victoria,5,Breakfast Cereal 1kg,Staples,2025-05-22,2025-05-28,7,15.0,In-Store Display
1843,4,Melbourne CBD,Victoria,5,Breakfast Cereal 1kg,Staples,2024-03-09,2024-03-19,11,20.0,Catalogue
1844,4,Melbourne CBD,Victoria,5,Breakfast Cereal 1kg,Staples,2024-01-10,2024-01-23,14,25.0,Catalogue
1845,4,Melbourne CBD,Victoria,5,Breakfast Cereal 1kg,Staples,2024-05-10,2024-05-20,11,25.0,Catalogue
1846,4,Melbourne CBD,Victoria,5,Breakfast Cereal 1kg,Staples,2025-10-21,2025-11-01,12,10.0,In-Store Display
1847,4,Melbourne CBD,Victoria,5,Breakfast Cereal 1kg,Staples,2024-08-14,2024-08-23,10,20.0,Catalogue
1848,4,Melbourne CBD,Victoria,5,Breakfast Cereal 1kg,Staples,2023-07-15,2023-07-19,5,20.0,Catalogue
1849,4,Melbourne CBD,Victoria,6,White Sugar 1kg,Staples,2023-04-23,2023-05-01,9,20.0,Catalogue
1850,4,Melbourne CBD,Victoria,6,White Sugar 1kg,Staples,2025-02-21,2025-02-25,5,15.0,In-Store Display
1851,4,Melbourne CBD,Victoria,6,White Sugar 1kg,Staples,2023-07-21,2023-07-26,6,50.0,Clearance
1852,4,Melbourne CBD,Victoria,6,White Sugar 1kg,Staples,2024-08-17,2024-08-30,14,15.0,In-Store Display
1853,4,Melbourne CBD,Victoria,6,White Sugar 1kg,Staples,2025-04-05,2025-04-15,11,25.0,Catalogue
1854,4,Melbourne CBD,Victoria,6,White Sugar 1kg,Staples,2025-08-09,2025-08-16,8,30.0,Catalogue
1855,4,Melbourne CBD,Victoria,6,White Sugar 1kg,Staples,2024-10-26,2024-11-04,10,20.0,Catalogue
1856,4,Melbourne CBD,Victoria,6,White Sugar 1kg,Staples,2024-12-27,2024-12-31,5,30.0,Catalogue
1857,4,Melbourne CBD,Victoria,6,White Sugar 1kg,Staples,2023-03-08,2023-03-15,8,20.0,Catalogue
1858,4,Melbourne CBD,Victoria,6,White Sugar 1kg,Staples,2024-03-31,2024-04-13,14,15.0,In-Store Display
1859,4,Melbourne CBD,Victoria,7,Full Cream Milk 2L,Dairy & Frozen,2025-06-24,2025-07-02,9,10.0,In-Store Display
1860,4,Melbourne CBD,Victoria,7,Full Cream Milk 2L,Dairy & Frozen,2025-02-26,2025-03-06,9,20.0,Catalogue
1861,4,Melbourne CBD,Victoria,7,Full Cream Milk 2L,Dairy & Frozen,2025-10-06,2025-10-14,9,25.0,Catalogue
1862,4,Melbourne CBD,Victoria,7,Full Cream Milk 2L,Dairy & Frozen,2024-01-11,2024-01-19,9,25.0,Catalogue
1863,4,Melbourne CBD,Victoria,7,Full Cream Milk 2L,Dairy & Frozen,2023-12-09,2023-12-13,5,25.0,Catalogue
1864,4,Melbourne CBD,Victoria,7,Full Cream Milk 2L,Dairy & Frozen,2024-02-23,2024-03-06,13,20.0,Catalogue
1865,4,Melbourne CBD,Victoria,7,Full Cream Milk 2L,Dairy & Frozen,2023-01-01,2023-01-09,9,25.0,Catalogue
1866,4,Melbourne CBD,Victoria,7,Full Cream Milk 2L,Dairy & Frozen,2023-07-10,2023-07-19,10,20.0,Catalogue
1867,4,Melbourne CBD,Victoria,8,Tasty Cheese Block 500g,Dairy & Frozen,2024-05-31,2024-06-06,7,15.0,In-Store Display
1868,4,Melbourne CBD,Victoria,8,Tasty Cheese Block 500g,Dairy & Frozen,2024-03-04,2024-03-09,6,10.0,In-Store Display
1869,4,Melbourne CBD,Victoria,8,Tasty Cheese Block 500g,Dairy & Frozen,2025-07-03,2025-07-10,8,50.0,Clearance
1870,4,Melbourne CBD,Victoria,8,Tasty Cheese Block 500g,Dairy & Frozen,2024-01-07,2024-01-12,6,20.0,Catalogue
1871,4,Melbourne CBD,Victoria,8,Tasty Cheese Block 500g,Dairy & Frozen,2023-10-31,2023-11-07,8,10.0,In-Store Display
1872,4,Melbourne CBD,Victoria,8,Tasty Cheese Block 500g,Dairy & Frozen,2023-07-03,2023-07-16,14,15.0,In-Store Display
1873,4,Melbourne CBD,Victoria,8,Tasty Cheese Block 500g,Dairy & Frozen,2025-11-30,2025-12-07,8,10.0,In-Store Display
1874,4,Melbourne CBD,Victoria,8,Tasty Cheese Block 500g,Dairy & Frozen,2023-05-23,2023-05-30,8,10.0,In-Store Display
1875,4,Melbourne CBD,Victoria,8,Tasty Cheese Block 500g,Dairy & Frozen,2024-04-07,2024-04-11,5,15.0,In-Store Display
1876,4,Melbourne CBD,Victoria,8,Tasty Cheese Block 500g,Dairy & Frozen,2025-04-29,2025-05-12,14,30.0,Catalogue
1877,4,Melbourne CBD,Victoria,8,Tasty Cheese Block 500g,Dairy & Frozen,2024-08-15,2024-08-22,8,15.0,In-Store Display
1878,4,Melbourne CBD,Victoria,8,Tasty Cheese Block 500g,Dairy & Frozen,2023-03-27,2023-04-07,12,10.0,In-Store Display
1879,4,Melbourne CBD,Victoria,8,Tasty Cheese Block 500g,Dairy & Frozen,2025-06-10,2025-06-16,7,30.0,Catalogue
1880,4,Melbourne CBD,Victoria,8,Tasty Cheese Block 500g,Dairy & Frozen,2023-03-02,2023-03-08,7,15.0,In-Store Display
1881,4,Melbourne CBD,Victoria,8,Tasty Cheese Block 500g,Dairy & Frozen,2023-01-20,2023-01-31,12,15.0,In-Store Display
1882,4,Melbourne CBD,Victoria,8,Tasty Cheese Block 500g,Dairy & Frozen,2025-02-19,2025-02-27,9,10.0,In-Store Display
1883,4,Melbourne CBD,Victoria,8,Tasty Cheese Block 500g,Dairy & Frozen,2024-02-03,2024-02-09,7,25.0,Catalogue
1884,4,Melbourne CBD,Victoria,8,Tasty Cheese Block 500g,Dairy & Frozen,2024-10-08,2024-10-18,11,10.0,In-Store Display
1885,4,Melbourne CBD,Victoria,8,Tasty Cheese Block 500g,Dairy & Frozen,2024-05-01,2024-05-12,12,15.0,In-Store Display
1886,4,Melbourne CBD,Victoria,8,Tasty Cheese Block 500g,Dairy & Frozen,2023-09-25,2023-10-03,9,10.0,In-Store Display
1887,4,Melbourne CBD,Victoria,8,Tasty Cheese Block 500g,Dairy & Frozen,2025-03-31,2025-04-07,8,20.0,Catalogue
1888,4,Melbourne CBD,Victoria,8,Tasty Cheese Block 500g,Dairy & Frozen,2025-08-30,2025-09-12,14,20.0,Catalogue
1889,4,Melbourne CBD,Victoria,9,Greek Yoghurt 1kg,Dairy & Frozen,2024-04-22,2024-05-01,10,20.0,Catalogue
1890,4,Melbourne CBD,Victoria,9,Greek Yoghurt 1kg,Dairy & Frozen,2023-02-04,2023-02-17,14,15.0,In-Store Display
1891,4,Melbourne CBD,Victoria,9,Greek Yoghurt 1kg,Dairy & Frozen,2024-02-24,2024-03-03,9,25.0,Catalogue
1892,4,Melbourne CBD,Victoria,9,Greek Yoghurt 1kg,Dairy & Frozen,2025-07-11,2025-07-24,14,20.0,Catalogue
1893,4,Melbourne CBD,Victoria,9,Greek Yoghurt 1kg,Dairy & Frozen,2023-09-23,2023-10-05,13,25.0,Catalogue
1894,4,Melbourne CBD,Victoria,9,Greek Yoghurt 1kg,Dairy & Frozen,2024-06-01,2024-06-05,5,15.0,In-Store Display
1895,4,Melbourne CBD,Victoria,9,Greek Yoghurt 1kg,Dairy & Frozen,2023-03-13,2023-03-20,8,15.0,In-Store Display
1896,4,Melbourne CBD,Victoria,9,Greek Yoghurt 1kg,Dairy & Frozen,2025-05-06,2025-05-16,11,25.0,Catalogue
1897,4,Melbourne CBD,Victoria,9,Greek Yoghurt 1kg,Dairy & Frozen,2024-01-19,2024-02-01,14,10.0,In-Store Display
1898,4,Melbourne CBD,Victoria,9,Greek Yoghurt 1kg,Dairy & Frozen,2023-12-02,2023-12-15,14,10.0,In-Store Display
1899,4,Melbourne CBD,Victoria,9,Greek Yoghurt 1kg,Dairy & Frozen,2025-11-22,2025-12-04,13,20.0,Catalogue
1900,4,Melbourne CBD,Victoria,9,Greek Yoghurt 1kg,Dairy & Frozen,2023-05-15,2023-05-26,12,15.0,In-Store Display
1901,4,Melbourne CBD,Victoria,9,Greek Yoghurt 1kg,Dairy & Frozen,2024-10-31,2024-11-04,5,15.0,In-Store Display
1902,4,Melbourne CBD,Victoria,9,Greek Yoghurt 1kg,Dairy & Frozen,2024-09-09,2024-09-21,13,30.0,Catalogue
1903,4,Melbourne CBD,Victoria,9,Greek Yoghurt 1kg,Dairy & Frozen,2025-01-06,2025-01-11,6,30.0,Catalogue
1904,4,Melbourne CBD,Victoria,9,Greek Yoghurt 1kg,Dairy & Frozen,2023-07-13,2023-07-24,12,20.0,Catalogue
1905,4,Melbourne CBD,Victoria,9,Greek Yoghurt 1kg,Dairy & Frozen,2024-08-03,2024-08-11,9,15.0,In-Store Display
1906,4,Melbourne CBD,Victoria,10,Vanilla Ice Cream 2L,Dairy & Frozen,2023-06-14,2023-06-25,12,25.0,Catalogue
1907,4,Melbourne CBD,Victoria,10,Vanilla Ice Cream 2L,Dairy & Frozen,2025-06-14,2025-06-23,10,25.0,Catalogue
1908,4,Melbourne CBD,Victoria,10,Vanilla Ice Cream 2L,Dairy & Frozen,2025-12-05,2025-12-13,9,10.0,In-Store Display
1909,4,Melbourne CBD,Victoria,10,Vanilla Ice Cream 2L,Dairy & Frozen,2025-04-14,2025-04-19,6,15.0,In-Store Display
1910,4,Melbourne CBD,Victoria,10,Vanilla Ice Cream 2L,Dairy & Frozen,2023-01-01,2023-01-06,6,10.0,In-Store Display
1911,4,Melbourne CBD,Victoria,10,Vanilla Ice Cream 2L,Dairy & Frozen,2024-10-14,2024-10-18,5,25.0,Catalogue
1912,4,Melbourne CBD,Victoria,10,Vanilla Ice Cream 2L,Dairy & Frozen,2025-08-05,2025-08-11,7,15.0,In-Store Display
1913,4,Melbourne CBD,Victoria,10,Vanilla Ice Cream 2L,Dairy & Frozen,2023-07-17,2023-07-23,7,25.0,Catalogue
1914,4,Melbourne CBD,Victoria,10,Vanilla Ice Cream 2L,Dairy & Frozen,2023-04-09,2023-04-22,14,30.0,Catalogue
1915,4,Melbourne CBD,Victoria,10,Vanilla Ice Cream 2L,Dairy & Frozen,2025-10-01,2025-10-07,7,15.0,In-Store Display
1916,4,Melbourne CBD,Victoria,10,Vanilla Ice Cream 2L,Dairy & Frozen,2023-11-23,2023-11-28,6,15.0,In-Store Display
1917,4,Melbourne CBD,Victoria,10,Vanilla Ice Cream 2L,Dairy & Frozen,2024-03-13,2024-03-23,11,15.0,In-Store Display
1918,4,Melbourne CBD,Victoria,10,Vanilla Ice Cream 2L,Dairy & Frozen,2024-01-27,2024-02-01,6,10.0,In-Store Display
1919,4,Melbourne CBD,Victoria,10,Vanilla Ice Cream 2L,Dairy & Frozen,2025-02-10,2025-02-14,5,25.0,Catalogue
1920,4,Melbourne CBD,Victoria,10,Vanilla Ice Cream 2L,Dairy & Frozen,2025-03-22,2025-03-27,6,10.0,In-Store Display
1921,4,Melbourne CBD,Victoria,10,Vanilla Ice Cream 2L,Dairy & Frozen,2023-09-01,2023-09-10,10,10.0,In-Store Display
1922,4,Melbourne CBD,Victoria,10,Vanilla Ice Cream 2L,Dairy & Frozen,2023-11-02,2023-11-07,6,30.0,Catalogue
1923,4,Melbourne CBD,Victoria,10,Vanilla Ice Cream 2L,Dairy & Frozen,2024-11-28,2024-12-02,5,10.0,In-Store Display
1924,4,Melbourne CBD,Victoria,10,Vanilla Ice Cream 2L,Dairy & Frozen,2023-09-27,2023-10-03,7,25.0,Catalogue
1925,4,Melbourne CBD,Victoria,10,Vanilla Ice Cream 2L,Dairy & Frozen,2025-11-07,2025-11-12,6,10.0,In-Store Display
1926,4,Melbourne CBD,Victoria,10,Vanilla Ice Cream 2L,Dairy & Frozen,2024-08-18,2024-08-31,14,15.0,In-Store Display
1927,4,Melbourne CBD,Victoria,10,Vanilla Ice Cream 2L,Dairy & Frozen,2024-04-25,2024-05-05,11,15.0,In-Store Display
1928,4,Melbourne CBD,Victoria,10,Vanilla Ice Cream 2L,Dairy & Frozen,2025-09-09,2025-09-16,8,10.0,In-Store Display
1929,4,Melbourne CBD,Victoria,10,Vanilla Ice Cream 2L,Dairy & Frozen,2023-02-22,2023-02-27,6,20.0,Catalogue
1930,4,Melbourne CBD,Victoria,10,Vanilla Ice Cream 2L,Dairy & Frozen,2024-09-15,2024-09-27,13,15.0,In-Store Display
1931,4,Melbourne CBD,Victoria,10,Vanilla Ice Cream 2L,Dairy & Frozen,2024-02-20,2024-02-26,7,25.0,Catalogue
1932,4,Melbourne CBD,Victoria,10,Vanilla Ice Cream 2L,Dairy & Frozen,2024-07-20,2024-08-02,14,15.0,In-Store Display
1933,4,Melbourne CBD,Victoria,11,Frozen Mixed Vegetables 1kg,Dairy & Frozen,2023-09-13,2023-09-19,7,10.0,In-Store Display
1934,4,Melbourne CBD,Victoria,11,Frozen Mixed Vegetables 1kg,Dairy & Frozen,2024-07-20,2024-08-01,13,20.0,Catalogue
1935,4,Melbourne CBD,Victoria,11,Frozen Mixed Vegetables 1kg,Dairy & Frozen,2024-08-22,2024-09-03,13,20.0,Catalogue
1936,4,Melbourne CBD,Victoria,11,Frozen Mixed Vegetables 1kg,Dairy & Frozen,2025-07-27,2025-08-04,9,50.0,Clearance
1937,4,Melbourne CBD,Victoria,11,Frozen Mixed Vegetables 1kg,Dairy & Frozen,2023-03-11,2023-03-23,13,25.0,Catalogue
1938,4,Melbourne CBD,Victoria,11,Frozen Mixed Vegetables 1kg,Dairy & Frozen,2024-02-03,2024-02-16,14,10.0,In-Store Display
1939,4,Melbourne CBD,Victoria,11,Frozen Mixed Vegetables 1kg,Dairy & Frozen,2024-10-31,2024-11-11,12,25.0,Catalogue
1940,4,Melbourne CBD,Victoria,11,Frozen Mixed Vegetables 1kg,Dairy & Frozen,2025-05-22,2025-05-26,5,10.0,In-Store Display
1941,4,Melbourne CBD,Victoria,11,Frozen Mixed Vegetables 1kg,Dairy & Frozen,2023-10-15,2023-10-26,12,15.0,In-Store Display
1942,4,Melbourne CBD,Victoria,11,Frozen Mixed Vegetables 1kg,Dairy & Frozen,2023-12-15,2023-12-25,11,10.0,In-Store Display
1943,4,Melbourne CBD,Victoria,11,Frozen Mixed Vegetables 1kg,Dairy & Frozen,2024-09-28,2024-10-02,5,15.0,In-Store Display
1944,4,Melbourne CBD,Victoria,11,Frozen Mixed Vegetables 1kg,Dairy & Frozen,2024-07-01,2024-07-05,5,30.0,Catalogue
1945,4,Melbourne CBD,Victoria,11,Frozen Mixed Vegetables 1kg,Dairy & Frozen,2025-09-16,2025-09-24,9,15.0,In-Store Display
1946,4,Melbourne CBD,Victoria,11,Frozen Mixed Vegetables 1kg,Dairy & Frozen,2023-06-12,2023-06-20,9,10.0,In-Store Display
1947,4,Melbourne CBD,Victoria,11,Frozen Mixed Vegetables 1kg,Dairy & Frozen,2024-12-23,2025-01-04,13,20.0,Catalogue
1948,4,Melbourne CBD,Victoria,11,Frozen Mixed Vegetables 1kg,Dairy & Frozen,2023-01-12,2023-01-18,7,10.0,In-Store Display
1949,4,Melbourne CBD,Victoria,12,Frozen Meat Pies 4pk,Dairy & Frozen,2024-05-17,2024-05-24,8,25.0,Catalogue
1950,4,Melbourne CBD,Victoria,12,Frozen Meat Pies 4pk,Dairy & Frozen,2023-10-02,2023-10-14,13,20.0,Catalogue
1951,4,Melbourne CBD,Victoria,12,Frozen Meat Pies 4pk,Dairy & Frozen,2023-11-03,2023-11-12,10,15.0,In-Store Display
1952,4,Melbourne CBD,Victoria,12,Frozen Meat Pies 4pk,Dairy & Frozen,2023-07-02,2023-07-06,5,20.0,Catalogue
1953,4,Melbourne CBD,Victoria,12,Frozen Meat Pies 4pk,Dairy & Frozen,2023-03-13,2023-03-24,12,20.0,Catalogue
1954,4,Melbourne CBD,Victoria,12,Frozen Meat Pies 4pk,Dairy & Frozen,2024-12-15,2024-12-27,13,15.0,In-Store Display
1955,4,Melbourne CBD,Victoria,12,Frozen Meat Pies 4pk,Dairy & Frozen,2024-07-14,2024-07-25,12,10.0,In-Store Display
1956,4,Melbourne CBD,Victoria,12,Frozen Meat Pies 4pk,Dairy & Frozen,2024-04-05,2024-04-10,6,15.0,In-Store Display
1957,4,Melbourne CBD,Victoria,12,Frozen Meat Pies 4pk,Dairy & Frozen,2025-06-21,2025-06-25,5,20.0,Catalogue
1958,4,Melbourne CBD,Victoria,12,Frozen Meat Pies 4pk,Dairy & Frozen,2024-03-03,2024-03-13,11,15.0,In-Store Display
1959,4,Melbourne CBD,Victoria,12,Frozen Meat Pies 4pk,Dairy & Frozen,2023-08-22,2023-09-01,11,20.0,Catalogue
1960,4,Melbourne CBD,Victoria,12,Frozen Meat Pies 4pk,Dairy & Frozen,2025-10-14,2025-10-21,8,10.0,In-Store Display
1961,4,Melbourne CBD,Victoria,12,Frozen Meat Pies 4pk,Dairy & Frozen,2025-09-10,2025-09-23,14,20.0,Catalogue
1962,4,Melbourne CBD,Victoria,12,Frozen Meat Pies 4pk,Dairy & Frozen,2024-10-01,2024-10-13,13,25.0,Catalogue
1963,4,Melbourne CBD,Victoria,12,Frozen Meat Pies 4pk,Dairy & Frozen,2023-12-03,2023-12-15,13,30.0,Catalogue
1964,4,Melbourne CBD,Victoria,12,Frozen Meat Pies 4pk,Dairy & Frozen,2023-04-22,2023-05-03,12,20.0,Catalogue
1965,4,Melbourne CBD,Victoria,12,Frozen Meat Pies 4pk,Dairy & Frozen,2023-02-09,2023-02-16,8,25.0,Catalogue
1966,4,Melbourne CBD,Victoria,12,Frozen Meat Pies 4pk,Dairy & Frozen,2025-11-23,2025-11-30,8,20.0,Catalogue
1967,4,Melbourne CBD,Victoria,13,Cola Soft Drink 1.25L,Beverages,2025-09-16,2025-09-20,5,15.0,In-Store Display
1968,4,Melbourne CBD,Victoria,13,Cola Soft Drink 1.25L,Beverages,2025-06-16,2025-06-25,10,15.0,In-Store Display
1969,4,Melbourne CBD,Victoria,13,Cola Soft Drink 1.25L,Beverages,2023-05-29,2023-06-09,12,30.0,Catalogue
1970,4,Melbourne CBD,Victoria,13,Cola Soft Drink 1.25L,Beverages,2025-01-07,2025-01-11,5,25.0,Catalogue
1971,4,Melbourne CBD,Victoria,13,Cola Soft Drink 1.25L,Beverages,2024-08-14,2024-08-23,10,20.0,Catalogue
1972,4,Melbourne CBD,Victoria,13,Cola Soft Drink 1.25L,Beverages,2024-06-03,2024-06-07,5,25.0,Catalogue
1973,4,Melbourne CBD,Victoria,13,Cola Soft Drink 1.25L,Beverages,2025-08-13,2025-08-20,8,15.0,In-Store Display
1974,4,Melbourne CBD,Victoria,13,Cola Soft Drink 1.25L,Beverages,2023-08-30,2023-09-07,9,50.0,Clearance
1975,4,Melbourne CBD,Victoria,13,Cola Soft Drink 1.25L,Beverages,2023-10-30,2023-11-07,9,20.0,Catalogue
1976,4,Melbourne CBD,Victoria,13,Cola Soft Drink 1.25L,Beverages,2024-03-06,2024-03-11,6,15.0,In-Store Display
1977,4,Melbourne CBD,Victoria,13,Cola Soft Drink 1.25L,Beverages,2023-04-18,2023-05-01,14,20.0,Catalogue
1978,4,Melbourne CBD,Victoria,13,Cola Soft Drink 1.25L,Beverages,2024-12-05,2024-12-10,6,20.0,Catalogue
1979,4,Melbourne CBD,Victoria,13,Cola Soft Drink 1.25L,Beverages,2024-10-15,2024-10-23,9,10.0,In-Store Display
1980,4,Melbourne CBD,Victoria,13,Cola Soft Drink 1.25L,Beverages,2023-01-23,2023-01-27,5,25.0,Catalogue
1981,4,Melbourne CBD,Victoria,13,Cola Soft Drink 1.25L,Beverages,2024-09-13,2024-09-25,13,10.0,In-Store Display
1982,4,Melbourne CBD,Victoria,13,Cola Soft Drink 1.25L,Beverages,2025-02-21,2025-03-04,12,20.0,Catalogue
1983,4,Melbourne CBD,Victoria,13,Cola Soft Drink 1.25L,Beverages,2024-04-12,2024-04-22,11,15.0,In-Store Display
1984,4,Melbourne CBD,Victoria,13,Cola Soft Drink 1.25L,Beverages,2023-09-27,2023-10-09,13,30.0,Catalogue
1985,4,Melbourne CBD,Victoria,13,Cola Soft Drink 1.25L,Beverages,2025-07-20,2025-07-24,5,25.0,Catalogue
1986,4,Melbourne CBD,Victoria,13,Cola Soft Drink 1.25L,Beverages,2024-07-07,2024-07-17,11,30.0,Catalogue
1987,4,Melbourne CBD,Victoria,13,Cola Soft Drink 1.25L,Beverages,2023-06-28,2023-07-06,9,20.0,Catalogue
1988,4,Melbourne CBD,Victoria,13,Cola Soft Drink 1.25L,Beverages,2023-01-01,2023-01-06,6,25.0,Catalogue
1989,4,Melbourne CBD,Victoria,13,Cola Soft Drink 1.25L,Beverages,2025-05-07,2025-05-14,8,10.0,In-Store Display
1990,4,Melbourne CBD,Victoria,13,Cola Soft Drink 1.25L,Beverages,2023-03-05,2023-03-13,9,10.0,In-Store Display
1991,4,Melbourne CBD,Victoria,13,Cola Soft Drink 1.25L,Beverages,2025-12-17,2025-12-27,11,10.0,In-Store Display
1992,4,Melbourne CBD,Victoria,13,Cola Soft Drink 1.25L,Beverages,2024-01-09,2024-01-16,8,20.0,Catalogue
1993,4,Melbourne CBD,Victoria,13,Cola Soft Drink 1.25L,Beverages,2024-02-08,2024-02-16,9,10.0,In-Store Display
1994,4,Melbourne CBD,Victoria,13,Cola Soft Drink 1.25L,Beverages,2025-04-03,2025-04-13,11,30.0,Catalogue
1995,4,Melbourne CBD,Victoria,13,Cola Soft Drink 1.25L,Beverages,2025-10-19,2025-10-27,9,20.0,Catalogue
1996,4,Melbourne CBD,Victoria,13,Cola Soft Drink 1.25L,Beverages,2025-11-16,2025-11-23,8,25.0,Catalogue
1997,4,Melbourne CBD,Victoria,14,Orange Juice 2L,Beverages,2023-06-11,2023-06-15,5,20.0,Catalogue
1998,4,Melbourne CBD,Victoria,14,Orange Juice 2L,Beverages,2025-09-16,2025-09-24,9,10.0,In-Store Display
1999,4,Melbourne CBD,Victoria,14,Orange Juice 2L,Beverages,2023-01-15,2023-01-28,14,15.0,In-Store Display
2000,4,Melbourne CBD,Victoria,14,Orange Juice 2L,Beverages,2024-06-09,2024-06-14,6,10.0,In-Store Display
2001,4,Melbourne CBD,Victoria,14,Orange Juice 2L,Beverages,2024-01-26,2024-01-30,5,15.0,In-Store Display
2002,4,Melbourne CBD,Victoria,14,Orange Juice 2L,Beverages,2025-03-30,2025-04-06,8,20.0,Catalogue
2003,4,Melbourne CBD,Victoria,14,Orange Juice 2L,Beverages,2023-11-11,2023-11-22,12,25.0,Catalogue
2004,4,Melbourne CBD,Victoria,14,Orange Juice 2L,Beverages,2025-06-24,2025-07-03,10,30.0,Catalogue
2005,4,Melbourne CBD,Victoria,14,Orange Juice 2L,Beverages,2024-04-25,2024-04-29,5,15.0,In-Store Display
2006,4,Melbourne CBD,Victoria,14,Orange Juice 2L,Beverages,2023-04-23,2023-05-01,9,10.0,In-Store Display
2007,4,Melbourne CBD,Victoria,14,Orange Juice 2L,Beverages,2025-02-10,2025-02-15,6,10.0,In-Store Display
2008,4,Melbourne CBD,Victoria,14,Orange Juice 2L,Beverages,2025-11-28,2025-12-08,11,30.0,Catalogue
2009,4,Melbourne CBD,Victoria,14,Orange Juice 2L,Beverages,2024-12-16,2024-12-23,8,25.0,Catalogue
2010,4,Melbourne CBD,Victoria,14,Orange Juice 2L,Beverages,2024-08-14,2024-08-23,10,25.0,Catalogue
2011,4,Melbourne CBD,Victoria,14,Orange Juice 2L,Beverages,2024-07-11,2024-07-18,8,50.0,Clearance
2012,4,Melbourne CBD,Victoria,14,Orange Juice 2L,Beverages,2023-09-25,2023-10-05,11,10.0,In-Store Display
2013,4,Melbourne CBD,Victoria,14,Orange Juice 2L,Beverages,2023-03-21,2023-03-25,5,15.0,In-Store Display
2014,4,Melbourne CBD,Victoria,14,Orange Juice 2L,Beverages,2023-07-23,2023-07-27,5,50.0,Clearance
2015,4,Melbourne CBD,Victoria,14,Orange Juice 2L,Beverages,2025-08-25,2025-08-30,6,20.0,Catalogue
2016,4,Melbourne CBD,Victoria,14,Orange Juice 2L,Beverages,2024-10-02,2024-10-10,9,10.0,In-Store Display
2017,4,Melbourne CBD,Victoria,14,Orange Juice 2L,Beverages,2023-08-12,2023-08-21,10,10.0,In-Store Display
2018,4,Melbourne CBD,Victoria,14,Orange Juice 2L,Beverages,2023-02-16,2023-02-21,6,30.0,Catalogue
2019,4,Melbourne CBD,Victoria,14,Orange Juice 2L,Beverages,2024-04-03,2024-04-08,6,15.0,In-Store Display
2020,4,Melbourne CBD,Victoria,14,Orange Juice 2L,Beverages,2025-01-09,2025-01-22,14,30.0,Catalogue
2021,4,Melbourne CBD,Victoria,15,Spring Water 6L,Beverages,2024-03-04,2024-03-13,10,20.0,Catalogue
2022,4,Melbourne CBD,Victoria,15,Spring Water 6L,Beverages,2023-07-09,2023-07-13,5,25.0,Catalogue
2023,4,Melbourne CBD,Victoria,15,Spring Water 6L,Beverages,2023-03-17,2023-03-30,14,20.0,Catalogue
2024,4,Melbourne CBD,Victoria,15,Spring Water 6L,Beverages,2023-02-11,2023-02-24,14,20.0,Catalogue
2025,4,Melbourne CBD,Victoria,15,Spring Water 6L,Beverages,2023-09-03,2023-09-16,14,15.0,In-Store Display
2026,4,Melbourne CBD,Victoria,15,Spring Water 6L,Beverages,2024-04-03,2024-04-14,12,30.0,Catalogue
2027,4,Melbourne CBD,Victoria,15,Spring Water 6L,Beverages,2023-04-24,2023-05-03,10,10.0,In-Store Display
2028,4,Melbourne CBD,Victoria,15,Spring Water 6L,Beverages,2025-11-07,2025-11-20,14,25.0,Catalogue
2029,4,Melbourne CBD,Victoria,15,Spring Water 6L,Beverages,2024-08-11,2024-08-23,13,15.0,In-Store Display
2030,4,Melbourne CBD,Victoria,15,Spring Water 6L,Beverages,2024-12-14,2024-12-22,9,20.0,Catalogue
2031,4,Melbourne CBD,Victoria,15,Spring Water 6L,Beverages,2024-05-21,2024-05-26,6,10.0,In-Store Display
2032,4,Melbourne CBD,Victoria,15,Spring Water 6L,Beverages,2024-11-13,2024-11-20,8,25.0,Catalogue
2033,4,Melbourne CBD,Victoria,15,Spring Water 6L,Beverages,2024-09-24,2024-10-07,14,20.0,Catalogue
2034,4,Melbourne CBD,Victoria,15,Spring Water 6L,Beverages,2023-11-10,2023-11-16,7,25.0,Catalogue
2035,4,Melbourne CBD,Victoria,15,Spring Water 6L,Beverages,2023-12-18,2023-12-31,14,25.0,Catalogue
2036,4,Melbourne CBD,Victoria,15,Spring Water 6L,Beverages,2025-05-19,2025-05-25,7,20.0,Catalogue
2037,4,Melbourne CBD,Victoria,15,Spring Water 6L,Beverages,2024-07-10,2024-07-20,11,15.0,In-Store Display
2038,4,Melbourne CBD,Victoria,15,Spring Water 6L,Beverages,2023-10-17,2023-10-26,10,25.0,Catalogue
2039,4,Melbourne CBD,Victoria,15,Spring Water 6L,Beverages,2025-12-10,2025-12-22,13,10.0,In-Store Display
2040,4,Melbourne CBD,Victoria,15,Spring Water 6L,Beverages,2024-02-12,2024-02-16,5,15.0,In-Store Display
2041,4,Melbourne CBD,Victoria,15,Spring Water 6L,Beverages,2024-06-11,2024-06-21,11,30.0,Catalogue
2042,4,Melbourne CBD,Victoria,16,Ground Coffee 1kg,Beverages,2024-09-11,2024-09-19,9,20.0,Catalogue
2043,4,Melbourne CBD,Victoria,16,Ground Coffee 1kg,Beverages,2024-02-29,2024-03-10,11,15.0,In-Store Display
2044,4,Melbourne CBD,Victoria,16,Ground Coffee 1kg,Beverages,2024-06-03,2024-06-07,5,50.0,Clearance
2045,4,Melbourne CBD,Victoria,16,Ground Coffee 1kg,Beverages,2023-09-07,2023-09-16,10,15.0,In-Store Display
2046,4,Melbourne CBD,Victoria,16,Ground Coffee 1kg,Beverages,2025-08-29,2025-09-10,13,20.0,Catalogue
2047,4,Melbourne CBD,Victoria,16,Ground Coffee 1kg,Beverages,2025-05-29,2025-06-05,8,10.0,In-Store Display
2048,4,Melbourne CBD,Victoria,16,Ground Coffee 1kg,Beverages,2024-03-28,2024-04-06,10,10.0,In-Store Display
2049,4,Melbourne CBD,Victoria,16,Ground Coffee 1kg,Beverages,2024-01-30,2024-02-06,8,10.0,In-Store Display
2050,4,Melbourne CBD,Victoria,16,Ground Coffee 1kg,Beverages,2023-05-08,2023-05-14,7,25.0,Catalogue
2051,4,Melbourne CBD,Victoria,16,Ground Coffee 1kg,Beverages,2025-02-21,2025-03-02,10,30.0,Catalogue
2052,4,Melbourne CBD,Victoria,16,Ground Coffee 1kg,Beverages,2024-07-07,2024-07-16,10,25.0,Catalogue
2053,4,Melbourne CBD,Victoria,16,Ground Coffee 1kg,Beverages,2025-08-01,2025-08-10,10,15.0,In-Store Display
2054,4,Melbourne CBD,Victoria,16,Ground Coffee 1kg,Beverages,2024-10-30,2024-11-06,8,50.0,Clearance
2055,4,Melbourne CBD,Victoria,16,Ground Coffee 1kg,Beverages,2025-06-20,2025-06-24,5,10.0,In-Store Display
2056,4,Melbourne CBD,Victoria,16,Ground Coffee 1kg,Beverages,2023-02-12,2023-02-17,6,15.0,In-Store Display
2057,4,Melbourne CBD,Victoria,16,Ground Coffee 1kg,Beverages,2024-08-17,2024-08-23,7,25.0,Catalogue
2058,4,Melbourne CBD,Victoria,16,Ground Coffee 1kg,Beverages,2025-11-06,2025-11-14,9,10.0,In-Store Display
2059,4,Melbourne CBD,Victoria,16,Ground Coffee 1kg,Beverages,2023-01-02,2023-01-08,7,20.0,Catalogue
2060,4,Melbourne CBD,Victoria,16,Ground Coffee 1kg,Beverages,2024-11-22,2024-11-28,7,10.0,In-Store Display
2061,4,Melbourne CBD,Victoria,16,Ground Coffee 1kg,Beverages,2023-12-01,2023-12-12,12,25.0,Catalogue
2062,4,Melbourne CBD,Victoria,16,Ground Coffee 1kg,Beverages,2023-10-06,2023-10-13,8,15.0,In-Store Display
2063,4,Melbourne CBD,Victoria,16,Ground Coffee 1kg,Beverages,2025-10-04,2025-10-10,7,15.0,In-Store Display
2064,4,Melbourne CBD,Victoria,16,Ground Coffee 1kg,Beverages,2025-01-25,2025-01-31,7,30.0,Catalogue
2065,4,Melbourne CBD,Victoria,16,Ground Coffee 1kg,Beverages,2025-03-30,2025-04-11,13,20.0,Catalogue
2066,4,Melbourne CBD,Victoria,16,Ground Coffee 1kg,Beverages,2023-06-25,2023-07-06,12,10.0,In-Store Display
2067,4,Melbourne CBD,Victoria,17,Black Tea Bags 100pk,Beverages,2024-06-17,2024-06-28,12,25.0,Catalogue
2068,4,Melbourne CBD,Victoria,17,Black Tea Bags 100pk,Beverages,2023-01-13,2023-01-25,13,15.0,In-Store Display
2069,4,Melbourne CBD,Victoria,17,Black Tea Bags 100pk,Beverages,2025-09-27,2025-10-06,10,30.0,Catalogue
2070,4,Melbourne CBD,Victoria,17,Black Tea Bags 100pk,Beverages,2023-12-12,2023-12-19,8,30.0,Catalogue
2071,4,Melbourne CBD,Victoria,17,Black Tea Bags 100pk,Beverages,2024-12-21,2024-12-27,7,15.0,In-Store Display
2072,4,Melbourne CBD,Victoria,17,Black Tea Bags 100pk,Beverages,2025-04-26,2025-05-02,7,10.0,In-Store Display
2073,4,Melbourne CBD,Victoria,17,Black Tea Bags 100pk,Beverages,2025-06-26,2025-07-08,13,10.0,In-Store Display
2074,4,Melbourne CBD,Victoria,17,Black Tea Bags 100pk,Beverages,2025-03-23,2025-03-28,6,10.0,In-Store Display
2075,4,Melbourne CBD,Victoria,17,Black Tea Bags 100pk,Beverages,2024-01-03,2024-01-09,7,20.0,Catalogue
2076,4,Melbourne CBD,Victoria,17,Black Tea Bags 100pk,Beverages,2023-05-16,2023-05-29,14,10.0,In-Store Display
2077,4,Melbourne CBD,Victoria,17,Black Tea Bags 100pk,Beverages,2024-08-13,2024-08-18,6,30.0,Catalogue
2078,4,Melbourne CBD,Victoria,17,Black Tea Bags 100pk,Beverages,2023-07-15,2023-07-28,14,25.0,Catalogue
2079,4,Melbourne CBD,Victoria,17,Black Tea Bags 100pk,Beverages,2023-11-19,2023-11-27,9,20.0,Catalogue
2080,4,Melbourne CBD,Victoria,17,Black Tea Bags 100pk,Beverages,2025-11-22,2025-11-27,6,10.0,In-Store Display
2081,4,Melbourne CBD,Victoria,17,Black Tea Bags 100pk,Beverages,2024-02-13,2024-02-26,14,25.0,Catalogue
2082,4,Melbourne CBD,Victoria,17,Black Tea Bags 100pk,Beverages,2024-11-13,2024-11-18,6,20.0,Catalogue
2083,4,Melbourne CBD,Victoria,17,Black Tea Bags 100pk,Beverages,2023-09-10,2023-09-23,14,30.0,Catalogue
2084,4,Melbourne CBD,Victoria,18,Sports Drink 600ml,Beverages,2024-07-15,2024-07-27,13,30.0,Catalogue
2085,4,Melbourne CBD,Victoria,18,Sports Drink 600ml,Beverages,2023-06-01,2023-06-11,11,25.0,Catalogue
2086,4,Melbourne CBD,Victoria,18,Sports Drink 600ml,Beverages,2024-01-08,2024-01-18,11,10.0,In-Store Display
2087,4,Melbourne CBD,Victoria,18,Sports Drink 600ml,Beverages,2025-03-09,2025-03-20,12,10.0,In-Store Display
2088,4,Melbourne CBD,Victoria,18,Sports Drink 600ml,Beverages,2025-07-30,2025-08-06,8,15.0,In-Store Display
2089,4,Melbourne CBD,Victoria,18,Sports Drink 600ml,Beverages,2025-05-15,2025-05-25,11,10.0,In-Store Display
2090,4,Melbourne CBD,Victoria,18,Sports Drink 600ml,Beverages,2025-12-05,2025-12-10,6,25.0,Catalogue
2091,4,Melbourne CBD,Victoria,18,Sports Drink 600ml,Beverages,2025-07-05,2025-07-10,6,15.0,In-Store Display
2092,4,Melbourne CBD,Victoria,18,Sports Drink 600ml,Beverages,2024-08-20,2024-08-27,8,50.0,Clearance
2093,4,Melbourne CBD,Victoria,18,Sports Drink 600ml,Beverages,2023-03-28,2023-04-09,13,50.0,Clearance
2094,4,Melbourne CBD,Victoria,18,Sports Drink 600ml,Beverages,2023-02-13,2023-02-20,8,30.0,Catalogue
2095,4,Melbourne CBD,Victoria,18,Sports Drink 600ml,Beverages,2025-01-19,2025-02-01,14,10.0,In-Store Display
2096,4,Melbourne CBD,Victoria,18,Sports Drink 600ml,Beverages,2023-09-18,2023-09-27,10,10.0,In-Store Display
2097,4,Melbourne CBD,Victoria,18,Sports Drink 600ml,Beverages,2024-10-21,2024-10-30,10,20.0,Catalogue
2098,4,Melbourne CBD,Victoria,18,Sports Drink 600ml,Beverages,2025-10-19,2025-11-01,14,25.0,Catalogue
2099,4,Melbourne CBD,Victoria,18,Sports Drink 600ml,Beverages,2023-10-31,2023-11-10,11,50.0,Clearance
2100,4,Melbourne CBD,Victoria,18,Sports Drink 600ml,Beverages,2024-12-04,2024-12-16,13,20.0,Catalogue
2101,4,Melbourne CBD,Victoria,18,Sports Drink 600ml,Beverages,2025-04-18,2025-04-29,12,10.0,In-Store Display
2102,4,Melbourne CBD,Victoria,18,Sports Drink 600ml,Beverages,2023-07-07,2023-07-16,10,10.0,In-Store Display
2103,4,Melbourne CBD,Victoria,18,Sports Drink 600ml,Beverages,2024-04-14,2024-04-23,10,25.0,Catalogue
2104,4,Melbourne CBD,Victoria,18,Sports Drink 600ml,Beverages,2024-09-19,2024-09-23,5,15.0,In-Store Display
2105,4,Melbourne CBD,Victoria,18,Sports Drink 600ml,Beverages,2023-04-27,2023-05-09,13,30.0,Catalogue
2106,4,Melbourne CBD,Victoria,18,Sports Drink 600ml,Beverages,2025-08-29,2025-09-11,14,15.0,In-Store Display
2107,4,Melbourne CBD,Victoria,19,Potato Chips 175g,Snacks,2023-03-05,2023-03-12,8,15.0,In-Store Display
2108,4,Melbourne CBD,Victoria,19,Potato Chips 175g,Snacks,2023-11-06,2023-11-14,9,20.0,Catalogue
2109,4,Melbourne CBD,Victoria,19,Potato Chips 175g,Snacks,2025-05-26,2025-06-07,13,10.0,In-Store Display
2110,4,Melbourne CBD,Victoria,19,Potato Chips 175g,Snacks,2025-09-19,2025-09-29,11,10.0,In-Store Display
2111,4,Melbourne CBD,Victoria,19,Potato Chips 175g,Snacks,2025-01-12,2025-01-21,10,25.0,Catalogue
2112,4,Melbourne CBD,Victoria,19,Potato Chips 175g,Snacks,2025-08-12,2025-08-22,11,15.0,In-Store Display
2113,4,Melbourne CBD,Victoria,19,Potato Chips 175g,Snacks,2023-07-15,2023-07-24,10,50.0,Clearance
2114,4,Melbourne CBD,Victoria,19,Potato Chips 175g,Snacks,2023-02-04,2023-02-14,11,25.0,Catalogue
2115,4,Melbourne CBD,Victoria,19,Potato Chips 175g,Snacks,2024-01-15,2024-01-22,8,10.0,In-Store Display
2116,4,Melbourne CBD,Victoria,19,Potato Chips 175g,Snacks,2025-03-17,2025-03-24,8,15.0,In-Store Display
2117,4,Melbourne CBD,Victoria,19,Potato Chips 175g,Snacks,2024-04-06,2024-04-16,11,10.0,In-Store Display
2118,4,Melbourne CBD,Victoria,19,Potato Chips 175g,Snacks,2023-09-22,2023-09-29,8,10.0,In-Store Display
2119,4,Melbourne CBD,Victoria,19,Potato Chips 175g,Snacks,2024-05-31,2024-06-11,12,25.0,Catalogue
2120,4,Melbourne CBD,Victoria,19,Potato Chips 175g,Snacks,2023-05-20,2023-06-02,14,20.0,Catalogue
2121,4,Melbourne CBD,Victoria,19,Potato Chips 175g,Snacks,2024-12-18,2024-12-27,10,20.0,Catalogue
2122,4,Melbourne CBD,Victoria,19,Potato Chips 175g,Snacks,2024-07-19,2024-07-28,10,25.0,Catalogue
2123,4,Melbourne CBD,Victoria,19,Potato Chips 175g,Snacks,2025-04-08,2025-04-13,6,10.0,In-Store Display
2124,4,Melbourne CBD,Victoria,19,Potato Chips 175g,Snacks,2025-11-02,2025-11-13,12,10.0,In-Store Display
2125,4,Melbourne CBD,Victoria,19,Potato Chips 175g,Snacks,2024-09-11,2024-09-24,14,10.0,In-Store Display
2126,4,Melbourne CBD,Victoria,19,Potato Chips 175g,Snacks,2025-07-17,2025-07-26,10,10.0,In-Store Display
2127,4,Melbourne CBD,Victoria,19,Potato Chips 175g,Snacks,2025-12-15,2025-12-28,14,20.0,Catalogue
2128,4,Melbourne CBD,Victoria,19,Potato Chips 175g,Snacks,2023-06-23,2023-06-30,8,15.0,In-Store Display
2129,4,Melbourne CBD,Victoria,19,Potato Chips 175g,Snacks,2025-05-02,2025-05-09,8,10.0,In-Store Display
2130,4,Melbourne CBD,Victoria,19,Potato Chips 175g,Snacks,2024-02-21,2024-03-03,12,20.0,Catalogue
2131,4,Melbourne CBD,Victoria,19,Potato Chips 175g,Snacks,2023-04-03,2023-04-07,5,20.0,Catalogue
2132,4,Melbourne CBD,Victoria,19,Potato Chips 175g,Snacks,2023-08-19,2023-08-29,11,20.0,Catalogue
2133,4,Melbourne CBD,Victoria,19,Potato Chips 175g,Snacks,2023-12-20,2023-12-24,5,20.0,Catalogue
2134,4,Melbourne CBD,Victoria,19,Potato Chips 175g,Snacks,2025-02-13,2025-02-25,13,10.0,In-Store Display
2135,4,Melbourne CBD,Victoria,19,Potato Chips 175g,Snacks,2024-08-20,2024-08-24,5,10.0,In-Store Display
2136,4,Melbourne CBD,Victoria,20,Sweet Biscuits 250g,Snacks,2025-04-13,2025-04-25,13,25.0,Catalogue
2137,4,Melbourne CBD,Victoria,20,Sweet Biscuits 250g,Snacks,2025-07-13,2025-07-17,5,15.0,In-Store Display
2138,4,Melbourne CBD,Victoria,20,Sweet Biscuits 250g,Snacks,2024-07-28,2024-08-10,14,30.0,Catalogue
2139,4,Melbourne CBD,Victoria,20,Sweet Biscuits 250g,Snacks,2023-06-20,2023-06-28,9,10.0,In-Store Display
2140,4,Melbourne CBD,Victoria,20,Sweet Biscuits 250g,Snacks,2024-11-07,2024-11-18,12,25.0,Catalogue
2141,4,Melbourne CBD,Victoria,20,Sweet Biscuits 250g,Snacks,2024-09-09,2024-09-13,5,10.0,In-Store Display
2142,4,Melbourne CBD,Victoria,20,Sweet Biscuits 250g,Snacks,2023-02-20,2023-02-26,7,25.0,Catalogue
2143,4,Melbourne CBD,Victoria,20,Sweet Biscuits 250g,Snacks,2025-02-11,2025-02-24,14,30.0,Catalogue
2144,4,Melbourne CBD,Victoria,20,Sweet Biscuits 250g,Snacks,2023-07-18,2023-07-28,11,10.0,In-Store Display
2145,4,Melbourne CBD,Victoria,20,Sweet Biscuits 250g,Snacks,2025-09-02,2025-09-07,6,30.0,Catalogue
2146,4,Melbourne CBD,Victoria,20,Sweet Biscuits 250g,Snacks,2025-12-13,2025-12-17,5,10.0,In-Store Display
2147,4,Melbourne CBD,Victoria,20,Sweet Biscuits 250g,Snacks,2023-04-26,2023-05-01,6,10.0,In-Store Display
2148,4,Melbourne CBD,Victoria,20,Sweet Biscuits 250g,Snacks,2023-11-07,2023-11-15,9,50.0,Clearance
2149,4,Melbourne CBD,Victoria,20,Sweet Biscuits 250g,Snacks,2023-12-24,2023-12-29,6,15.0,In-Store Display
2150,4,Melbourne CBD,Victoria,20,Sweet Biscuits 250g,Snacks,2024-06-21,2024-06-29,9,50.0,Clearance
2151,4,Melbourne CBD,Victoria,20,Sweet Biscuits 250g,Snacks,2023-01-12,2023-01-17,6,20.0,Catalogue
2152,4,Melbourne CBD,Victoria,20,Sweet Biscuits 250g,Snacks,2024-04-12,2024-04-23,12,10.0,In-Store Display
2153,4,Melbourne CBD,Victoria,20,Sweet Biscuits 250g,Snacks,2025-01-03,2025-01-16,14,20.0,Catalogue
2154,4,Melbourne CBD,Victoria,20,Sweet Biscuits 250g,Snacks,2023-08-21,2023-08-28,8,50.0,Clearance
2155,4,Melbourne CBD,Victoria,20,Sweet Biscuits 250g,Snacks,2024-02-28,2024-03-08,10,20.0,Catalogue
2156,4,Melbourne CBD,Victoria,20,Sweet Biscuits 250g,Snacks,2025-10-21,2025-10-27,7,10.0,In-Store Display
2157,4,Melbourne CBD,Victoria,20,Sweet Biscuits 250g,Snacks,2025-05-22,2025-05-28,7,20.0,Catalogue
2158,4,Melbourne CBD,Victoria,20,Sweet Biscuits 250g,Snacks,2023-10-11,2023-10-22,12,25.0,Catalogue
2159,4,Melbourne CBD,Victoria,20,Sweet Biscuits 250g,Snacks,2023-05-26,2023-06-03,9,30.0,Catalogue
2160,4,Melbourne CBD,Victoria,20,Sweet Biscuits 250g,Snacks,2024-01-28,2024-02-07,11,20.0,Catalogue
2161,4,Melbourne CBD,Victoria,20,Sweet Biscuits 250g,Snacks,2024-10-11,2024-10-16,6,25.0,Catalogue
2162,4,Melbourne CBD,Victoria,20,Sweet Biscuits 250g,Snacks,2024-05-20,2024-05-31,12,15.0,In-Store Display
2163,4,Melbourne CBD,Victoria,21,Chocolate Block 180g,Snacks,2024-06-18,2024-06-27,10,20.0,Catalogue
2164,4,Melbourne CBD,Victoria,21,Chocolate Block 180g,Snacks,2023-07-17,2023-07-23,7,25.0,Catalogue
2165,4,Melbourne CBD,Victoria,21,Chocolate Block 180g,Snacks,2023-12-23,2023-12-29,7,20.0,Catalogue
2166,4,Melbourne CBD,Victoria,21,Chocolate Block 180g,Snacks,2025-05-21,2025-05-26,6,25.0,Catalogue
2167,4,Melbourne CBD,Victoria,21,Chocolate Block 180g,Snacks,2024-10-16,2024-10-20,5,15.0,In-Store Display
2168,4,Melbourne CBD,Victoria,21,Chocolate Block 180g,Snacks,2023-01-28,2023-02-05,9,20.0,Catalogue
2169,4,Melbourne CBD,Victoria,21,Chocolate Block 180g,Snacks,2024-02-08,2024-02-21,14,15.0,In-Store Display
2170,4,Melbourne CBD,Victoria,21,Chocolate Block 180g,Snacks,2023-09-03,2023-09-12,10,10.0,In-Store Display
2171,4,Melbourne CBD,Victoria,21,Chocolate Block 180g,Snacks,2025-07-08,2025-07-16,9,30.0,Catalogue
2172,4,Melbourne CBD,Victoria,21,Chocolate Block 180g,Snacks,2024-01-15,2024-01-23,9,15.0,In-Store Display
2173,4,Melbourne CBD,Victoria,21,Chocolate Block 180g,Snacks,2023-11-21,2023-11-26,6,25.0,Catalogue
2174,4,Melbourne CBD,Victoria,21,Chocolate Block 180g,Snacks,2023-05-13,2023-05-25,13,10.0,In-Store Display
2175,4,Melbourne CBD,Victoria,21,Chocolate Block 180g,Snacks,2025-08-20,2025-08-25,6,15.0,In-Store Display
2176,4,Melbourne CBD,Victoria,21,Chocolate Block 180g,Snacks,2025-03-25,2025-04-07,14,25.0,Catalogue
2177,4,Melbourne CBD,Victoria,21,Chocolate Block 180g,Snacks,2023-10-02,2023-10-14,13,30.0,Catalogue
2178,4,Melbourne CBD,Victoria,21,Chocolate Block 180g,Snacks,2024-11-15,2024-11-24,10,10.0,In-Store Display
2179,4,Melbourne CBD,Victoria,21,Chocolate Block 180g,Snacks,2024-03-26,2024-04-03,9,20.0,Catalogue
2180,4,Melbourne CBD,Victoria,21,Chocolate Block 180g,Snacks,2023-02-26,2023-03-08,11,20.0,Catalogue
2181,4,Melbourne CBD,Victoria,21,Chocolate Block 180g,Snacks,2025-09-12,2025-09-19,8,20.0,Catalogue
2182,4,Melbourne CBD,Victoria,21,Chocolate Block 180g,Snacks,2024-04-23,2024-04-30,8,25.0,Catalogue
2183,4,Melbourne CBD,Victoria,21,Chocolate Block 180g,Snacks,2024-07-24,2024-08-02,10,15.0,In-Store Display
2184,4,Melbourne CBD,Victoria,21,Chocolate Block 180g,Snacks,2025-12-21,2025-12-29,9,25.0,Catalogue
2185,4,Melbourne CBD,Victoria,21,Chocolate Block 180g,Snacks,2025-01-28,2025-02-07,11,10.0,In-Store Display
2186,4,Melbourne CBD,Victoria,21,Chocolate Block 180g,Snacks,2025-11-06,2025-11-15,10,20.0,Catalogue
2187,4,Melbourne CBD,Victoria,21,Chocolate Block 180g,Snacks,2024-08-19,2024-08-23,5,10.0,In-Store Display
2188,4,Melbourne CBD,Victoria,21,Chocolate Block 180g,Snacks,2024-05-22,2024-06-01,11,30.0,Catalogue
2189,4,Melbourne CBD,Victoria,21,Chocolate Block 180g,Snacks,2024-09-10,2024-09-16,7,15.0,In-Store Display
2190,4,Melbourne CBD,Victoria,21,Chocolate Block 180g,Snacks,2025-10-08,2025-10-19,12,20.0,Catalogue
2191,4,Melbourne CBD,Victoria,21,Chocolate Block 180g,Snacks,2023-06-22,2023-07-01,10,20.0,Catalogue
2192,4,Melbourne CBD,Victoria,21,Chocolate Block 180g,Snacks,2025-03-01,2025-03-05,5,25.0,Catalogue
2193,4,Melbourne CBD,Victoria,21,Chocolate Block 180g,Snacks,2025-04-23,2025-05-06,14,15.0,In-Store Display
2194,4,Melbourne CBD,Victoria,21,Chocolate Block 180g,Snacks,2023-04-02,2023-04-11,10,30.0,Catalogue
2195,4,Melbourne CBD,Victoria,21,Chocolate Block 180g,Snacks,2025-01-09,2025-01-13,5,10.0,In-Store Display
2196,4,Melbourne CBD,Victoria,21,Chocolate Block 180g,Snacks,2024-12-18,2024-12-24,7,15.0,In-Store Display
2197,4,Melbourne CBD,Victoria,22,Mixed Nuts 400g,Snacks,2023-07-23,2023-07-29,7,50.0,Clearance
2198,4,Melbourne CBD,Victoria,22,Mixed Nuts 400g,Snacks,2023-12-24,2024-01-03,11,25.0,Catalogue
2199,4,Melbourne CBD,Victoria,22,Mixed Nuts 400g,Snacks,2025-11-14,2025-11-22,9,10.0,In-Store Display
2200,4,Melbourne CBD,Victoria,22,Mixed Nuts 400g,Snacks,2023-06-10,2023-06-20,11,15.0,In-Store Display
2201,4,Melbourne CBD,Victoria,22,Mixed Nuts 400g,Snacks,2023-04-20,2023-04-28,9,10.0,In-Store Display
2202,4,Melbourne CBD,Victoria,22,Mixed Nuts 400g,Snacks,2024-03-07,2024-03-16,10,15.0,In-Store Display
2203,4,Melbourne CBD,Victoria,22,Mixed Nuts 400g,Snacks,2023-10-24,2023-10-29,6,25.0,Catalogue
2204,4,Melbourne CBD,Victoria,22,Mixed Nuts 400g,Snacks,2025-08-21,2025-08-31,11,25.0,Catalogue
2205,4,Melbourne CBD,Victoria,22,Mixed Nuts 400g,Snacks,2024-06-01,2024-06-13,13,30.0,Catalogue
2206,4,Melbourne CBD,Victoria,22,Mixed Nuts 400g,Snacks,2025-04-02,2025-04-10,9,10.0,In-Store Display
2207,4,Melbourne CBD,Victoria,22,Mixed Nuts 400g,Snacks,2025-01-10,2025-01-19,10,25.0,Catalogue
2208,4,Melbourne CBD,Victoria,22,Mixed Nuts 400g,Snacks,2024-12-01,2024-12-11,11,20.0,Catalogue
2209,4,Melbourne CBD,Victoria,22,Mixed Nuts 400g,Snacks,2025-03-04,2025-03-16,13,20.0,Catalogue
2210,4,Melbourne CBD,Victoria,22,Mixed Nuts 400g,Snacks,2023-09-03,2023-09-09,7,10.0,In-Store Display
2211,4,Melbourne CBD,Victoria,22,Mixed Nuts 400g,Snacks,2025-07-21,2025-08-01,12,30.0,Catalogue
2212,4,Melbourne CBD,Victoria,22,Mixed Nuts 400g,Snacks,2024-10-13,2024-10-24,12,10.0,In-Store Display
2213,4,Melbourne CBD,Victoria,22,Mixed Nuts 400g,Snacks,2024-09-05,2024-09-14,10,20.0,Catalogue
2214,4,Melbourne CBD,Victoria,22,Mixed Nuts 400g,Snacks,2025-06-15,2025-06-22,8,25.0,Catalogue
2215,4,Melbourne CBD,Victoria,22,Mixed Nuts 400g,Snacks,2023-03-16,2023-03-28,13,25.0,Catalogue
2216,4,Melbourne CBD,Victoria,22,Mixed Nuts 400g,Snacks,2023-02-04,2023-02-09,6,15.0,In-Store Display
2217,4,Melbourne CBD,Victoria,22,Mixed Nuts 400g,Snacks,2025-10-20,2025-10-28,9,15.0,In-Store Display
2218,4,Melbourne CBD,Victoria,22,Mixed Nuts 400g,Snacks,2025-12-11,2025-12-18,8,30.0,Catalogue
2219,4,Melbourne CBD,Victoria,22,Mixed Nuts 400g,Snacks,2024-04-17,2024-04-24,8,20.0,Catalogue
2220,4,Melbourne CBD,Victoria,23,Muesli Bars 6pk,Snacks,2023-05-04,2023-05-17,14,10.0,In-Store Display
2221,4,Melbourne CBD,Victoria,23,Muesli Bars 6pk,Snacks,2023-02-20,2023-03-01,10,20.0,Catalogue
2222,4,Melbourne CBD,Victoria,23,Muesli Bars 6pk,Snacks,2025-08-17,2025-08-22,6,10.0,In-Store Display
2223,4,Melbourne CBD,Victoria,23,Muesli Bars 6pk,Snacks,2025-10-12,2025-10-17,6,20.0,Catalogue
2224,4,Melbourne CBD,Victoria,23,Muesli Bars 6pk,Snacks,2023-12-16,2023-12-22,7,15.0,In-Store Display
2225,4,Melbourne CBD,Victoria,23,Muesli Bars 6pk,Snacks,2024-03-31,2024-04-04,5,20.0,Catalogue
2226,4,Melbourne CBD,Victoria,23,Muesli Bars 6pk,Snacks,2024-06-21,2024-06-29,9,20.0,Catalogue
2227,4,Melbourne CBD,Victoria,23,Muesli Bars 6pk,Snacks,2025-07-18,2025-07-28,11,25.0,Catalogue
2228,4,Melbourne CBD,Victoria,23,Muesli Bars 6pk,Snacks,2023-11-11,2023-11-18,8,25.0,Catalogue
2229,4,Melbourne CBD,Victoria,23,Muesli Bars 6pk,Snacks,2023-09-30,2023-10-04,5,10.0,In-Store Display
2230,4,Melbourne CBD,Victoria,23,Muesli Bars 6pk,Snacks,2024-12-03,2024-12-08,6,30.0,Catalogue
2231,4,Melbourne CBD,Victoria,23,Muesli Bars 6pk,Snacks,2023-06-21,2023-07-03,13,30.0,Catalogue
2232,4,Melbourne CBD,Victoria,23,Muesli Bars 6pk,Snacks,2024-04-28,2024-05-05,8,20.0,Catalogue
2233,4,Melbourne CBD,Victoria,23,Muesli Bars 6pk,Snacks,2024-01-15,2024-01-27,13,20.0,Catalogue
2234,4,Melbourne CBD,Victoria,23,Muesli Bars 6pk,Snacks,2024-10-28,2024-11-01,5,15.0,In-Store Display
2235,4,Melbourne CBD,Victoria,23,Muesli Bars 6pk,Snacks,2024-08-05,2024-08-16,12,25.0,Catalogue
2236,4,Melbourne CBD,Victoria,23,Muesli Bars 6pk,Snacks,2024-03-03,2024-03-08,6,20.0,Catalogue
2237,4,Melbourne CBD,Victoria,23,Muesli Bars 6pk,Snacks,2025-01-01,2025-01-09,9,15.0,In-Store Display
2238,4,Melbourne CBD,Victoria,23,Muesli Bars 6pk,Snacks,2023-01-11,2023-01-19,9,15.0,In-Store Display
2239,4,Melbourne CBD,Victoria,23,Muesli Bars 6pk,Snacks,2025-02-10,2025-02-23,14,25.0,Catalogue
2240,4,Melbourne CBD,Victoria,23,Muesli Bars 6pk,Snacks,2025-11-18,2025-11-28,11,30.0,Catalogue
2241,4,Melbourne CBD,Victoria,23,Muesli Bars 6pk,Snacks,2023-07-25,2023-08-06,13,10.0,In-Store Display
2242,4,Melbourne CBD,Victoria,23,Muesli Bars 6pk,Snacks,2025-05-25,2025-05-30,6,25.0,Catalogue
2243,4,Melbourne CBD,Victoria,23,Muesli Bars 6pk,Snacks,2025-04-05,2025-04-15,11,25.0,Catalogue
2244,4,Melbourne CBD,Victoria,23,Muesli Bars 6pk,Snacks,2025-12-20,2025-12-24,5,20.0,Catalogue
2245,4,Melbourne CBD,Victoria,24,Toilet Paper 12pk,Household,2024-01-08,2024-01-20,13,25.0,Catalogue
2246,4,Melbourne CBD,Victoria,24,Toilet Paper 12pk,Household,2025-09-26,2025-10-03,8,25.0,Catalogue
2247,4,Melbourne CBD,Victoria,24,Toilet Paper 12pk,Household,2025-12-21,2025-12-29,9,10.0,In-Store Display
2248,4,Melbourne CBD,Victoria,24,Toilet Paper 12pk,Household,2024-10-15,2024-10-22,8,25.0,Catalogue
2249,4,Melbourne CBD,Victoria,24,Toilet Paper 12pk,Household,2025-05-10,2025-05-23,14,20.0,Catalogue
2250,4,Melbourne CBD,Victoria,24,Toilet Paper 12pk,Household,2023-03-26,2023-04-06,12,25.0,Catalogue
2251,4,Melbourne CBD,Victoria,24,Toilet Paper 12pk,Household,2023-02-25,2023-03-07,11,20.0,Catalogue
2252,4,Melbourne CBD,Victoria,24,Toilet Paper 12pk,Household,2023-07-25,2023-08-07,14,25.0,Catalogue
2253,4,Melbourne CBD,Victoria,24,Toilet Paper 12pk,Household,2024-05-25,2024-05-29,5,30.0,Catalogue
2254,4,Melbourne CBD,Victoria,24,Toilet Paper 12pk,Household,2024-02-04,2024-02-12,9,20.0,Catalogue
2255,4,Melbourne CBD,Victoria,24,Toilet Paper 12pk,Household,2025-03-29,2025-04-11,14,10.0,In-Store Display
2256,4,Melbourne CBD,Victoria,24,Toilet Paper 12pk,Household,2024-08-03,2024-08-11,9,15.0,In-Store Display
2257,4,Melbourne CBD,Victoria,24,Toilet Paper 12pk,Household,2025-01-04,2025-01-08,5,20.0,Catalogue
2258,4,Melbourne CBD,Victoria,24,Toilet Paper 12pk,Household,2025-02-09,2025-02-17,9,10.0,In-Store Display
2259,4,Melbourne CBD,Victoria,24,Toilet Paper 12pk,Household,2023-06-15,2023-06-22,8,10.0,In-Store Display
2260,4,Melbourne CBD,Victoria,24,Toilet Paper 12pk,Household,2023-10-25,2023-11-02,9,15.0,In-Store Display
2261,4,Melbourne CBD,Victoria,24,Toilet Paper 12pk,Household,2024-06-18,2024-06-26,9,20.0,Catalogue
2262,4,Melbourne CBD,Victoria,24,Toilet Paper 12pk,Household,2025-06-11,2025-06-15,5,25.0,Catalogue
2263,4,Melbourne CBD,Victoria,24,Toilet Paper 12pk,Household,2023-12-01,2023-12-06,6,15.0,In-Store Display
2264,4,Melbourne CBD,Victoria,24,Toilet Paper 12pk,Household,2024-03-16,2024-03-29,14,25.0,Catalogue
2265,4,Melbourne CBD,Victoria,24,Toilet Paper 12pk,Household,2024-11-14,2024-11-27,14,25.0,Catalogue
2266,4,Melbourne CBD,Victoria,25,Laundry Liquid 2L,Household,2023-01-14,2023-01-25,12,30.0,Catalogue
2267,4,Melbourne CBD,Victoria,25,Laundry Liquid 2L,Household,2023-05-01,2023-05-10,10,10.0,In-Store Display
2268,4,Melbourne CBD,Victoria,25,Laundry Liquid 2L,Household,2024-06-14,2024-06-26,13,20.0,Catalogue
2269,4,Melbourne CBD,Victoria,25,Laundry Liquid 2L,Household,2024-05-04,2024-05-15,12,20.0,Catalogue
2270,4,Melbourne CBD,Victoria,25,Laundry Liquid 2L,Household,2024-09-26,2024-10-05,10,10.0,In-Store Display
2271,4,Melbourne CBD,Victoria,25,Laundry Liquid 2L,Household,2024-11-14,2024-11-22,9,10.0,In-Store Display
2272,4,Melbourne CBD,Victoria,25,Laundry Liquid 2L,Household,2025-02-08,2025-02-19,12,20.0,Catalogue
2273,4,Melbourne CBD,Victoria,25,Laundry Liquid 2L,Household,2025-05-08,2025-05-18,11,25.0,Catalogue
2274,4,Melbourne CBD,Victoria,25,Laundry Liquid 2L,Household,2023-08-13,2023-08-25,13,10.0,In-Store Display
2275,4,Melbourne CBD,Victoria,25,Laundry Liquid 2L,Household,2025-07-13,2025-07-18,6,25.0,Catalogue
2276,4,Melbourne CBD,Victoria,25,Laundry Liquid 2L,Household,2024-08-03,2024-08-08,6,15.0,In-Store Display
2277,4,Melbourne CBD,Victoria,25,Laundry Liquid 2L,Household,2023-11-21,2023-12-03,13,30.0,Catalogue
2278,4,Melbourne CBD,Victoria,25,Laundry Liquid 2L,Household,2024-08-25,2024-09-06,13,15.0,In-Store Display
2279,4,Melbourne CBD,Victoria,25,Laundry Liquid 2L,Household,2023-02-28,2023-03-11,12,30.0,Catalogue
2280,4,Melbourne CBD,Victoria,25,Laundry Liquid 2L,Household,2025-12-18,2025-12-30,13,15.0,In-Store Display
2281,4,Melbourne CBD,Victoria,25,Laundry Liquid 2L,Household,2025-11-19,2025-12-02,14,30.0,Catalogue
2282,4,Melbourne CBD,Victoria,25,Laundry Liquid 2L,Household,2025-09-22,2025-10-02,11,10.0,In-Store Display
2283,4,Melbourne CBD,Victoria,25,Laundry Liquid 2L,Household,2025-06-17,2025-06-26,10,20.0,Catalogue
2284,4,Melbourne CBD,Victoria,25,Laundry Liquid 2L,Household,2023-07-05,2023-07-13,9,20.0,Catalogue
2285,4,Melbourne CBD,Victoria,25,Laundry Liquid 2L,Household,2024-12-14,2024-12-20,7,50.0,Clearance
2286,4,Melbourne CBD,Victoria,25,Laundry Liquid 2L,Household,2024-03-24,2024-04-03,11,20.0,Catalogue
2287,4,Melbourne CBD,Victoria,25,Laundry Liquid 2L,Household,2023-10-15,2023-10-27,13,15.0,In-Store Display
2288,4,Melbourne CBD,Victoria,25,Laundry Liquid 2L,Household,2025-10-21,2025-10-30,10,25.0,Catalogue
2289,4,Melbourne CBD,Victoria,26,Dishwashing Liquid 500ml,Household,2024-12-26,2024-12-30,5,15.0,In-Store Display
2290,4,Melbourne CBD,Victoria,26,Dishwashing Liquid 500ml,Household,2025-12-07,2025-12-12,6,15.0,In-Store Display
2291,4,Melbourne CBD,Victoria,26,Dishwashing Liquid 500ml,Household,2024-10-05,2024-10-12,8,20.0,Catalogue
2292,4,Melbourne CBD,Victoria,26,Dishwashing Liquid 500ml,Household,2025-02-17,2025-03-02,14,10.0,In-Store Display
2293,4,Melbourne CBD,Victoria,26,Dishwashing Liquid 500ml,Household,2025-06-29,2025-07-07,9,15.0,In-Store Display
2294,4,Melbourne CBD,Victoria,26,Dishwashing Liquid 500ml,Household,2025-09-08,2025-09-16,9,10.0,In-Store Display
2295,4,Melbourne CBD,Victoria,26,Dishwashing Liquid 500ml,Household,2023-04-11,2023-04-20,10,10.0,In-Store Display
2296,4,Melbourne CBD,Victoria,26,Dishwashing Liquid 500ml,Household,2023-09-19,2023-10-02,14,15.0,In-Store Display
2297,4,Melbourne CBD,Victoria,26,Dishwashing Liquid 500ml,Household,2024-07-18,2024-07-22,5,15.0,In-Store Display
2298,4,Melbourne CBD,Victoria,26,Dishwashing Liquid 500ml,Household,2024-05-11,2024-05-16,6,15.0,In-Store Display
2299,4,Melbourne CBD,Victoria,26,Dishwashing Liquid 500ml,Household,2025-10-10,2025-10-14,5,25.0,Catalogue
2300,4,Melbourne CBD,Victoria,26,Dishwashing Liquid 500ml,Household,2025-01-14,2025-01-25,12,20.0,Catalogue
2301,4,Melbourne CBD,Victoria,26,Dishwashing Liquid 500ml,Household,2025-05-30,2025-06-08,10,15.0,In-Store Display
2302,4,Melbourne CBD,Victoria,26,Dishwashing Liquid 500ml,Household,2023-12-20,2023-12-31,12,20.0,Catalogue
2303,4,Melbourne CBD,Victoria,26,Dishwashing Liquid 500ml,Household,2023-01-29,2023-02-10,13,15.0,In-Store Display
2304,4,Melbourne CBD,Victoria,26,Dishwashing Liquid 500ml,Household,2024-11-13,2024-11-24,12,20.0,Catalogue
2305,4,Melbourne CBD,Victoria,26,Dishwashing Liquid 500ml,Household,2023-08-09,2023-08-13,5,30.0,Catalogue
2306,4,Melbourne CBD,Victoria,27,Paper Towel 4pk,Household,2024-11-08,2024-11-12,5,25.0,Catalogue
2307,4,Melbourne CBD,Victoria,27,Paper Towel 4pk,Household,2025-01-20,2025-01-30,11,10.0,In-Store Display
2308,4,Melbourne CBD,Victoria,27,Paper Towel 4pk,Household,2023-01-17,2023-01-22,6,10.0,In-Store Display
2309,4,Melbourne CBD,Victoria,27,Paper Towel 4pk,Household,2023-11-06,2023-11-13,8,10.0,In-Store Display
2310,4,Melbourne CBD,Victoria,27,Paper Towel 4pk,Household,2024-12-16,2024-12-29,14,20.0,Catalogue
2311,4,Melbourne CBD,Victoria,27,Paper Towel 4pk,Household,2023-04-10,2023-04-18,9,15.0,In-Store Display
2312,4,Melbourne CBD,Victoria,27,Paper Towel 4pk,Household,2024-03-20,2024-04-02,14,15.0,In-Store Display
2313,4,Melbourne CBD,Victoria,27,Paper Towel 4pk,Household,2023-07-06,2023-07-12,7,15.0,In-Store Display
2314,4,Melbourne CBD,Victoria,27,Paper Towel 4pk,Household,2025-07-30,2025-08-07,9,10.0,In-Store Display
2315,4,Melbourne CBD,Victoria,27,Paper Towel 4pk,Household,2025-12-26,2025-12-30,5,30.0,Catalogue
2316,4,Melbourne CBD,Victoria,27,Paper Towel 4pk,Household,2023-05-15,2023-05-24,10,15.0,In-Store Display
2317,4,Melbourne CBD,Victoria,27,Paper Towel 4pk,Household,2023-12-16,2023-12-23,8,15.0,In-Store Display
2318,4,Melbourne CBD,Victoria,27,Paper Towel 4pk,Household,2024-04-18,2024-04-27,10,25.0,Catalogue
2319,4,Melbourne CBD,Victoria,27,Paper Towel 4pk,Household,2024-08-02,2024-08-06,5,30.0,Catalogue
2320,4,Melbourne CBD,Victoria,27,Paper Towel 4pk,Household,2024-08-29,2024-09-07,10,15.0,In-Store Display
2321,4,Melbourne CBD,Victoria,27,Paper Towel 4pk,Household,2025-11-28,2025-12-11,14,20.0,Catalogue
2322,4,Melbourne CBD,Victoria,27,Paper Towel 4pk,Household,2025-10-04,2025-10-08,5,25.0,Catalogue
2323,4,Melbourne CBD,Victoria,27,Paper Towel 4pk,Household,2023-08-21,2023-08-26,6,15.0,In-Store Display
2324,4,Melbourne CBD,Victoria,27,Paper Towel 4pk,Household,2025-07-04,2025-07-11,8,10.0,In-Store Display
2325,4,Melbourne CBD,Victoria,27,Paper Towel 4pk,Household,2023-03-03,2023-03-16,14,25.0,Catalogue
2326,4,Melbourne CBD,Victoria,28,Sunscreen SPF50+ 200ml,Household,2025-03-17,2025-03-30,14,20.0,Catalogue
2327,4,Melbourne CBD,Victoria,28,Sunscreen SPF50+ 200ml,Household,2024-10-25,2024-10-31,7,20.0,Catalogue
2328,4,Melbourne CBD,Victoria,28,Sunscreen SPF50+ 200ml,Household,2024-09-02,2024-09-12,11,25.0,Catalogue
2329,4,Melbourne CBD,Victoria,28,Sunscreen SPF50+ 200ml,Household,2024-05-19,2024-06-01,14,20.0,Catalogue
2330,4,Melbourne CBD,Victoria,28,Sunscreen SPF50+ 200ml,Household,2025-06-04,2025-06-17,14,30.0,Catalogue
2331,4,Melbourne CBD,Victoria,28,Sunscreen SPF50+ 200ml,Household,2024-01-21,2024-01-28,8,25.0,Catalogue
2332,4,Melbourne CBD,Victoria,28,Sunscreen SPF50+ 200ml,Household,2023-07-18,2023-07-24,7,25.0,Catalogue
2333,4,Melbourne CBD,Victoria,28,Sunscreen SPF50+ 200ml,Household,2023-11-24,2023-12-01,8,20.0,Catalogue
2334,4,Melbourne CBD,Victoria,28,Sunscreen SPF50+ 200ml,Household,2023-02-09,2023-02-21,13,20.0,Catalogue
2335,4,Melbourne CBD,Victoria,28,Sunscreen SPF50+ 200ml,Household,2025-10-25,2025-11-04,11,15.0,In-Store Display
2336,4,Melbourne CBD,Victoria,28,Sunscreen SPF50+ 200ml,Household,2025-07-24,2025-08-05,13,30.0,Catalogue
2337,4,Melbourne CBD,Victoria,28,Sunscreen SPF50+ 200ml,Household,2025-02-09,2025-02-21,13,20.0,Catalogue
2338,4,Melbourne CBD,Victoria,28,Sunscreen SPF50+ 200ml,Household,2025-12-15,2025-12-24,10,10.0,In-Store Display
2339,4,Melbourne CBD,Victoria,28,Sunscreen SPF50+ 200ml,Household,2024-04-22,2024-05-03,12,10.0,In-Store Display
2340,4,Melbourne CBD,Victoria,28,Sunscreen SPF50+ 200ml,Household,2023-05-17,2023-05-24,8,25.0,Catalogue
2341,4,Melbourne CBD,Victoria,28,Sunscreen SPF50+ 200ml,Household,2023-10-04,2023-10-10,7,15.0,In-Store Display
2342,4,Melbourne CBD,Victoria,28,Sunscreen SPF50+ 200ml,Household,2023-06-09,2023-06-13,5,25.0,Catalogue
2343,4,Melbourne CBD,Victoria,28,Sunscreen SPF50+ 200ml,Household,2024-12-10,2024-12-21,12,50.0,Clearance
2344,4,Melbourne CBD,Victoria,28,Sunscreen SPF50+ 200ml,Household,2025-09-13,2025-09-20,8,25.0,Catalogue
2345,4,Melbourne CBD,Victoria,28,Sunscreen SPF50+ 200ml,Household,2023-10-31,2023-11-06,7,10.0,In-Store Display
2346,4,Melbourne CBD,Victoria,29,Insect Repellent 150ml,Household,2025-08-12,2025-08-23,12,15.0,In-Store Display
2347,4,Melbourne CBD,Victoria,29,Insect Repellent 150ml,Household,2024-06-14,2024-06-18,5,25.0,Catalogue
2348,4,Melbourne CBD,Victoria,29,Insect Repellent 150ml,Household,2025-11-16,2025-11-27,12,25.0,Catalogue
2349,4,Melbourne CBD,Victoria,29,Insect Repellent 150ml,Household,2025-05-03,2025-05-13,11,20.0,Catalogue
2350,4,Melbourne CBD,Victoria,29,Insect Repellent 150ml,Household,2023-08-17,2023-08-21,5,30.0,Catalogue
2351,4,Melbourne CBD,Victoria,29,Insect Repellent 150ml,Household,2025-10-07,2025-10-17,11,20.0,Catalogue
2352,4,Melbourne CBD,Victoria,29,Insect Repellent 150ml,Household,2023-09-29,2023-10-10,12,20.0,Catalogue
2353,4,Melbourne CBD,Victoria,29,Insect Repellent 150ml,Household,2024-01-16,2024-01-25,10,10.0,In-Store Display
2354,4,Melbourne CBD,Victoria,29,Insect Repellent 150ml,Household,2023-11-03,2023-11-16,14,30.0,Catalogue
2355,4,Melbourne CBD,Victoria,29,Insect Repellent 150ml,Household,2024-10-26,2024-10-30,5,20.0,Catalogue
2356,4,Melbourne CBD,Victoria,29,Insect Repellent 150ml,Household,2023-07-03,2023-07-09,7,10.0,In-Store Display
2357,4,Melbourne CBD,Victoria,29,Insect Repellent 150ml,Household,2024-03-10,2024-03-16,7,15.0,In-Store Display
2358,4,Melbourne CBD,Victoria,29,Insect Repellent 150ml,Household,2023-03-23,2023-03-31,9,15.0,In-Store Display
2359,4,Melbourne CBD,Victoria,29,Insect Repellent 150ml,Household,2025-02-05,2025-02-09,5,15.0,In-Store Display
2360,4,Melbourne CBD,Victoria,29,Insect Repellent 150ml,Household,2024-04-15,2024-04-20,6,20.0,Catalogue
2361,4,Melbourne CBD,Victoria,29,Insect Repellent 150ml,Household,2025-06-28,2025-07-06,9,15.0,In-Store Display
2362,4,Melbourne CBD,Victoria,29,Insect Repellent 150ml,Household,2024-08-30,2024-09-06,8,50.0,Clearance
2363,4,Melbourne CBD,Victoria,29,Insect Repellent 150ml,Household,2024-12-19,2024-12-27,9,30.0,Catalogue
2364,4,Melbourne CBD,Victoria,30,Firelighters 24pk,Household,2025-04-07,2025-04-12,6,20.0,Catalogue
2365,4,Melbourne CBD,Victoria,30,Firelighters 24pk,Household,2024-02-12,2024-02-21,10,15.0,In-Store Display
2366,4,Melbourne CBD,Victoria,30,Firelighters 24pk,Household,2025-05-12,2025-05-16,5,30.0,Catalogue
2367,4,Melbourne CBD,Victoria,30,Firelighters 24pk,Household,2023-11-10,2023-11-21,12,20.0,Catalogue
2368,4,Melbourne CBD,Victoria,30,Firelighters 24pk,Household,2024-03-28,2024-04-03,7,15.0,In-Store Display
2369,4,Melbourne CBD,Victoria,30,Firelighters 24pk,Household,2025-09-18,2025-09-25,8,15.0,In-Store Display
2370,4,Melbourne CBD,Victoria,30,Firelighters 24pk,Household,2024-08-02,2024-08-12,11,10.0,In-Store Display
2371,4,Melbourne CBD,Victoria,30,Firelighters 24pk,Household,2025-03-04,2025-03-15,12,15.0,In-Store Display
2372,4,Melbourne CBD,Victoria,30,Firelighters 24pk,Household,2024-12-24,2024-12-31,8,25.0,Catalogue
2373,4,Melbourne CBD,Victoria,30,Firelighters 24pk,Household,2023-01-14,2023-01-18,5,30.0,Catalogue
2374,4,Melbourne CBD,Victoria,30,Firelighters 24pk,Household,2023-03-23,2023-03-27,5,15.0,In-Store Display
2375,4,Melbourne CBD,Victoria,30,Firelighters 24pk,Household,2023-07-25,2023-08-03,10,20.0,Catalogue
2376,4,Melbourne CBD,Victoria,30,Firelighters 24pk,Household,2024-06-08,2024-06-16,9,10.0,In-Store Display
2377,4,Melbourne CBD,Victoria,30,Firelighters 24pk,Household,2025-08-20,2025-08-28,9,30.0,Catalogue
2378,5,Footscray,Victoria,1,Long Grain Rice 2kg,Staples,2024-02-01,2024-02-09,9,15.0,In-Store Display
2379,5,Footscray,Victoria,1,Long Grain Rice 2kg,Staples,2025-04-08,2025-04-12,5,15.0,In-Store Display
2380,5,Footscray,Victoria,1,Long Grain Rice 2kg,Staples,2025-09-07,2025-09-19,13,20.0,Catalogue
2381,5,Footscray,Victoria,1,Long Grain Rice 2kg,Staples,2025-01-08,2025-01-12,5,15.0,In-Store Display
2382,5,Footscray,Victoria,1,Long Grain Rice 2kg,Staples,2025-02-01,2025-02-12,12,15.0,In-Store Display
2383,5,Footscray,Victoria,1,Long Grain Rice 2kg,Staples,2023-02-23,2023-03-06,12,15.0,In-Store Display
2384,5,Footscray,Victoria,1,Long Grain Rice 2kg,Staples,2023-07-19,2023-07-27,9,20.0,Catalogue
2385,5,Footscray,Victoria,1,Long Grain Rice 2kg,Staples,2025-11-09,2025-11-13,5,25.0,Catalogue
2386,5,Footscray,Victoria,1,Long Grain Rice 2kg,Staples,2023-05-26,2023-05-31,6,10.0,In-Store Display
2387,5,Footscray,Victoria,1,Long Grain Rice 2kg,Staples,2025-05-23,2025-05-30,8,50.0,Clearance
2388,5,Footscray,Victoria,1,Long Grain Rice 2kg,Staples,2025-10-13,2025-10-18,6,15.0,In-Store Display
2389,5,Footscray,Victoria,1,Long Grain Rice 2kg,Staples,2024-10-19,2024-10-30,12,10.0,In-Store Display
2390,5,Footscray,Victoria,1,Long Grain Rice 2kg,Staples,2023-11-14,2023-11-23,10,15.0,In-Store Display
2391,5,Footscray,Victoria,2,Dried Pasta 500g,Staples,2024-05-12,2024-05-16,5,15.0,In-Store Display
2392,5,Footscray,Victoria,2,Dried Pasta 500g,Staples,2023-06-25,2023-06-29,5,10.0,In-Store Display
2393,5,Footscray,Victoria,2,Dried Pasta 500g,Staples,2025-09-01,2025-09-14,14,15.0,In-Store Display
2394,5,Footscray,Victoria,2,Dried Pasta 500g,Staples,2025-02-10,2025-02-15,6,30.0,Catalogue
2395,5,Footscray,Victoria,2,Dried Pasta 500g,Staples,2023-09-21,2023-10-02,12,20.0,Catalogue
2396,5,Footscray,Victoria,2,Dried Pasta 500g,Staples,2023-03-12,2023-03-23,12,30.0,Catalogue
2397,5,Footscray,Victoria,2,Dried Pasta 500g,Staples,2023-01-14,2023-01-23,10,30.0,Catalogue
2398,5,Footscray,Victoria,2,Dried Pasta 500g,Staples,2024-11-26,2024-12-01,6,25.0,Catalogue
2399,5,Footscray,Victoria,2,Dried Pasta 500g,Staples,2024-04-16,2024-04-22,7,25.0,Catalogue
2400,5,Footscray,Victoria,2,Dried Pasta 500g,Staples,2024-01-01,2024-01-12,12,25.0,Catalogue
2401,5,Footscray,Victoria,2,Dried Pasta 500g,Staples,2024-06-03,2024-06-11,9,10.0,In-Store Display
2402,5,Footscray,Victoria,2,Dried Pasta 500g,Staples,2023-12-01,2023-12-10,10,15.0,In-Store Display
2403,5,Footscray,Victoria,2,Dried Pasta 500g,Staples,2024-02-27,2024-03-06,9,20.0,Catalogue
2404,5,Footscray,Victoria,2,Dried Pasta 500g,Staples,2024-09-28,2024-10-09,12,30.0,Catalogue
2405,5,Footscray,Victoria,2,Dried Pasta 500g,Staples,2023-10-30,2023-11-07,9,20.0,Catalogue
2406,5,Footscray,Victoria,2,Dried Pasta 500g,Staples,2025-10-14,2025-10-21,8,25.0,Catalogue
2407,5,Footscray,Victoria,2,Dried Pasta 500g,Staples,2025-03-11,2025-03-16,6,25.0,Catalogue
2408,5,Footscray,Victoria,2,Dried Pasta 500g,Staples,2023-06-04,2023-06-09,6,15.0,In-Store Display
2409,5,Footscray,Victoria,3,White Bread Loaf,Staples,2025-08-21,2025-08-28,8,20.0,Catalogue
2410,5,Footscray,Victoria,3,White Bread Loaf,Staples,2025-05-26,2025-06-05,11,30.0,Catalogue
2411,5,Footscray,Victoria,3,White Bread Loaf,Staples,2024-10-22,2024-11-02,12,15.0,In-Store Display
2412,5,Footscray,Victoria,3,White Bread Loaf,Staples,2025-01-09,2025-01-15,7,20.0,Catalogue
2413,5,Footscray,Victoria,3,White Bread Loaf,Staples,2024-05-27,2024-06-04,9,15.0,In-Store Display
2414,5,Footscray,Victoria,3,White Bread Loaf,Staples,2023-10-26,2023-11-02,8,10.0,In-Store Display
2415,5,Footscray,Victoria,3,White Bread Loaf,Staples,2023-11-17,2023-11-22,6,15.0,In-Store Display
2416,5,Footscray,Victoria,3,White Bread Loaf,Staples,2025-04-12,2025-04-18,7,50.0,Clearance
2417,5,Footscray,Victoria,3,White Bread Loaf,Staples,2025-02-06,2025-02-15,10,15.0,In-Store Display
2418,5,Footscray,Victoria,3,White Bread Loaf,Staples,2024-09-09,2024-09-13,5,20.0,Catalogue
2419,5,Footscray,Victoria,3,White Bread Loaf,Staples,2025-10-10,2025-10-21,12,30.0,Catalogue
2420,5,Footscray,Victoria,4,Plain Flour 1kg,Staples,2024-03-01,2024-03-14,14,15.0,In-Store Display
2421,5,Footscray,Victoria,4,Plain Flour 1kg,Staples,2023-03-01,2023-03-06,6,20.0,Catalogue
2422,5,Footscray,Victoria,4,Plain Flour 1kg,Staples,2023-05-21,2023-06-01,12,20.0,Catalogue
2423,5,Footscray,Victoria,4,Plain Flour 1kg,Staples,2023-09-07,2023-09-17,11,15.0,In-Store Display
2424,5,Footscray,Victoria,4,Plain Flour 1kg,Staples,2025-04-16,2025-04-28,13,15.0,In-Store Display
2425,5,Footscray,Victoria,4,Plain Flour 1kg,Staples,2025-10-25,2025-11-03,10,10.0,In-Store Display
2426,5,Footscray,Victoria,4,Plain Flour 1kg,Staples,2024-01-29,2024-02-08,11,25.0,Catalogue
2427,5,Footscray,Victoria,4,Plain Flour 1kg,Staples,2025-08-04,2025-08-10,7,50.0,Clearance
2428,5,Footscray,Victoria,4,Plain Flour 1kg,Staples,2024-07-08,2024-07-20,13,15.0,In-Store Display
2429,5,Footscray,Victoria,4,Plain Flour 1kg,Staples,2024-11-30,2024-12-05,6,30.0,Catalogue
2430,5,Footscray,Victoria,4,Plain Flour 1kg,Staples,2024-09-05,2024-09-18,14,10.0,In-Store Display
2431,5,Footscray,Victoria,5,Breakfast Cereal 1kg,Staples,2023-11-19,2023-11-29,11,15.0,In-Store Display
2432,5,Footscray,Victoria,5,Breakfast Cereal 1kg,Staples,2024-02-28,2024-03-07,9,10.0,In-Store Display
2433,5,Footscray,Victoria,5,Breakfast Cereal 1kg,Staples,2023-09-14,2023-09-21,8,30.0,Catalogue
2434,5,Footscray,Victoria,5,Breakfast Cereal 1kg,Staples,2025-01-27,2025-02-03,8,25.0,Catalogue
2435,5,Footscray,Victoria,5,Breakfast Cereal 1kg,Staples,2024-05-28,2024-06-08,12,15.0,In-Store Display
2436,5,Footscray,Victoria,5,Breakfast Cereal 1kg,Staples,2025-06-21,2025-07-01,11,10.0,In-Store Display
2437,5,Footscray,Victoria,5,Breakfast Cereal 1kg,Staples,2024-07-29,2024-08-07,10,10.0,In-Store Display
2438,5,Footscray,Victoria,5,Breakfast Cereal 1kg,Staples,2024-01-04,2024-01-15,12,15.0,In-Store Display
2439,5,Footscray,Victoria,5,Breakfast Cereal 1kg,Staples,2024-12-24,2024-12-31,8,30.0,Catalogue
2440,5,Footscray,Victoria,5,Breakfast Cereal 1kg,Staples,2025-05-19,2025-05-24,6,25.0,Catalogue
2441,5,Footscray,Victoria,5,Breakfast Cereal 1kg,Staples,2023-08-15,2023-08-19,5,20.0,Catalogue
2442,5,Footscray,Victoria,5,Breakfast Cereal 1kg,Staples,2024-03-26,2024-04-05,11,15.0,In-Store Display
2443,5,Footscray,Victoria,5,Breakfast Cereal 1kg,Staples,2023-06-12,2023-06-18,7,15.0,In-Store Display
2444,5,Footscray,Victoria,5,Breakfast Cereal 1kg,Staples,2024-06-29,2024-07-12,14,30.0,Catalogue
2445,5,Footscray,Victoria,5,Breakfast Cereal 1kg,Staples,2023-05-04,2023-05-15,12,20.0,Catalogue
2446,5,Footscray,Victoria,5,Breakfast Cereal 1kg,Staples,2023-03-31,2023-04-05,6,30.0,Catalogue
2447,5,Footscray,Victoria,5,Breakfast Cereal 1kg,Staples,2023-01-11,2023-01-20,10,50.0,Clearance
2448,5,Footscray,Victoria,6,White Sugar 1kg,Staples,2023-07-14,2023-07-24,11,30.0,Catalogue
2449,5,Footscray,Victoria,6,White Sugar 1kg,Staples,2025-03-11,2025-03-17,7,20.0,Catalogue
2450,5,Footscray,Victoria,6,White Sugar 1kg,Staples,2025-04-13,2025-04-25,13,20.0,Catalogue
2451,5,Footscray,Victoria,6,White Sugar 1kg,Staples,2023-11-12,2023-11-16,5,10.0,In-Store Display
2452,5,Footscray,Victoria,6,White Sugar 1kg,Staples,2023-06-12,2023-06-25,14,50.0,Clearance
2453,5,Footscray,Victoria,6,White Sugar 1kg,Staples,2024-08-05,2024-08-09,5,20.0,Catalogue
2454,5,Footscray,Victoria,6,White Sugar 1kg,Staples,2024-04-02,2024-04-08,7,15.0,In-Store Display
2455,5,Footscray,Victoria,6,White Sugar 1kg,Staples,2023-02-21,2023-03-01,9,50.0,Clearance
2456,5,Footscray,Victoria,6,White Sugar 1kg,Staples,2025-08-25,2025-09-03,10,20.0,Catalogue
2457,5,Footscray,Victoria,6,White Sugar 1kg,Staples,2023-12-08,2023-12-21,14,15.0,In-Store Display
2458,5,Footscray,Victoria,7,Full Cream Milk 2L,Dairy & Frozen,2024-05-29,2024-06-11,14,25.0,Catalogue
2459,5,Footscray,Victoria,7,Full Cream Milk 2L,Dairy & Frozen,2024-11-21,2024-11-29,9,25.0,Catalogue
2460,5,Footscray,Victoria,7,Full Cream Milk 2L,Dairy & Frozen,2023-07-26,2023-08-08,14,20.0,Catalogue
2461,5,Footscray,Victoria,7,Full Cream Milk 2L,Dairy & Frozen,2024-07-31,2024-08-09,10,30.0,Catalogue
2462,5,Footscray,Victoria,7,Full Cream Milk 2L,Dairy & Frozen,2023-11-14,2023-11-27,14,15.0,In-Store Display
2463,5,Footscray,Victoria,7,Full Cream Milk 2L,Dairy & Frozen,2025-10-01,2025-10-14,14,20.0,Catalogue
2464,5,Footscray,Victoria,8,Tasty Cheese Block 500g,Dairy & Frozen,2025-07-23,2025-07-31,9,25.0,Catalogue
2465,5,Footscray,Victoria,8,Tasty Cheese Block 500g,Dairy & Frozen,2024-09-03,2024-09-16,14,30.0,Catalogue
2466,5,Footscray,Victoria,8,Tasty Cheese Block 500g,Dairy & Frozen,2025-01-14,2025-01-18,5,10.0,In-Store Display
2467,5,Footscray,Victoria,8,Tasty Cheese Block 500g,Dairy & Frozen,2023-06-22,2023-06-27,6,20.0,Catalogue
2468,5,Footscray,Victoria,8,Tasty Cheese Block 500g,Dairy & Frozen,2025-02-13,2025-02-17,5,10.0,In-Store Display
2469,5,Footscray,Victoria,8,Tasty Cheese Block 500g,Dairy & Frozen,2024-04-17,2024-04-21,5,50.0,Clearance
2470,5,Footscray,Victoria,8,Tasty Cheese Block 500g,Dairy & Frozen,2024-03-02,2024-03-13,12,10.0,In-Store Display
2471,5,Footscray,Victoria,8,Tasty Cheese Block 500g,Dairy & Frozen,2025-08-17,2025-08-22,6,30.0,Catalogue
2472,5,Footscray,Victoria,8,Tasty Cheese Block 500g,Dairy & Frozen,2024-10-09,2024-10-21,13,20.0,Catalogue
2473,5,Footscray,Victoria,8,Tasty Cheese Block 500g,Dairy & Frozen,2024-01-01,2024-01-08,8,15.0,In-Store Display
2474,5,Footscray,Victoria,8,Tasty Cheese Block 500g,Dairy & Frozen,2025-04-05,2025-04-14,10,15.0,In-Store Display
2475,5,Footscray,Victoria,8,Tasty Cheese Block 500g,Dairy & Frozen,2023-10-12,2023-10-25,14,20.0,Catalogue
2476,5,Footscray,Victoria,8,Tasty Cheese Block 500g,Dairy & Frozen,2023-04-26,2023-05-04,9,30.0,Catalogue
2477,5,Footscray,Victoria,8,Tasty Cheese Block 500g,Dairy & Frozen,2023-05-29,2023-06-05,8,25.0,Catalogue
2478,5,Footscray,Victoria,8,Tasty Cheese Block 500g,Dairy & Frozen,2023-01-14,2023-01-22,9,25.0,Catalogue
2479,5,Footscray,Victoria,8,Tasty Cheese Block 500g,Dairy & Frozen,2024-12-01,2024-12-14,14,25.0,Catalogue
2480,5,Footscray,Victoria,8,Tasty Cheese Block 500g,Dairy & Frozen,2024-06-04,2024-06-12,9,10.0,In-Store Display
2481,5,Footscray,Victoria,8,Tasty Cheese Block 500g,Dairy & Frozen,2023-07-23,2023-07-28,6,10.0,In-Store Display
2482,5,Footscray,Victoria,8,Tasty Cheese Block 500g,Dairy & Frozen,2025-06-13,2025-06-18,6,20.0,Catalogue
2483,5,Footscray,Victoria,8,Tasty Cheese Block 500g,Dairy & Frozen,2023-02-07,2023-02-16,10,15.0,In-Store Display
2484,5,Footscray,Victoria,8,Tasty Cheese Block 500g,Dairy & Frozen,2025-10-08,2025-10-16,9,15.0,In-Store Display
2485,5,Footscray,Victoria,8,Tasty Cheese Block 500g,Dairy & Frozen,2024-07-28,2024-08-01,5,30.0,Catalogue
2486,5,Footscray,Victoria,8,Tasty Cheese Block 500g,Dairy & Frozen,2025-12-04,2025-12-12,9,10.0,In-Store Display
2487,5,Footscray,Victoria,9,Greek Yoghurt 1kg,Dairy & Frozen,2025-11-11,2025-11-17,7,25.0,Catalogue
2488,5,Footscray,Victoria,9,Greek Yoghurt 1kg,Dairy & Frozen,2025-06-07,2025-06-15,9,25.0,Catalogue
2489,5,Footscray,Victoria,9,Greek Yoghurt 1kg,Dairy & Frozen,2023-01-30,2023-02-04,6,20.0,Catalogue
2490,5,Footscray,Victoria,9,Greek Yoghurt 1kg,Dairy & Frozen,2025-03-22,2025-04-04,14,30.0,Catalogue
2491,5,Footscray,Victoria,9,Greek Yoghurt 1kg,Dairy & Frozen,2024-01-08,2024-01-16,9,10.0,In-Store Display
2492,5,Footscray,Victoria,9,Greek Yoghurt 1kg,Dairy & Frozen,2025-12-13,2025-12-21,9,25.0,Catalogue
2493,5,Footscray,Victoria,9,Greek Yoghurt 1kg,Dairy & Frozen,2025-08-03,2025-08-08,6,15.0,In-Store Display
2494,5,Footscray,Victoria,9,Greek Yoghurt 1kg,Dairy & Frozen,2025-09-14,2025-09-20,7,30.0,Catalogue
2495,5,Footscray,Victoria,9,Greek Yoghurt 1kg,Dairy & Frozen,2023-08-11,2023-08-17,7,20.0,Catalogue
2496,5,Footscray,Victoria,9,Greek Yoghurt 1kg,Dairy & Frozen,2023-06-17,2023-06-24,8,15.0,In-Store Display
2497,5,Footscray,Victoria,9,Greek Yoghurt 1kg,Dairy & Frozen,2023-09-28,2023-10-06,9,25.0,Catalogue
2498,5,Footscray,Victoria,9,Greek Yoghurt 1kg,Dairy & Frozen,2023-07-09,2023-07-22,14,10.0,In-Store Display
2499,5,Footscray,Victoria,9,Greek Yoghurt 1kg,Dairy & Frozen,2024-05-24,2024-06-03,11,50.0,Clearance
2500,5,Footscray,Victoria,9,Greek Yoghurt 1kg,Dairy & Frozen,2024-08-02,2024-08-06,5,20.0,Catalogue
2501,5,Footscray,Victoria,9,Greek Yoghurt 1kg,Dairy & Frozen,2023-03-06,2023-03-17,12,20.0,Catalogue
2502,5,Footscray,Victoria,9,Greek Yoghurt 1kg,Dairy & Frozen,2023-04-22,2023-05-02,11,10.0,In-Store Display
2503,5,Footscray,Victoria,9,Greek Yoghurt 1kg,Dairy & Frozen,2024-11-08,2024-11-12,5,20.0,Catalogue
2504,5,Footscray,Victoria,9,Greek Yoghurt 1kg,Dairy & Frozen,2025-01-28,2025-02-07,11,15.0,In-Store Display
2505,5,Footscray,Victoria,9,Greek Yoghurt 1kg,Dairy & Frozen,2025-10-06,2025-10-14,9,10.0,In-Store Display
2506,5,Footscray,Victoria,9,Greek Yoghurt 1kg,Dairy & Frozen,2024-10-07,2024-10-20,14,20.0,Catalogue
2507,5,Footscray,Victoria,10,Vanilla Ice Cream 2L,Dairy & Frozen,2025-08-03,2025-08-10,8,10.0,In-Store Display
2508,5,Footscray,Victoria,10,Vanilla Ice Cream 2L,Dairy & Frozen,2024-04-16,2024-04-24,9,30.0,Catalogue
2509,5,Footscray,Victoria,10,Vanilla Ice Cream 2L,Dairy & Frozen,2025-12-05,2025-12-10,6,20.0,Catalogue
2510,5,Footscray,Victoria,10,Vanilla Ice Cream 2L,Dairy & Frozen,2024-08-19,2024-08-26,8,20.0,Catalogue
2511,5,Footscray,Victoria,10,Vanilla Ice Cream 2L,Dairy & Frozen,2024-05-19,2024-05-28,10,15.0,In-Store Display
2512,5,Footscray,Victoria,10,Vanilla Ice Cream 2L,Dairy & Frozen,2025-02-23,2025-03-06,12,10.0,In-Store Display
2513,5,Footscray,Victoria,10,Vanilla Ice Cream 2L,Dairy & Frozen,2023-09-02,2023-09-06,5,30.0,Catalogue
2514,5,Footscray,Victoria,10,Vanilla Ice Cream 2L,Dairy & Frozen,2025-04-02,2025-04-11,10,30.0,Catalogue
2515,5,Footscray,Victoria,10,Vanilla Ice Cream 2L,Dairy & Frozen,2024-07-01,2024-07-05,5,15.0,In-Store Display
2516,5,Footscray,Victoria,10,Vanilla Ice Cream 2L,Dairy & Frozen,2023-04-08,2023-04-21,14,15.0,In-Store Display
2517,5,Footscray,Victoria,10,Vanilla Ice Cream 2L,Dairy & Frozen,2024-02-18,2024-02-24,7,15.0,In-Store Display
2518,5,Footscray,Victoria,10,Vanilla Ice Cream 2L,Dairy & Frozen,2025-09-04,2025-09-10,7,10.0,In-Store Display
2519,5,Footscray,Victoria,10,Vanilla Ice Cream 2L,Dairy & Frozen,2024-10-16,2024-10-26,11,15.0,In-Store Display
2520,5,Footscray,Victoria,10,Vanilla Ice Cream 2L,Dairy & Frozen,2024-11-19,2024-12-01,13,25.0,Catalogue
2521,5,Footscray,Victoria,10,Vanilla Ice Cream 2L,Dairy & Frozen,2023-06-02,2023-06-11,10,10.0,In-Store Display
2522,5,Footscray,Victoria,10,Vanilla Ice Cream 2L,Dairy & Frozen,2023-01-02,2023-01-13,12,25.0,Catalogue
2523,5,Footscray,Victoria,10,Vanilla Ice Cream 2L,Dairy & Frozen,2023-07-02,2023-07-12,11,15.0,In-Store Display
2524,5,Footscray,Victoria,10,Vanilla Ice Cream 2L,Dairy & Frozen,2025-01-21,2025-01-30,10,50.0,Clearance
2525,5,Footscray,Victoria,10,Vanilla Ice Cream 2L,Dairy & Frozen,2023-10-09,2023-10-18,10,20.0,Catalogue
2526,5,Footscray,Victoria,10,Vanilla Ice Cream 2L,Dairy & Frozen,2025-07-02,2025-07-12,11,20.0,Catalogue
2527,5,Footscray,Victoria,10,Vanilla Ice Cream 2L,Dairy & Frozen,2025-04-27,2025-05-09,13,15.0,In-Store Display
2528,5,Footscray,Victoria,10,Vanilla Ice Cream 2L,Dairy & Frozen,2025-06-05,2025-06-14,10,10.0,In-Store Display
2529,5,Footscray,Victoria,10,Vanilla Ice Cream 2L,Dairy & Frozen,2023-03-02,2023-03-14,13,10.0,In-Store Display
2530,5,Footscray,Victoria,11,Frozen Mixed Vegetables 1kg,Dairy & Frozen,2025-04-26,2025-05-04,9,10.0,In-Store Display
2531,5,Footscray,Victoria,11,Frozen Mixed Vegetables 1kg,Dairy & Frozen,2023-11-21,2023-11-25,5,15.0,In-Store Display
2532,5,Footscray,Victoria,11,Frozen Mixed Vegetables 1kg,Dairy & Frozen,2024-05-18,2024-05-28,11,25.0,Catalogue
2533,5,Footscray,Victoria,11,Frozen Mixed Vegetables 1kg,Dairy & Frozen,2024-02-12,2024-02-18,7,50.0,Clearance
2534,5,Footscray,Victoria,11,Frozen Mixed Vegetables 1kg,Dairy & Frozen,2024-12-25,2024-12-31,7,25.0,Catalogue
2535,5,Footscray,Victoria,11,Frozen Mixed Vegetables 1kg,Dairy & Frozen,2025-06-21,2025-06-25,5,10.0,In-Store Display
2536,5,Footscray,Victoria,11,Frozen Mixed Vegetables 1kg,Dairy & Frozen,2023-04-27,2023-05-09,13,30.0,Catalogue
2537,5,Footscray,Victoria,11,Frozen Mixed Vegetables 1kg,Dairy & Frozen,2024-04-06,2024-04-14,9,15.0,In-Store Display
2538,5,Footscray,Victoria,11,Frozen Mixed Vegetables 1kg,Dairy & Frozen,2025-08-10,2025-08-21,12,15.0,In-Store Display
2539,5,Footscray,Victoria,11,Frozen Mixed Vegetables 1kg,Dairy & Frozen,2024-11-27,2024-12-08,12,50.0,Clearance
2540,5,Footscray,Victoria,11,Frozen Mixed Vegetables 1kg,Dairy & Frozen,2024-06-15,2024-06-26,12,30.0,Catalogue
2541,5,Footscray,Victoria,11,Frozen Mixed Vegetables 1kg,Dairy & Frozen,2025-01-15,2025-01-22,8,10.0,In-Store Display
2542,5,Footscray,Victoria,11,Frozen Mixed Vegetables 1kg,Dairy & Frozen,2025-05-26,2025-05-30,5,30.0,Catalogue
2543,5,Footscray,Victoria,11,Frozen Mixed Vegetables 1kg,Dairy & Frozen,2025-11-30,2025-12-07,8,25.0,Catalogue
2544,5,Footscray,Victoria,11,Frozen Mixed Vegetables 1kg,Dairy & Frozen,2023-06-21,2023-06-26,6,15.0,In-Store Display
2545,5,Footscray,Victoria,11,Frozen Mixed Vegetables 1kg,Dairy & Frozen,2023-12-21,2024-01-02,13,20.0,Catalogue
2546,5,Footscray,Victoria,11,Frozen Mixed Vegetables 1kg,Dairy & Frozen,2023-10-28,2023-11-06,10,50.0,Clearance
2547,5,Footscray,Victoria,11,Frozen Mixed Vegetables 1kg,Dairy & Frozen,2024-07-22,2024-07-28,7,15.0,In-Store Display
2548,5,Footscray,Victoria,12,Frozen Meat Pies 4pk,Dairy & Frozen,2025-11-18,2025-11-26,9,20.0,Catalogue
2549,5,Footscray,Victoria,12,Frozen Meat Pies 4pk,Dairy & Frozen,2023-08-29,2023-09-05,8,25.0,Catalogue
2550,5,Footscray,Victoria,12,Frozen Meat Pies 4pk,Dairy & Frozen,2023-05-12,2023-05-24,13,50.0,Clearance
2551,5,Footscray,Victoria,12,Frozen Meat Pies 4pk,Dairy & Frozen,2025-01-30,2025-02-10,12,15.0,In-Store Display
2552,5,Footscray,Victoria,12,Frozen Meat Pies 4pk,Dairy & Frozen,2024-11-30,2024-12-07,8,25.0,Catalogue
2553,5,Footscray,Victoria,12,Frozen Meat Pies 4pk,Dairy & Frozen,2024-03-27,2024-03-31,5,20.0,Catalogue
2554,5,Footscray,Victoria,12,Frozen Meat Pies 4pk,Dairy & Frozen,2023-03-11,2023-03-16,6,20.0,Catalogue
2555,5,Footscray,Victoria,12,Frozen Meat Pies 4pk,Dairy & Frozen,2024-10-25,2024-10-30,6,20.0,Catalogue
2556,5,Footscray,Victoria,12,Frozen Meat Pies 4pk,Dairy & Frozen,2024-05-14,2024-05-21,8,20.0,Catalogue
2557,5,Footscray,Victoria,12,Frozen Meat Pies 4pk,Dairy & Frozen,2025-05-17,2025-05-24,8,10.0,In-Store Display
2558,5,Footscray,Victoria,12,Frozen Meat Pies 4pk,Dairy & Frozen,2024-02-25,2024-03-09,14,20.0,Catalogue
2559,5,Footscray,Victoria,12,Frozen Meat Pies 4pk,Dairy & Frozen,2023-12-07,2023-12-12,6,15.0,In-Store Display
2560,5,Footscray,Victoria,12,Frozen Meat Pies 4pk,Dairy & Frozen,2023-06-20,2023-06-30,11,30.0,Catalogue
2561,5,Footscray,Victoria,12,Frozen Meat Pies 4pk,Dairy & Frozen,2024-06-07,2024-06-18,12,20.0,Catalogue
2562,5,Footscray,Victoria,12,Frozen Meat Pies 4pk,Dairy & Frozen,2023-01-18,2023-01-24,7,15.0,In-Store Display
2563,5,Footscray,Victoria,12,Frozen Meat Pies 4pk,Dairy & Frozen,2024-08-11,2024-08-24,14,15.0,In-Store Display
2564,5,Footscray,Victoria,12,Frozen Meat Pies 4pk,Dairy & Frozen,2023-10-02,2023-10-15,14,15.0,In-Store Display
2565,5,Footscray,Victoria,12,Frozen Meat Pies 4pk,Dairy & Frozen,2025-12-16,2025-12-25,10,10.0,In-Store Display
2566,5,Footscray,Victoria,12,Frozen Meat Pies 4pk,Dairy & Frozen,2024-07-07,2024-07-20,14,10.0,In-Store Display
2567,5,Footscray,Victoria,13,Cola Soft Drink 1.25L,Beverages,2025-04-05,2025-04-15,11,50.0,Clearance
2568,5,Footscray,Victoria,13,Cola Soft Drink 1.25L,Beverages,2023-10-28,2023-11-04,8,20.0,Catalogue
2569,5,Footscray,Victoria,13,Cola Soft Drink 1.25L,Beverages,2023-05-04,2023-05-17,14,10.0,In-Store Display
2570,5,Footscray,Victoria,13,Cola Soft Drink 1.25L,Beverages,2025-02-20,2025-03-03,12,20.0,Catalogue
2571,5,Footscray,Victoria,13,Cola Soft Drink 1.25L,Beverages,2024-10-06,2024-10-12,7,25.0,Catalogue
2572,5,Footscray,Victoria,13,Cola Soft Drink 1.25L,Beverages,2024-02-22,2024-02-29,8,15.0,In-Store Display
2573,5,Footscray,Victoria,13,Cola Soft Drink 1.25L,Beverages,2024-05-20,2024-05-29,10,20.0,Catalogue
2574,5,Footscray,Victoria,13,Cola Soft Drink 1.25L,Beverages,2023-04-13,2023-04-18,6,30.0,Catalogue
2575,5,Footscray,Victoria,13,Cola Soft Drink 1.25L,Beverages,2023-02-11,2023-02-17,7,20.0,Catalogue
2576,5,Footscray,Victoria,13,Cola Soft Drink 1.25L,Beverages,2024-01-27,2024-02-07,12,10.0,In-Store Display
2577,5,Footscray,Victoria,13,Cola Soft Drink 1.25L,Beverages,2025-08-31,2025-09-09,10,15.0,In-Store Display
2578,5,Footscray,Victoria,13,Cola Soft Drink 1.25L,Beverages,2025-10-26,2025-11-07,13,10.0,In-Store Display
2579,5,Footscray,Victoria,13,Cola Soft Drink 1.25L,Beverages,2023-12-08,2023-12-14,7,10.0,In-Store Display
2580,5,Footscray,Victoria,13,Cola Soft Drink 1.25L,Beverages,2023-07-24,2023-08-04,12,10.0,In-Store Display
2581,5,Footscray,Victoria,13,Cola Soft Drink 1.25L,Beverages,2024-12-22,2024-12-31,10,15.0,In-Store Display
2582,5,Footscray,Victoria,13,Cola Soft Drink 1.25L,Beverages,2024-09-01,2024-09-07,7,30.0,Catalogue
2583,5,Footscray,Victoria,13,Cola Soft Drink 1.25L,Beverages,2023-01-04,2023-01-17,14,10.0,In-Store Display
2584,5,Footscray,Victoria,13,Cola Soft Drink 1.25L,Beverages,2024-11-08,2024-11-16,9,10.0,In-Store Display
2585,5,Footscray,Victoria,13,Cola Soft Drink 1.25L,Beverages,2025-05-13,2025-05-17,5,10.0,In-Store Display
2586,5,Footscray,Victoria,13,Cola Soft Drink 1.25L,Beverages,2024-07-14,2024-07-22,9,20.0,Catalogue
2587,5,Footscray,Victoria,13,Cola Soft Drink 1.25L,Beverages,2025-12-16,2025-12-21,6,25.0,Catalogue
2588,5,Footscray,Victoria,13,Cola Soft Drink 1.25L,Beverages,2024-03-26,2024-04-01,7,15.0,In-Store Display
2589,5,Footscray,Victoria,13,Cola Soft Drink 1.25L,Beverages,2025-01-23,2025-02-01,10,20.0,Catalogue
2590,5,Footscray,Victoria,13,Cola Soft Drink 1.25L,Beverages,2025-06-09,2025-06-21,13,15.0,In-Store Display
2591,5,Footscray,Victoria,13,Cola Soft Drink 1.25L,Beverages,2023-06-05,2023-06-14,10,30.0,Catalogue
2592,5,Footscray,Victoria,13,Cola Soft Drink 1.25L,Beverages,2023-09-28,2023-10-05,8,15.0,In-Store Display
2593,5,Footscray,Victoria,13,Cola Soft Drink 1.25L,Beverages,2025-08-01,2025-08-10,10,20.0,Catalogue
2594,5,Footscray,Victoria,13,Cola Soft Drink 1.25L,Beverages,2025-10-01,2025-10-08,8,30.0,Catalogue
2595,5,Footscray,Victoria,14,Orange Juice 2L,Beverages,2024-01-06,2024-01-14,9,25.0,Catalogue
2596,5,Footscray,Victoria,14,Orange Juice 2L,Beverages,2024-07-11,2024-07-16,6,15.0,In-Store Display
2597,5,Footscray,Victoria,14,Orange Juice 2L,Beverages,2023-07-15,2023-07-27,13,25.0,Catalogue
2598,5,Footscray,Victoria,14,Orange Juice 2L,Beverages,2023-02-09,2023-02-17,9,15.0,In-Store Display
2599,5,Footscray,Victoria,14,Orange Juice 2L,Beverages,2024-02-25,2024-03-09,14,20.0,Catalogue
2600,5,Footscray,Victoria,14,Orange Juice 2L,Beverages,2025-11-08,2025-11-16,9,25.0,Catalogue
2601,5,Footscray,Victoria,14,Orange Juice 2L,Beverages,2025-03-15,2025-03-27,13,20.0,Catalogue
2602,5,Footscray,Victoria,14,Orange Juice 2L,Beverages,2024-06-04,2024-06-15,12,10.0,In-Store Display
2603,5,Footscray,Victoria,14,Orange Juice 2L,Beverages,2024-12-05,2024-12-17,13,10.0,In-Store Display
2604,5,Footscray,Victoria,14,Orange Juice 2L,Beverages,2023-08-14,2023-08-27,14,20.0,Catalogue
2605,5,Footscray,Victoria,14,Orange Juice 2L,Beverages,2024-11-06,2024-11-13,8,20.0,Catalogue
2606,5,Footscray,Victoria,14,Orange Juice 2L,Beverages,2025-07-30,2025-08-04,6,20.0,Catalogue
2607,5,Footscray,Victoria,14,Orange Juice 2L,Beverages,2023-03-26,2023-03-31,6,30.0,Catalogue
2608,5,Footscray,Victoria,14,Orange Juice 2L,Beverages,2023-09-30,2023-10-11,12,15.0,In-Store Display
2609,5,Footscray,Victoria,14,Orange Juice 2L,Beverages,2025-02-10,2025-02-15,6,20.0,Catalogue
2610,5,Footscray,Victoria,14,Orange Juice 2L,Beverages,2023-12-03,2023-12-16,14,30.0,Catalogue
2611,5,Footscray,Victoria,14,Orange Juice 2L,Beverages,2025-01-13,2025-01-17,5,10.0,In-Store Display
2612,5,Footscray,Victoria,14,Orange Juice 2L,Beverages,2024-04-29,2024-05-05,7,25.0,Catalogue
2613,5,Footscray,Victoria,14,Orange Juice 2L,Beverages,2025-09-07,2025-09-15,9,10.0,In-Store Display
2614,5,Footscray,Victoria,14,Orange Juice 2L,Beverages,2023-01-04,2023-01-17,14,15.0,In-Store Display
2615,5,Footscray,Victoria,15,Spring Water 6L,Beverages,2023-09-25,2023-10-01,7,20.0,Catalogue
2616,5,Footscray,Victoria,15,Spring Water 6L,Beverages,2025-05-05,2025-05-09,5,20.0,Catalogue
2617,5,Footscray,Victoria,15,Spring Water 6L,Beverages,2024-04-03,2024-04-10,8,10.0,In-Store Display
2618,5,Footscray,Victoria,15,Spring Water 6L,Beverages,2023-07-06,2023-07-19,14,10.0,In-Store Display
2619,5,Footscray,Victoria,15,Spring Water 6L,Beverages,2023-12-23,2023-12-27,5,30.0,Catalogue
2620,5,Footscray,Victoria,15,Spring Water 6L,Beverages,2024-08-11,2024-08-20,10,15.0,In-Store Display
2621,5,Footscray,Victoria,15,Spring Water 6L,Beverages,2024-06-03,2024-06-12,10,15.0,In-Store Display
2622,5,Footscray,Victoria,15,Spring Water 6L,Beverages,2024-01-20,2024-01-26,7,15.0,In-Store Display
2623,5,Footscray,Victoria,15,Spring Water 6L,Beverages,2024-10-17,2024-10-24,8,15.0,In-Store Display
2624,5,Footscray,Victoria,15,Spring Water 6L,Beverages,2023-03-30,2023-04-08,10,30.0,Catalogue
2625,5,Footscray,Victoria,15,Spring Water 6L,Beverages,2025-01-18,2025-01-29,12,15.0,In-Store Display
2626,5,Footscray,Victoria,15,Spring Water 6L,Beverages,2023-05-20,2023-06-01,13,15.0,In-Store Display
2627,5,Footscray,Victoria,15,Spring Water 6L,Beverages,2023-08-14,2023-08-20,7,10.0,In-Store Display
2628,5,Footscray,Victoria,15,Spring Water 6L,Beverages,2025-11-30,2025-12-11,12,30.0,Catalogue
2629,5,Footscray,Victoria,15,Spring Water 6L,Beverages,2025-08-29,2025-09-09,12,30.0,Catalogue
2630,5,Footscray,Victoria,15,Spring Water 6L,Beverages,2025-02-20,2025-03-05,14,30.0,Catalogue
2631,5,Footscray,Victoria,15,Spring Water 6L,Beverages,2024-07-02,2024-07-08,7,30.0,Catalogue
2632,5,Footscray,Victoria,15,Spring Water 6L,Beverages,2025-09-25,2025-09-30,6,20.0,Catalogue
2633,5,Footscray,Victoria,15,Spring Water 6L,Beverages,2025-06-08,2025-06-20,13,10.0,In-Store Display
2634,5,Footscray,Victoria,15,Spring Water 6L,Beverages,2023-02-11,2023-02-15,5,20.0,Catalogue
2635,5,Footscray,Victoria,15,Spring Water 6L,Beverages,2024-12-18,2024-12-30,13,15.0,In-Store Display
2636,5,Footscray,Victoria,15,Spring Water 6L,Beverages,2023-04-24,2023-05-03,10,20.0,Catalogue
2637,5,Footscray,Victoria,15,Spring Water 6L,Beverages,2025-03-20,2025-04-01,13,15.0,In-Store Display
2638,5,Footscray,Victoria,16,Ground Coffee 1kg,Beverages,2025-04-27,2025-05-08,12,15.0,In-Store Display
2639,5,Footscray,Victoria,16,Ground Coffee 1kg,Beverages,2023-04-10,2023-04-16,7,30.0,Catalogue
2640,5,Footscray,Victoria,16,Ground Coffee 1kg,Beverages,2025-10-05,2025-10-14,10,15.0,In-Store Display
2641,5,Footscray,Victoria,16,Ground Coffee 1kg,Beverages,2024-06-21,2024-06-26,6,50.0,Clearance
2642,5,Footscray,Victoria,16,Ground Coffee 1kg,Beverages,2024-10-13,2024-10-19,7,20.0,Catalogue
2643,5,Footscray,Victoria,16,Ground Coffee 1kg,Beverages,2024-08-18,2024-08-31,14,10.0,In-Store Display
2644,5,Footscray,Victoria,16,Ground Coffee 1kg,Beverages,2023-09-06,2023-09-18,13,15.0,In-Store Display
2645,5,Footscray,Victoria,16,Ground Coffee 1kg,Beverages,2024-07-21,2024-08-03,14,50.0,Clearance
2646,5,Footscray,Victoria,16,Ground Coffee 1kg,Beverages,2023-05-12,2023-05-16,5,30.0,Catalogue
2647,5,Footscray,Victoria,16,Ground Coffee 1kg,Beverages,2023-03-11,2023-03-19,9,15.0,In-Store Display
2648,5,Footscray,Victoria,16,Ground Coffee 1kg,Beverages,2023-12-23,2023-12-29,7,30.0,Catalogue
2649,5,Footscray,Victoria,16,Ground Coffee 1kg,Beverages,2024-03-18,2024-03-23,6,30.0,Catalogue
2650,5,Footscray,Victoria,16,Ground Coffee 1kg,Beverages,2023-06-06,2023-06-14,9,20.0,Catalogue
2651,5,Footscray,Victoria,16,Ground Coffee 1kg,Beverages,2025-12-19,2025-12-28,10,50.0,Clearance
2652,5,Footscray,Victoria,16,Ground Coffee 1kg,Beverages,2023-07-07,2023-07-16,10,10.0,In-Store Display
2653,5,Footscray,Victoria,16,Ground Coffee 1kg,Beverages,2025-06-11,2025-06-24,14,10.0,In-Store Display
2654,5,Footscray,Victoria,16,Ground Coffee 1kg,Beverages,2025-07-22,2025-07-29,8,10.0,In-Store Display
2655,5,Footscray,Victoria,16,Ground Coffee 1kg,Beverages,2023-02-16,2023-02-23,8,10.0,In-Store Display
2656,5,Footscray,Victoria,16,Ground Coffee 1kg,Beverages,2025-11-17,2025-11-28,12,15.0,In-Store Display
2657,5,Footscray,Victoria,16,Ground Coffee 1kg,Beverages,2024-04-25,2024-05-08,14,20.0,Catalogue
2658,5,Footscray,Victoria,16,Ground Coffee 1kg,Beverages,2023-10-08,2023-10-12,5,10.0,In-Store Display
2659,5,Footscray,Victoria,16,Ground Coffee 1kg,Beverages,2023-11-27,2023-12-06,10,15.0,In-Store Display
2660,5,Footscray,Victoria,16,Ground Coffee 1kg,Beverages,2025-08-16,2025-08-28,13,15.0,In-Store Display
2661,5,Footscray,Victoria,17,Black Tea Bags 100pk,Beverages,2023-05-30,2023-06-11,13,15.0,In-Store Display
2662,5,Footscray,Victoria,17,Black Tea Bags 100pk,Beverages,2024-08-03,2024-08-12,10,15.0,In-Store Display
2663,5,Footscray,Victoria,17,Black Tea Bags 100pk,Beverages,2024-03-06,2024-03-11,6,15.0,In-Store Display
2664,5,Footscray,Victoria,17,Black Tea Bags 100pk,Beverages,2024-11-11,2024-11-20,10,15.0,In-Store Display
2665,5,Footscray,Victoria,17,Black Tea Bags 100pk,Beverages,2023-11-02,2023-11-11,10,15.0,In-Store Display
2666,5,Footscray,Victoria,17,Black Tea Bags 100pk,Beverages,2023-02-01,2023-02-07,7,30.0,Catalogue
2667,5,Footscray,Victoria,17,Black Tea Bags 100pk,Beverages,2023-03-10,2023-03-15,6,30.0,Catalogue
2668,5,Footscray,Victoria,17,Black Tea Bags 100pk,Beverages,2025-12-08,2025-12-14,7,10.0,In-Store Display
2669,5,Footscray,Victoria,17,Black Tea Bags 100pk,Beverages,2024-05-08,2024-05-12,5,10.0,In-Store Display
2670,5,Footscray,Victoria,17,Black Tea Bags 100pk,Beverages,2024-10-01,2024-10-08,8,15.0,In-Store Display
2671,5,Footscray,Victoria,17,Black Tea Bags 100pk,Beverages,2023-07-19,2023-08-01,14,25.0,Catalogue
2672,5,Footscray,Victoria,17,Black Tea Bags 100pk,Beverages,2024-03-31,2024-04-13,14,30.0,Catalogue
2673,5,Footscray,Victoria,17,Black Tea Bags 100pk,Beverages,2025-03-24,2025-04-02,10,10.0,In-Store Display
2674,5,Footscray,Victoria,17,Black Tea Bags 100pk,Beverages,2025-08-09,2025-08-18,10,10.0,In-Store Display
2675,5,Footscray,Victoria,17,Black Tea Bags 100pk,Beverages,2025-06-15,2025-06-25,11,15.0,In-Store Display
2676,5,Footscray,Victoria,17,Black Tea Bags 100pk,Beverages,2024-12-26,2025-01-08,14,25.0,Catalogue
2677,5,Footscray,Victoria,18,Sports Drink 600ml,Beverages,2025-06-30,2025-07-13,14,20.0,Catalogue
2678,5,Footscray,Victoria,18,Sports Drink 600ml,Beverages,2025-01-19,2025-02-01,14,20.0,Catalogue
2679,5,Footscray,Victoria,18,Sports Drink 600ml,Beverages,2024-03-23,2024-04-01,10,30.0,Catalogue
2680,5,Footscray,Victoria,18,Sports Drink 600ml,Beverages,2023-07-12,2023-07-24,13,10.0,In-Store Display
2681,5,Footscray,Victoria,18,Sports Drink 600ml,Beverages,2023-01-30,2023-02-03,5,30.0,Catalogue
2682,5,Footscray,Victoria,18,Sports Drink 600ml,Beverages,2024-09-16,2024-09-28,13,20.0,Catalogue
2683,5,Footscray,Victoria,18,Sports Drink 600ml,Beverages,2025-09-26,2025-10-02,7,15.0,In-Store Display
2684,5,Footscray,Victoria,18,Sports Drink 600ml,Beverages,2025-03-08,2025-03-12,5,10.0,In-Store Display
2685,5,Footscray,Victoria,18,Sports Drink 600ml,Beverages,2024-06-01,2024-06-10,10,10.0,In-Store Display
2686,5,Footscray,Victoria,18,Sports Drink 600ml,Beverages,2023-09-21,2023-10-04,14,20.0,Catalogue
2687,5,Footscray,Victoria,18,Sports Drink 600ml,Beverages,2024-11-01,2024-11-06,6,10.0,In-Store Display
2688,5,Footscray,Victoria,18,Sports Drink 600ml,Beverages,2025-11-14,2025-11-26,13,20.0,Catalogue
2689,5,Footscray,Victoria,18,Sports Drink 600ml,Beverages,2025-12-21,2025-12-30,10,30.0,Catalogue
2690,5,Footscray,Victoria,18,Sports Drink 600ml,Beverages,2023-12-26,2024-01-05,11,15.0,In-Store Display
2691,5,Footscray,Victoria,18,Sports Drink 600ml,Beverages,2023-01-06,2023-01-15,10,10.0,In-Store Display
2692,5,Footscray,Victoria,18,Sports Drink 600ml,Beverages,2023-05-22,2023-06-01,11,25.0,Catalogue
2693,5,Footscray,Victoria,18,Sports Drink 600ml,Beverages,2023-10-27,2023-11-08,13,10.0,In-Store Display
2694,5,Footscray,Victoria,18,Sports Drink 600ml,Beverages,2023-04-03,2023-04-12,10,25.0,Catalogue
2695,5,Footscray,Victoria,18,Sports Drink 600ml,Beverages,2025-07-29,2025-08-06,9,20.0,Catalogue
2696,5,Footscray,Victoria,18,Sports Drink 600ml,Beverages,2024-02-26,2024-03-05,9,20.0,Catalogue
2697,5,Footscray,Victoria,18,Sports Drink 600ml,Beverages,2024-07-22,2024-07-26,5,15.0,In-Store Display
2698,5,Footscray,Victoria,18,Sports Drink 600ml,Beverages,2024-04-17,2024-04-27,11,25.0,Catalogue
2699,5,Footscray,Victoria,18,Sports Drink 600ml,Beverages,2023-03-07,2023-03-18,12,20.0,Catalogue
2700,5,Footscray,Victoria,18,Sports Drink 600ml,Beverages,2025-06-02,2025-06-15,14,25.0,Catalogue
2701,5,Footscray,Victoria,19,Potato Chips 175g,Snacks,2025-05-15,2025-05-19,5,30.0,Catalogue
2702,5,Footscray,Victoria,19,Potato Chips 175g,Snacks,2023-11-08,2023-11-18,11,10.0,In-Store Display
2703,5,Footscray,Victoria,19,Potato Chips 175g,Snacks,2025-03-15,2025-03-19,5,50.0,Clearance
2704,5,Footscray,Victoria,19,Potato Chips 175g,Snacks,2025-04-11,2025-04-22,12,20.0,Catalogue
2705,5,Footscray,Victoria,19,Potato Chips 175g,Snacks,2025-08-28,2025-09-04,8,30.0,Catalogue
2706,5,Footscray,Victoria,19,Potato Chips 175g,Snacks,2024-02-25,2024-02-29,5,10.0,In-Store Display
2707,5,Footscray,Victoria,19,Potato Chips 175g,Snacks,2023-04-09,2023-04-17,9,15.0,In-Store Display
2708,5,Footscray,Victoria,19,Potato Chips 175g,Snacks,2024-12-11,2024-12-22,12,20.0,Catalogue
2709,5,Footscray,Victoria,19,Potato Chips 175g,Snacks,2024-07-28,2024-08-10,14,20.0,Catalogue
2710,5,Footscray,Victoria,19,Potato Chips 175g,Snacks,2023-12-22,2023-12-31,10,30.0,Catalogue
2711,5,Footscray,Victoria,19,Potato Chips 175g,Snacks,2023-07-21,2023-07-26,6,50.0,Clearance
2712,5,Footscray,Victoria,19,Potato Chips 175g,Snacks,2025-11-28,2025-12-04,7,30.0,Catalogue
2713,5,Footscray,Victoria,19,Potato Chips 175g,Snacks,2023-06-06,2023-06-14,9,20.0,Catalogue
2714,5,Footscray,Victoria,19,Potato Chips 175g,Snacks,2024-05-13,2024-05-19,7,25.0,Catalogue
2715,5,Footscray,Victoria,19,Potato Chips 175g,Snacks,2025-10-21,2025-11-01,12,30.0,Catalogue
2716,5,Footscray,Victoria,19,Potato Chips 175g,Snacks,2025-09-28,2025-10-04,7,25.0,Catalogue
2717,5,Footscray,Victoria,19,Potato Chips 175g,Snacks,2024-06-06,2024-06-17,12,15.0,In-Store Display
2718,5,Footscray,Victoria,19,Potato Chips 175g,Snacks,2024-10-18,2024-10-31,14,15.0,In-Store Display
2719,5,Footscray,Victoria,19,Potato Chips 175g,Snacks,2023-02-17,2023-02-27,11,15.0,In-Store Display
2720,5,Footscray,Victoria,19,Potato Chips 175g,Snacks,2025-01-22,2025-02-02,12,20.0,Catalogue
2721,5,Footscray,Victoria,19,Potato Chips 175g,Snacks,2023-09-05,2023-09-12,8,50.0,Clearance
2722,5,Footscray,Victoria,19,Potato Chips 175g,Snacks,2025-07-03,2025-07-11,9,50.0,Clearance
2723,5,Footscray,Victoria,19,Potato Chips 175g,Snacks,2024-03-29,2024-04-02,5,10.0,In-Store Display
2724,5,Footscray,Victoria,19,Potato Chips 175g,Snacks,2023-10-09,2023-10-19,11,10.0,In-Store Display
2725,5,Footscray,Victoria,19,Potato Chips 175g,Snacks,2023-05-08,2023-05-20,13,10.0,In-Store Display
2726,5,Footscray,Victoria,19,Potato Chips 175g,Snacks,2023-01-14,2023-01-22,9,15.0,In-Store Display
2727,5,Footscray,Victoria,19,Potato Chips 175g,Snacks,2023-12-03,2023-12-07,5,20.0,Catalogue
2728,5,Footscray,Victoria,19,Potato Chips 175g,Snacks,2024-08-30,2024-09-07,9,30.0,Catalogue
2729,5,Footscray,Victoria,19,Potato Chips 175g,Snacks,2023-03-20,2023-03-25,6,20.0,Catalogue
2730,5,Footscray,Victoria,19,Potato Chips 175g,Snacks,2024-04-20,2024-04-25,6,15.0,In-Store Display
2731,5,Footscray,Victoria,19,Potato Chips 175g,Snacks,2024-11-18,2024-11-25,8,10.0,In-Store Display
2732,5,Footscray,Victoria,19,Potato Chips 175g,Snacks,2025-12-22,2025-12-29,8,50.0,Clearance
2733,5,Footscray,Victoria,20,Sweet Biscuits 250g,Snacks,2023-01-14,2023-01-21,8,15.0,In-Store Display
2734,5,Footscray,Victoria,20,Sweet Biscuits 250g,Snacks,2023-09-08,2023-09-15,8,15.0,In-Store Display
2735,5,Footscray,Victoria,20,Sweet Biscuits 250g,Snacks,2025-01-02,2025-01-09,8,20.0,Catalogue
2736,5,Footscray,Victoria,20,Sweet Biscuits 250g,Snacks,2023-07-24,2023-07-30,7,10.0,In-Store Display
2737,5,Footscray,Victoria,20,Sweet Biscuits 250g,Snacks,2023-11-07,2023-11-17,11,25.0,Catalogue
2738,5,Footscray,Victoria,20,Sweet Biscuits 250g,Snacks,2025-05-24,2025-06-02,10,15.0,In-Store Display
2739,5,Footscray,Victoria,20,Sweet Biscuits 250g,Snacks,2023-07-04,2023-07-08,5,10.0,In-Store Display
2740,5,Footscray,Victoria,20,Sweet Biscuits 250g,Snacks,2025-02-04,2025-02-15,12,15.0,In-Store Display
2741,5,Footscray,Victoria,20,Sweet Biscuits 250g,Snacks,2024-09-08,2024-09-18,11,20.0,Catalogue
2742,5,Footscray,Victoria,20,Sweet Biscuits 250g,Snacks,2024-01-31,2024-02-11,12,10.0,In-Store Display
2743,5,Footscray,Victoria,20,Sweet Biscuits 250g,Snacks,2024-06-03,2024-06-12,10,20.0,Catalogue
2744,5,Footscray,Victoria,20,Sweet Biscuits 250g,Snacks,2024-10-23,2024-10-30,8,30.0,Catalogue
2745,5,Footscray,Victoria,20,Sweet Biscuits 250g,Snacks,2024-04-29,2024-05-12,14,20.0,Catalogue
2746,5,Footscray,Victoria,20,Sweet Biscuits 250g,Snacks,2023-06-06,2023-06-11,6,25.0,Catalogue
2747,5,Footscray,Victoria,20,Sweet Biscuits 250g,Snacks,2024-11-25,2024-12-03,9,50.0,Clearance
2748,5,Footscray,Victoria,20,Sweet Biscuits 250g,Snacks,2023-05-04,2023-05-17,14,20.0,Catalogue
2749,5,Footscray,Victoria,20,Sweet Biscuits 250g,Snacks,2025-07-25,2025-08-01,8,25.0,Catalogue
2750,5,Footscray,Victoria,20,Sweet Biscuits 250g,Snacks,2025-04-07,2025-04-11,5,15.0,In-Store Display
2751,5,Footscray,Victoria,20,Sweet Biscuits 250g,Snacks,2025-09-03,2025-09-14,12,25.0,Catalogue
2752,5,Footscray,Victoria,20,Sweet Biscuits 250g,Snacks,2023-02-06,2023-02-18,13,15.0,In-Store Display
2753,5,Footscray,Victoria,20,Sweet Biscuits 250g,Snacks,2023-12-21,2023-12-27,7,30.0,Catalogue
2754,5,Footscray,Victoria,20,Sweet Biscuits 250g,Snacks,2025-11-21,2025-11-26,6,20.0,Catalogue
2755,5,Footscray,Victoria,20,Sweet Biscuits 250g,Snacks,2025-10-17,2025-10-29,13,15.0,In-Store Display
2756,5,Footscray,Victoria,20,Sweet Biscuits 250g,Snacks,2025-12-18,2025-12-25,8,15.0,In-Store Display
2757,5,Footscray,Victoria,20,Sweet Biscuits 250g,Snacks,2025-03-12,2025-03-16,5,25.0,Catalogue
2758,5,Footscray,Victoria,20,Sweet Biscuits 250g,Snacks,2023-03-17,2023-03-27,11,15.0,In-Store Display
2759,5,Footscray,Victoria,21,Chocolate Block 180g,Snacks,2024-03-26,2024-04-06,12,15.0,In-Store Display
2760,5,Footscray,Victoria,21,Chocolate Block 180g,Snacks,2025-08-21,2025-08-30,10,20.0,Catalogue
2761,5,Footscray,Victoria,21,Chocolate Block 180g,Snacks,2023-10-25,2023-11-07,14,20.0,Catalogue
2762,5,Footscray,Victoria,21,Chocolate Block 180g,Snacks,2024-11-20,2024-11-29,10,20.0,Catalogue
2763,5,Footscray,Victoria,21,Chocolate Block 180g,Snacks,2025-05-09,2025-05-13,5,20.0,Catalogue
2764,5,Footscray,Victoria,21,Chocolate Block 180g,Snacks,2023-07-28,2023-08-04,8,30.0,Catalogue
2765,5,Footscray,Victoria,21,Chocolate Block 180g,Snacks,2025-07-03,2025-07-12,10,20.0,Catalogue
2766,5,Footscray,Victoria,21,Chocolate Block 180g,Snacks,2023-03-30,2023-04-12,14,15.0,In-Store Display
2767,5,Footscray,Victoria,21,Chocolate Block 180g,Snacks,2025-01-13,2025-01-19,7,15.0,In-Store Display
2768,5,Footscray,Victoria,21,Chocolate Block 180g,Snacks,2023-09-18,2023-09-27,10,15.0,In-Store Display
2769,5,Footscray,Victoria,21,Chocolate Block 180g,Snacks,2024-12-16,2024-12-28,13,15.0,In-Store Display
2770,5,Footscray,Victoria,21,Chocolate Block 180g,Snacks,2024-05-31,2024-06-13,14,15.0,In-Store Display
2771,5,Footscray,Victoria,21,Chocolate Block 180g,Snacks,2023-01-09,2023-01-13,5,10.0,In-Store Display
2772,5,Footscray,Victoria,21,Chocolate Block 180g,Snacks,2023-02-08,2023-02-17,10,30.0,Catalogue
2773,5,Footscray,Victoria,21,Chocolate Block 180g,Snacks,2024-04-23,2024-05-06,14,15.0,In-Store Display
2774,5,Footscray,Victoria,21,Chocolate Block 180g,Snacks,2024-02-25,2024-03-02,7,50.0,Clearance
2775,5,Footscray,Victoria,21,Chocolate Block 180g,Snacks,2025-11-28,2025-12-08,11,15.0,In-Store Display
2776,5,Footscray,Victoria,21,Chocolate Block 180g,Snacks,2025-10-15,2025-10-27,13,20.0,Catalogue
2777,5,Footscray,Victoria,21,Chocolate Block 180g,Snacks,2023-05-03,2023-05-09,7,20.0,Catalogue
2778,5,Footscray,Victoria,21,Chocolate Block 180g,Snacks,2024-08-21,2024-08-28,8,30.0,Catalogue
2779,5,Footscray,Victoria,21,Chocolate Block 180g,Snacks,2025-03-11,2025-03-22,12,10.0,In-Store Display
2780,5,Footscray,Victoria,21,Chocolate Block 180g,Snacks,2024-09-22,2024-09-29,8,20.0,Catalogue
2781,5,Footscray,Victoria,21,Chocolate Block 180g,Snacks,2023-12-01,2023-12-12,12,10.0,In-Store Display
2782,5,Footscray,Victoria,21,Chocolate Block 180g,Snacks,2024-10-24,2024-10-29,6,10.0,In-Store Display
2783,5,Footscray,Victoria,21,Chocolate Block 180g,Snacks,2024-01-05,2024-01-13,9,25.0,Catalogue
2784,5,Footscray,Victoria,21,Chocolate Block 180g,Snacks,2024-07-12,2024-07-22,11,30.0,Catalogue
2785,5,Footscray,Victoria,21,Chocolate Block 180g,Snacks,2024-02-03,2024-02-10,8,20.0,Catalogue
2786,5,Footscray,Victoria,21,Chocolate Block 180g,Snacks,2025-04-14,2025-04-20,7,10.0,In-Store Display
2787,5,Footscray,Victoria,21,Chocolate Block 180g,Snacks,2025-06-14,2025-06-18,5,20.0,Catalogue
2788,5,Footscray,Victoria,21,Chocolate Block 180g,Snacks,2023-08-21,2023-08-27,7,10.0,In-Store Display
2789,5,Footscray,Victoria,21,Chocolate Block 180g,Snacks,2023-06-02,2023-06-10,9,15.0,In-Store Display
2790,5,Footscray,Victoria,21,Chocolate Block 180g,Snacks,2025-12-23,2025-12-28,6,10.0,In-Store Display
2791,5,Footscray,Victoria,21,Chocolate Block 180g,Snacks,2023-07-06,2023-07-13,8,15.0,In-Store Display
2792,5,Footscray,Victoria,22,Mixed Nuts 400g,Snacks,2023-09-15,2023-09-26,12,30.0,Catalogue
2793,5,Footscray,Victoria,22,Mixed Nuts 400g,Snacks,2024-03-27,2024-04-04,9,20.0,Catalogue
2794,5,Footscray,Victoria,22,Mixed Nuts 400g,Snacks,2025-07-20,2025-07-31,12,10.0,In-Store Display
2795,5,Footscray,Victoria,22,Mixed Nuts 400g,Snacks,2025-04-20,2025-04-28,9,20.0,Catalogue
2796,5,Footscray,Victoria,22,Mixed Nuts 400g,Snacks,2023-07-29,2023-08-07,10,25.0,Catalogue
2797,5,Footscray,Victoria,22,Mixed Nuts 400g,Snacks,2025-05-31,2025-06-07,8,15.0,In-Store Display
2798,5,Footscray,Victoria,22,Mixed Nuts 400g,Snacks,2024-05-17,2024-05-27,11,10.0,In-Store Display
2799,5,Footscray,Victoria,22,Mixed Nuts 400g,Snacks,2024-02-21,2024-02-28,8,20.0,Catalogue
2800,5,Footscray,Victoria,22,Mixed Nuts 400g,Snacks,2023-01-29,2023-02-06,9,10.0,In-Store Display
2801,5,Footscray,Victoria,22,Mixed Nuts 400g,Snacks,2025-03-04,2025-03-13,10,25.0,Catalogue
2802,5,Footscray,Victoria,22,Mixed Nuts 400g,Snacks,2024-11-21,2024-11-28,8,30.0,Catalogue
2803,5,Footscray,Victoria,22,Mixed Nuts 400g,Snacks,2025-12-21,2025-12-25,5,15.0,In-Store Display
2804,5,Footscray,Victoria,22,Mixed Nuts 400g,Snacks,2023-03-20,2023-03-24,5,25.0,Catalogue
2805,5,Footscray,Victoria,22,Mixed Nuts 400g,Snacks,2023-12-21,2023-12-30,10,25.0,Catalogue
2806,5,Footscray,Victoria,22,Mixed Nuts 400g,Snacks,2025-10-12,2025-10-25,14,50.0,Clearance
2807,5,Footscray,Victoria,22,Mixed Nuts 400g,Snacks,2025-11-21,2025-12-02,12,30.0,Catalogue
2808,5,Footscray,Victoria,22,Mixed Nuts 400g,Snacks,2024-09-01,2024-09-13,13,20.0,Catalogue
2809,5,Footscray,Victoria,22,Mixed Nuts 400g,Snacks,2024-06-18,2024-06-27,10,25.0,Catalogue
2810,5,Footscray,Victoria,22,Mixed Nuts 400g,Snacks,2023-06-18,2023-06-29,12,30.0,Catalogue
2811,5,Footscray,Victoria,22,Mixed Nuts 400g,Snacks,2023-11-29,2023-12-06,8,20.0,Catalogue
2812,5,Footscray,Victoria,22,Mixed Nuts 400g,Snacks,2024-07-13,2024-07-20,8,10.0,In-Store Display
2813,5,Footscray,Victoria,22,Mixed Nuts 400g,Snacks,2024-12-19,2024-12-30,12,25.0,Catalogue
2814,5,Footscray,Victoria,22,Mixed Nuts 400g,Snacks,2023-04-22,2023-05-02,11,25.0,Catalogue
2815,5,Footscray,Victoria,23,Muesli Bars 6pk,Snacks,2024-04-30,2024-05-08,9,15.0,In-Store Display
2816,5,Footscray,Victoria,23,Muesli Bars 6pk,Snacks,2024-08-06,2024-08-16,11,25.0,Catalogue
2817,5,Footscray,Victoria,23,Muesli Bars 6pk,Snacks,2024-06-13,2024-06-20,8,10.0,In-Store Display
2818,5,Footscray,Victoria,23,Muesli Bars 6pk,Snacks,2023-10-12,2023-10-22,11,15.0,In-Store Display
2819,5,Footscray,Victoria,23,Muesli Bars 6pk,Snacks,2023-01-16,2023-01-24,9,10.0,In-Store Display
2820,5,Footscray,Victoria,23,Muesli Bars 6pk,Snacks,2025-02-21,2025-03-03,11,15.0,In-Store Display
2821,5,Footscray,Victoria,23,Muesli Bars 6pk,Snacks,2023-11-24,2023-12-07,14,10.0,In-Store Display
2822,5,Footscray,Victoria,23,Muesli Bars 6pk,Snacks,2025-01-17,2025-01-26,10,20.0,Catalogue
2823,5,Footscray,Victoria,23,Muesli Bars 6pk,Snacks,2024-02-03,2024-02-12,10,25.0,Catalogue
2824,5,Footscray,Victoria,23,Muesli Bars 6pk,Snacks,2024-12-13,2024-12-26,14,15.0,In-Store Display
2825,5,Footscray,Victoria,23,Muesli Bars 6pk,Snacks,2023-03-20,2023-04-02,14,10.0,In-Store Display
2826,5,Footscray,Victoria,23,Muesli Bars 6pk,Snacks,2025-07-13,2025-07-21,9,10.0,In-Store Display
2827,5,Footscray,Victoria,23,Muesli Bars 6pk,Snacks,2024-11-14,2024-11-18,5,15.0,In-Store Display
2828,5,Footscray,Victoria,23,Muesli Bars 6pk,Snacks,2023-02-22,2023-03-03,10,15.0,In-Store Display
2829,5,Footscray,Victoria,23,Muesli Bars 6pk,Snacks,2024-03-27,2024-04-02,7,50.0,Clearance
2830,5,Footscray,Victoria,23,Muesli Bars 6pk,Snacks,2025-09-05,2025-09-15,11,15.0,In-Store Display
2831,5,Footscray,Victoria,23,Muesli Bars 6pk,Snacks,2024-10-06,2024-10-19,14,20.0,Catalogue
2832,5,Footscray,Victoria,23,Muesli Bars 6pk,Snacks,2024-07-14,2024-07-18,5,30.0,Catalogue
2833,5,Footscray,Victoria,23,Muesli Bars 6pk,Snacks,2023-05-16,2023-05-22,7,30.0,Catalogue
2834,5,Footscray,Victoria,23,Muesli Bars 6pk,Snacks,2024-09-05,2024-09-13,9,25.0,Catalogue
2835,5,Footscray,Victoria,23,Muesli Bars 6pk,Snacks,2025-05-30,2025-06-06,8,15.0,In-Store Display
2836,5,Footscray,Victoria,23,Muesli Bars 6pk,Snacks,2025-10-15,2025-10-20,6,10.0,In-Store Display
2837,5,Footscray,Victoria,23,Muesli Bars 6pk,Snacks,2025-03-27,2025-04-01,6,20.0,Catalogue
2838,5,Footscray,Victoria,23,Muesli Bars 6pk,Snacks,2023-09-11,2023-09-16,6,20.0,Catalogue
2839,5,Footscray,Victoria,24,Toilet Paper 12pk,Household,2025-08-30,2025-09-06,8,20.0,Catalogue
2840,5,Footscray,Victoria,24,Toilet Paper 12pk,Household,2023-12-10,2023-12-16,7,25.0,Catalogue
2841,5,Footscray,Victoria,24,Toilet Paper 12pk,Household,2023-02-03,2023-02-14,12,15.0,In-Store Display
2842,5,Footscray,Victoria,24,Toilet Paper 12pk,Household,2023-08-17,2023-08-29,13,10.0,In-Store Display
2843,5,Footscray,Victoria,24,Toilet Paper 12pk,Household,2025-04-01,2025-04-09,9,30.0,Catalogue
2844,5,Footscray,Victoria,24,Toilet Paper 12pk,Household,2025-05-01,2025-05-13,13,10.0,In-Store Display
2845,5,Footscray,Victoria,24,Toilet Paper 12pk,Household,2023-09-29,2023-10-06,8,15.0,In-Store Display
2846,5,Footscray,Victoria,24,Toilet Paper 12pk,Household,2023-05-18,2023-05-24,7,20.0,Catalogue
2847,5,Footscray,Victoria,24,Toilet Paper 12pk,Household,2025-12-02,2025-12-06,5,10.0,In-Store Display
2848,5,Footscray,Victoria,24,Toilet Paper 12pk,Household,2024-12-07,2024-12-16,10,10.0,In-Store Display
2849,5,Footscray,Victoria,24,Toilet Paper 12pk,Household,2023-06-23,2023-06-29,7,25.0,Catalogue
2850,5,Footscray,Victoria,24,Toilet Paper 12pk,Household,2025-10-27,2025-11-01,6,30.0,Catalogue
2851,5,Footscray,Victoria,24,Toilet Paper 12pk,Household,2024-03-11,2024-03-16,6,10.0,In-Store Display
2852,5,Footscray,Victoria,24,Toilet Paper 12pk,Household,2023-03-26,2023-04-04,10,20.0,Catalogue
2853,5,Footscray,Victoria,24,Toilet Paper 12pk,Household,2025-01-30,2025-02-06,8,25.0,Catalogue
2854,5,Footscray,Victoria,24,Toilet Paper 12pk,Household,2025-06-06,2025-06-10,5,20.0,Catalogue
2855,5,Footscray,Victoria,24,Toilet Paper 12pk,Household,2025-03-01,2025-03-09,9,15.0,In-Store Display
2856,5,Footscray,Victoria,24,Toilet Paper 12pk,Household,2023-12-31,2024-01-13,14,15.0,In-Store Display
2857,5,Footscray,Victoria,24,Toilet Paper 12pk,Household,2024-04-15,2024-04-28,14,10.0,In-Store Display
2858,5,Footscray,Victoria,24,Toilet Paper 12pk,Household,2024-07-16,2024-07-21,6,15.0,In-Store Display
2859,5,Footscray,Victoria,24,Toilet Paper 12pk,Household,2024-10-06,2024-10-13,8,20.0,Catalogue
2860,5,Footscray,Victoria,24,Toilet Paper 12pk,Household,2023-10-30,2023-11-07,9,20.0,Catalogue
2861,5,Footscray,Victoria,24,Toilet Paper 12pk,Household,2024-02-11,2024-02-17,7,15.0,In-Store Display
2862,5,Footscray,Victoria,25,Laundry Liquid 2L,Household,2025-01-07,2025-01-17,11,25.0,Catalogue
2863,5,Footscray,Victoria,25,Laundry Liquid 2L,Household,2024-02-02,2024-02-15,14,25.0,Catalogue
2864,5,Footscray,Victoria,25,Laundry Liquid 2L,Household,2025-11-22,2025-11-29,8,20.0,Catalogue
2865,5,Footscray,Victoria,25,Laundry Liquid 2L,Household,2024-07-25,2024-08-06,13,30.0,Catalogue
2866,5,Footscray,Victoria,25,Laundry Liquid 2L,Household,2024-04-07,2024-04-15,9,20.0,Catalogue
2867,5,Footscray,Victoria,25,Laundry Liquid 2L,Household,2023-01-12,2023-01-20,9,25.0,Catalogue
2868,5,Footscray,Victoria,25,Laundry Liquid 2L,Household,2025-04-29,2025-05-03,5,25.0,Catalogue
2869,5,Footscray,Victoria,25,Laundry Liquid 2L,Household,2025-12-18,2025-12-26,9,25.0,Catalogue
2870,5,Footscray,Victoria,25,Laundry Liquid 2L,Household,2024-09-12,2024-09-17,6,15.0,In-Store Display
2871,5,Footscray,Victoria,25,Laundry Liquid 2L,Household,2023-02-25,2023-03-10,14,25.0,Catalogue
2872,5,Footscray,Victoria,25,Laundry Liquid 2L,Household,2025-08-10,2025-08-23,14,20.0,Catalogue
2873,5,Footscray,Victoria,25,Laundry Liquid 2L,Household,2025-02-25,2025-03-10,14,20.0,Catalogue
2874,5,Footscray,Victoria,25,Laundry Liquid 2L,Household,2023-12-22,2023-12-27,6,10.0,In-Store Display
2875,5,Footscray,Victoria,25,Laundry Liquid 2L,Household,2023-04-22,2023-04-26,5,15.0,In-Store Display
2876,5,Footscray,Victoria,25,Laundry Liquid 2L,Household,2024-12-10,2024-12-20,11,20.0,Catalogue
2877,5,Footscray,Victoria,25,Laundry Liquid 2L,Household,2024-06-20,2024-06-27,8,15.0,In-Store Display
2878,5,Footscray,Victoria,25,Laundry Liquid 2L,Household,2023-05-26,2023-05-30,5,10.0,In-Store Display
2879,5,Footscray,Victoria,25,Laundry Liquid 2L,Household,2023-08-08,2023-08-15,8,15.0,In-Store Display
2880,5,Footscray,Victoria,25,Laundry Liquid 2L,Household,2025-05-22,2025-05-31,10,15.0,In-Store Display
2881,5,Footscray,Victoria,25,Laundry Liquid 2L,Household,2024-05-18,2024-05-23,6,15.0,In-Store Display
2882,5,Footscray,Victoria,25,Laundry Liquid 2L,Household,2024-08-21,2024-08-28,8,25.0,Catalogue
2883,5,Footscray,Victoria,25,Laundry Liquid 2L,Household,2023-07-03,2023-07-13,11,15.0,In-Store Display
2884,5,Footscray,Victoria,25,Laundry Liquid 2L,Household,2025-10-16,2025-10-20,5,25.0,Catalogue
2885,5,Footscray,Victoria,25,Laundry Liquid 2L,Household,2023-11-23,2023-12-03,11,25.0,Catalogue
2886,5,Footscray,Victoria,25,Laundry Liquid 2L,Household,2023-10-15,2023-10-27,13,25.0,Catalogue
2887,5,Footscray,Victoria,25,Laundry Liquid 2L,Household,2024-10-15,2024-10-25,11,25.0,Catalogue
2888,5,Footscray,Victoria,26,Dishwashing Liquid 500ml,Household,2024-09-23,2024-09-27,5,30.0,Catalogue
2889,5,Footscray,Victoria,26,Dishwashing Liquid 500ml,Household,2025-11-05,2025-11-13,9,20.0,Catalogue
2890,5,Footscray,Victoria,26,Dishwashing Liquid 500ml,Household,2025-08-31,2025-09-10,11,10.0,In-Store Display
2891,5,Footscray,Victoria,26,Dishwashing Liquid 500ml,Household,2024-04-10,2024-04-19,10,15.0,In-Store Display
2892,5,Footscray,Victoria,26,Dishwashing Liquid 500ml,Household,2025-07-26,2025-08-03,9,25.0,Catalogue
2893,5,Footscray,Victoria,26,Dishwashing Liquid 500ml,Household,2025-10-13,2025-10-17,5,15.0,In-Store Display
2894,5,Footscray,Victoria,26,Dishwashing Liquid 500ml,Household,2025-03-29,2025-04-10,13,30.0,Catalogue
2895,5,Footscray,Victoria,26,Dishwashing Liquid 500ml,Household,2024-11-08,2024-11-13,6,15.0,In-Store Display
2896,5,Footscray,Victoria,26,Dishwashing Liquid 500ml,Household,2024-03-15,2024-03-20,6,50.0,Clearance
2897,5,Footscray,Victoria,26,Dishwashing Liquid 500ml,Household,2023-08-20,2023-09-01,13,20.0,Catalogue
2898,5,Footscray,Victoria,26,Dishwashing Liquid 500ml,Household,2023-02-10,2023-02-19,10,25.0,Catalogue
2899,5,Footscray,Victoria,26,Dishwashing Liquid 500ml,Household,2025-05-29,2025-06-02,5,25.0,Catalogue
2900,5,Footscray,Victoria,26,Dishwashing Liquid 500ml,Household,2023-10-26,2023-11-04,10,15.0,In-Store Display
2901,5,Footscray,Victoria,26,Dishwashing Liquid 500ml,Household,2023-12-28,2024-01-02,6,50.0,Clearance
2902,5,Footscray,Victoria,26,Dishwashing Liquid 500ml,Household,2025-12-12,2025-12-19,8,25.0,Catalogue
2903,5,Footscray,Victoria,26,Dishwashing Liquid 500ml,Household,2024-05-08,2024-05-17,10,30.0,Catalogue
2904,5,Footscray,Victoria,26,Dishwashing Liquid 500ml,Household,2025-07-01,2025-07-05,5,25.0,Catalogue
2905,5,Footscray,Victoria,26,Dishwashing Liquid 500ml,Household,2025-02-10,2025-02-16,7,20.0,Catalogue
2906,5,Footscray,Victoria,26,Dishwashing Liquid 500ml,Household,2024-06-06,2024-06-12,7,15.0,In-Store Display
2907,5,Footscray,Victoria,27,Paper Towel 4pk,Household,2023-12-06,2023-12-14,9,10.0,In-Store Display
2908,5,Footscray,Victoria,27,Paper Towel 4pk,Household,2025-08-22,2025-08-28,7,15.0,In-Store Display
2909,5,Footscray,Victoria,27,Paper Towel 4pk,Household,2023-09-17,2023-09-21,5,15.0,In-Store Display
2910,5,Footscray,Victoria,27,Paper Towel 4pk,Household,2024-09-04,2024-09-10,7,50.0,Clearance
2911,5,Footscray,Victoria,27,Paper Towel 4pk,Household,2023-02-24,2023-03-06,11,25.0,Catalogue
2912,5,Footscray,Victoria,27,Paper Towel 4pk,Household,2024-01-20,2024-01-30,11,20.0,Catalogue
2913,5,Footscray,Victoria,27,Paper Towel 4pk,Household,2023-08-19,2023-08-24,6,30.0,Catalogue
2914,5,Footscray,Victoria,27,Paper Towel 4pk,Household,2024-12-13,2024-12-24,12,20.0,Catalogue
2915,5,Footscray,Victoria,27,Paper Towel 4pk,Household,2025-01-11,2025-01-16,6,10.0,In-Store Display
2916,5,Footscray,Victoria,27,Paper Towel 4pk,Household,2025-10-08,2025-10-15,8,20.0,Catalogue
2917,5,Footscray,Victoria,27,Paper Towel 4pk,Household,2023-04-12,2023-04-20,9,15.0,In-Store Display
2918,5,Footscray,Victoria,27,Paper Towel 4pk,Household,2025-05-18,2025-05-30,13,10.0,In-Store Display
2919,5,Footscray,Victoria,27,Paper Towel 4pk,Household,2023-05-10,2023-05-23,14,20.0,Catalogue
2920,5,Footscray,Victoria,27,Paper Towel 4pk,Household,2025-12-24,2025-12-30,7,20.0,Catalogue
2921,5,Footscray,Victoria,27,Paper Towel 4pk,Household,2024-05-29,2024-06-02,5,15.0,In-Store Display
2922,5,Footscray,Victoria,27,Paper Towel 4pk,Household,2024-08-02,2024-08-15,14,15.0,In-Store Display
2923,5,Footscray,Victoria,27,Paper Towel 4pk,Household,2024-06-27,2024-07-10,14,20.0,Catalogue
2924,5,Footscray,Victoria,27,Paper Towel 4pk,Household,2023-07-22,2023-08-01,11,20.0,Catalogue
2925,5,Footscray,Victoria,27,Paper Towel 4pk,Household,2024-10-07,2024-10-20,14,20.0,Catalogue
2926,5,Footscray,Victoria,28,Sunscreen SPF50+ 200ml,Household,2024-08-10,2024-08-19,10,20.0,Catalogue
2927,5,Footscray,Victoria,28,Sunscreen SPF50+ 200ml,Household,2023-10-13,2023-10-22,10,50.0,Clearance
2928,5,Footscray,Victoria,28,Sunscreen SPF50+ 200ml,Household,2024-01-19,2024-02-01,14,15.0,In-Store Display
2929,5,Footscray,Victoria,28,Sunscreen SPF50+ 200ml,Household,2023-04-02,2023-04-12,11,25.0,Catalogue
2930,5,Footscray,Victoria,28,Sunscreen SPF50+ 200ml,Household,2025-04-04,2025-04-09,6,10.0,In-Store Display
2931,5,Footscray,Victoria,28,Sunscreen SPF50+ 200ml,Household,2025-07-21,2025-07-28,8,10.0,In-Store Display
2932,5,Footscray,Victoria,28,Sunscreen SPF50+ 200ml,Household,2024-06-06,2024-06-10,5,15.0,In-Store Display
2933,5,Footscray,Victoria,28,Sunscreen SPF50+ 200ml,Household,2023-12-19,2023-12-24,6,10.0,In-Store Display
2934,5,Footscray,Victoria,28,Sunscreen SPF50+ 200ml,Household,2024-03-19,2024-04-01,14,15.0,In-Store Display
2935,5,Footscray,Victoria,28,Sunscreen SPF50+ 200ml,Household,2023-05-18,2023-05-31,14,15.0,In-Store Display
2936,5,Footscray,Victoria,28,Sunscreen SPF50+ 200ml,Household,2025-10-12,2025-10-21,10,15.0,In-Store Display
2937,5,Footscray,Victoria,28,Sunscreen SPF50+ 200ml,Household,2023-08-30,2023-09-05,7,10.0,In-Store Display
2938,5,Footscray,Victoria,28,Sunscreen SPF50+ 200ml,Household,2023-07-10,2023-07-20,11,10.0,In-Store Display
2939,5,Footscray,Victoria,28,Sunscreen SPF50+ 200ml,Household,2025-11-05,2025-11-14,10,20.0,Catalogue
2940,5,Footscray,Victoria,28,Sunscreen SPF50+ 200ml,Household,2025-05-18,2025-05-24,7,10.0,In-Store Display
2941,5,Footscray,Victoria,28,Sunscreen SPF50+ 200ml,Household,2023-01-03,2023-01-10,8,10.0,In-Store Display
2942,5,Footscray,Victoria,28,Sunscreen SPF50+ 200ml,Household,2025-09-08,2025-09-13,6,15.0,In-Store Display
2943,5,Footscray,Victoria,28,Sunscreen SPF50+ 200ml,Household,2024-04-19,2024-04-26,8,20.0,Catalogue
2944,5,Footscray,Victoria,28,Sunscreen SPF50+ 200ml,Household,2024-09-29,2024-10-09,11,15.0,In-Store Display
2945,5,Footscray,Victoria,28,Sunscreen SPF50+ 200ml,Household,2025-06-15,2025-06-22,8,30.0,Catalogue
2946,5,Footscray,Victoria,28,Sunscreen SPF50+ 200ml,Household,2025-12-13,2025-12-21,9,15.0,In-Store Display
2947,5,Footscray,Victoria,28,Sunscreen SPF50+ 200ml,Household,2024-07-08,2024-07-16,9,25.0,Catalogue
2948,5,Footscray,Victoria,29,Insect Repellent 150ml,Household,2024-12-16,2024-12-21,6,20.0,Catalogue
2949,5,Footscray,Victoria,29,Insect Repellent 150ml,Household,2023-07-24,2023-08-05,13,20.0,Catalogue
2950,5,Footscray,Victoria,29,Insect Repellent 150ml,Household,2025-05-10,2025-05-17,8,30.0,Catalogue
2951,5,Footscray,Victoria,29,Insect Repellent 150ml,Household,2025-06-11,2025-06-17,7,10.0,In-Store Display
2952,5,Footscray,Victoria,29,Insect Repellent 150ml,Household,2024-07-27,2024-08-03,8,10.0,In-Store Display
2953,5,Footscray,Victoria,29,Insect Repellent 150ml,Household,2023-02-01,2023-02-14,14,15.0,In-Store Display
2954,5,Footscray,Victoria,29,Insect Repellent 150ml,Household,2024-03-06,2024-03-19,14,25.0,Catalogue
2955,5,Footscray,Victoria,29,Insect Repellent 150ml,Household,2023-04-22,2023-04-30,9,10.0,In-Store Display
2956,5,Footscray,Victoria,29,Insect Repellent 150ml,Household,2025-03-04,2025-03-13,10,20.0,Catalogue
2957,5,Footscray,Victoria,29,Insect Repellent 150ml,Household,2024-04-26,2024-05-01,6,15.0,In-Store Display
2958,5,Footscray,Victoria,29,Insect Repellent 150ml,Household,2024-01-12,2024-01-20,9,30.0,Catalogue
2959,5,Footscray,Victoria,29,Insect Repellent 150ml,Household,2023-11-17,2023-11-27,11,15.0,In-Store Display
2960,5,Footscray,Victoria,29,Insect Repellent 150ml,Household,2025-11-08,2025-11-13,6,15.0,In-Store Display
2961,5,Footscray,Victoria,29,Insect Repellent 150ml,Household,2024-10-06,2024-10-13,8,20.0,Catalogue
2962,5,Footscray,Victoria,29,Insect Repellent 150ml,Household,2023-03-09,2023-03-15,7,10.0,In-Store Display
2963,5,Footscray,Victoria,29,Insect Repellent 150ml,Household,2024-06-12,2024-06-19,8,20.0,Catalogue
2964,5,Footscray,Victoria,29,Insect Repellent 150ml,Household,2023-06-17,2023-06-25,9,50.0,Clearance
2965,5,Footscray,Victoria,30,Firelighters 24pk,Household,2025-07-06,2025-07-12,7,15.0,In-Store Display
2966,5,Footscray,Victoria,30,Firelighters 24pk,Household,2024-12-12,2024-12-24,13,10.0,In-Store Display
2967,5,Footscray,Victoria,30,Firelighters 24pk,Household,2024-08-30,2024-09-10,12,25.0,Catalogue
2968,5,Footscray,Victoria,30,Firelighters 24pk,Household,2023-07-12,2023-07-17,6,10.0,In-Store Display
2969,5,Footscray,Victoria,30,Firelighters 24pk,Household,2024-07-21,2024-07-28,8,20.0,Catalogue
2970,5,Footscray,Victoria,30,Firelighters 24pk,Household,2023-03-07,2023-03-11,5,20.0,Catalogue
2971,5,Footscray,Victoria,30,Firelighters 24pk,Household,2023-05-26,2023-06-07,13,15.0,In-Store Display
2972,5,Footscray,Victoria,30,Firelighters 24pk,Household,2025-03-22,2025-03-26,5,50.0,Clearance
2973,5,Footscray,Victoria,30,Firelighters 24pk,Household,2025-01-30,2025-02-06,8,20.0,Catalogue
2974,5,Footscray,Victoria,30,Firelighters 24pk,Household,2024-05-28,2024-06-02,6,15.0,In-Store Display
2975,5,Footscray,Victoria,30,Firelighters 24pk,Household,2023-05-05,2023-05-10,6,15.0,In-Store Display
2976,5,Footscray,Victoria,30,Firelighters 24pk,Household,2024-11-20,2024-11-27,8,15.0,In-Store Display
2977,5,Footscray,Victoria,30,Firelighters 24pk,Household,2025-11-07,2025-11-16,10,20.0,Catalogue
2978,5,Footscray,Victoria,30,Firelighters 24pk,Household,2024-04-30,2024-05-13,14,10.0,In-Store Display
2979,6,Dandenong,Victoria,1,Long Grain Rice 2kg,Staples,2025-10-17,2025-10-25,9,10.0,In-Store Display
2980,6,Dandenong,Victoria,1,Long Grain Rice 2kg,Staples,2025-11-25,2025-11-30,6,30.0,Catalogue
2981,6,Dandenong,Victoria,1,Long Grain Rice 2kg,Staples,2025-05-08,2025-05-19,12,20.0,Catalogue
2982,6,Dandenong,Victoria,1,Long Grain Rice 2kg,Staples,2025-06-26,2025-07-07,12,30.0,Catalogue
2983,6,Dandenong,Victoria,1,Long Grain Rice 2kg,Staples,2024-09-02,2024-09-12,11,20.0,Catalogue
2984,6,Dandenong,Victoria,1,Long Grain Rice 2kg,Staples,2024-02-21,2024-02-28,8,10.0,In-Store Display
2985,6,Dandenong,Victoria,1,Long Grain Rice 2kg,Staples,2023-08-10,2023-08-20,11,10.0,In-Store Display
2986,6,Dandenong,Victoria,1,Long Grain Rice 2kg,Staples,2025-01-08,2025-01-20,13,10.0,In-Store Display
2987,6,Dandenong,Victoria,1,Long Grain Rice 2kg,Staples,2023-07-03,2023-07-11,9,25.0,Catalogue
2988,6,Dandenong,Victoria,1,Long Grain Rice 2kg,Staples,2023-04-27,2023-05-07,11,10.0,In-Store Display
2989,6,Dandenong,Victoria,1,Long Grain Rice 2kg,Staples,2024-07-18,2024-07-30,13,20.0,Catalogue
2990,6,Dandenong,Victoria,2,Dried Pasta 500g,Staples,2025-08-18,2025-08-26,9,10.0,In-Store Display
2991,6,Dandenong,Victoria,2,Dried Pasta 500g,Staples,2024-05-29,2024-06-05,8,25.0,Catalogue
2992,6,Dandenong,Victoria,2,Dried Pasta 500g,Staples,2023-12-09,2023-12-19,11,15.0,In-Store Display
2993,6,Dandenong,Victoria,2,Dried Pasta 500g,Staples,2023-02-05,2023-02-18,14,10.0,In-Store Display
2994,6,Dandenong,Victoria,2,Dried Pasta 500g,Staples,2024-10-27,2024-11-01,6,15.0,In-Store Display
2995,6,Dandenong,Victoria,2,Dried Pasta 500g,Staples,2025-01-15,2025-01-21,7,10.0,In-Store Display
2996,6,Dandenong,Victoria,2,Dried Pasta 500g,Staples,2025-07-12,2025-07-25,14,20.0,Catalogue
2997,6,Dandenong,Victoria,2,Dried Pasta 500g,Staples,2025-05-26,2025-06-06,12,30.0,Catalogue
2998,6,Dandenong,Victoria,2,Dried Pasta 500g,Staples,2025-11-14,2025-11-22,9,20.0,Catalogue
2999,6,Dandenong,Victoria,2,Dried Pasta 500g,Staples,2025-04-17,2025-04-30,14,10.0,In-Store Display
3000,6,Dandenong,Victoria,2,Dried Pasta 500g,Staples,2023-06-12,2023-06-17,6,30.0,Catalogue
3001,6,Dandenong,Victoria,2,Dried Pasta 500g,Staples,2023-07-04,2023-07-13,10,25.0,Catalogue
3002,6,Dandenong,Victoria,2,Dried Pasta 500g,Staples,2024-01-06,2024-01-14,9,30.0,Catalogue
3003,6,Dandenong,Victoria,2,Dried Pasta 500g,Staples,2024-06-25,2024-07-03,9,20.0,Catalogue
3004,6,Dandenong,Victoria,2,Dried Pasta 500g,Staples,2023-08-29,2023-09-05,8,15.0,In-Store Display
3005,6,Dandenong,Victoria,2,Dried Pasta 500g,Staples,2024-12-06,2024-12-18,13,30.0,Catalogue
3006,6,Dandenong,Victoria,3,White Bread Loaf,Staples,2023-10-07,2023-10-19,13,10.0,In-Store Display
3007,6,Dandenong,Victoria,3,White Bread Loaf,Staples,2025-11-10,2025-11-22,13,15.0,In-Store Display
3008,6,Dandenong,Victoria,3,White Bread Loaf,Staples,2025-01-20,2025-01-24,5,10.0,In-Store Display
3009,6,Dandenong,Victoria,3,White Bread Loaf,Staples,2023-08-10,2023-08-15,6,20.0,Catalogue
3010,6,Dandenong,Victoria,3,White Bread Loaf,Staples,2025-08-20,2025-08-28,9,25.0,Catalogue
3011,6,Dandenong,Victoria,3,White Bread Loaf,Staples,2025-10-18,2025-10-25,8,25.0,Catalogue
3012,6,Dandenong,Victoria,3,White Bread Loaf,Staples,2024-03-16,2024-03-29,14,10.0,In-Store Display
3013,6,Dandenong,Victoria,3,White Bread Loaf,Staples,2024-08-16,2024-08-29,14,10.0,In-Store Display
3014,6,Dandenong,Victoria,3,White Bread Loaf,Staples,2025-09-16,2025-09-23,8,10.0,In-Store Display
3015,6,Dandenong,Victoria,4,Plain Flour 1kg,Staples,2025-11-05,2025-11-10,6,10.0,In-Store Display
3016,6,Dandenong,Victoria,4,Plain Flour 1kg,Staples,2024-03-01,2024-03-14,14,10.0,In-Store Display
3017,6,Dandenong,Victoria,4,Plain Flour 1kg,Staples,2024-07-06,2024-07-11,6,10.0,In-Store Display
3018,6,Dandenong,Victoria,4,Plain Flour 1kg,Staples,2023-08-30,2023-09-12,14,15.0,In-Store Display
3019,6,Dandenong,Victoria,4,Plain Flour 1kg,Staples,2024-05-05,2024-05-13,9,15.0,In-Store Display
3020,6,Dandenong,Victoria,4,Plain Flour 1kg,Staples,2025-10-16,2025-10-21,6,30.0,Catalogue
3021,6,Dandenong,Victoria,4,Plain Flour 1kg,Staples,2023-06-07,2023-06-18,12,25.0,Catalogue
3022,6,Dandenong,Victoria,4,Plain Flour 1kg,Staples,2024-11-17,2024-11-22,6,20.0,Catalogue
3023,6,Dandenong,Victoria,4,Plain Flour 1kg,Staples,2024-10-25,2024-10-29,5,25.0,Catalogue
3024,6,Dandenong,Victoria,4,Plain Flour 1kg,Staples,2025-05-10,2025-05-23,14,10.0,In-Store Display
3025,6,Dandenong,Victoria,4,Plain Flour 1kg,Staples,2025-02-08,2025-02-17,10,15.0,In-Store Display
3026,6,Dandenong,Victoria,4,Plain Flour 1kg,Staples,2025-07-23,2025-08-05,14,15.0,In-Store Display
3027,6,Dandenong,Victoria,5,Breakfast Cereal 1kg,Staples,2023-05-25,2023-05-29,5,15.0,In-Store Display
3028,6,Dandenong,Victoria,5,Breakfast Cereal 1kg,Staples,2023-11-08,2023-11-21,14,50.0,Clearance
3029,6,Dandenong,Victoria,5,Breakfast Cereal 1kg,Staples,2024-08-06,2024-08-16,11,10.0,In-Store Display
3030,6,Dandenong,Victoria,5,Breakfast Cereal 1kg,Staples,2023-04-02,2023-04-09,8,10.0,In-Store Display
3031,6,Dandenong,Victoria,5,Breakfast Cereal 1kg,Staples,2025-02-27,2025-03-06,8,20.0,Catalogue
3032,6,Dandenong,Victoria,5,Breakfast Cereal 1kg,Staples,2025-10-15,2025-10-26,12,15.0,In-Store Display
3033,6,Dandenong,Victoria,5,Breakfast Cereal 1kg,Staples,2024-02-14,2024-02-22,9,15.0,In-Store Display
3034,6,Dandenong,Victoria,5,Breakfast Cereal 1kg,Staples,2024-03-09,2024-03-16,8,25.0,Catalogue
3035,6,Dandenong,Victoria,5,Breakfast Cereal 1kg,Staples,2025-04-26,2025-05-01,6,10.0,In-Store Display
3036,6,Dandenong,Victoria,5,Breakfast Cereal 1kg,Staples,2023-01-24,2023-01-28,5,15.0,In-Store Display
3037,6,Dandenong,Victoria,5,Breakfast Cereal 1kg,Staples,2025-01-28,2025-02-04,8,20.0,Catalogue
3038,6,Dandenong,Victoria,5,Breakfast Cereal 1kg,Staples,2024-09-02,2024-09-10,9,30.0,Catalogue
3039,6,Dandenong,Victoria,5,Breakfast Cereal 1kg,Staples,2025-03-25,2025-04-07,14,20.0,Catalogue
3040,6,Dandenong,Victoria,5,Breakfast Cereal 1kg,Staples,2023-07-04,2023-07-13,10,30.0,Catalogue
3041,6,Dandenong,Victoria,5,Breakfast Cereal 1kg,Staples,2023-06-13,2023-06-17,5,15.0,In-Store Display
3042,6,Dandenong,Victoria,5,Breakfast Cereal 1kg,Staples,2025-01-04,2025-01-12,9,10.0,In-Store Display
3043,6,Dandenong,Victoria,5,Breakfast Cereal 1kg,Staples,2023-04-29,2023-05-07,9,30.0,Catalogue
3044,6,Dandenong,Victoria,5,Breakfast Cereal 1kg,Staples,2025-11-17,2025-11-26,10,20.0,Catalogue
3045,6,Dandenong,Victoria,6,White Sugar 1kg,Staples,2023-10-30,2023-11-06,8,30.0,Catalogue
3046,6,Dandenong,Victoria,6,White Sugar 1kg,Staples,2024-05-05,2024-05-14,10,20.0,Catalogue
3047,6,Dandenong,Victoria,6,White Sugar 1kg,Staples,2024-07-23,2024-08-03,12,30.0,Catalogue
3048,6,Dandenong,Victoria,6,White Sugar 1kg,Staples,2025-12-04,2025-12-10,7,15.0,In-Store Display
3049,6,Dandenong,Victoria,6,White Sugar 1kg,Staples,2025-09-24,2025-10-03,10,25.0,Catalogue
3050,6,Dandenong,Victoria,6,White Sugar 1kg,Staples,2024-01-16,2024-01-27,12,10.0,In-Store Display
3051,6,Dandenong,Victoria,6,White Sugar 1kg,Staples,2023-04-01,2023-04-06,6,15.0,In-Store Display
3052,6,Dandenong,Victoria,6,White Sugar 1kg,Staples,2025-02-09,2025-02-21,13,10.0,In-Store Display
3053,6,Dandenong,Victoria,6,White Sugar 1kg,Staples,2025-10-22,2025-10-30,9,25.0,Catalogue
3054,6,Dandenong,Victoria,7,Full Cream Milk 2L,Dairy & Frozen,2025-04-07,2025-04-11,5,15.0,In-Store Display
3055,6,Dandenong,Victoria,7,Full Cream Milk 2L,Dairy & Frozen,2025-05-02,2025-05-07,6,20.0,Catalogue
3056,6,Dandenong,Victoria,7,Full Cream Milk 2L,Dairy & Frozen,2025-02-10,2025-02-23,14,30.0,Catalogue
3057,6,Dandenong,Victoria,7,Full Cream Milk 2L,Dairy & Frozen,2023-01-13,2023-01-19,7,10.0,In-Store Display
3058,6,Dandenong,Victoria,7,Full Cream Milk 2L,Dairy & Frozen,2025-08-26,2025-09-04,10,20.0,Catalogue
3059,6,Dandenong,Victoria,7,Full Cream Milk 2L,Dairy & Frozen,2023-12-25,2024-01-04,11,10.0,In-Store Display
3060,6,Dandenong,Victoria,7,Full Cream Milk 2L,Dairy & Frozen,2024-09-18,2024-09-23,6,20.0,Catalogue
3061,6,Dandenong,Victoria,7,Full Cream Milk 2L,Dairy & Frozen,2023-04-24,2023-05-03,10,25.0,Catalogue
3062,6,Dandenong,Victoria,8,Tasty Cheese Block 500g,Dairy & Frozen,2023-08-24,2023-09-05,13,10.0,In-Store Display
3063,6,Dandenong,Victoria,8,Tasty Cheese Block 500g,Dairy & Frozen,2024-10-31,2024-11-06,7,20.0,Catalogue
3064,6,Dandenong,Victoria,8,Tasty Cheese Block 500g,Dairy & Frozen,2025-05-25,2025-05-30,6,20.0,Catalogue
3065,6,Dandenong,Victoria,8,Tasty Cheese Block 500g,Dairy & Frozen,2024-09-21,2024-09-30,10,10.0,In-Store Display
3066,6,Dandenong,Victoria,8,Tasty Cheese Block 500g,Dairy & Frozen,2023-05-09,2023-05-17,9,10.0,In-Store Display
3067,6,Dandenong,Victoria,8,Tasty Cheese Block 500g,Dairy & Frozen,2024-03-21,2024-03-26,6,10.0,In-Store Display
3068,6,Dandenong,Victoria,8,Tasty Cheese Block 500g,Dairy & Frozen,2025-09-24,2025-09-28,5,15.0,In-Store Display
3069,6,Dandenong,Victoria,8,Tasty Cheese Block 500g,Dairy & Frozen,2024-05-16,2024-05-25,10,20.0,Catalogue
3070,6,Dandenong,Victoria,8,Tasty Cheese Block 500g,Dairy & Frozen,2024-06-25,2024-07-05,11,20.0,Catalogue
3071,6,Dandenong,Victoria,8,Tasty Cheese Block 500g,Dairy & Frozen,2023-09-23,2023-10-06,14,20.0,Catalogue
3072,6,Dandenong,Victoria,8,Tasty Cheese Block 500g,Dairy & Frozen,2024-12-04,2024-12-17,14,15.0,In-Store Display
3073,6,Dandenong,Victoria,8,Tasty Cheese Block 500g,Dairy & Frozen,2024-01-28,2024-02-10,14,25.0,Catalogue
3074,6,Dandenong,Victoria,8,Tasty Cheese Block 500g,Dairy & Frozen,2025-04-19,2025-04-26,8,10.0,In-Store Display
3075,6,Dandenong,Victoria,8,Tasty Cheese Block 500g,Dairy & Frozen,2023-11-20,2023-12-03,14,30.0,Catalogue
3076,6,Dandenong,Victoria,8,Tasty Cheese Block 500g,Dairy & Frozen,2023-03-11,2023-03-23,13,20.0,Catalogue
3077,6,Dandenong,Victoria,8,Tasty Cheese Block 500g,Dairy & Frozen,2025-09-05,2025-09-09,5,30.0,Catalogue
3078,6,Dandenong,Victoria,8,Tasty Cheese Block 500g,Dairy & Frozen,2025-01-14,2025-01-18,5,30.0,Catalogue
3079,6,Dandenong,Victoria,8,Tasty Cheese Block 500g,Dairy & Frozen,2025-07-28,2025-08-06,10,10.0,In-Store Display
3080,6,Dandenong,Victoria,8,Tasty Cheese Block 500g,Dairy & Frozen,2023-01-25,2023-02-07,14,20.0,Catalogue
3081,6,Dandenong,Victoria,8,Tasty Cheese Block 500g,Dairy & Frozen,2023-07-14,2023-07-23,10,20.0,Catalogue
3082,6,Dandenong,Victoria,9,Greek Yoghurt 1kg,Dairy & Frozen,2024-02-07,2024-02-13,7,10.0,In-Store Display
3083,6,Dandenong,Victoria,9,Greek Yoghurt 1kg,Dairy & Frozen,2023-04-20,2023-05-03,14,30.0,Catalogue
3084,6,Dandenong,Victoria,9,Greek Yoghurt 1kg,Dairy & Frozen,2023-01-31,2023-02-13,14,25.0,Catalogue
3085,6,Dandenong,Victoria,9,Greek Yoghurt 1kg,Dairy & Frozen,2025-06-13,2025-06-17,5,20.0,Catalogue
3086,6,Dandenong,Victoria,9,Greek Yoghurt 1kg,Dairy & Frozen,2025-05-01,2025-05-10,10,15.0,In-Store Display
3087,6,Dandenong,Victoria,9,Greek Yoghurt 1kg,Dairy & Frozen,2024-07-11,2024-07-23,13,10.0,In-Store Display
3088,6,Dandenong,Victoria,9,Greek Yoghurt 1kg,Dairy & Frozen,2024-10-15,2024-10-21,7,25.0,Catalogue
3089,6,Dandenong,Victoria,9,Greek Yoghurt 1kg,Dairy & Frozen,2024-05-23,2024-05-27,5,25.0,Catalogue
3090,6,Dandenong,Victoria,9,Greek Yoghurt 1kg,Dairy & Frozen,2025-02-22,2025-03-02,9,30.0,Catalogue
3091,6,Dandenong,Victoria,9,Greek Yoghurt 1kg,Dairy & Frozen,2025-08-30,2025-09-03,5,30.0,Catalogue
3092,6,Dandenong,Victoria,9,Greek Yoghurt 1kg,Dairy & Frozen,2023-09-02,2023-09-07,6,20.0,Catalogue
3093,6,Dandenong,Victoria,9,Greek Yoghurt 1kg,Dairy & Frozen,2023-05-30,2023-06-06,8,10.0,In-Store Display
3094,6,Dandenong,Victoria,9,Greek Yoghurt 1kg,Dairy & Frozen,2025-08-01,2025-08-09,9,10.0,In-Store Display
3095,6,Dandenong,Victoria,9,Greek Yoghurt 1kg,Dairy & Frozen,2024-06-11,2024-06-16,6,15.0,In-Store Display
3096,6,Dandenong,Victoria,9,Greek Yoghurt 1kg,Dairy & Frozen,2024-01-01,2024-01-08,8,10.0,In-Store Display
3097,6,Dandenong,Victoria,9,Greek Yoghurt 1kg,Dairy & Frozen,2023-03-04,2023-03-12,9,20.0,Catalogue
3098,6,Dandenong,Victoria,9,Greek Yoghurt 1kg,Dairy & Frozen,2023-11-27,2023-12-10,14,25.0,Catalogue
3099,6,Dandenong,Victoria,9,Greek Yoghurt 1kg,Dairy & Frozen,2024-12-15,2024-12-25,11,15.0,In-Store Display
3100,6,Dandenong,Victoria,9,Greek Yoghurt 1kg,Dairy & Frozen,2023-10-10,2023-10-22,13,30.0,Catalogue
3101,6,Dandenong,Victoria,9,Greek Yoghurt 1kg,Dairy & Frozen,2025-11-08,2025-11-16,9,30.0,Catalogue
3102,6,Dandenong,Victoria,10,Vanilla Ice Cream 2L,Dairy & Frozen,2025-04-15,2025-04-19,5,10.0,In-Store Display
3103,6,Dandenong,Victoria,10,Vanilla Ice Cream 2L,Dairy & Frozen,2023-06-14,2023-06-24,11,20.0,Catalogue
3104,6,Dandenong,Victoria,10,Vanilla Ice Cream 2L,Dairy & Frozen,2025-07-21,2025-07-27,7,15.0,In-Store Display
3105,6,Dandenong,Victoria,10,Vanilla Ice Cream 2L,Dairy & Frozen,2023-12-17,2023-12-26,10,20.0,Catalogue
3106,6,Dandenong,Victoria,10,Vanilla Ice Cream 2L,Dairy & Frozen,2024-10-12,2024-10-21,10,25.0,Catalogue
3107,6,Dandenong,Victoria,10,Vanilla Ice Cream 2L,Dairy & Frozen,2025-10-07,2025-10-17,11,50.0,Clearance
3108,6,Dandenong,Victoria,10,Vanilla Ice Cream 2L,Dairy & Frozen,2023-09-06,2023-09-13,8,15.0,In-Store Display
3109,6,Dandenong,Victoria,10,Vanilla Ice Cream 2L,Dairy & Frozen,2024-12-15,2024-12-26,12,20.0,Catalogue
3110,6,Dandenong,Victoria,10,Vanilla Ice Cream 2L,Dairy & Frozen,2024-08-11,2024-08-15,5,30.0,Catalogue
3111,6,Dandenong,Victoria,10,Vanilla Ice Cream 2L,Dairy & Frozen,2025-08-26,2025-09-01,7,20.0,Catalogue
3112,6,Dandenong,Victoria,10,Vanilla Ice Cream 2L,Dairy & Frozen,2025-12-06,2025-12-13,8,25.0,Catalogue
3113,6,Dandenong,Victoria,10,Vanilla Ice Cream 2L,Dairy & Frozen,2025-06-24,2025-07-06,13,25.0,Catalogue
3114,6,Dandenong,Victoria,10,Vanilla Ice Cream 2L,Dairy & Frozen,2024-02-06,2024-02-15,10,15.0,In-Store Display
3115,6,Dandenong,Victoria,10,Vanilla Ice Cream 2L,Dairy & Frozen,2024-06-15,2024-06-27,13,20.0,Catalogue
3116,6,Dandenong,Victoria,10,Vanilla Ice Cream 2L,Dairy & Frozen,2024-03-12,2024-03-24,13,10.0,In-Store Display
3117,6,Dandenong,Victoria,10,Vanilla Ice Cream 2L,Dairy & Frozen,2023-07-17,2023-07-22,6,30.0,Catalogue
3118,6,Dandenong,Victoria,10,Vanilla Ice Cream 2L,Dairy & Frozen,2023-01-15,2023-01-28,14,25.0,Catalogue
3119,6,Dandenong,Victoria,10,Vanilla Ice Cream 2L,Dairy & Frozen,2025-11-01,2025-11-11,11,20.0,Catalogue
3120,6,Dandenong,Victoria,10,Vanilla Ice Cream 2L,Dairy & Frozen,2023-03-18,2023-03-29,12,50.0,Clearance
3121,6,Dandenong,Victoria,10,Vanilla Ice Cream 2L,Dairy & Frozen,2023-10-18,2023-10-29,12,20.0,Catalogue
3122,6,Dandenong,Victoria,10,Vanilla Ice Cream 2L,Dairy & Frozen,2024-05-05,2024-05-09,5,10.0,In-Store Display
3123,6,Dandenong,Victoria,10,Vanilla Ice Cream 2L,Dairy & Frozen,2025-05-22,2025-06-01,11,10.0,In-Store Display
3124,6,Dandenong,Victoria,10,Vanilla Ice Cream 2L,Dairy & Frozen,2024-11-15,2024-11-27,13,30.0,Catalogue
3125,6,Dandenong,Victoria,11,Frozen Mixed Vegetables 1kg,Dairy & Frozen,2024-07-15,2024-07-27,13,10.0,In-Store Display
3126,6,Dandenong,Victoria,11,Frozen Mixed Vegetables 1kg,Dairy & Frozen,2025-02-23,2025-03-08,14,15.0,In-Store Display
3127,6,Dandenong,Victoria,11,Frozen Mixed Vegetables 1kg,Dairy & Frozen,2023-12-28,2024-01-07,11,20.0,Catalogue
3128,6,Dandenong,Victoria,11,Frozen Mixed Vegetables 1kg,Dairy & Frozen,2023-02-06,2023-02-18,13,10.0,In-Store Display
3129,6,Dandenong,Victoria,11,Frozen Mixed Vegetables 1kg,Dairy & Frozen,2025-07-19,2025-07-27,9,15.0,In-Store Display
3130,6,Dandenong,Victoria,11,Frozen Mixed Vegetables 1kg,Dairy & Frozen,2023-10-09,2023-10-16,8,10.0,In-Store Display
3131,6,Dandenong,Victoria,11,Frozen Mixed Vegetables 1kg,Dairy & Frozen,2024-03-22,2024-03-26,5,50.0,Clearance
3132,6,Dandenong,Victoria,11,Frozen Mixed Vegetables 1kg,Dairy & Frozen,2024-12-06,2024-12-11,6,15.0,In-Store Display
3133,6,Dandenong,Victoria,11,Frozen Mixed Vegetables 1kg,Dairy & Frozen,2024-05-30,2024-06-06,8,10.0,In-Store Display
3134,6,Dandenong,Victoria,11,Frozen Mixed Vegetables 1kg,Dairy & Frozen,2023-04-01,2023-04-05,5,10.0,In-Store Display
3135,6,Dandenong,Victoria,11,Frozen Mixed Vegetables 1kg,Dairy & Frozen,2025-09-27,2025-10-01,5,30.0,Catalogue
3136,6,Dandenong,Victoria,11,Frozen Mixed Vegetables 1kg,Dairy & Frozen,2025-04-26,2025-05-06,11,10.0,In-Store Display
3137,6,Dandenong,Victoria,11,Frozen Mixed Vegetables 1kg,Dairy & Frozen,2023-11-07,2023-11-11,5,15.0,In-Store Display
3138,6,Dandenong,Victoria,11,Frozen Mixed Vegetables 1kg,Dairy & Frozen,2024-02-18,2024-03-01,13,15.0,In-Store Display
3139,6,Dandenong,Victoria,11,Frozen Mixed Vegetables 1kg,Dairy & Frozen,2023-07-17,2023-07-21,5,20.0,Catalogue
3140,6,Dandenong,Victoria,11,Frozen Mixed Vegetables 1kg,Dairy & Frozen,2024-08-12,2024-08-17,6,50.0,Clearance
3141,6,Dandenong,Victoria,11,Frozen Mixed Vegetables 1kg,Dairy & Frozen,2023-08-09,2023-08-22,14,30.0,Catalogue
3142,6,Dandenong,Victoria,11,Frozen Mixed Vegetables 1kg,Dairy & Frozen,2025-01-20,2025-01-26,7,15.0,In-Store Display
3143,6,Dandenong,Victoria,12,Frozen Meat Pies 4pk,Dairy & Frozen,2024-04-05,2024-04-10,6,15.0,In-Store Display
3144,6,Dandenong,Victoria,12,Frozen Meat Pies 4pk,Dairy & Frozen,2025-10-31,2025-11-09,10,20.0,Catalogue
3145,6,Dandenong,Victoria,12,Frozen Meat Pies 4pk,Dairy & Frozen,2024-02-25,2024-03-03,8,20.0,Catalogue
3146,6,Dandenong,Victoria,12,Frozen Meat Pies 4pk,Dairy & Frozen,2025-08-28,2025-09-10,14,25.0,Catalogue
3147,6,Dandenong,Victoria,12,Frozen Meat Pies 4pk,Dairy & Frozen,2023-03-26,2023-04-02,8,25.0,Catalogue
3148,6,Dandenong,Victoria,12,Frozen Meat Pies 4pk,Dairy & Frozen,2023-08-07,2023-08-19,13,20.0,Catalogue
3149,6,Dandenong,Victoria,12,Frozen Meat Pies 4pk,Dairy & Frozen,2024-11-26,2024-12-04,9,15.0,In-Store Display
3150,6,Dandenong,Victoria,12,Frozen Meat Pies 4pk,Dairy & Frozen,2023-01-31,2023-02-08,9,10.0,In-Store Display
3151,6,Dandenong,Victoria,12,Frozen Meat Pies 4pk,Dairy & Frozen,2024-06-10,2024-06-19,10,20.0,Catalogue
3152,6,Dandenong,Victoria,12,Frozen Meat Pies 4pk,Dairy & Frozen,2024-07-27,2024-08-03,8,25.0,Catalogue
3153,6,Dandenong,Victoria,12,Frozen Meat Pies 4pk,Dairy & Frozen,2023-07-11,2023-07-21,11,10.0,In-Store Display
3154,6,Dandenong,Victoria,12,Frozen Meat Pies 4pk,Dairy & Frozen,2024-09-06,2024-09-10,5,25.0,Catalogue
3155,6,Dandenong,Victoria,12,Frozen Meat Pies 4pk,Dairy & Frozen,2023-09-26,2023-10-01,6,50.0,Clearance
3156,6,Dandenong,Victoria,12,Frozen Meat Pies 4pk,Dairy & Frozen,2024-10-05,2024-10-18,14,25.0,Catalogue
3157,6,Dandenong,Victoria,12,Frozen Meat Pies 4pk,Dairy & Frozen,2025-06-19,2025-06-24,6,10.0,In-Store Display
3158,6,Dandenong,Victoria,12,Frozen Meat Pies 4pk,Dairy & Frozen,2025-05-11,2025-05-24,14,10.0,In-Store Display
3159,6,Dandenong,Victoria,12,Frozen Meat Pies 4pk,Dairy & Frozen,2024-01-20,2024-01-30,11,30.0,Catalogue
3160,6,Dandenong,Victoria,12,Frozen Meat Pies 4pk,Dairy & Frozen,2025-03-25,2025-03-31,7,15.0,In-Store Display
3161,6,Dandenong,Victoria,12,Frozen Meat Pies 4pk,Dairy & Frozen,2023-05-26,2023-05-31,6,30.0,Catalogue
3162,6,Dandenong,Victoria,13,Cola Soft Drink 1.25L,Beverages,2023-01-23,2023-01-29,7,30.0,Catalogue
3163,6,Dandenong,Victoria,13,Cola Soft Drink 1.25L,Beverages,2025-06-02,2025-06-08,7,20.0,Catalogue
3164,6,Dandenong,Victoria,13,Cola Soft Drink 1.25L,Beverages,2025-02-23,2025-03-01,7,10.0,In-Store Display
3165,6,Dandenong,Victoria,13,Cola Soft Drink 1.25L,Beverages,2025-01-21,2025-01-27,7,30.0,Catalogue
3166,6,Dandenong,Victoria,13,Cola Soft Drink 1.25L,Beverages,2024-01-04,2024-01-15,12,20.0,Catalogue
3167,6,Dandenong,Victoria,13,Cola Soft Drink 1.25L,Beverages,2023-06-27,2023-07-09,13,30.0,Catalogue
3168,6,Dandenong,Victoria,13,Cola Soft Drink 1.25L,Beverages,2023-02-22,2023-02-27,6,10.0,In-Store Display
3169,6,Dandenong,Victoria,13,Cola Soft Drink 1.25L,Beverages,2024-10-10,2024-10-20,11,20.0,Catalogue
3170,6,Dandenong,Victoria,13,Cola Soft Drink 1.25L,Beverages,2024-03-12,2024-03-24,13,20.0,Catalogue
3171,6,Dandenong,Victoria,13,Cola Soft Drink 1.25L,Beverages,2023-09-07,2023-09-11,5,20.0,Catalogue
3172,6,Dandenong,Victoria,13,Cola Soft Drink 1.25L,Beverages,2025-11-16,2025-11-27,12,25.0,Catalogue
3173,6,Dandenong,Victoria,13,Cola Soft Drink 1.25L,Beverages,2023-05-17,2023-05-29,13,25.0,Catalogue
3174,6,Dandenong,Victoria,13,Cola Soft Drink 1.25L,Beverages,2025-04-29,2025-05-10,12,10.0,In-Store Display
3175,6,Dandenong,Victoria,13,Cola Soft Drink 1.25L,Beverages,2024-08-22,2024-08-31,10,20.0,Catalogue
3176,6,Dandenong,Victoria,13,Cola Soft Drink 1.25L,Beverages,2025-07-04,2025-07-14,11,10.0,In-Store Display
3177,6,Dandenong,Victoria,13,Cola Soft Drink 1.25L,Beverages,2024-02-03,2024-02-11,9,30.0,Catalogue
3178,6,Dandenong,Victoria,13,Cola Soft Drink 1.25L,Beverages,2023-11-02,2023-11-09,8,15.0,In-Store Display
3179,6,Dandenong,Victoria,13,Cola Soft Drink 1.25L,Beverages,2025-10-20,2025-10-28,9,15.0,In-Store Display
3180,6,Dandenong,Victoria,13,Cola Soft Drink 1.25L,Beverages,2025-08-17,2025-08-28,12,20.0,Catalogue
3181,6,Dandenong,Victoria,13,Cola Soft Drink 1.25L,Beverages,2024-05-11,2024-05-19,9,10.0,In-Store Display
3182,6,Dandenong,Victoria,13,Cola Soft Drink 1.25L,Beverages,2025-12-21,2025-12-30,10,25.0,Catalogue
3183,6,Dandenong,Victoria,13,Cola Soft Drink 1.25L,Beverages,2025-04-06,2025-04-10,5,50.0,Clearance
3184,6,Dandenong,Victoria,13,Cola Soft Drink 1.25L,Beverages,2024-11-26,2024-12-04,9,10.0,In-Store Display
3185,6,Dandenong,Victoria,13,Cola Soft Drink 1.25L,Beverages,2023-08-07,2023-08-13,7,10.0,In-Store Display
3186,6,Dandenong,Victoria,13,Cola Soft Drink 1.25L,Beverages,2024-07-04,2024-07-13,10,20.0,Catalogue
3187,6,Dandenong,Victoria,13,Cola Soft Drink 1.25L,Beverages,2023-04-06,2023-04-10,5,20.0,Catalogue
3188,6,Dandenong,Victoria,13,Cola Soft Drink 1.25L,Beverages,2024-09-15,2024-09-25,11,10.0,In-Store Display
3189,6,Dandenong,Victoria,13,Cola Soft Drink 1.25L,Beverages,2024-04-08,2024-04-17,10,10.0,In-Store Display
3190,6,Dandenong,Victoria,13,Cola Soft Drink 1.25L,Beverages,2023-11-30,2023-12-04,5,10.0,In-Store Display
3191,6,Dandenong,Victoria,14,Orange Juice 2L,Beverages,2023-03-10,2023-03-22,13,15.0,In-Store Display
3192,6,Dandenong,Victoria,14,Orange Juice 2L,Beverages,2025-05-28,2025-06-02,6,10.0,In-Store Display
3193,6,Dandenong,Victoria,14,Orange Juice 2L,Beverages,2023-05-25,2023-06-03,10,10.0,In-Store Display
3194,6,Dandenong,Victoria,14,Orange Juice 2L,Beverages,2024-06-25,2024-07-08,14,25.0,Catalogue
3195,6,Dandenong,Victoria,14,Orange Juice 2L,Beverages,2025-06-17,2025-06-27,11,25.0,Catalogue
3196,6,Dandenong,Victoria,14,Orange Juice 2L,Beverages,2025-10-05,2025-10-13,9,15.0,In-Store Display
3197,6,Dandenong,Victoria,14,Orange Juice 2L,Beverages,2025-12-19,2025-12-24,6,20.0,Catalogue
3198,6,Dandenong,Victoria,14,Orange Juice 2L,Beverages,2023-10-10,2023-10-15,6,20.0,Catalogue
3199,6,Dandenong,Victoria,14,Orange Juice 2L,Beverages,2024-11-22,2024-12-04,13,10.0,In-Store Display
3200,6,Dandenong,Victoria,14,Orange Juice 2L,Beverages,2025-11-19,2025-11-28,10,15.0,In-Store Display
3201,6,Dandenong,Victoria,14,Orange Juice 2L,Beverages,2024-03-29,2024-04-08,11,10.0,In-Store Display
3202,6,Dandenong,Victoria,14,Orange Juice 2L,Beverages,2024-09-14,2024-09-19,6,20.0,Catalogue
3203,6,Dandenong,Victoria,14,Orange Juice 2L,Beverages,2023-07-11,2023-07-20,10,50.0,Clearance
3204,6,Dandenong,Victoria,14,Orange Juice 2L,Beverages,2024-01-15,2024-01-28,14,25.0,Catalogue
3205,6,Dandenong,Victoria,14,Orange Juice 2L,Beverages,2024-05-06,2024-05-19,14,20.0,Catalogue
3206,6,Dandenong,Victoria,14,Orange Juice 2L,Beverages,2023-04-11,2023-04-16,6,15.0,In-Store Display
3207,6,Dandenong,Victoria,14,Orange Juice 2L,Beverages,2023-12-24,2023-12-31,8,20.0,Catalogue
3208,6,Dandenong,Victoria,14,Orange Juice 2L,Beverages,2023-08-23,2023-08-27,5,10.0,In-Store Display
3209,6,Dandenong,Victoria,14,Orange Juice 2L,Beverages,2024-08-06,2024-08-10,5,50.0,Clearance
3210,6,Dandenong,Victoria,14,Orange Juice 2L,Beverages,2025-01-25,2025-02-07,14,20.0,Catalogue
3211,6,Dandenong,Victoria,14,Orange Juice 2L,Beverages,2024-03-03,2024-03-09,7,25.0,Catalogue
3212,6,Dandenong,Victoria,15,Spring Water 6L,Beverages,2023-03-03,2023-03-16,14,15.0,In-Store Display
3213,6,Dandenong,Victoria,15,Spring Water 6L,Beverages,2024-04-13,2024-04-22,10,10.0,In-Store Display
3214,6,Dandenong,Victoria,15,Spring Water 6L,Beverages,2025-01-13,2025-01-17,5,25.0,Catalogue
3215,6,Dandenong,Victoria,15,Spring Water 6L,Beverages,2023-10-10,2023-10-23,14,25.0,Catalogue
3216,6,Dandenong,Victoria,15,Spring Water 6L,Beverages,2025-07-22,2025-08-03,13,10.0,In-Store Display
3217,6,Dandenong,Victoria,15,Spring Water 6L,Beverages,2024-11-18,2024-11-26,9,15.0,In-Store Display
3218,6,Dandenong,Victoria,15,Spring Water 6L,Beverages,2024-01-09,2024-01-16,8,20.0,Catalogue
3219,6,Dandenong,Victoria,15,Spring Water 6L,Beverages,2025-04-17,2025-04-24,8,20.0,Catalogue
3220,6,Dandenong,Victoria,15,Spring Water 6L,Beverages,2023-04-16,2023-04-25,10,25.0,Catalogue
3221,6,Dandenong,Victoria,15,Spring Water 6L,Beverages,2025-02-21,2025-03-03,11,10.0,In-Store Display
3222,6,Dandenong,Victoria,15,Spring Water 6L,Beverages,2024-05-23,2024-06-03,12,20.0,Catalogue
3223,6,Dandenong,Victoria,15,Spring Water 6L,Beverages,2023-05-21,2023-06-03,14,50.0,Clearance
3224,6,Dandenong,Victoria,15,Spring Water 6L,Beverages,2023-07-22,2023-07-27,6,25.0,Catalogue
3225,6,Dandenong,Victoria,15,Spring Water 6L,Beverages,2025-09-04,2025-09-11,8,15.0,In-Store Display
3226,6,Dandenong,Victoria,15,Spring Water 6L,Beverages,2025-10-01,2025-10-12,12,15.0,In-Store Display
3227,6,Dandenong,Victoria,15,Spring Water 6L,Beverages,2025-12-19,2025-12-24,6,15.0,In-Store Display
3228,6,Dandenong,Victoria,15,Spring Water 6L,Beverages,2025-06-02,2025-06-08,7,10.0,In-Store Display
3229,6,Dandenong,Victoria,15,Spring Water 6L,Beverages,2025-11-22,2025-11-30,9,20.0,Catalogue
3230,6,Dandenong,Victoria,15,Spring Water 6L,Beverages,2024-07-29,2024-08-11,14,20.0,Catalogue
3231,6,Dandenong,Victoria,15,Spring Water 6L,Beverages,2023-01-27,2023-01-31,5,15.0,In-Store Display
3232,6,Dandenong,Victoria,15,Spring Water 6L,Beverages,2024-09-09,2024-09-17,9,20.0,Catalogue
3233,6,Dandenong,Victoria,15,Spring Water 6L,Beverages,2024-03-13,2024-03-24,12,15.0,In-Store Display
3234,6,Dandenong,Victoria,15,Spring Water 6L,Beverages,2023-12-10,2023-12-16,7,25.0,Catalogue
3235,6,Dandenong,Victoria,16,Ground Coffee 1kg,Beverages,2024-02-03,2024-02-08,6,10.0,In-Store Display
3236,6,Dandenong,Victoria,16,Ground Coffee 1kg,Beverages,2023-09-16,2023-09-24,9,15.0,In-Store Display
3237,6,Dandenong,Victoria,16,Ground Coffee 1kg,Beverages,2023-11-07,2023-11-19,13,10.0,In-Store Display
3238,6,Dandenong,Victoria,16,Ground Coffee 1kg,Beverages,2024-04-22,2024-04-27,6,20.0,Catalogue
3239,6,Dandenong,Victoria,16,Ground Coffee 1kg,Beverages,2023-05-26,2023-06-08,14,10.0,In-Store Display
3240,6,Dandenong,Victoria,16,Ground Coffee 1kg,Beverages,2023-08-19,2023-09-01,14,15.0,In-Store Display
3241,6,Dandenong,Victoria,16,Ground Coffee 1kg,Beverages,2023-07-13,2023-07-26,14,20.0,Catalogue
3242,6,Dandenong,Victoria,16,Ground Coffee 1kg,Beverages,2024-10-28,2024-11-09,13,20.0,Catalogue
3243,6,Dandenong,Victoria,16,Ground Coffee 1kg,Beverages,2025-09-17,2025-09-24,8,20.0,Catalogue
3244,6,Dandenong,Victoria,16,Ground Coffee 1kg,Beverages,2023-12-10,2023-12-17,8,20.0,Catalogue
3245,6,Dandenong,Victoria,16,Ground Coffee 1kg,Beverages,2024-07-09,2024-07-18,10,15.0,In-Store Display
3246,6,Dandenong,Victoria,16,Ground Coffee 1kg,Beverages,2025-12-18,2025-12-25,8,25.0,Catalogue
3247,6,Dandenong,Victoria,16,Ground Coffee 1kg,Beverages,2023-01-17,2023-01-25,9,50.0,Clearance
3248,6,Dandenong,Victoria,16,Ground Coffee 1kg,Beverages,2024-08-15,2024-08-20,6,20.0,Catalogue
3249,6,Dandenong,Victoria,16,Ground Coffee 1kg,Beverages,2025-04-28,2025-05-02,5,25.0,Catalogue
3250,6,Dandenong,Victoria,16,Ground Coffee 1kg,Beverages,2025-07-25,2025-08-03,10,30.0,Catalogue
3251,6,Dandenong,Victoria,16,Ground Coffee 1kg,Beverages,2025-02-10,2025-02-20,11,15.0,In-Store Display
3252,6,Dandenong,Victoria,16,Ground Coffee 1kg,Beverages,2024-09-11,2024-09-15,5,15.0,In-Store Display
3253,6,Dandenong,Victoria,16,Ground Coffee 1kg,Beverages,2024-06-02,2024-06-08,7,20.0,Catalogue
3254,6,Dandenong,Victoria,16,Ground Coffee 1kg,Beverages,2024-01-08,2024-01-19,12,25.0,Catalogue
3255,6,Dandenong,Victoria,16,Ground Coffee 1kg,Beverages,2025-06-19,2025-07-02,14,15.0,In-Store Display
3256,6,Dandenong,Victoria,16,Ground Coffee 1kg,Beverages,2025-05-28,2025-06-03,7,30.0,Catalogue
3257,6,Dandenong,Victoria,16,Ground Coffee 1kg,Beverages,2023-02-27,2023-03-04,6,20.0,Catalogue
3258,6,Dandenong,Victoria,16,Ground Coffee 1kg,Beverages,2025-01-10,2025-01-20,11,10.0,In-Store Display
3259,6,Dandenong,Victoria,17,Black Tea Bags 100pk,Beverages,2023-04-09,2023-04-21,13,20.0,Catalogue
3260,6,Dandenong,Victoria,17,Black Tea Bags 100pk,Beverages,2023-09-02,2023-09-07,6,20.0,Catalogue
3261,6,Dandenong,Victoria,17,Black Tea Bags 100pk,Beverages,2025-08-02,2025-08-11,10,20.0,Catalogue
3262,6,Dandenong,Victoria,17,Black Tea Bags 100pk,Beverages,2025-01-23,2025-02-01,10,15.0,In-Store Display
3263,6,Dandenong,Victoria,17,Black Tea Bags 100pk,Beverages,2023-12-25,2023-12-31,7,30.0,Catalogue
3264,6,Dandenong,Victoria,17,Black Tea Bags 100pk,Beverages,2024-12-12,2024-12-20,9,20.0,Catalogue
3265,6,Dandenong,Victoria,17,Black Tea Bags 100pk,Beverages,2025-03-15,2025-03-25,11,10.0,In-Store Display
3266,6,Dandenong,Victoria,17,Black Tea Bags 100pk,Beverages,2024-10-23,2024-11-03,12,10.0,In-Store Display
3267,6,Dandenong,Victoria,17,Black Tea Bags 100pk,Beverages,2024-09-24,2024-10-01,8,20.0,Catalogue
3268,6,Dandenong,Victoria,17,Black Tea Bags 100pk,Beverages,2024-01-26,2024-01-31,6,50.0,Clearance
3269,6,Dandenong,Victoria,17,Black Tea Bags 100pk,Beverages,2023-02-04,2023-02-13,10,15.0,In-Store Display
3270,6,Dandenong,Victoria,17,Black Tea Bags 100pk,Beverages,2025-09-01,2025-09-07,7,10.0,In-Store Display
3271,6,Dandenong,Victoria,17,Black Tea Bags 100pk,Beverages,2025-05-19,2025-05-30,12,10.0,In-Store Display
3272,6,Dandenong,Victoria,17,Black Tea Bags 100pk,Beverages,2024-04-20,2024-04-27,8,10.0,In-Store Display
3273,6,Dandenong,Victoria,17,Black Tea Bags 100pk,Beverages,2023-06-02,2023-06-13,12,10.0,In-Store Display
3274,6,Dandenong,Victoria,17,Black Tea Bags 100pk,Beverages,2024-03-03,2024-03-08,6,15.0,In-Store Display
3275,6,Dandenong,Victoria,17,Black Tea Bags 100pk,Beverages,2024-03-28,2024-04-03,7,15.0,In-Store Display
3276,6,Dandenong,Victoria,18,Sports Drink 600ml,Beverages,2023-07-03,2023-07-10,8,20.0,Catalogue
3277,6,Dandenong,Victoria,18,Sports Drink 600ml,Beverages,2024-11-29,2024-12-12,14,25.0,Catalogue
3278,6,Dandenong,Victoria,18,Sports Drink 600ml,Beverages,2024-04-15,2024-04-22,8,20.0,Catalogue
3279,6,Dandenong,Victoria,18,Sports Drink 600ml,Beverages,2024-10-14,2024-10-22,9,25.0,Catalogue
3280,6,Dandenong,Victoria,18,Sports Drink 600ml,Beverages,2024-02-08,2024-02-16,9,25.0,Catalogue
3281,6,Dandenong,Victoria,18,Sports Drink 600ml,Beverages,2025-02-17,2025-02-21,5,25.0,Catalogue
3282,6,Dandenong,Victoria,18,Sports Drink 600ml,Beverages,2024-08-14,2024-08-22,9,10.0,In-Store Display
3283,6,Dandenong,Victoria,18,Sports Drink 600ml,Beverages,2023-09-05,2023-09-16,12,25.0,Catalogue
3284,6,Dandenong,Victoria,18,Sports Drink 600ml,Beverages,2025-04-05,2025-04-10,6,10.0,In-Store Display
3285,6,Dandenong,Victoria,18,Sports Drink 600ml,Beverages,2023-11-18,2023-11-23,6,10.0,In-Store Display
3286,6,Dandenong,Victoria,18,Sports Drink 600ml,Beverages,2025-01-21,2025-01-28,8,10.0,In-Store Display
3287,6,Dandenong,Victoria,18,Sports Drink 600ml,Beverages,2024-07-20,2024-07-24,5,20.0,Catalogue
3288,6,Dandenong,Victoria,18,Sports Drink 600ml,Beverages,2025-05-21,2025-05-30,10,10.0,In-Store Display
3289,6,Dandenong,Victoria,18,Sports Drink 600ml,Beverages,2023-10-07,2023-10-13,7,25.0,Catalogue
3290,6,Dandenong,Victoria,18,Sports Drink 600ml,Beverages,2023-05-30,2023-06-08,10,30.0,Catalogue
3291,6,Dandenong,Victoria,18,Sports Drink 600ml,Beverages,2023-03-07,2023-03-19,13,20.0,Catalogue
3292,6,Dandenong,Victoria,18,Sports Drink 600ml,Beverages,2024-05-30,2024-06-07,9,10.0,In-Store Display
3293,6,Dandenong,Victoria,18,Sports Drink 600ml,Beverages,2023-01-20,2023-01-30,11,30.0,Catalogue
3294,6,Dandenong,Victoria,18,Sports Drink 600ml,Beverages,2023-05-08,2023-05-15,8,15.0,In-Store Display
3295,6,Dandenong,Victoria,18,Sports Drink 600ml,Beverages,2025-11-27,2025-12-03,7,20.0,Catalogue
3296,6,Dandenong,Victoria,18,Sports Drink 600ml,Beverages,2025-09-01,2025-09-12,12,30.0,Catalogue
3297,6,Dandenong,Victoria,18,Sports Drink 600ml,Beverages,2024-03-04,2024-03-17,14,50.0,Clearance
3298,6,Dandenong,Victoria,18,Sports Drink 600ml,Beverages,2024-06-25,2024-07-04,10,25.0,Catalogue
3299,6,Dandenong,Victoria,18,Sports Drink 600ml,Beverages,2024-09-19,2024-09-28,10,30.0,Catalogue
3300,6,Dandenong,Victoria,18,Sports Drink 600ml,Beverages,2024-01-04,2024-01-13,10,30.0,Catalogue
3301,6,Dandenong,Victoria,18,Sports Drink 600ml,Beverages,2025-07-21,2025-08-03,14,15.0,In-Store Display
3302,6,Dandenong,Victoria,19,Potato Chips 175g,Snacks,2025-07-23,2025-08-02,11,20.0,Catalogue
3303,6,Dandenong,Victoria,19,Potato Chips 175g,Snacks,2024-08-15,2024-08-27,13,20.0,Catalogue
3304,6,Dandenong,Victoria,19,Potato Chips 175g,Snacks,2025-06-14,2025-06-27,14,15.0,In-Store Display
3305,6,Dandenong,Victoria,19,Potato Chips 175g,Snacks,2025-01-29,2025-02-04,7,15.0,In-Store Display
3306,6,Dandenong,Victoria,19,Potato Chips 175g,Snacks,2024-05-25,2024-06-06,13,25.0,Catalogue
3307,6,Dandenong,Victoria,19,Potato Chips 175g,Snacks,2023-09-01,2023-09-11,11,25.0,Catalogue
3308,6,Dandenong,Victoria,19,Potato Chips 175g,Snacks,2023-05-25,2023-06-03,10,10.0,In-Store Display
3309,6,Dandenong,Victoria,19,Potato Chips 175g,Snacks,2024-02-24,2024-03-01,7,10.0,In-Store Display
3310,6,Dandenong,Victoria,19,Potato Chips 175g,Snacks,2023-06-27,2023-07-09,13,20.0,Catalogue
3311,6,Dandenong,Victoria,19,Potato Chips 175g,Snacks,2023-07-26,2023-08-07,13,10.0,In-Store Display
3312,6,Dandenong,Victoria,19,Potato Chips 175g,Snacks,2024-12-20,2024-12-27,8,10.0,In-Store Display
3313,6,Dandenong,Victoria,19,Potato Chips 175g,Snacks,2023-09-30,2023-10-10,11,25.0,Catalogue
3314,6,Dandenong,Victoria,19,Potato Chips 175g,Snacks,2025-03-20,2025-03-27,8,15.0,In-Store Display
3315,6,Dandenong,Victoria,19,Potato Chips 175g,Snacks,2024-06-29,2024-07-05,7,15.0,In-Store Display
3316,6,Dandenong,Victoria,19,Potato Chips 175g,Snacks,2025-08-17,2025-08-30,14,25.0,Catalogue
3317,6,Dandenong,Victoria,19,Potato Chips 175g,Snacks,2023-03-18,2023-03-29,12,15.0,In-Store Display
3318,6,Dandenong,Victoria,19,Potato Chips 175g,Snacks,2024-10-13,2024-10-18,6,25.0,Catalogue
3319,6,Dandenong,Victoria,19,Potato Chips 175g,Snacks,2023-02-11,2023-02-23,13,25.0,Catalogue
3320,6,Dandenong,Victoria,19,Potato Chips 175g,Snacks,2024-01-12,2024-01-18,7,20.0,Catalogue
3321,6,Dandenong,Victoria,19,Potato Chips 175g,Snacks,2025-09-21,2025-10-02,12,15.0,In-Store Display
3322,6,Dandenong,Victoria,19,Potato Chips 175g,Snacks,2025-11-14,2025-11-26,13,30.0,Catalogue
3323,6,Dandenong,Victoria,19,Potato Chips 175g,Snacks,2023-12-11,2023-12-18,8,30.0,Catalogue
3324,6,Dandenong,Victoria,19,Potato Chips 175g,Snacks,2023-11-08,2023-11-15,8,15.0,In-Store Display
3325,6,Dandenong,Victoria,19,Potato Chips 175g,Snacks,2025-10-22,2025-10-26,5,25.0,Catalogue
3326,6,Dandenong,Victoria,19,Potato Chips 175g,Snacks,2024-11-19,2024-11-27,9,10.0,In-Store Display
3327,6,Dandenong,Victoria,19,Potato Chips 175g,Snacks,2023-04-26,2023-05-05,10,15.0,In-Store Display
3328,6,Dandenong,Victoria,19,Potato Chips 175g,Snacks,2024-09-18,2024-09-27,10,20.0,Catalogue
3329,6,Dandenong,Victoria,19,Potato Chips 175g,Snacks,2023-01-16,2023-01-23,8,15.0,In-Store Display
3330,6,Dandenong,Victoria,19,Potato Chips 175g,Snacks,2024-03-24,2024-03-29,6,25.0,Catalogue
3331,6,Dandenong,Victoria,20,Sweet Biscuits 250g,Snacks,2025-01-15,2025-01-22,8,10.0,In-Store Display
3332,6,Dandenong,Victoria,20,Sweet Biscuits 250g,Snacks,2025-10-04,2025-10-14,11,10.0,In-Store Display
3333,6,Dandenong,Victoria,20,Sweet Biscuits 250g,Snacks,2024-09-18,2024-09-22,5,30.0,Catalogue
3334,6,Dandenong,Victoria,20,Sweet Biscuits 250g,Snacks,2023-04-02,2023-04-07,6,25.0,Catalogue
3335,6,Dandenong,Victoria,20,Sweet Biscuits 250g,Snacks,2024-08-23,2024-09-01,10,20.0,Catalogue
3336,6,Dandenong,Victoria,20,Sweet Biscuits 250g,Snacks,2025-11-12,2025-11-24,13,10.0,In-Store Display
3337,6,Dandenong,Victoria,20,Sweet Biscuits 250g,Snacks,2023-06-20,2023-06-24,5,15.0,In-Store Display
3338,6,Dandenong,Victoria,20,Sweet Biscuits 250g,Snacks,2024-04-25,2024-04-29,5,25.0,Catalogue
3339,6,Dandenong,Victoria,20,Sweet Biscuits 250g,Snacks,2024-01-23,2024-02-05,14,20.0,Catalogue
3340,6,Dandenong,Victoria,20,Sweet Biscuits 250g,Snacks,2024-11-21,2024-11-28,8,15.0,In-Store Display
3341,6,Dandenong,Victoria,20,Sweet Biscuits 250g,Snacks,2024-10-20,2024-10-29,10,30.0,Catalogue
3342,6,Dandenong,Victoria,20,Sweet Biscuits 250g,Snacks,2025-06-27,2025-07-07,11,25.0,Catalogue
3343,6,Dandenong,Victoria,20,Sweet Biscuits 250g,Snacks,2023-10-10,2023-10-17,8,15.0,In-Store Display
3344,6,Dandenong,Victoria,20,Sweet Biscuits 250g,Snacks,2023-08-05,2023-08-16,12,25.0,Catalogue
3345,6,Dandenong,Victoria,20,Sweet Biscuits 250g,Snacks,2023-01-16,2023-01-21,6,20.0,Catalogue
3346,6,Dandenong,Victoria,20,Sweet Biscuits 250g,Snacks,2023-02-13,2023-02-19,7,20.0,Catalogue
3347,6,Dandenong,Victoria,20,Sweet Biscuits 250g,Snacks,2024-06-08,2024-06-14,7,25.0,Catalogue
3348,6,Dandenong,Victoria,20,Sweet Biscuits 250g,Snacks,2025-02-28,2025-03-11,12,15.0,In-Store Display
3349,6,Dandenong,Victoria,20,Sweet Biscuits 250g,Snacks,2023-08-31,2023-09-12,13,15.0,In-Store Display
3350,6,Dandenong,Victoria,20,Sweet Biscuits 250g,Snacks,2023-05-09,2023-05-21,13,15.0,In-Store Display
3351,6,Dandenong,Victoria,20,Sweet Biscuits 250g,Snacks,2024-07-29,2024-08-08,11,15.0,In-Store Display
3352,6,Dandenong,Victoria,20,Sweet Biscuits 250g,Snacks,2023-11-04,2023-11-15,12,25.0,Catalogue
3353,6,Dandenong,Victoria,20,Sweet Biscuits 250g,Snacks,2025-04-08,2025-04-16,9,20.0,Catalogue
3354,6,Dandenong,Victoria,20,Sweet Biscuits 250g,Snacks,2025-07-30,2025-08-07,9,10.0,In-Store Display
3355,6,Dandenong,Victoria,20,Sweet Biscuits 250g,Snacks,2025-05-16,2025-05-29,14,25.0,Catalogue
3356,6,Dandenong,Victoria,20,Sweet Biscuits 250g,Snacks,2024-03-18,2024-03-22,5,15.0,In-Store Display
3357,6,Dandenong,Victoria,21,Chocolate Block 180g,Snacks,2024-02-02,2024-02-13,12,20.0,Catalogue
3358,6,Dandenong,Victoria,21,Chocolate Block 180g,Snacks,2025-04-12,2025-04-21,10,30.0,Catalogue
3359,6,Dandenong,Victoria,21,Chocolate Block 180g,Snacks,2023-07-27,2023-08-04,9,25.0,Catalogue
3360,6,Dandenong,Victoria,21,Chocolate Block 180g,Snacks,2023-10-07,2023-10-13,7,15.0,In-Store Display
3361,6,Dandenong,Victoria,21,Chocolate Block 180g,Snacks,2023-11-11,2023-11-15,5,30.0,Catalogue
3362,6,Dandenong,Victoria,21,Chocolate Block 180g,Snacks,2024-04-24,2024-05-02,9,30.0,Catalogue
3363,6,Dandenong,Victoria,21,Chocolate Block 180g,Snacks,2024-03-18,2024-03-25,8,20.0,Catalogue
3364,6,Dandenong,Victoria,21,Chocolate Block 180g,Snacks,2025-01-23,2025-01-31,9,15.0,In-Store Display
3365,6,Dandenong,Victoria,21,Chocolate Block 180g,Snacks,2024-08-27,2024-09-01,6,15.0,In-Store Display
3366,6,Dandenong,Victoria,21,Chocolate Block 180g,Snacks,2025-11-01,2025-11-10,10,50.0,Clearance
3367,6,Dandenong,Victoria,21,Chocolate Block 180g,Snacks,2025-06-27,2025-07-04,8,25.0,Catalogue
3368,6,Dandenong,Victoria,21,Chocolate Block 180g,Snacks,2025-09-01,2025-09-10,10,20.0,Catalogue
3369,6,Dandenong,Victoria,21,Chocolate Block 180g,Snacks,2024-08-01,2024-08-05,5,10.0,In-Store Display
3370,6,Dandenong,Victoria,21,Chocolate Block 180g,Snacks,2024-11-04,2024-11-17,14,20.0,Catalogue
3371,6,Dandenong,Victoria,21,Chocolate Block 180g,Snacks,2023-04-11,2023-04-24,14,10.0,In-Store Display
3372,6,Dandenong,Victoria,21,Chocolate Block 180g,Snacks,2023-12-02,2023-12-11,10,15.0,In-Store Display
3373,6,Dandenong,Victoria,21,Chocolate Block 180g,Snacks,2024-10-08,2024-10-18,11,30.0,Catalogue
3374,6,Dandenong,Victoria,21,Chocolate Block 180g,Snacks,2025-02-25,2025-03-06,10,10.0,In-Store Display
3375,6,Dandenong,Victoria,21,Chocolate Block 180g,Snacks,2025-05-24,2025-06-05,13,20.0,Catalogue
3376,6,Dandenong,Victoria,21,Chocolate Block 180g,Snacks,2023-09-08,2023-09-15,8,30.0,Catalogue
3377,6,Dandenong,Victoria,21,Chocolate Block 180g,Snacks,2023-02-28,2023-03-04,5,10.0,In-Store Display
3378,6,Dandenong,Victoria,21,Chocolate Block 180g,Snacks,2023-06-04,2023-06-16,13,20.0,Catalogue
3379,6,Dandenong,Victoria,21,Chocolate Block 180g,Snacks,2023-05-12,2023-05-19,8,20.0,Catalogue
3380,6,Dandenong,Victoria,21,Chocolate Block 180g,Snacks,2025-11-25,2025-11-29,5,20.0,Catalogue
3381,6,Dandenong,Victoria,21,Chocolate Block 180g,Snacks,2023-01-15,2023-01-27,13,25.0,Catalogue
3382,6,Dandenong,Victoria,21,Chocolate Block 180g,Snacks,2024-01-01,2024-01-12,12,30.0,Catalogue
3383,6,Dandenong,Victoria,21,Chocolate Block 180g,Snacks,2024-06-06,2024-06-17,12,30.0,Catalogue
3384,6,Dandenong,Victoria,21,Chocolate Block 180g,Snacks,2024-07-02,2024-07-13,12,10.0,In-Store Display
3385,6,Dandenong,Victoria,21,Chocolate Block 180g,Snacks,2024-12-05,2024-12-17,13,30.0,Catalogue
3386,6,Dandenong,Victoria,21,Chocolate Block 180g,Snacks,2025-08-09,2025-08-16,8,10.0,In-Store Display
3387,6,Dandenong,Victoria,21,Chocolate Block 180g,Snacks,2025-10-09,2025-10-13,5,25.0,Catalogue
3388,6,Dandenong,Victoria,21,Chocolate Block 180g,Snacks,2023-07-02,2023-07-09,8,20.0,Catalogue
3389,6,Dandenong,Victoria,22,Mixed Nuts 400g,Snacks,2025-09-07,2025-09-12,6,20.0,Catalogue
3390,6,Dandenong,Victoria,22,Mixed Nuts 400g,Snacks,2024-05-16,2024-05-29,14,25.0,Catalogue
3391,6,Dandenong,Victoria,22,Mixed Nuts 400g,Snacks,2024-10-10,2024-10-15,6,10.0,In-Store Display
3392,6,Dandenong,Victoria,22,Mixed Nuts 400g,Snacks,2025-04-20,2025-04-29,10,30.0,Catalogue
3393,6,Dandenong,Victoria,22,Mixed Nuts 400g,Snacks,2024-09-10,2024-09-15,6,25.0,Catalogue
3394,6,Dandenong,Victoria,22,Mixed Nuts 400g,Snacks,2024-04-20,2024-04-29,10,10.0,In-Store Display
3395,6,Dandenong,Victoria,22,Mixed Nuts 400g,Snacks,2024-06-14,2024-06-22,9,25.0,Catalogue
3396,6,Dandenong,Victoria,22,Mixed Nuts 400g,Snacks,2025-05-29,2025-06-03,6,20.0,Catalogue
3397,6,Dandenong,Victoria,22,Mixed Nuts 400g,Snacks,2023-01-12,2023-01-17,6,25.0,Catalogue
3398,6,Dandenong,Victoria,22,Mixed Nuts 400g,Snacks,2024-11-06,2024-11-15,10,20.0,Catalogue
3399,6,Dandenong,Victoria,22,Mixed Nuts 400g,Snacks,2025-10-05,2025-10-15,11,25.0,Catalogue
3400,6,Dandenong,Victoria,22,Mixed Nuts 400g,Snacks,2025-01-02,2025-01-13,12,15.0,In-Store Display
3401,6,Dandenong,Victoria,22,Mixed Nuts 400g,Snacks,2025-07-17,2025-07-24,8,10.0,In-Store Display
3402,6,Dandenong,Victoria,22,Mixed Nuts 400g,Snacks,2023-10-10,2023-10-16,7,20.0,Catalogue
3403,6,Dandenong,Victoria,22,Mixed Nuts 400g,Snacks,2023-05-26,2023-05-30,5,25.0,Catalogue
3404,6,Dandenong,Victoria,22,Mixed Nuts 400g,Snacks,2025-11-21,2025-12-03,13,10.0,In-Store Display
3405,6,Dandenong,Victoria,22,Mixed Nuts 400g,Snacks,2023-08-23,2023-08-30,8,10.0,In-Store Display
3406,6,Dandenong,Victoria,22,Mixed Nuts 400g,Snacks,2024-01-24,2024-02-05,13,25.0,Catalogue
3407,6,Dandenong,Victoria,22,Mixed Nuts 400g,Snacks,2023-02-20,2023-03-03,12,20.0,Catalogue
3408,6,Dandenong,Victoria,22,Mixed Nuts 400g,Snacks,2024-07-19,2024-07-23,5,15.0,In-Store Display
3409,6,Dandenong,Victoria,22,Mixed Nuts 400g,Snacks,2025-03-19,2025-03-26,8,10.0,In-Store Display
3410,6,Dandenong,Victoria,22,Mixed Nuts 400g,Snacks,2023-11-30,2023-12-13,14,10.0,In-Store Display
3411,6,Dandenong,Victoria,22,Mixed Nuts 400g,Snacks,2023-11-08,2023-11-13,6,20.0,Catalogue
3412,6,Dandenong,Victoria,22,Mixed Nuts 400g,Snacks,2023-07-31,2023-08-06,7,25.0,Catalogue
3413,6,Dandenong,Victoria,22,Mixed Nuts 400g,Snacks,2024-03-02,2024-03-14,13,25.0,Catalogue
3414,6,Dandenong,Victoria,23,Muesli Bars 6pk,Snacks,2023-11-21,2023-11-30,10,20.0,Catalogue
3415,6,Dandenong,Victoria,23,Muesli Bars 6pk,Snacks,2023-05-15,2023-05-28,14,25.0,Catalogue
3416,6,Dandenong,Victoria,23,Muesli Bars 6pk,Snacks,2025-12-05,2025-12-16,12,20.0,Catalogue
3417,6,Dandenong,Victoria,23,Muesli Bars 6pk,Snacks,2023-02-20,2023-03-03,12,10.0,In-Store Display
3418,6,Dandenong,Victoria,23,Muesli Bars 6pk,Snacks,2024-03-16,2024-03-21,6,15.0,In-Store Display
3419,6,Dandenong,Victoria,23,Muesli Bars 6pk,Snacks,2025-05-29,2025-06-09,12,25.0,Catalogue
3420,6,Dandenong,Victoria,23,Muesli Bars 6pk,Snacks,2023-09-13,2023-09-22,10,10.0,In-Store Display
3421,6,Dandenong,Victoria,23,Muesli Bars 6pk,Snacks,2023-07-27,2023-08-02,7,10.0,In-Store Display
3422,6,Dandenong,Victoria,23,Muesli Bars 6pk,Snacks,2024-07-18,2024-07-25,8,15.0,In-Store Display
3423,6,Dandenong,Victoria,23,Muesli Bars 6pk,Snacks,2025-02-08,2025-02-13,6,20.0,Catalogue
3424,6,Dandenong,Victoria,23,Muesli Bars 6pk,Snacks,2025-07-06,2025-07-11,6,15.0,In-Store Display
3425,6,Dandenong,Victoria,23,Muesli Bars 6pk,Snacks,2025-03-13,2025-03-18,6,10.0,In-Store Display
3426,6,Dandenong,Victoria,23,Muesli Bars 6pk,Snacks,2025-09-05,2025-09-11,7,25.0,Catalogue
3427,6,Dandenong,Victoria,23,Muesli Bars 6pk,Snacks,2024-10-28,2024-11-05,9,10.0,In-Store Display
3428,6,Dandenong,Victoria,23,Muesli Bars 6pk,Snacks,2024-04-10,2024-04-16,7,20.0,Catalogue
3429,6,Dandenong,Victoria,23,Muesli Bars 6pk,Snacks,2024-05-03,2024-05-15,13,10.0,In-Store Display
3430,6,Dandenong,Victoria,23,Muesli Bars 6pk,Snacks,2023-04-05,2023-04-10,6,30.0,Catalogue
3431,6,Dandenong,Victoria,23,Muesli Bars 6pk,Snacks,2023-06-19,2023-06-26,8,10.0,In-Store Display
3432,6,Dandenong,Victoria,23,Muesli Bars 6pk,Snacks,2025-01-09,2025-01-18,10,25.0,Catalogue
3433,6,Dandenong,Victoria,23,Muesli Bars 6pk,Snacks,2024-06-25,2024-07-03,9,15.0,In-Store Display
3434,6,Dandenong,Victoria,23,Muesli Bars 6pk,Snacks,2025-08-05,2025-08-16,12,30.0,Catalogue
3435,6,Dandenong,Victoria,23,Muesli Bars 6pk,Snacks,2023-12-30,2024-01-06,8,15.0,In-Store Display
3436,6,Dandenong,Victoria,23,Muesli Bars 6pk,Snacks,2025-10-11,2025-10-23,13,25.0,Catalogue
3437,6,Dandenong,Victoria,23,Muesli Bars 6pk,Snacks,2024-11-27,2024-12-09,13,10.0,In-Store Display
3438,6,Dandenong,Victoria,24,Toilet Paper 12pk,Household,2025-04-23,2025-05-06,14,15.0,In-Store Display
3439,6,Dandenong,Victoria,24,Toilet Paper 12pk,Household,2025-02-14,2025-02-23,10,15.0,In-Store Display
3440,6,Dandenong,Victoria,24,Toilet Paper 12pk,Household,2025-09-22,2025-10-02,11,15.0,In-Store Display
3441,6,Dandenong,Victoria,24,Toilet Paper 12pk,Household,2025-08-28,2025-09-01,5,20.0,Catalogue
3442,6,Dandenong,Victoria,24,Toilet Paper 12pk,Household,2023-07-12,2023-07-17,6,20.0,Catalogue
3443,6,Dandenong,Victoria,24,Toilet Paper 12pk,Household,2025-06-16,2025-06-29,14,20.0,Catalogue
3444,6,Dandenong,Victoria,24,Toilet Paper 12pk,Household,2025-10-18,2025-10-31,14,10.0,In-Store Display
3445,6,Dandenong,Victoria,24,Toilet Paper 12pk,Household,2024-04-28,2024-05-09,12,20.0,Catalogue
3446,6,Dandenong,Victoria,24,Toilet Paper 12pk,Household,2024-01-27,2024-02-09,14,25.0,Catalogue
3447,6,Dandenong,Victoria,24,Toilet Paper 12pk,Household,2024-12-11,2024-12-24,14,20.0,Catalogue
3448,6,Dandenong,Victoria,24,Toilet Paper 12pk,Household,2025-03-15,2025-03-24,10,15.0,In-Store Display
3449,6,Dandenong,Victoria,24,Toilet Paper 12pk,Household,2024-07-26,2024-07-30,5,50.0,Clearance
3450,6,Dandenong,Victoria,24,Toilet Paper 12pk,Household,2024-08-19,2024-08-28,10,25.0,Catalogue
3451,6,Dandenong,Victoria,24,Toilet Paper 12pk,Household,2023-10-21,2023-10-27,7,20.0,Catalogue
3452,6,Dandenong,Victoria,24,Toilet Paper 12pk,Household,2023-02-21,2023-03-05,13,25.0,Catalogue
3453,6,Dandenong,Victoria,24,Toilet Paper 12pk,Household,2024-10-26,2024-11-05,11,10.0,In-Store Display
3454,6,Dandenong,Victoria,24,Toilet Paper 12pk,Household,2025-07-23,2025-07-31,9,20.0,Catalogue
3455,6,Dandenong,Victoria,24,Toilet Paper 12pk,Household,2023-06-14,2023-06-20,7,10.0,In-Store Display
3456,6,Dandenong,Victoria,24,Toilet Paper 12pk,Household,2024-09-28,2024-10-08,11,20.0,Catalogue
3457,6,Dandenong,Victoria,25,Laundry Liquid 2L,Household,2024-11-02,2024-11-15,14,10.0,In-Store Display
3458,6,Dandenong,Victoria,25,Laundry Liquid 2L,Household,2024-03-10,2024-03-20,11,25.0,Catalogue
3459,6,Dandenong,Victoria,25,Laundry Liquid 2L,Household,2024-04-25,2024-04-29,5,20.0,Catalogue
3460,6,Dandenong,Victoria,25,Laundry Liquid 2L,Household,2023-03-31,2023-04-09,10,20.0,Catalogue
3461,6,Dandenong,Victoria,25,Laundry Liquid 2L,Household,2024-02-10,2024-02-22,13,30.0,Catalogue
3462,6,Dandenong,Victoria,25,Laundry Liquid 2L,Household,2025-10-10,2025-10-16,7,50.0,Clearance
3463,6,Dandenong,Victoria,25,Laundry Liquid 2L,Household,2025-03-13,2025-03-21,9,25.0,Catalogue
3464,6,Dandenong,Victoria,25,Laundry Liquid 2L,Household,2023-11-15,2023-11-27,13,20.0,Catalogue
3465,6,Dandenong,Victoria,25,Laundry Liquid 2L,Household,2024-10-02,2024-10-07,6,30.0,Catalogue
3466,6,Dandenong,Victoria,25,Laundry Liquid 2L,Household,2024-06-08,2024-06-21,14,15.0,In-Store Display
3467,6,Dandenong,Victoria,25,Laundry Liquid 2L,Household,2025-12-13,2025-12-25,13,30.0,Catalogue
3468,6,Dandenong,Victoria,25,Laundry Liquid 2L,Household,2024-07-14,2024-07-22,9,15.0,In-Store Display
3469,6,Dandenong,Victoria,25,Laundry Liquid 2L,Household,2023-05-03,2023-05-07,5,30.0,Catalogue
3470,6,Dandenong,Victoria,25,Laundry Liquid 2L,Household,2025-01-12,2025-01-16,5,15.0,In-Store Display
3471,6,Dandenong,Victoria,25,Laundry Liquid 2L,Household,2023-02-17,2023-02-28,12,25.0,Catalogue
3472,6,Dandenong,Victoria,25,Laundry Liquid 2L,Household,2023-12-15,2023-12-20,6,15.0,In-Store Display
3473,6,Dandenong,Victoria,25,Laundry Liquid 2L,Household,2023-10-22,2023-10-26,5,20.0,Catalogue
3474,6,Dandenong,Victoria,25,Laundry Liquid 2L,Household,2025-11-05,2025-11-13,9,20.0,Catalogue
3475,6,Dandenong,Victoria,25,Laundry Liquid 2L,Household,2023-05-23,2023-05-27,5,10.0,In-Store Display
3476,6,Dandenong,Victoria,25,Laundry Liquid 2L,Household,2024-08-09,2024-08-17,9,20.0,Catalogue
3477,6,Dandenong,Victoria,25,Laundry Liquid 2L,Household,2024-12-12,2024-12-18,7,15.0,In-Store Display
3478,6,Dandenong,Victoria,25,Laundry Liquid 2L,Household,2024-05-17,2024-05-22,6,25.0,Catalogue
3479,6,Dandenong,Victoria,25,Laundry Liquid 2L,Household,2025-07-28,2025-08-05,9,10.0,In-Store Display
3480,6,Dandenong,Victoria,25,Laundry Liquid 2L,Household,2025-04-10,2025-04-23,14,20.0,Catalogue
3481,6,Dandenong,Victoria,25,Laundry Liquid 2L,Household,2023-06-15,2023-06-22,8,25.0,Catalogue
3482,6,Dandenong,Victoria,25,Laundry Liquid 2L,Household,2023-01-15,2023-01-26,12,15.0,In-Store Display
3483,6,Dandenong,Victoria,25,Laundry Liquid 2L,Household,2025-02-07,2025-02-19,13,15.0,In-Store Display
3484,6,Dandenong,Victoria,26,Dishwashing Liquid 500ml,Household,2025-04-20,2025-05-03,14,20.0,Catalogue
3485,6,Dandenong,Victoria,26,Dishwashing Liquid 500ml,Household,2023-05-05,2023-05-09,5,10.0,In-Store Display
3486,6,Dandenong,Victoria,26,Dishwashing Liquid 500ml,Household,2023-02-26,2023-03-10,13,10.0,In-Store Display
3487,6,Dandenong,Victoria,26,Dishwashing Liquid 500ml,Household,2023-09-20,2023-09-24,5,25.0,Catalogue
3488,6,Dandenong,Victoria,26,Dishwashing Liquid 500ml,Household,2023-06-26,2023-07-05,10,15.0,In-Store Display
3489,6,Dandenong,Victoria,26,Dishwashing Liquid 500ml,Household,2025-03-04,2025-03-15,12,20.0,Catalogue
3490,6,Dandenong,Victoria,26,Dishwashing Liquid 500ml,Household,2023-08-06,2023-08-14,9,20.0,Catalogue
3491,6,Dandenong,Victoria,26,Dishwashing Liquid 500ml,Household,2025-12-20,2025-12-29,10,10.0,In-Store Display
3492,6,Dandenong,Victoria,26,Dishwashing Liquid 500ml,Household,2023-10-23,2023-10-28,6,15.0,In-Store Display
3493,6,Dandenong,Victoria,26,Dishwashing Liquid 500ml,Household,2024-08-13,2024-08-18,6,25.0,Catalogue
3494,6,Dandenong,Victoria,26,Dishwashing Liquid 500ml,Household,2025-06-13,2025-06-21,9,30.0,Catalogue
3495,6,Dandenong,Victoria,26,Dishwashing Liquid 500ml,Household,2025-01-01,2025-01-10,10,20.0,Catalogue
3496,6,Dandenong,Victoria,26,Dishwashing Liquid 500ml,Household,2024-03-28,2024-04-03,7,30.0,Catalogue
3497,6,Dandenong,Victoria,26,Dishwashing Liquid 500ml,Household,2023-11-26,2023-12-05,10,10.0,In-Store Display
3498,6,Dandenong,Victoria,26,Dishwashing Liquid 500ml,Household,2024-11-26,2024-12-07,12,20.0,Catalogue
3499,6,Dandenong,Victoria,26,Dishwashing Liquid 500ml,Household,2025-08-16,2025-08-26,11,15.0,In-Store Display
3500,6,Dandenong,Victoria,26,Dishwashing Liquid 500ml,Household,2024-06-24,2024-07-03,10,50.0,Clearance
3501,6,Dandenong,Victoria,27,Paper Towel 4pk,Household,2024-10-17,2024-10-30,14,10.0,In-Store Display
3502,6,Dandenong,Victoria,27,Paper Towel 4pk,Household,2025-04-20,2025-04-26,7,15.0,In-Store Display
3503,6,Dandenong,Victoria,27,Paper Towel 4pk,Household,2024-05-14,2024-05-20,7,15.0,In-Store Display
3504,6,Dandenong,Victoria,27,Paper Towel 4pk,Household,2023-10-18,2023-10-24,7,25.0,Catalogue
3505,6,Dandenong,Victoria,27,Paper Towel 4pk,Household,2023-02-28,2023-03-04,5,30.0,Catalogue
3506,6,Dandenong,Victoria,27,Paper Towel 4pk,Household,2024-02-06,2024-02-10,5,15.0,In-Store Display
3507,6,Dandenong,Victoria,27,Paper Towel 4pk,Household,2024-07-19,2024-07-26,8,20.0,Catalogue
3508,6,Dandenong,Victoria,27,Paper Towel 4pk,Household,2023-07-04,2023-07-16,13,15.0,In-Store Display
3509,6,Dandenong,Victoria,27,Paper Towel 4pk,Household,2023-11-29,2023-12-09,11,25.0,Catalogue
3510,6,Dandenong,Victoria,27,Paper Towel 4pk,Household,2025-08-08,2025-08-17,10,15.0,In-Store Display
3511,6,Dandenong,Victoria,27,Paper Towel 4pk,Household,2025-12-10,2025-12-23,14,15.0,In-Store Display
3512,6,Dandenong,Victoria,27,Paper Towel 4pk,Household,2025-03-23,2025-04-02,11,20.0,Catalogue
3513,6,Dandenong,Victoria,27,Paper Towel 4pk,Household,2024-11-26,2024-12-06,11,30.0,Catalogue
3514,6,Dandenong,Victoria,27,Paper Towel 4pk,Household,2023-04-11,2023-04-17,7,25.0,Catalogue
3515,6,Dandenong,Victoria,27,Paper Towel 4pk,Household,2025-02-18,2025-02-28,11,10.0,In-Store Display
3516,6,Dandenong,Victoria,27,Paper Towel 4pk,Household,2025-11-16,2025-11-21,6,10.0,In-Store Display
3517,6,Dandenong,Victoria,27,Paper Towel 4pk,Household,2025-09-18,2025-09-23,6,20.0,Catalogue
3518,6,Dandenong,Victoria,27,Paper Towel 4pk,Household,2025-06-26,2025-07-07,12,15.0,In-Store Display
3519,6,Dandenong,Victoria,27,Paper Towel 4pk,Household,2024-08-31,2024-09-05,6,15.0,In-Store Display
3520,6,Dandenong,Victoria,27,Paper Towel 4pk,Household,2023-05-21,2023-05-29,9,10.0,In-Store Display
3521,6,Dandenong,Victoria,28,Sunscreen SPF50+ 200ml,Household,2024-08-08,2024-08-21,14,10.0,In-Store Display
3522,6,Dandenong,Victoria,28,Sunscreen SPF50+ 200ml,Household,2023-04-03,2023-04-16,14,15.0,In-Store Display
3523,6,Dandenong,Victoria,28,Sunscreen SPF50+ 200ml,Household,2024-01-12,2024-01-17,6,20.0,Catalogue
3524,6,Dandenong,Victoria,28,Sunscreen SPF50+ 200ml,Household,2024-11-18,2024-12-01,14,30.0,Catalogue
3525,6,Dandenong,Victoria,28,Sunscreen SPF50+ 200ml,Household,2025-07-16,2025-07-26,11,25.0,Catalogue
3526,6,Dandenong,Victoria,28,Sunscreen SPF50+ 200ml,Household,2025-05-30,2025-06-10,12,10.0,In-Store Display
3527,6,Dandenong,Victoria,28,Sunscreen SPF50+ 200ml,Household,2024-10-01,2024-10-07,7,20.0,Catalogue
3528,6,Dandenong,Victoria,28,Sunscreen SPF50+ 200ml,Household,2025-04-03,2025-04-09,7,20.0,Catalogue
3529,6,Dandenong,Victoria,28,Sunscreen SPF50+ 200ml,Household,2023-08-02,2023-08-07,6,20.0,Catalogue
3530,6,Dandenong,Victoria,28,Sunscreen SPF50+ 200ml,Household,2024-02-22,2024-03-02,10,15.0,In-Store Display
3531,6,Dandenong,Victoria,28,Sunscreen SPF50+ 200ml,Household,2023-03-13,2023-03-17,5,20.0,Catalogue
3532,6,Dandenong,Victoria,28,Sunscreen SPF50+ 200ml,Household,2025-03-03,2025-03-11,9,20.0,Catalogue
3533,6,Dandenong,Victoria,28,Sunscreen SPF50+ 200ml,Household,2025-10-16,2025-10-22,7,20.0,Catalogue
3534,6,Dandenong,Victoria,28,Sunscreen SPF50+ 200ml,Household,2025-08-15,2025-08-24,10,25.0,Catalogue
3535,6,Dandenong,Victoria,28,Sunscreen SPF50+ 200ml,Household,2025-11-27,2025-12-10,14,25.0,Catalogue
3536,6,Dandenong,Victoria,28,Sunscreen SPF50+ 200ml,Household,2025-04-26,2025-05-03,8,30.0,Catalogue
3537,6,Dandenong,Victoria,28,Sunscreen SPF50+ 200ml,Household,2025-09-18,2025-09-29,12,15.0,In-Store Display
3538,6,Dandenong,Victoria,28,Sunscreen SPF50+ 200ml,Household,2024-06-24,2024-07-07,14,25.0,Catalogue
3539,6,Dandenong,Victoria,28,Sunscreen SPF50+ 200ml,Household,2023-10-15,2023-10-27,13,20.0,Catalogue
3540,6,Dandenong,Victoria,28,Sunscreen SPF50+ 200ml,Household,2023-11-28,2023-12-10,13,20.0,Catalogue
3541,6,Dandenong,Victoria,29,Insect Repellent 150ml,Household,2023-07-05,2023-07-16,12,30.0,Catalogue
3542,6,Dandenong,Victoria,29,Insect Repellent 150ml,Household,2024-02-07,2024-02-12,6,10.0,In-Store Display
3543,6,Dandenong,Victoria,29,Insect Repellent 150ml,Household,2024-04-08,2024-04-17,10,15.0,In-Store Display
3544,6,Dandenong,Victoria,29,Insect Repellent 150ml,Household,2025-03-22,2025-04-02,12,10.0,In-Store Display
3545,6,Dandenong,Victoria,29,Insect Repellent 150ml,Household,2023-06-01,2023-06-14,14,20.0,Catalogue
3546,6,Dandenong,Victoria,29,Insect Repellent 150ml,Household,2025-10-03,2025-10-09,7,15.0,In-Store Display
3547,6,Dandenong,Victoria,29,Insect Repellent 150ml,Household,2023-03-16,2023-03-24,9,10.0,In-Store Display
3548,6,Dandenong,Victoria,29,Insect Repellent 150ml,Household,2025-08-11,2025-08-20,10,10.0,In-Store Display
3549,6,Dandenong,Victoria,29,Insect Repellent 150ml,Household,2025-05-07,2025-05-13,7,15.0,In-Store Display
3550,6,Dandenong,Victoria,29,Insect Repellent 150ml,Household,2023-11-30,2023-12-11,12,25.0,Catalogue
3551,6,Dandenong,Victoria,29,Insect Repellent 150ml,Household,2024-12-29,2025-01-06,9,25.0,Catalogue
3552,6,Dandenong,Victoria,29,Insect Repellent 150ml,Household,2025-12-06,2025-12-10,5,20.0,Catalogue
3553,6,Dandenong,Victoria,29,Insect Repellent 150ml,Household,2024-05-19,2024-05-23,5,20.0,Catalogue
3554,6,Dandenong,Victoria,29,Insect Repellent 150ml,Household,2024-07-20,2024-07-26,7,15.0,In-Store Display
3555,6,Dandenong,Victoria,29,Insect Repellent 150ml,Household,2024-01-07,2024-01-19,13,10.0,In-Store Display
3556,6,Dandenong,Victoria,29,Insect Repellent 150ml,Household,2024-08-19,2024-09-01,14,20.0,Catalogue
3557,6,Dandenong,Victoria,29,Insect Repellent 150ml,Household,2023-05-01,2023-05-11,11,10.0,In-Store Display
3558,6,Dandenong,Victoria,30,Firelighters 24pk,Household,2024-10-16,2024-10-22,7,15.0,In-Store Display
3559,6,Dandenong,Victoria,30,Firelighters 24pk,Household,2023-04-04,2023-04-09,6,25.0,Catalogue
3560,6,Dandenong,Victoria,30,Firelighters 24pk,Household,2025-06-07,2025-06-17,11,20.0,Catalogue
3561,6,Dandenong,Victoria,30,Firelighters 24pk,Household,2023-09-09,2023-09-20,12,25.0,Catalogue
3562,6,Dandenong,Victoria,30,Firelighters 24pk,Household,2025-07-27,2025-08-04,9,15.0,In-Store Display
3563,6,Dandenong,Victoria,30,Firelighters 24pk,Household,2023-12-30,2024-01-09,11,20.0,Catalogue
3564,6,Dandenong,Victoria,30,Firelighters 24pk,Household,2025-02-18,2025-02-22,5,30.0,Catalogue
3565,6,Dandenong,Victoria,30,Firelighters 24pk,Household,2024-02-14,2024-02-22,9,10.0,In-Store Display
3566,6,Dandenong,Victoria,30,Firelighters 24pk,Household,2024-06-15,2024-06-21,7,25.0,Catalogue
3567,6,Dandenong,Victoria,30,Firelighters 24pk,Household,2023-11-28,2023-12-04,7,30.0,Catalogue
3568,6,Dandenong,Victoria,30,Firelighters 24pk,Household,2024-11-07,2024-11-13,7,10.0,In-Store Display
3569,6,Dandenong,Victoria,30,Firelighters 24pk,Household,2023-10-24,2023-10-29,6,30.0,Catalogue
3570,6,Dandenong,Victoria,30,Firelighters 24pk,Household,2024-04-19,2024-04-30,12,15.0,In-Store Display
3571,7,Brisbane CBD,Queensland,1,Long Grain Rice 2kg,Staples,2025-10-16,2025-10-20,5,15.0,In-Store Display
3572,7,Brisbane CBD,Queensland,1,Long Grain Rice 2kg,Staples,2025-08-05,2025-08-15,11,15.0,In-Store Display
3573,7,Brisbane CBD,Queensland,1,Long Grain Rice 2kg,Staples,2023-10-25,2023-10-31,7,15.0,In-Store Display
3574,7,Brisbane CBD,Queensland,1,Long Grain Rice 2kg,Staples,2025-06-08,2025-06-17,10,20.0,Catalogue
3575,7,Brisbane CBD,Queensland,1,Long Grain Rice 2kg,Staples,2024-08-13,2024-08-22,10,10.0,In-Store Display
3576,7,Brisbane CBD,Queensland,1,Long Grain Rice 2kg,Staples,2024-11-08,2024-11-15,8,20.0,Catalogue
3577,7,Brisbane CBD,Queensland,1,Long Grain Rice 2kg,Staples,2024-09-20,2024-09-29,10,15.0,In-Store Display
3578,7,Brisbane CBD,Queensland,1,Long Grain Rice 2kg,Staples,2025-11-22,2025-11-28,7,20.0,Catalogue
3579,7,Brisbane CBD,Queensland,1,Long Grain Rice 2kg,Staples,2024-01-02,2024-01-06,5,25.0,Catalogue
3580,7,Brisbane CBD,Queensland,1,Long Grain Rice 2kg,Staples,2025-08-31,2025-09-04,5,25.0,Catalogue
3581,7,Brisbane CBD,Queensland,1,Long Grain Rice 2kg,Staples,2023-04-20,2023-04-27,8,25.0,Catalogue
3582,7,Brisbane CBD,Queensland,1,Long Grain Rice 2kg,Staples,2024-12-21,2024-12-27,7,20.0,Catalogue
3583,7,Brisbane CBD,Queensland,1,Long Grain Rice 2kg,Staples,2024-04-29,2024-05-04,6,15.0,In-Store Display
3584,7,Brisbane CBD,Queensland,1,Long Grain Rice 2kg,Staples,2024-04-02,2024-04-12,11,15.0,In-Store Display
3585,7,Brisbane CBD,Queensland,2,Dried Pasta 500g,Staples,2023-09-01,2023-09-12,12,20.0,Catalogue
3586,7,Brisbane CBD,Queensland,2,Dried Pasta 500g,Staples,2025-11-01,2025-11-06,6,10.0,In-Store Display
3587,7,Brisbane CBD,Queensland,2,Dried Pasta 500g,Staples,2024-11-17,2024-11-26,10,15.0,In-Store Display
3588,7,Brisbane CBD,Queensland,2,Dried Pasta 500g,Staples,2024-03-27,2024-04-07,12,25.0,Catalogue
3589,7,Brisbane CBD,Queensland,2,Dried Pasta 500g,Staples,2024-10-22,2024-10-31,10,10.0,In-Store Display
3590,7,Brisbane CBD,Queensland,2,Dried Pasta 500g,Staples,2024-02-26,2024-03-10,14,10.0,In-Store Display
3591,7,Brisbane CBD,Queensland,2,Dried Pasta 500g,Staples,2025-07-31,2025-08-12,13,10.0,In-Store Display
3592,7,Brisbane CBD,Queensland,2,Dried Pasta 500g,Staples,2024-09-15,2024-09-21,7,20.0,Catalogue
3593,7,Brisbane CBD,Queensland,2,Dried Pasta 500g,Staples,2023-04-19,2023-04-27,9,25.0,Catalogue
3594,7,Brisbane CBD,Queensland,2,Dried Pasta 500g,Staples,2024-01-23,2024-02-04,13,10.0,In-Store Display
3595,7,Brisbane CBD,Queensland,2,Dried Pasta 500g,Staples,2023-10-01,2023-10-06,6,50.0,Clearance
3596,7,Brisbane CBD,Queensland,2,Dried Pasta 500g,Staples,2025-05-05,2025-05-15,11,10.0,In-Store Display
3597,7,Brisbane CBD,Queensland,2,Dried Pasta 500g,Staples,2024-06-07,2024-06-18,12,50.0,Clearance
3598,7,Brisbane CBD,Queensland,2,Dried Pasta 500g,Staples,2025-09-16,2025-09-26,11,15.0,In-Store Display
3599,7,Brisbane CBD,Queensland,2,Dried Pasta 500g,Staples,2023-07-13,2023-07-21,9,20.0,Catalogue
3600,7,Brisbane CBD,Queensland,3,White Bread Loaf,Staples,2024-05-15,2024-05-26,12,50.0,Clearance
3601,7,Brisbane CBD,Queensland,3,White Bread Loaf,Staples,2025-12-16,2025-12-26,11,20.0,Catalogue
3602,7,Brisbane CBD,Queensland,3,White Bread Loaf,Staples,2025-04-01,2025-04-14,14,15.0,In-Store Display
3603,7,Brisbane CBD,Queensland,3,White Bread Loaf,Staples,2023-02-01,2023-02-11,11,15.0,In-Store Display
3604,7,Brisbane CBD,Queensland,3,White Bread Loaf,Staples,2023-05-28,2023-06-02,6,20.0,Catalogue
3605,7,Brisbane CBD,Queensland,3,White Bread Loaf,Staples,2023-07-29,2023-08-05,8,20.0,Catalogue
3606,7,Brisbane CBD,Queensland,3,White Bread Loaf,Staples,2025-06-21,2025-06-28,8,15.0,In-Store Display
3607,7,Brisbane CBD,Queensland,3,White Bread Loaf,Staples,2024-08-20,2024-08-30,11,20.0,Catalogue
3608,7,Brisbane CBD,Queensland,3,White Bread Loaf,Staples,2023-08-21,2023-08-25,5,30.0,Catalogue
3609,7,Brisbane CBD,Queensland,3,White Bread Loaf,Staples,2023-03-17,2023-03-21,5,10.0,In-Store Display
3610,7,Brisbane CBD,Queensland,4,Plain Flour 1kg,Staples,2025-10-16,2025-10-28,13,20.0,Catalogue
3611,7,Brisbane CBD,Queensland,4,Plain Flour 1kg,Staples,2023-11-27,2023-12-01,5,30.0,Catalogue
3612,7,Brisbane CBD,Queensland,4,Plain Flour 1kg,Staples,2025-08-14,2025-08-24,11,25.0,Catalogue
3613,7,Brisbane CBD,Queensland,4,Plain Flour 1kg,Staples,2024-10-03,2024-10-11,9,20.0,Catalogue
3614,7,Brisbane CBD,Queensland,4,Plain Flour 1kg,Staples,2024-04-14,2024-04-25,12,20.0,Catalogue
3615,7,Brisbane CBD,Queensland,4,Plain Flour 1kg,Staples,2023-02-22,2023-03-01,8,30.0,Catalogue
3616,7,Brisbane CBD,Queensland,4,Plain Flour 1kg,Staples,2023-08-29,2023-09-06,9,25.0,Catalogue
3617,7,Brisbane CBD,Queensland,4,Plain Flour 1kg,Staples,2025-03-08,2025-03-14,7,10.0,In-Store Display
3618,7,Brisbane CBD,Queensland,4,Plain Flour 1kg,Staples,2025-04-04,2025-04-15,12,10.0,In-Store Display
3619,7,Brisbane CBD,Queensland,4,Plain Flour 1kg,Staples,2025-12-09,2025-12-13,5,15.0,In-Store Display
3620,7,Brisbane CBD,Queensland,4,Plain Flour 1kg,Staples,2025-05-29,2025-06-11,14,30.0,Catalogue
3621,7,Brisbane CBD,Queensland,4,Plain Flour 1kg,Staples,2023-10-01,2023-10-10,10,10.0,In-Store Display
3622,7,Brisbane CBD,Queensland,5,Breakfast Cereal 1kg,Staples,2024-04-07,2024-04-20,14,10.0,In-Store Display
3623,7,Brisbane CBD,Queensland,5,Breakfast Cereal 1kg,Staples,2025-10-22,2025-11-01,11,30.0,Catalogue
3624,7,Brisbane CBD,Queensland,5,Breakfast Cereal 1kg,Staples,2024-03-13,2024-03-22,10,30.0,Catalogue
3625,7,Brisbane CBD,Queensland,5,Breakfast Cereal 1kg,Staples,2024-07-23,2024-08-04,13,10.0,In-Store Display
3626,7,Brisbane CBD,Queensland,5,Breakfast Cereal 1kg,Staples,2025-07-10,2025-07-17,8,15.0,In-Store Display
3627,7,Brisbane CBD,Queensland,5,Breakfast Cereal 1kg,Staples,2023-06-06,2023-06-12,7,15.0,In-Store Display
3628,7,Brisbane CBD,Queensland,5,Breakfast Cereal 1kg,Staples,2025-04-13,2025-04-19,7,25.0,Catalogue
3629,7,Brisbane CBD,Queensland,5,Breakfast Cereal 1kg,Staples,2023-12-25,2024-01-06,13,20.0,Catalogue
3630,7,Brisbane CBD,Queensland,5,Breakfast Cereal 1kg,Staples,2024-10-09,2024-10-20,12,30.0,Catalogue
3631,7,Brisbane CBD,Queensland,5,Breakfast Cereal 1kg,Staples,2025-12-24,2025-12-29,6,25.0,Catalogue
3632,7,Brisbane CBD,Queensland,5,Breakfast Cereal 1kg,Staples,2025-11-25,2025-12-08,14,30.0,Catalogue
3633,7,Brisbane CBD,Queensland,5,Breakfast Cereal 1kg,Staples,2023-10-02,2023-10-10,9,10.0,In-Store Display
3634,7,Brisbane CBD,Queensland,5,Breakfast Cereal 1kg,Staples,2024-02-01,2024-02-11,11,20.0,Catalogue
3635,7,Brisbane CBD,Queensland,5,Breakfast Cereal 1kg,Staples,2024-06-14,2024-06-19,6,15.0,In-Store Display
3636,7,Brisbane CBD,Queensland,5,Breakfast Cereal 1kg,Staples,2023-04-17,2023-04-25,9,15.0,In-Store Display
3637,7,Brisbane CBD,Queensland,5,Breakfast Cereal 1kg,Staples,2025-09-21,2025-09-26,6,20.0,Catalogue
3638,7,Brisbane CBD,Queensland,6,White Sugar 1kg,Staples,2023-07-08,2023-07-16,9,30.0,Catalogue
3639,7,Brisbane CBD,Queensland,6,White Sugar 1kg,Staples,2025-10-05,2025-10-12,8,30.0,Catalogue
3640,7,Brisbane CBD,Queensland,6,White Sugar 1kg,Staples,2024-05-27,2024-06-04,9,30.0,Catalogue
3641,7,Brisbane CBD,Queensland,6,White Sugar 1kg,Staples,2024-02-18,2024-02-29,12,30.0,Catalogue
3642,7,Brisbane CBD,Queensland,6,White Sugar 1kg,Staples,2024-10-03,2024-10-12,10,10.0,In-Store Display
3643,7,Brisbane CBD,Queensland,6,White Sugar 1kg,Staples,2024-12-30,2025-01-03,5,25.0,Catalogue
3644,7,Brisbane CBD,Queensland,6,White Sugar 1kg,Staples,2025-11-08,2025-11-15,8,50.0,Clearance
3645,7,Brisbane CBD,Queensland,6,White Sugar 1kg,Staples,2024-11-02,2024-11-14,13,20.0,Catalogue
3646,7,Brisbane CBD,Queensland,6,White Sugar 1kg,Staples,2024-08-01,2024-08-12,12,30.0,Catalogue
3647,7,Brisbane CBD,Queensland,6,White Sugar 1kg,Staples,2023-05-25,2023-05-30,6,30.0,Catalogue
3648,7,Brisbane CBD,Queensland,7,Full Cream Milk 2L,Dairy & Frozen,2024-11-13,2024-11-21,9,10.0,In-Store Display
3649,7,Brisbane CBD,Queensland,7,Full Cream Milk 2L,Dairy & Frozen,2024-06-01,2024-06-11,11,10.0,In-Store Display
3650,7,Brisbane CBD,Queensland,7,Full Cream Milk 2L,Dairy & Frozen,2023-10-28,2023-11-04,8,25.0,Catalogue
3651,7,Brisbane CBD,Queensland,7,Full Cream Milk 2L,Dairy & Frozen,2024-01-25,2024-02-01,8,25.0,Catalogue
3652,7,Brisbane CBD,Queensland,7,Full Cream Milk 2L,Dairy & Frozen,2023-05-20,2023-06-02,14,20.0,Catalogue
3653,7,Brisbane CBD,Queensland,7,Full Cream Milk 2L,Dairy & Frozen,2023-12-29,2024-01-03,6,15.0,In-Store Display
3654,7,Brisbane CBD,Queensland,7,Full Cream Milk 2L,Dairy & Frozen,2025-06-10,2025-06-23,14,15.0,In-Store Display
3655,7,Brisbane CBD,Queensland,8,Tasty Cheese Block 500g,Dairy & Frozen,2023-01-07,2023-01-20,14,10.0,In-Store Display
3656,7,Brisbane CBD,Queensland,8,Tasty Cheese Block 500g,Dairy & Frozen,2024-10-06,2024-10-10,5,15.0,In-Store Display
3657,7,Brisbane CBD,Queensland,8,Tasty Cheese Block 500g,Dairy & Frozen,2023-12-04,2023-12-15,12,25.0,Catalogue
3658,7,Brisbane CBD,Queensland,8,Tasty Cheese Block 500g,Dairy & Frozen,2025-08-07,2025-08-14,8,15.0,In-Store Display
3659,7,Brisbane CBD,Queensland,8,Tasty Cheese Block 500g,Dairy & Frozen,2025-04-10,2025-04-16,7,10.0,In-Store Display
3660,7,Brisbane CBD,Queensland,8,Tasty Cheese Block 500g,Dairy & Frozen,2023-04-03,2023-04-09,7,20.0,Catalogue
3661,7,Brisbane CBD,Queensland,8,Tasty Cheese Block 500g,Dairy & Frozen,2025-08-31,2025-09-05,6,10.0,In-Store Display
3662,7,Brisbane CBD,Queensland,8,Tasty Cheese Block 500g,Dairy & Frozen,2025-09-24,2025-10-05,12,10.0,In-Store Display
3663,7,Brisbane CBD,Queensland,8,Tasty Cheese Block 500g,Dairy & Frozen,2023-08-18,2023-08-31,14,10.0,In-Store Display
3664,7,Brisbane CBD,Queensland,8,Tasty Cheese Block 500g,Dairy & Frozen,2025-07-06,2025-07-14,9,20.0,Catalogue
3665,7,Brisbane CBD,Queensland,8,Tasty Cheese Block 500g,Dairy & Frozen,2023-11-07,2023-11-14,8,15.0,In-Store Display
3666,7,Brisbane CBD,Queensland,8,Tasty Cheese Block 500g,Dairy & Frozen,2023-09-22,2023-09-26,5,20.0,Catalogue
3667,7,Brisbane CBD,Queensland,8,Tasty Cheese Block 500g,Dairy & Frozen,2024-03-30,2024-04-12,14,25.0,Catalogue
3668,7,Brisbane CBD,Queensland,8,Tasty Cheese Block 500g,Dairy & Frozen,2024-06-05,2024-06-12,8,10.0,In-Store Display
3669,7,Brisbane CBD,Queensland,8,Tasty Cheese Block 500g,Dairy & Frozen,2025-01-04,2025-01-17,14,10.0,In-Store Display
3670,7,Brisbane CBD,Queensland,8,Tasty Cheese Block 500g,Dairy & Frozen,2025-05-17,2025-05-28,12,20.0,Catalogue
3671,7,Brisbane CBD,Queensland,8,Tasty Cheese Block 500g,Dairy & Frozen,2025-03-09,2025-03-15,7,15.0,In-Store Display
3672,7,Brisbane CBD,Queensland,8,Tasty Cheese Block 500g,Dairy & Frozen,2024-09-01,2024-09-14,14,50.0,Clearance
3673,7,Brisbane CBD,Queensland,8,Tasty Cheese Block 500g,Dairy & Frozen,2025-12-07,2025-12-17,11,10.0,In-Store Display
3674,7,Brisbane CBD,Queensland,8,Tasty Cheese Block 500g,Dairy & Frozen,2024-01-27,2024-01-31,5,25.0,Catalogue
3675,7,Brisbane CBD,Queensland,8,Tasty Cheese Block 500g,Dairy & Frozen,2023-02-23,2023-03-03,9,20.0,Catalogue
3676,7,Brisbane CBD,Queensland,9,Greek Yoghurt 1kg,Dairy & Frozen,2024-06-18,2024-06-28,11,25.0,Catalogue
3677,7,Brisbane CBD,Queensland,9,Greek Yoghurt 1kg,Dairy & Frozen,2025-11-29,2025-12-07,9,25.0,Catalogue
3678,7,Brisbane CBD,Queensland,9,Greek Yoghurt 1kg,Dairy & Frozen,2024-04-16,2024-04-22,7,30.0,Catalogue
3679,7,Brisbane CBD,Queensland,9,Greek Yoghurt 1kg,Dairy & Frozen,2023-01-23,2023-01-28,6,15.0,In-Store Display
3680,7,Brisbane CBD,Queensland,9,Greek Yoghurt 1kg,Dairy & Frozen,2025-09-08,2025-09-15,8,20.0,Catalogue
3681,7,Brisbane CBD,Queensland,9,Greek Yoghurt 1kg,Dairy & Frozen,2024-05-19,2024-05-29,11,10.0,In-Store Display
3682,7,Brisbane CBD,Queensland,9,Greek Yoghurt 1kg,Dairy & Frozen,2024-03-18,2024-03-27,10,10.0,In-Store Display
3683,7,Brisbane CBD,Queensland,9,Greek Yoghurt 1kg,Dairy & Frozen,2025-10-16,2025-10-26,11,20.0,Catalogue
3684,7,Brisbane CBD,Queensland,9,Greek Yoghurt 1kg,Dairy & Frozen,2024-09-27,2024-10-10,14,10.0,In-Store Display
3685,7,Brisbane CBD,Queensland,9,Greek Yoghurt 1kg,Dairy & Frozen,2025-04-01,2025-04-12,12,25.0,Catalogue
3686,7,Brisbane CBD,Queensland,9,Greek Yoghurt 1kg,Dairy & Frozen,2024-11-25,2024-12-02,8,30.0,Catalogue
3687,7,Brisbane CBD,Queensland,9,Greek Yoghurt 1kg,Dairy & Frozen,2025-02-04,2025-02-11,8,20.0,Catalogue
3688,7,Brisbane CBD,Queensland,9,Greek Yoghurt 1kg,Dairy & Frozen,2025-07-22,2025-07-28,7,25.0,Catalogue
3689,7,Brisbane CBD,Queensland,9,Greek Yoghurt 1kg,Dairy & Frozen,2025-03-02,2025-03-09,8,15.0,In-Store Display
3690,7,Brisbane CBD,Queensland,9,Greek Yoghurt 1kg,Dairy & Frozen,2023-04-04,2023-04-16,13,15.0,In-Store Display
3691,7,Brisbane CBD,Queensland,9,Greek Yoghurt 1kg,Dairy & Frozen,2023-07-14,2023-07-25,12,10.0,In-Store Display
3692,7,Brisbane CBD,Queensland,9,Greek Yoghurt 1kg,Dairy & Frozen,2023-09-29,2023-10-11,13,10.0,In-Store Display
3693,7,Brisbane CBD,Queensland,9,Greek Yoghurt 1kg,Dairy & Frozen,2024-12-29,2025-01-10,13,30.0,Catalogue
3694,7,Brisbane CBD,Queensland,10,Vanilla Ice Cream 2L,Dairy & Frozen,2025-05-28,2025-06-04,8,20.0,Catalogue
3695,7,Brisbane CBD,Queensland,10,Vanilla Ice Cream 2L,Dairy & Frozen,2025-05-06,2025-05-13,8,15.0,In-Store Display
3696,7,Brisbane CBD,Queensland,10,Vanilla Ice Cream 2L,Dairy & Frozen,2024-03-03,2024-03-15,13,25.0,Catalogue
3697,7,Brisbane CBD,Queensland,10,Vanilla Ice Cream 2L,Dairy & Frozen,2024-07-01,2024-07-08,8,20.0,Catalogue
3698,7,Brisbane CBD,Queensland,10,Vanilla Ice Cream 2L,Dairy & Frozen,2024-02-06,2024-02-10,5,20.0,Catalogue
3699,7,Brisbane CBD,Queensland,10,Vanilla Ice Cream 2L,Dairy & Frozen,2025-07-11,2025-07-17,7,10.0,In-Store Display
3700,7,Brisbane CBD,Queensland,10,Vanilla Ice Cream 2L,Dairy & Frozen,2024-10-09,2024-10-19,11,20.0,Catalogue
3701,7,Brisbane CBD,Queensland,10,Vanilla Ice Cream 2L,Dairy & Frozen,2024-05-24,2024-06-04,12,20.0,Catalogue
3702,7,Brisbane CBD,Queensland,10,Vanilla Ice Cream 2L,Dairy & Frozen,2024-08-18,2024-08-28,11,15.0,In-Store Display
3703,7,Brisbane CBD,Queensland,10,Vanilla Ice Cream 2L,Dairy & Frozen,2025-10-04,2025-10-17,14,20.0,Catalogue
3704,7,Brisbane CBD,Queensland,10,Vanilla Ice Cream 2L,Dairy & Frozen,2023-05-27,2023-06-05,10,30.0,Catalogue
3705,7,Brisbane CBD,Queensland,10,Vanilla Ice Cream 2L,Dairy & Frozen,2025-03-19,2025-03-25,7,25.0,Catalogue
3706,7,Brisbane CBD,Queensland,10,Vanilla Ice Cream 2L,Dairy & Frozen,2023-04-11,2023-04-18,8,25.0,Catalogue
3707,7,Brisbane CBD,Queensland,10,Vanilla Ice Cream 2L,Dairy & Frozen,2023-02-09,2023-02-13,5,20.0,Catalogue
3708,7,Brisbane CBD,Queensland,10,Vanilla Ice Cream 2L,Dairy & Frozen,2024-04-20,2024-04-30,11,20.0,Catalogue
3709,7,Brisbane CBD,Queensland,10,Vanilla Ice Cream 2L,Dairy & Frozen,2023-09-11,2023-09-20,10,10.0,In-Store Display
3710,7,Brisbane CBD,Queensland,10,Vanilla Ice Cream 2L,Dairy & Frozen,2023-12-12,2023-12-21,10,30.0,Catalogue
3711,7,Brisbane CBD,Queensland,10,Vanilla Ice Cream 2L,Dairy & Frozen,2024-12-26,2025-01-08,14,10.0,In-Store Display
3712,7,Brisbane CBD,Queensland,10,Vanilla Ice Cream 2L,Dairy & Frozen,2025-01-28,2025-02-09,13,30.0,Catalogue
3713,7,Brisbane CBD,Queensland,10,Vanilla Ice Cream 2L,Dairy & Frozen,2023-03-17,2023-03-24,8,25.0,Catalogue
3714,7,Brisbane CBD,Queensland,10,Vanilla Ice Cream 2L,Dairy & Frozen,2023-11-01,2023-11-10,10,10.0,In-Store Display
3715,7,Brisbane CBD,Queensland,10,Vanilla Ice Cream 2L,Dairy & Frozen,2025-08-28,2025-09-10,14,15.0,In-Store Display
3716,7,Brisbane CBD,Queensland,10,Vanilla Ice Cream 2L,Dairy & Frozen,2025-06-20,2025-06-25,6,20.0,Catalogue
3717,7,Brisbane CBD,Queensland,11,Frozen Mixed Vegetables 1kg,Dairy & Frozen,2024-03-14,2024-03-21,8,20.0,Catalogue
3718,7,Brisbane CBD,Queensland,11,Frozen Mixed Vegetables 1kg,Dairy & Frozen,2024-10-04,2024-10-16,13,10.0,In-Store Display
3719,7,Brisbane CBD,Queensland,11,Frozen Mixed Vegetables 1kg,Dairy & Frozen,2025-07-10,2025-07-19,10,30.0,Catalogue
3720,7,Brisbane CBD,Queensland,11,Frozen Mixed Vegetables 1kg,Dairy & Frozen,2023-06-08,2023-06-21,14,30.0,Catalogue
3721,7,Brisbane CBD,Queensland,11,Frozen Mixed Vegetables 1kg,Dairy & Frozen,2024-05-31,2024-06-04,5,10.0,In-Store Display
3722,7,Brisbane CBD,Queensland,11,Frozen Mixed Vegetables 1kg,Dairy & Frozen,2024-06-23,2024-07-06,14,10.0,In-Store Display
3723,7,Brisbane CBD,Queensland,11,Frozen Mixed Vegetables 1kg,Dairy & Frozen,2025-01-25,2025-02-01,8,10.0,In-Store Display
3724,7,Brisbane CBD,Queensland,11,Frozen Mixed Vegetables 1kg,Dairy & Frozen,2023-01-17,2023-01-29,13,15.0,In-Store Display
3725,7,Brisbane CBD,Queensland,11,Frozen Mixed Vegetables 1kg,Dairy & Frozen,2025-09-05,2025-09-15,11,20.0,Catalogue
3726,7,Brisbane CBD,Queensland,11,Frozen Mixed Vegetables 1kg,Dairy & Frozen,2025-03-21,2025-04-02,13,30.0,Catalogue
3727,7,Brisbane CBD,Queensland,11,Frozen Mixed Vegetables 1kg,Dairy & Frozen,2023-05-10,2023-05-21,12,10.0,In-Store Display
3728,7,Brisbane CBD,Queensland,11,Frozen Mixed Vegetables 1kg,Dairy & Frozen,2023-08-08,2023-08-18,11,30.0,Catalogue
3729,7,Brisbane CBD,Queensland,11,Frozen Mixed Vegetables 1kg,Dairy & Frozen,2024-01-11,2024-01-19,9,10.0,In-Store Display
3730,7,Brisbane CBD,Queensland,11,Frozen Mixed Vegetables 1kg,Dairy & Frozen,2024-07-24,2024-08-05,13,10.0,In-Store Display
3731,7,Brisbane CBD,Queensland,12,Frozen Meat Pies 4pk,Dairy & Frozen,2024-08-08,2024-08-16,9,25.0,Catalogue
3732,7,Brisbane CBD,Queensland,12,Frozen Meat Pies 4pk,Dairy & Frozen,2023-08-24,2023-09-01,9,25.0,Catalogue
3733,7,Brisbane CBD,Queensland,12,Frozen Meat Pies 4pk,Dairy & Frozen,2025-08-25,2025-09-07,14,20.0,Catalogue
3734,7,Brisbane CBD,Queensland,12,Frozen Meat Pies 4pk,Dairy & Frozen,2023-05-07,2023-05-13,7,30.0,Catalogue
3735,7,Brisbane CBD,Queensland,12,Frozen Meat Pies 4pk,Dairy & Frozen,2024-10-22,2024-11-02,12,10.0,In-Store Display
3736,7,Brisbane CBD,Queensland,12,Frozen Meat Pies 4pk,Dairy & Frozen,2025-06-05,2025-06-18,14,30.0,Catalogue
3737,7,Brisbane CBD,Queensland,12,Frozen Meat Pies 4pk,Dairy & Frozen,2023-10-15,2023-10-23,9,15.0,In-Store Display
3738,7,Brisbane CBD,Queensland,12,Frozen Meat Pies 4pk,Dairy & Frozen,2024-02-16,2024-02-25,10,20.0,Catalogue
3739,7,Brisbane CBD,Queensland,12,Frozen Meat Pies 4pk,Dairy & Frozen,2024-05-27,2024-06-08,13,30.0,Catalogue
3740,7,Brisbane CBD,Queensland,12,Frozen Meat Pies 4pk,Dairy & Frozen,2023-01-29,2023-02-03,6,15.0,In-Store Display
3741,7,Brisbane CBD,Queensland,12,Frozen Meat Pies 4pk,Dairy & Frozen,2023-07-08,2023-07-20,13,15.0,In-Store Display
3742,7,Brisbane CBD,Queensland,12,Frozen Meat Pies 4pk,Dairy & Frozen,2025-11-03,2025-11-08,6,10.0,In-Store Display
3743,7,Brisbane CBD,Queensland,12,Frozen Meat Pies 4pk,Dairy & Frozen,2024-07-16,2024-07-20,5,10.0,In-Store Display
3744,7,Brisbane CBD,Queensland,12,Frozen Meat Pies 4pk,Dairy & Frozen,2025-09-25,2025-10-05,11,10.0,In-Store Display
3745,7,Brisbane CBD,Queensland,12,Frozen Meat Pies 4pk,Dairy & Frozen,2024-04-11,2024-04-22,12,15.0,In-Store Display
3746,7,Brisbane CBD,Queensland,12,Frozen Meat Pies 4pk,Dairy & Frozen,2024-11-24,2024-12-01,8,10.0,In-Store Display
3747,7,Brisbane CBD,Queensland,12,Frozen Meat Pies 4pk,Dairy & Frozen,2023-03-03,2023-03-14,12,25.0,Catalogue
3748,7,Brisbane CBD,Queensland,12,Frozen Meat Pies 4pk,Dairy & Frozen,2025-07-05,2025-07-14,10,15.0,In-Store Display
3749,7,Brisbane CBD,Queensland,13,Cola Soft Drink 1.25L,Beverages,2023-01-20,2023-02-02,14,10.0,In-Store Display
3750,7,Brisbane CBD,Queensland,13,Cola Soft Drink 1.25L,Beverages,2024-10-29,2024-11-06,9,20.0,Catalogue
3751,7,Brisbane CBD,Queensland,13,Cola Soft Drink 1.25L,Beverages,2023-04-11,2023-04-17,7,20.0,Catalogue
3752,7,Brisbane CBD,Queensland,13,Cola Soft Drink 1.25L,Beverages,2023-11-11,2023-11-18,8,25.0,Catalogue
3753,7,Brisbane CBD,Queensland,13,Cola Soft Drink 1.25L,Beverages,2025-06-27,2025-07-01,5,15.0,In-Store Display
3754,7,Brisbane CBD,Queensland,13,Cola Soft Drink 1.25L,Beverages,2025-11-11,2025-11-22,12,30.0,Catalogue
3755,7,Brisbane CBD,Queensland,13,Cola Soft Drink 1.25L,Beverages,2024-05-15,2024-05-21,7,25.0,Catalogue
3756,7,Brisbane CBD,Queensland,13,Cola Soft Drink 1.25L,Beverages,2023-03-17,2023-03-27,11,10.0,In-Store Display
3757,7,Brisbane CBD,Queensland,13,Cola Soft Drink 1.25L,Beverages,2024-06-05,2024-06-09,5,15.0,In-Store Display
3758,7,Brisbane CBD,Queensland,13,Cola Soft Drink 1.25L,Beverages,2023-08-20,2023-08-24,5,15.0,In-Store Display
3759,7,Brisbane CBD,Queensland,13,Cola Soft Drink 1.25L,Beverages,2023-05-30,2023-06-05,7,30.0,Catalogue
3760,7,Brisbane CBD,Queensland,13,Cola Soft Drink 1.25L,Beverages,2024-04-01,2024-04-13,13,10.0,In-Store Display
3761,7,Brisbane CBD,Queensland,13,Cola Soft Drink 1.25L,Beverages,2023-09-21,2023-09-29,9,20.0,Catalogue
3762,7,Brisbane CBD,Queensland,13,Cola Soft Drink 1.25L,Beverages,2025-01-15,2025-01-28,14,10.0,In-Store Display
3763,7,Brisbane CBD,Queensland,13,Cola Soft Drink 1.25L,Beverages,2024-12-03,2024-12-07,5,10.0,In-Store Display
3764,7,Brisbane CBD,Queensland,13,Cola Soft Drink 1.25L,Beverages,2025-07-16,2025-07-25,10,15.0,In-Store Display
3765,7,Brisbane CBD,Queensland,13,Cola Soft Drink 1.25L,Beverages,2024-06-29,2024-07-09,11,20.0,Catalogue
3766,7,Brisbane CBD,Queensland,13,Cola Soft Drink 1.25L,Beverages,2025-04-15,2025-04-23,9,10.0,In-Store Display
3767,7,Brisbane CBD,Queensland,13,Cola Soft Drink 1.25L,Beverages,2025-09-13,2025-09-18,6,25.0,Catalogue
3768,7,Brisbane CBD,Queensland,13,Cola Soft Drink 1.25L,Beverages,2023-07-01,2023-07-14,14,20.0,Catalogue
3769,7,Brisbane CBD,Queensland,13,Cola Soft Drink 1.25L,Beverages,2024-03-06,2024-03-16,11,20.0,Catalogue
3770,7,Brisbane CBD,Queensland,13,Cola Soft Drink 1.25L,Beverages,2025-08-09,2025-08-13,5,30.0,Catalogue
3771,7,Brisbane CBD,Queensland,13,Cola Soft Drink 1.25L,Beverages,2024-08-03,2024-08-15,13,10.0,In-Store Display
3772,7,Brisbane CBD,Queensland,13,Cola Soft Drink 1.25L,Beverages,2025-05-29,2025-06-06,9,20.0,Catalogue
3773,7,Brisbane CBD,Queensland,13,Cola Soft Drink 1.25L,Beverages,2024-02-15,2024-02-19,5,15.0,In-Store Display
3774,7,Brisbane CBD,Queensland,13,Cola Soft Drink 1.25L,Beverages,2023-12-19,2023-12-28,10,25.0,Catalogue
3775,7,Brisbane CBD,Queensland,13,Cola Soft Drink 1.25L,Beverages,2024-09-06,2024-09-16,11,25.0,Catalogue
3776,7,Brisbane CBD,Queensland,13,Cola Soft Drink 1.25L,Beverages,2025-12-21,2025-12-27,7,10.0,In-Store Display
3777,7,Brisbane CBD,Queensland,13,Cola Soft Drink 1.25L,Beverages,2025-02-28,2025-03-13,14,10.0,In-Store Display
3778,7,Brisbane CBD,Queensland,14,Orange Juice 2L,Beverages,2024-06-07,2024-06-18,12,25.0,Catalogue
3779,7,Brisbane CBD,Queensland,14,Orange Juice 2L,Beverages,2024-08-26,2024-08-31,6,25.0,Catalogue
3780,7,Brisbane CBD,Queensland,14,Orange Juice 2L,Beverages,2023-08-10,2023-08-19,10,20.0,Catalogue
3781,7,Brisbane CBD,Queensland,14,Orange Juice 2L,Beverages,2024-12-09,2024-12-16,8,10.0,In-Store Display
3782,7,Brisbane CBD,Queensland,14,Orange Juice 2L,Beverages,2023-01-26,2023-01-30,5,25.0,Catalogue
3783,7,Brisbane CBD,Queensland,14,Orange Juice 2L,Beverages,2025-05-20,2025-05-25,6,30.0,Catalogue
3784,7,Brisbane CBD,Queensland,14,Orange Juice 2L,Beverages,2023-03-30,2023-04-04,6,15.0,In-Store Display
3785,7,Brisbane CBD,Queensland,14,Orange Juice 2L,Beverages,2023-03-02,2023-03-10,9,15.0,In-Store Display
3786,7,Brisbane CBD,Queensland,14,Orange Juice 2L,Beverages,2024-05-04,2024-05-13,10,30.0,Catalogue
3787,7,Brisbane CBD,Queensland,14,Orange Juice 2L,Beverages,2023-09-12,2023-09-24,13,20.0,Catalogue
3788,7,Brisbane CBD,Queensland,14,Orange Juice 2L,Beverages,2023-01-01,2023-01-09,9,15.0,In-Store Display
3789,7,Brisbane CBD,Queensland,14,Orange Juice 2L,Beverages,2025-09-28,2025-10-08,11,20.0,Catalogue
3790,7,Brisbane CBD,Queensland,14,Orange Juice 2L,Beverages,2024-07-27,2024-08-03,8,10.0,In-Store Display
3791,7,Brisbane CBD,Queensland,14,Orange Juice 2L,Beverages,2025-11-21,2025-12-02,12,25.0,Catalogue
3792,7,Brisbane CBD,Queensland,14,Orange Juice 2L,Beverages,2024-03-03,2024-03-11,9,10.0,In-Store Display
3793,7,Brisbane CBD,Queensland,14,Orange Juice 2L,Beverages,2025-01-07,2025-01-12,6,10.0,In-Store Display
3794,7,Brisbane CBD,Queensland,14,Orange Juice 2L,Beverages,2024-04-07,2024-04-13,7,10.0,In-Store Display
3795,7,Brisbane CBD,Queensland,14,Orange Juice 2L,Beverages,2023-04-20,2023-04-24,5,30.0,Catalogue
3796,7,Brisbane CBD,Queensland,14,Orange Juice 2L,Beverages,2023-12-18,2023-12-27,10,20.0,Catalogue
3797,7,Brisbane CBD,Queensland,14,Orange Juice 2L,Beverages,2024-01-24,2024-02-01,9,20.0,Catalogue
3798,7,Brisbane CBD,Queensland,14,Orange Juice 2L,Beverages,2025-03-11,2025-03-18,8,30.0,Catalogue
3799,7,Brisbane CBD,Queensland,14,Orange Juice 2L,Beverages,2025-07-01,2025-07-09,9,15.0,In-Store Display
3800,7,Brisbane CBD,Queensland,14,Orange Juice 2L,Beverages,2024-10-23,2024-11-02,11,30.0,Catalogue
3801,7,Brisbane CBD,Queensland,15,Spring Water 6L,Beverages,2023-09-21,2023-09-30,10,10.0,In-Store Display
3802,7,Brisbane CBD,Queensland,15,Spring Water 6L,Beverages,2025-12-01,2025-12-12,12,10.0,In-Store Display
3803,7,Brisbane CBD,Queensland,15,Spring Water 6L,Beverages,2024-03-25,2024-04-01,8,15.0,In-Store Display
3804,7,Brisbane CBD,Queensland,15,Spring Water 6L,Beverages,2025-03-26,2025-04-04,10,15.0,In-Store Display
3805,7,Brisbane CBD,Queensland,15,Spring Water 6L,Beverages,2025-02-02,2025-02-14,13,10.0,In-Store Display
3806,7,Brisbane CBD,Queensland,15,Spring Water 6L,Beverages,2024-12-08,2024-12-13,6,20.0,Catalogue
3807,7,Brisbane CBD,Queensland,15,Spring Water 6L,Beverages,2024-04-25,2024-05-05,11,30.0,Catalogue
3808,7,Brisbane CBD,Queensland,15,Spring Water 6L,Beverages,2024-09-17,2024-09-28,12,15.0,In-Store Display
3809,7,Brisbane CBD,Queensland,15,Spring Water 6L,Beverages,2023-04-02,2023-04-09,8,10.0,In-Store Display
3810,7,Brisbane CBD,Queensland,15,Spring Water 6L,Beverages,2025-05-01,2025-05-05,5,25.0,Catalogue
3811,7,Brisbane CBD,Queensland,15,Spring Water 6L,Beverages,2023-06-15,2023-06-20,6,20.0,Catalogue
3812,7,Brisbane CBD,Queensland,15,Spring Water 6L,Beverages,2024-11-07,2024-11-14,8,20.0,Catalogue
3813,7,Brisbane CBD,Queensland,15,Spring Water 6L,Beverages,2023-01-08,2023-01-21,14,25.0,Catalogue
3814,7,Brisbane CBD,Queensland,15,Spring Water 6L,Beverages,2024-02-03,2024-02-13,11,20.0,Catalogue
3815,7,Brisbane CBD,Queensland,15,Spring Water 6L,Beverages,2024-07-25,2024-08-01,8,50.0,Clearance
3816,7,Brisbane CBD,Queensland,15,Spring Water 6L,Beverages,2025-10-04,2025-10-13,10,30.0,Catalogue
3817,7,Brisbane CBD,Queensland,15,Spring Water 6L,Beverages,2025-06-04,2025-06-13,10,25.0,Catalogue
3818,7,Brisbane CBD,Queensland,15,Spring Water 6L,Beverages,2025-08-07,2025-08-18,12,30.0,Catalogue
3819,7,Brisbane CBD,Queensland,15,Spring Water 6L,Beverages,2023-02-25,2023-03-06,10,15.0,In-Store Display
3820,7,Brisbane CBD,Queensland,15,Spring Water 6L,Beverages,2023-07-26,2023-08-07,13,25.0,Catalogue
3821,7,Brisbane CBD,Queensland,15,Spring Water 6L,Beverages,2025-07-09,2025-07-22,14,25.0,Catalogue
3822,7,Brisbane CBD,Queensland,15,Spring Water 6L,Beverages,2023-10-31,2023-11-04,5,10.0,In-Store Display
3823,7,Brisbane CBD,Queensland,15,Spring Water 6L,Beverages,2024-01-11,2024-01-19,9,10.0,In-Store Display
3824,7,Brisbane CBD,Queensland,16,Ground Coffee 1kg,Beverages,2024-03-17,2024-03-25,9,20.0,Catalogue
3825,7,Brisbane CBD,Queensland,16,Ground Coffee 1kg,Beverages,2024-12-24,2024-12-31,8,25.0,Catalogue
3826,7,Brisbane CBD,Queensland,16,Ground Coffee 1kg,Beverages,2023-07-31,2023-08-07,8,25.0,Catalogue
3827,7,Brisbane CBD,Queensland,16,Ground Coffee 1kg,Beverages,2024-09-07,2024-09-14,8,20.0,Catalogue
3828,7,Brisbane CBD,Queensland,16,Ground Coffee 1kg,Beverages,2023-02-28,2023-03-08,9,10.0,In-Store Display
3829,7,Brisbane CBD,Queensland,16,Ground Coffee 1kg,Beverages,2023-06-21,2023-06-30,10,10.0,In-Store Display
3830,7,Brisbane CBD,Queensland,16,Ground Coffee 1kg,Beverages,2024-10-26,2024-11-02,8,25.0,Catalogue
3831,7,Brisbane CBD,Queensland,16,Ground Coffee 1kg,Beverages,2024-06-21,2024-06-26,6,15.0,In-Store Display
3832,7,Brisbane CBD,Queensland,16,Ground Coffee 1kg,Beverages,2025-05-22,2025-05-28,7,15.0,In-Store Display
3833,7,Brisbane CBD,Queensland,16,Ground Coffee 1kg,Beverages,2024-01-10,2024-01-17,8,10.0,In-Store Display
3834,7,Brisbane CBD,Queensland,16,Ground Coffee 1kg,Beverages,2023-05-14,2023-05-25,12,10.0,In-Store Display
3835,7,Brisbane CBD,Queensland,16,Ground Coffee 1kg,Beverages,2023-09-02,2023-09-08,7,25.0,Catalogue
3836,7,Brisbane CBD,Queensland,16,Ground Coffee 1kg,Beverages,2023-03-24,2023-03-30,7,25.0,Catalogue
3837,7,Brisbane CBD,Queensland,16,Ground Coffee 1kg,Beverages,2025-08-11,2025-08-18,8,15.0,In-Store Display
3838,7,Brisbane CBD,Queensland,16,Ground Coffee 1kg,Beverages,2023-11-29,2023-12-04,6,10.0,In-Store Display
3839,7,Brisbane CBD,Queensland,16,Ground Coffee 1kg,Beverages,2024-07-11,2024-07-24,14,10.0,In-Store Display
3840,7,Brisbane CBD,Queensland,16,Ground Coffee 1kg,Beverages,2025-09-28,2025-10-03,6,20.0,Catalogue
3841,7,Brisbane CBD,Queensland,16,Ground Coffee 1kg,Beverages,2024-05-10,2024-05-18,9,20.0,Catalogue
3842,7,Brisbane CBD,Queensland,16,Ground Coffee 1kg,Beverages,2025-11-06,2025-11-17,12,15.0,In-Store Display
3843,7,Brisbane CBD,Queensland,16,Ground Coffee 1kg,Beverages,2025-06-26,2025-07-07,12,15.0,In-Store Display
3844,7,Brisbane CBD,Queensland,16,Ground Coffee 1kg,Beverages,2025-02-14,2025-02-26,13,15.0,In-Store Display
3845,7,Brisbane CBD,Queensland,16,Ground Coffee 1kg,Beverages,2025-12-09,2025-12-17,9,25.0,Catalogue
3846,7,Brisbane CBD,Queensland,16,Ground Coffee 1kg,Beverages,2025-03-22,2025-03-28,7,15.0,In-Store Display
3847,7,Brisbane CBD,Queensland,16,Ground Coffee 1kg,Beverages,2023-01-09,2023-01-21,13,25.0,Catalogue
3848,7,Brisbane CBD,Queensland,16,Ground Coffee 1kg,Beverages,2023-04-23,2023-04-29,7,10.0,In-Store Display
3849,7,Brisbane CBD,Queensland,17,Black Tea Bags 100pk,Beverages,2023-05-13,2023-05-22,10,50.0,Clearance
3850,7,Brisbane CBD,Queensland,17,Black Tea Bags 100pk,Beverages,2024-09-21,2024-10-03,13,15.0,In-Store Display
3851,7,Brisbane CBD,Queensland,17,Black Tea Bags 100pk,Beverages,2025-03-06,2025-03-15,10,30.0,Catalogue
3852,7,Brisbane CBD,Queensland,17,Black Tea Bags 100pk,Beverages,2024-05-06,2024-05-18,13,50.0,Clearance
3853,7,Brisbane CBD,Queensland,17,Black Tea Bags 100pk,Beverages,2023-11-12,2023-11-22,11,15.0,In-Store Display
3854,7,Brisbane CBD,Queensland,17,Black Tea Bags 100pk,Beverages,2025-06-12,2025-06-20,9,20.0,Catalogue
3855,7,Brisbane CBD,Queensland,17,Black Tea Bags 100pk,Beverages,2024-02-23,2024-02-29,7,20.0,Catalogue
3856,7,Brisbane CBD,Queensland,17,Black Tea Bags 100pk,Beverages,2024-10-29,2024-11-08,11,25.0,Catalogue
3857,7,Brisbane CBD,Queensland,17,Black Tea Bags 100pk,Beverages,2025-03-31,2025-04-09,10,15.0,In-Store Display
3858,7,Brisbane CBD,Queensland,17,Black Tea Bags 100pk,Beverages,2023-08-25,2023-09-02,9,30.0,Catalogue
3859,7,Brisbane CBD,Queensland,17,Black Tea Bags 100pk,Beverages,2023-01-26,2023-02-04,10,10.0,In-Store Display
3860,7,Brisbane CBD,Queensland,17,Black Tea Bags 100pk,Beverages,2025-07-31,2025-08-09,10,15.0,In-Store Display
3861,7,Brisbane CBD,Queensland,17,Black Tea Bags 100pk,Beverages,2024-04-06,2024-04-16,11,10.0,In-Store Display
3862,7,Brisbane CBD,Queensland,17,Black Tea Bags 100pk,Beverages,2025-10-14,2025-10-23,10,10.0,In-Store Display
3863,7,Brisbane CBD,Queensland,17,Black Tea Bags 100pk,Beverages,2023-12-22,2023-12-29,8,15.0,In-Store Display
3864,7,Brisbane CBD,Queensland,17,Black Tea Bags 100pk,Beverages,2024-07-30,2024-08-05,7,10.0,In-Store Display
3865,7,Brisbane CBD,Queensland,18,Sports Drink 600ml,Beverages,2024-04-27,2024-05-02,6,25.0,Catalogue
3866,7,Brisbane CBD,Queensland,18,Sports Drink 600ml,Beverages,2023-07-09,2023-07-19,11,30.0,Catalogue
3867,7,Brisbane CBD,Queensland,18,Sports Drink 600ml,Beverages,2023-01-11,2023-01-24,14,30.0,Catalogue
3868,7,Brisbane CBD,Queensland,18,Sports Drink 600ml,Beverages,2023-04-09,2023-04-13,5,30.0,Catalogue
3869,7,Brisbane CBD,Queensland,18,Sports Drink 600ml,Beverages,2024-05-17,2024-05-28,12,10.0,In-Store Display
3870,7,Brisbane CBD,Queensland,18,Sports Drink 600ml,Beverages,2024-02-27,2024-03-06,9,10.0,In-Store Display
3871,7,Brisbane CBD,Queensland,18,Sports Drink 600ml,Beverages,2024-12-19,2024-12-23,5,10.0,In-Store Display
3872,7,Brisbane CBD,Queensland,18,Sports Drink 600ml,Beverages,2024-06-29,2024-07-12,14,50.0,Clearance
3873,7,Brisbane CBD,Queensland,18,Sports Drink 600ml,Beverages,2024-10-20,2024-11-02,14,10.0,In-Store Display
3874,7,Brisbane CBD,Queensland,18,Sports Drink 600ml,Beverages,2025-07-02,2025-07-12,11,20.0,Catalogue
3875,7,Brisbane CBD,Queensland,18,Sports Drink 600ml,Beverages,2023-12-23,2024-01-02,11,25.0,Catalogue
3876,7,Brisbane CBD,Queensland,18,Sports Drink 600ml,Beverages,2023-05-12,2023-05-18,7,10.0,In-Store Display
3877,7,Brisbane CBD,Queensland,18,Sports Drink 600ml,Beverages,2023-08-18,2023-08-28,11,20.0,Catalogue
3878,7,Brisbane CBD,Queensland,18,Sports Drink 600ml,Beverages,2025-05-05,2025-05-10,6,30.0,Catalogue
3879,7,Brisbane CBD,Queensland,18,Sports Drink 600ml,Beverages,2023-06-15,2023-06-21,7,10.0,In-Store Display
3880,7,Brisbane CBD,Queensland,18,Sports Drink 600ml,Beverages,2023-09-15,2023-09-20,6,10.0,In-Store Display
3881,7,Brisbane CBD,Queensland,18,Sports Drink 600ml,Beverages,2023-11-15,2023-11-22,8,25.0,Catalogue
3882,7,Brisbane CBD,Queensland,18,Sports Drink 600ml,Beverages,2025-06-04,2025-06-12,9,20.0,Catalogue
3883,7,Brisbane CBD,Queensland,18,Sports Drink 600ml,Beverages,2024-07-28,2024-08-04,8,30.0,Catalogue
3884,7,Brisbane CBD,Queensland,18,Sports Drink 600ml,Beverages,2025-11-01,2025-11-13,13,25.0,Catalogue
3885,7,Brisbane CBD,Queensland,18,Sports Drink 600ml,Beverages,2025-02-28,2025-03-07,8,25.0,Catalogue
3886,7,Brisbane CBD,Queensland,18,Sports Drink 600ml,Beverages,2025-12-14,2025-12-20,7,30.0,Catalogue
3887,7,Brisbane CBD,Queensland,18,Sports Drink 600ml,Beverages,2025-01-17,2025-01-27,11,10.0,In-Store Display
3888,7,Brisbane CBD,Queensland,18,Sports Drink 600ml,Beverages,2025-07-31,2025-08-10,11,10.0,In-Store Display
3889,7,Brisbane CBD,Queensland,18,Sports Drink 600ml,Beverages,2024-09-02,2024-09-07,6,25.0,Catalogue
3890,7,Brisbane CBD,Queensland,18,Sports Drink 600ml,Beverages,2024-01-25,2024-02-06,13,10.0,In-Store Display
3891,7,Brisbane CBD,Queensland,19,Potato Chips 175g,Snacks,2024-12-04,2024-12-17,14,10.0,In-Store Display
3892,7,Brisbane CBD,Queensland,19,Potato Chips 175g,Snacks,2023-01-17,2023-01-23,7,10.0,In-Store Display
3893,7,Brisbane CBD,Queensland,19,Potato Chips 175g,Snacks,2023-08-23,2023-09-04,13,20.0,Catalogue
3894,7,Brisbane CBD,Queensland,19,Potato Chips 175g,Snacks,2024-08-15,2024-08-27,13,10.0,In-Store Display
3895,7,Brisbane CBD,Queensland,19,Potato Chips 175g,Snacks,2023-10-23,2023-11-01,10,15.0,In-Store Display
3896,7,Brisbane CBD,Queensland,19,Potato Chips 175g,Snacks,2023-02-21,2023-02-27,7,15.0,In-Store Display
3897,7,Brisbane CBD,Queensland,19,Potato Chips 175g,Snacks,2024-02-13,2024-02-23,11,30.0,Catalogue
3898,7,Brisbane CBD,Queensland,19,Potato Chips 175g,Snacks,2023-05-13,2023-05-22,10,20.0,Catalogue
3899,7,Brisbane CBD,Queensland,19,Potato Chips 175g,Snacks,2025-08-12,2025-08-25,14,30.0,Catalogue
3900,7,Brisbane CBD,Queensland,19,Potato Chips 175g,Snacks,2024-05-21,2024-06-03,14,20.0,Catalogue
3901,7,Brisbane CBD,Queensland,19,Potato Chips 175g,Snacks,2025-05-11,2025-05-24,14,25.0,Catalogue
3902,7,Brisbane CBD,Queensland,19,Potato Chips 175g,Snacks,2023-06-06,2023-06-10,5,10.0,In-Store Display
3903,7,Brisbane CBD,Queensland,19,Potato Chips 175g,Snacks,2024-01-25,2024-01-29,5,25.0,Catalogue
3904,7,Brisbane CBD,Queensland,19,Potato Chips 175g,Snacks,2025-12-22,2025-12-27,6,25.0,Catalogue
3905,7,Brisbane CBD,Queensland,19,Potato Chips 175g,Snacks,2024-07-11,2024-07-18,8,10.0,In-Store Display
3906,7,Brisbane CBD,Queensland,19,Potato Chips 175g,Snacks,2024-09-16,2024-09-28,13,10.0,In-Store Display
3907,7,Brisbane CBD,Queensland,19,Potato Chips 175g,Snacks,2025-02-26,2025-03-06,9,10.0,In-Store Display
3908,7,Brisbane CBD,Queensland,19,Potato Chips 175g,Snacks,2025-07-02,2025-07-07,6,15.0,In-Store Display
3909,7,Brisbane CBD,Queensland,19,Potato Chips 175g,Snacks,2025-01-14,2025-01-25,12,30.0,Catalogue
3910,7,Brisbane CBD,Queensland,19,Potato Chips 175g,Snacks,2025-04-09,2025-04-15,7,20.0,Catalogue
3911,7,Brisbane CBD,Queensland,19,Potato Chips 175g,Snacks,2025-09-20,2025-10-01,12,25.0,Catalogue
3912,7,Brisbane CBD,Queensland,19,Potato Chips 175g,Snacks,2024-10-19,2024-10-31,13,15.0,In-Store Display
3913,7,Brisbane CBD,Queensland,19,Potato Chips 175g,Snacks,2024-04-03,2024-04-13,11,10.0,In-Store Display
3914,7,Brisbane CBD,Queensland,19,Potato Chips 175g,Snacks,2023-12-18,2023-12-24,7,30.0,Catalogue
3915,7,Brisbane CBD,Queensland,19,Potato Chips 175g,Snacks,2025-10-20,2025-10-29,10,30.0,Catalogue
3916,7,Brisbane CBD,Queensland,19,Potato Chips 175g,Snacks,2023-09-21,2023-09-27,7,25.0,Catalogue
3917,7,Brisbane CBD,Queensland,19,Potato Chips 175g,Snacks,2023-03-22,2023-03-27,6,15.0,In-Store Display
3918,7,Brisbane CBD,Queensland,19,Potato Chips 175g,Snacks,2023-04-14,2023-04-22,9,30.0,Catalogue
3919,7,Brisbane CBD,Queensland,19,Potato Chips 175g,Snacks,2023-07-26,2023-08-04,10,30.0,Catalogue
3920,7,Brisbane CBD,Queensland,19,Potato Chips 175g,Snacks,2023-11-16,2023-11-26,11,25.0,Catalogue
3921,7,Brisbane CBD,Queensland,20,Sweet Biscuits 250g,Snacks,2024-06-22,2024-07-02,11,10.0,In-Store Display
3922,7,Brisbane CBD,Queensland,20,Sweet Biscuits 250g,Snacks,2023-12-26,2024-01-06,12,15.0,In-Store Display
3923,7,Brisbane CBD,Queensland,20,Sweet Biscuits 250g,Snacks,2024-04-11,2024-04-18,8,20.0,Catalogue
3924,7,Brisbane CBD,Queensland,20,Sweet Biscuits 250g,Snacks,2024-03-08,2024-03-13,6,10.0,In-Store Display
3925,7,Brisbane CBD,Queensland,20,Sweet Biscuits 250g,Snacks,2023-04-16,2023-04-20,5,30.0,Catalogue
3926,7,Brisbane CBD,Queensland,20,Sweet Biscuits 250g,Snacks,2024-05-11,2024-05-16,6,15.0,In-Store Display
3927,7,Brisbane CBD,Queensland,20,Sweet Biscuits 250g,Snacks,2023-11-29,2023-12-06,8,20.0,Catalogue
3928,7,Brisbane CBD,Queensland,20,Sweet Biscuits 250g,Snacks,2024-10-04,2024-10-17,14,20.0,Catalogue
3929,7,Brisbane CBD,Queensland,20,Sweet Biscuits 250g,Snacks,2024-09-02,2024-09-13,12,20.0,Catalogue
3930,7,Brisbane CBD,Queensland,20,Sweet Biscuits 250g,Snacks,2025-12-01,2025-12-06,6,10.0,In-Store Display
3931,7,Brisbane CBD,Queensland,20,Sweet Biscuits 250g,Snacks,2025-07-04,2025-07-16,13,30.0,Catalogue
3932,7,Brisbane CBD,Queensland,20,Sweet Biscuits 250g,Snacks,2025-04-16,2025-04-25,10,20.0,Catalogue
3933,7,Brisbane CBD,Queensland,20,Sweet Biscuits 250g,Snacks,2025-01-24,2025-02-05,13,10.0,In-Store Display
3934,7,Brisbane CBD,Queensland,20,Sweet Biscuits 250g,Snacks,2023-08-25,2023-09-04,11,25.0,Catalogue
3935,7,Brisbane CBD,Queensland,20,Sweet Biscuits 250g,Snacks,2024-06-03,2024-06-07,5,25.0,Catalogue
3936,7,Brisbane CBD,Queensland,20,Sweet Biscuits 250g,Snacks,2023-06-13,2023-06-23,11,20.0,Catalogue
3937,7,Brisbane CBD,Queensland,20,Sweet Biscuits 250g,Snacks,2023-10-20,2023-10-27,8,15.0,In-Store Display
3938,7,Brisbane CBD,Queensland,20,Sweet Biscuits 250g,Snacks,2025-02-22,2025-03-01,8,50.0,Clearance
3939,7,Brisbane CBD,Queensland,20,Sweet Biscuits 250g,Snacks,2023-01-07,2023-01-19,13,15.0,In-Store Display
3940,7,Brisbane CBD,Queensland,20,Sweet Biscuits 250g,Snacks,2023-07-13,2023-07-20,8,25.0,Catalogue
3941,7,Brisbane CBD,Queensland,20,Sweet Biscuits 250g,Snacks,2024-01-28,2024-02-10,14,15.0,In-Store Display
3942,7,Brisbane CBD,Queensland,20,Sweet Biscuits 250g,Snacks,2023-02-07,2023-02-19,13,30.0,Catalogue
3943,7,Brisbane CBD,Queensland,20,Sweet Biscuits 250g,Snacks,2025-09-01,2025-09-12,12,15.0,In-Store Display
3944,7,Brisbane CBD,Queensland,20,Sweet Biscuits 250g,Snacks,2025-10-21,2025-11-01,12,15.0,In-Store Display
3945,7,Brisbane CBD,Queensland,20,Sweet Biscuits 250g,Snacks,2023-05-14,2023-05-27,14,10.0,In-Store Display
3946,7,Brisbane CBD,Queensland,21,Chocolate Block 180g,Snacks,2024-01-21,2024-01-28,8,30.0,Catalogue
3947,7,Brisbane CBD,Queensland,21,Chocolate Block 180g,Snacks,2024-04-19,2024-04-27,9,15.0,In-Store Display
3948,7,Brisbane CBD,Queensland,21,Chocolate Block 180g,Snacks,2025-01-08,2025-01-18,11,25.0,Catalogue
3949,7,Brisbane CBD,Queensland,21,Chocolate Block 180g,Snacks,2025-05-01,2025-05-05,5,15.0,In-Store Display
3950,7,Brisbane CBD,Queensland,21,Chocolate Block 180g,Snacks,2024-05-31,2024-06-05,6,15.0,In-Store Display
3951,7,Brisbane CBD,Queensland,21,Chocolate Block 180g,Snacks,2023-07-31,2023-08-07,8,30.0,Catalogue
3952,7,Brisbane CBD,Queensland,21,Chocolate Block 180g,Snacks,2025-05-23,2025-06-01,10,25.0,Catalogue
3953,7,Brisbane CBD,Queensland,21,Chocolate Block 180g,Snacks,2023-02-02,2023-02-07,6,30.0,Catalogue
3954,7,Brisbane CBD,Queensland,21,Chocolate Block 180g,Snacks,2024-12-15,2024-12-22,8,50.0,Clearance
3955,7,Brisbane CBD,Queensland,21,Chocolate Block 180g,Snacks,2024-11-06,2024-11-19,14,20.0,Catalogue
3956,7,Brisbane CBD,Queensland,21,Chocolate Block 180g,Snacks,2024-09-21,2024-10-02,12,25.0,Catalogue
3957,7,Brisbane CBD,Queensland,21,Chocolate Block 180g,Snacks,2025-12-05,2025-12-14,10,10.0,In-Store Display
3958,7,Brisbane CBD,Queensland,21,Chocolate Block 180g,Snacks,2024-06-22,2024-07-01,10,25.0,Catalogue
3959,7,Brisbane CBD,Queensland,21,Chocolate Block 180g,Snacks,2025-08-31,2025-09-05,6,30.0,Catalogue
3960,7,Brisbane CBD,Queensland,21,Chocolate Block 180g,Snacks,2025-10-16,2025-10-29,14,10.0,In-Store Display
3961,7,Brisbane CBD,Queensland,21,Chocolate Block 180g,Snacks,2024-02-24,2024-03-03,9,30.0,Catalogue
3962,7,Brisbane CBD,Queensland,21,Chocolate Block 180g,Snacks,2023-03-28,2023-04-01,5,25.0,Catalogue
3963,7,Brisbane CBD,Queensland,21,Chocolate Block 180g,Snacks,2023-10-06,2023-10-12,7,15.0,In-Store Display
3964,7,Brisbane CBD,Queensland,21,Chocolate Block 180g,Snacks,2023-11-25,2023-11-29,5,10.0,In-Store Display
3965,7,Brisbane CBD,Queensland,21,Chocolate Block 180g,Snacks,2023-01-03,2023-01-15,13,20.0,Catalogue
3966,7,Brisbane CBD,Queensland,21,Chocolate Block 180g,Snacks,2024-08-27,2024-08-31,5,15.0,In-Store Display
3967,7,Brisbane CBD,Queensland,21,Chocolate Block 180g,Snacks,2025-03-14,2025-03-27,14,20.0,Catalogue
3968,7,Brisbane CBD,Queensland,21,Chocolate Block 180g,Snacks,2023-12-26,2024-01-05,11,15.0,In-Store Display
3969,7,Brisbane CBD,Queensland,21,Chocolate Block 180g,Snacks,2023-09-01,2023-09-08,8,10.0,In-Store Display
3970,7,Brisbane CBD,Queensland,21,Chocolate Block 180g,Snacks,2025-02-12,2025-02-22,11,15.0,In-Store Display
3971,7,Brisbane CBD,Queensland,21,Chocolate Block 180g,Snacks,2023-06-24,2023-07-03,10,20.0,Catalogue
3972,7,Brisbane CBD,Queensland,21,Chocolate Block 180g,Snacks,2023-06-01,2023-06-06,6,25.0,Catalogue
3973,7,Brisbane CBD,Queensland,21,Chocolate Block 180g,Snacks,2024-07-18,2024-07-23,6,15.0,In-Store Display
3974,7,Brisbane CBD,Queensland,21,Chocolate Block 180g,Snacks,2025-07-07,2025-07-16,10,10.0,In-Store Display
3975,7,Brisbane CBD,Queensland,21,Chocolate Block 180g,Snacks,2023-04-20,2023-04-26,7,10.0,In-Store Display
3976,7,Brisbane CBD,Queensland,21,Chocolate Block 180g,Snacks,2023-03-02,2023-03-12,11,50.0,Clearance
3977,7,Brisbane CBD,Queensland,21,Chocolate Block 180g,Snacks,2025-06-17,2025-06-22,6,50.0,Clearance
3978,7,Brisbane CBD,Queensland,21,Chocolate Block 180g,Snacks,2024-03-19,2024-03-31,13,15.0,In-Store Display
3979,7,Brisbane CBD,Queensland,21,Chocolate Block 180g,Snacks,2023-10-29,2023-11-07,10,25.0,Catalogue
3980,7,Brisbane CBD,Queensland,21,Chocolate Block 180g,Snacks,2025-08-01,2025-08-05,5,10.0,In-Store Display
3981,7,Brisbane CBD,Queensland,22,Mixed Nuts 400g,Snacks,2023-09-25,2023-10-05,11,10.0,In-Store Display
3982,7,Brisbane CBD,Queensland,22,Mixed Nuts 400g,Snacks,2025-12-11,2025-12-24,14,15.0,In-Store Display
3983,7,Brisbane CBD,Queensland,22,Mixed Nuts 400g,Snacks,2025-03-22,2025-04-04,14,30.0,Catalogue
3984,7,Brisbane CBD,Queensland,22,Mixed Nuts 400g,Snacks,2023-02-14,2023-02-20,7,25.0,Catalogue
3985,7,Brisbane CBD,Queensland,22,Mixed Nuts 400g,Snacks,2023-04-23,2023-05-05,13,10.0,In-Store Display
3986,7,Brisbane CBD,Queensland,22,Mixed Nuts 400g,Snacks,2023-01-07,2023-01-15,9,20.0,Catalogue
3987,7,Brisbane CBD,Queensland,22,Mixed Nuts 400g,Snacks,2023-06-19,2023-06-25,7,30.0,Catalogue
3988,7,Brisbane CBD,Queensland,22,Mixed Nuts 400g,Snacks,2024-09-02,2024-09-10,9,15.0,In-Store Display
3989,7,Brisbane CBD,Queensland,22,Mixed Nuts 400g,Snacks,2024-12-05,2024-12-12,8,15.0,In-Store Display
3990,7,Brisbane CBD,Queensland,22,Mixed Nuts 400g,Snacks,2023-04-03,2023-04-08,6,25.0,Catalogue
3991,7,Brisbane CBD,Queensland,22,Mixed Nuts 400g,Snacks,2025-01-14,2025-01-25,12,10.0,In-Store Display
3992,7,Brisbane CBD,Queensland,22,Mixed Nuts 400g,Snacks,2023-12-11,2023-12-21,11,20.0,Catalogue
3993,7,Brisbane CBD,Queensland,22,Mixed Nuts 400g,Snacks,2024-04-19,2024-04-28,10,20.0,Catalogue
3994,7,Brisbane CBD,Queensland,22,Mixed Nuts 400g,Snacks,2025-06-07,2025-06-15,9,25.0,Catalogue
3995,7,Brisbane CBD,Queensland,22,Mixed Nuts 400g,Snacks,2023-10-22,2023-10-31,10,15.0,In-Store Display
3996,7,Brisbane CBD,Queensland,22,Mixed Nuts 400g,Snacks,2025-07-19,2025-07-24,6,10.0,In-Store Display
3997,7,Brisbane CBD,Queensland,22,Mixed Nuts 400g,Snacks,2024-10-29,2024-11-04,7,25.0,Catalogue
3998,7,Brisbane CBD,Queensland,22,Mixed Nuts 400g,Snacks,2023-05-28,2023-06-02,6,20.0,Catalogue
3999,7,Brisbane CBD,Queensland,22,Mixed Nuts 400g,Snacks,2024-01-31,2024-02-09,10,10.0,In-Store Display
4000,7,Brisbane CBD,Queensland,22,Mixed Nuts 400g,Snacks,2024-06-01,2024-06-05,5,10.0,In-Store Display
4001,7,Brisbane CBD,Queensland,22,Mixed Nuts 400g,Snacks,2024-03-24,2024-03-28,5,25.0,Catalogue
4002,7,Brisbane CBD,Queensland,22,Mixed Nuts 400g,Snacks,2025-10-24,2025-11-03,11,25.0,Catalogue
4003,7,Brisbane CBD,Queensland,22,Mixed Nuts 400g,Snacks,2025-08-13,2025-08-24,12,10.0,In-Store Display
4004,7,Brisbane CBD,Queensland,22,Mixed Nuts 400g,Snacks,2024-07-08,2024-07-12,5,30.0,Catalogue
4005,7,Brisbane CBD,Queensland,22,Mixed Nuts 400g,Snacks,2024-07-28,2024-08-07,11,20.0,Catalogue
4006,7,Brisbane CBD,Queensland,23,Muesli Bars 6pk,Snacks,2025-04-06,2025-04-12,7,20.0,Catalogue
4007,7,Brisbane CBD,Queensland,23,Muesli Bars 6pk,Snacks,2024-06-06,2024-06-12,7,10.0,In-Store Display
4008,7,Brisbane CBD,Queensland,23,Muesli Bars 6pk,Snacks,2024-05-06,2024-05-15,10,15.0,In-Store Display
4009,7,Brisbane CBD,Queensland,23,Muesli Bars 6pk,Snacks,2025-12-02,2025-12-13,12,10.0,In-Store Display
4010,7,Brisbane CBD,Queensland,23,Muesli Bars 6pk,Snacks,2023-01-22,2023-02-04,14,10.0,In-Store Display
4011,7,Brisbane CBD,Queensland,23,Muesli Bars 6pk,Snacks,2024-11-22,2024-12-04,13,25.0,Catalogue
4012,7,Brisbane CBD,Queensland,23,Muesli Bars 6pk,Snacks,2025-01-29,2025-02-02,5,20.0,Catalogue
4013,7,Brisbane CBD,Queensland,23,Muesli Bars 6pk,Snacks,2025-11-01,2025-11-06,6,10.0,In-Store Display
4014,7,Brisbane CBD,Queensland,23,Muesli Bars 6pk,Snacks,2023-05-30,2023-06-09,11,50.0,Clearance
4015,7,Brisbane CBD,Queensland,23,Muesli Bars 6pk,Snacks,2024-08-31,2024-09-09,10,20.0,Catalogue
4016,7,Brisbane CBD,Queensland,23,Muesli Bars 6pk,Snacks,2023-04-25,2023-05-02,8,30.0,Catalogue
4017,7,Brisbane CBD,Queensland,23,Muesli Bars 6pk,Snacks,2024-03-07,2024-03-13,7,15.0,In-Store Display
4018,7,Brisbane CBD,Queensland,23,Muesli Bars 6pk,Snacks,2024-10-03,2024-10-15,13,15.0,In-Store Display
4019,7,Brisbane CBD,Queensland,23,Muesli Bars 6pk,Snacks,2023-08-08,2023-08-12,5,15.0,In-Store Display
4020,7,Brisbane CBD,Queensland,23,Muesli Bars 6pk,Snacks,2025-07-06,2025-07-19,14,15.0,In-Store Display
4021,7,Brisbane CBD,Queensland,23,Muesli Bars 6pk,Snacks,2024-02-06,2024-02-13,8,20.0,Catalogue
4022,7,Brisbane CBD,Queensland,23,Muesli Bars 6pk,Snacks,2025-09-30,2025-10-11,12,30.0,Catalogue
4023,7,Brisbane CBD,Queensland,23,Muesli Bars 6pk,Snacks,2024-07-10,2024-07-16,7,15.0,In-Store Display
4024,7,Brisbane CBD,Queensland,23,Muesli Bars 6pk,Snacks,2023-09-20,2023-09-26,7,20.0,Catalogue
4025,7,Brisbane CBD,Queensland,23,Muesli Bars 6pk,Snacks,2023-10-30,2023-11-07,9,20.0,Catalogue
4026,7,Brisbane CBD,Queensland,23,Muesli Bars 6pk,Snacks,2023-07-06,2023-07-15,10,20.0,Catalogue
4027,7,Brisbane CBD,Queensland,23,Muesli Bars 6pk,Snacks,2023-02-25,2023-03-03,7,30.0,Catalogue
4028,7,Brisbane CBD,Queensland,23,Muesli Bars 6pk,Snacks,2024-12-29,2025-01-05,8,20.0,Catalogue
4029,7,Brisbane CBD,Queensland,23,Muesli Bars 6pk,Snacks,2024-01-12,2024-01-20,9,25.0,Catalogue
4030,7,Brisbane CBD,Queensland,24,Toilet Paper 12pk,Household,2023-02-10,2023-02-15,6,10.0,In-Store Display
4031,7,Brisbane CBD,Queensland,24,Toilet Paper 12pk,Household,2023-08-09,2023-08-15,7,10.0,In-Store Display
4032,7,Brisbane CBD,Queensland,24,Toilet Paper 12pk,Household,2023-10-20,2023-10-24,5,30.0,Catalogue
4033,7,Brisbane CBD,Queensland,24,Toilet Paper 12pk,Household,2025-10-01,2025-10-05,5,20.0,Catalogue
4034,7,Brisbane CBD,Queensland,24,Toilet Paper 12pk,Household,2023-01-13,2023-01-21,9,15.0,In-Store Display
4035,7,Brisbane CBD,Queensland,24,Toilet Paper 12pk,Household,2024-11-24,2024-11-28,5,10.0,In-Store Display
4036,7,Brisbane CBD,Queensland,24,Toilet Paper 12pk,Household,2025-10-24,2025-10-30,7,15.0,In-Store Display
4037,7,Brisbane CBD,Queensland,24,Toilet Paper 12pk,Household,2024-01-02,2024-01-07,6,15.0,In-Store Display
4038,7,Brisbane CBD,Queensland,24,Toilet Paper 12pk,Household,2023-04-09,2023-04-17,9,10.0,In-Store Display
4039,7,Brisbane CBD,Queensland,24,Toilet Paper 12pk,Household,2024-01-26,2024-02-01,7,20.0,Catalogue
4040,7,Brisbane CBD,Queensland,24,Toilet Paper 12pk,Household,2023-11-22,2023-12-02,11,10.0,In-Store Display
4041,7,Brisbane CBD,Queensland,24,Toilet Paper 12pk,Household,2025-03-26,2025-04-07,13,20.0,Catalogue
4042,7,Brisbane CBD,Queensland,24,Toilet Paper 12pk,Household,2024-08-02,2024-08-11,10,15.0,In-Store Display
4043,7,Brisbane CBD,Queensland,24,Toilet Paper 12pk,Household,2023-09-19,2023-09-23,5,50.0,Clearance
4044,7,Brisbane CBD,Queensland,24,Toilet Paper 12pk,Household,2023-05-31,2023-06-05,6,20.0,Catalogue
4045,7,Brisbane CBD,Queensland,24,Toilet Paper 12pk,Household,2025-02-03,2025-02-16,14,30.0,Catalogue
4046,7,Brisbane CBD,Queensland,24,Toilet Paper 12pk,Household,2025-12-22,2025-12-30,9,25.0,Catalogue
4047,7,Brisbane CBD,Queensland,24,Toilet Paper 12pk,Household,2025-09-02,2025-09-06,5,15.0,In-Store Display
4048,7,Brisbane CBD,Queensland,24,Toilet Paper 12pk,Household,2025-05-18,2025-05-25,8,15.0,In-Store Display
4049,7,Brisbane CBD,Queensland,24,Toilet Paper 12pk,Household,2024-09-15,2024-09-28,14,20.0,Catalogue
4050,7,Brisbane CBD,Queensland,24,Toilet Paper 12pk,Household,2024-06-02,2024-06-14,13,15.0,In-Store Display
4051,7,Brisbane CBD,Queensland,24,Toilet Paper 12pk,Household,2023-07-09,2023-07-21,13,25.0,Catalogue
4052,7,Brisbane CBD,Queensland,24,Toilet Paper 12pk,Household,2025-11-23,2025-12-03,11,15.0,In-Store Display
4053,7,Brisbane CBD,Queensland,25,Laundry Liquid 2L,Household,2025-04-14,2025-04-24,11,20.0,Catalogue
4054,7,Brisbane CBD,Queensland,25,Laundry Liquid 2L,Household,2025-10-06,2025-10-13,8,15.0,In-Store Display
4055,7,Brisbane CBD,Queensland,25,Laundry Liquid 2L,Household,2024-11-02,2024-11-07,6,30.0,Catalogue
4056,7,Brisbane CBD,Queensland,25,Laundry Liquid 2L,Household,2025-02-15,2025-02-27,13,15.0,In-Store Display
4057,7,Brisbane CBD,Queensland,25,Laundry Liquid 2L,Household,2024-03-28,2024-04-05,9,15.0,In-Store Display
4058,7,Brisbane CBD,Queensland,25,Laundry Liquid 2L,Household,2023-04-01,2023-04-05,5,15.0,In-Store Display
4059,7,Brisbane CBD,Queensland,25,Laundry Liquid 2L,Household,2025-11-18,2025-11-26,9,25.0,Catalogue
4060,7,Brisbane CBD,Queensland,25,Laundry Liquid 2L,Household,2024-06-27,2024-07-09,13,10.0,In-Store Display
4061,7,Brisbane CBD,Queensland,25,Laundry Liquid 2L,Household,2025-01-10,2025-01-15,6,15.0,In-Store Display
4062,7,Brisbane CBD,Queensland,25,Laundry Liquid 2L,Household,2023-06-02,2023-06-13,12,15.0,In-Store Display
4063,7,Brisbane CBD,Queensland,25,Laundry Liquid 2L,Household,2025-08-19,2025-08-24,6,15.0,In-Store Display
4064,7,Brisbane CBD,Queensland,25,Laundry Liquid 2L,Household,2023-04-29,2023-05-10,12,10.0,In-Store Display
4065,7,Brisbane CBD,Queensland,25,Laundry Liquid 2L,Household,2024-05-30,2024-06-12,14,20.0,Catalogue
4066,7,Brisbane CBD,Queensland,25,Laundry Liquid 2L,Household,2023-09-22,2023-09-29,8,25.0,Catalogue
4067,7,Brisbane CBD,Queensland,25,Laundry Liquid 2L,Household,2025-06-22,2025-06-28,7,25.0,Catalogue
4068,7,Brisbane CBD,Queensland,25,Laundry Liquid 2L,Household,2024-02-03,2024-02-07,5,10.0,In-Store Display
4069,7,Brisbane CBD,Queensland,25,Laundry Liquid 2L,Household,2023-11-14,2023-11-25,12,25.0,Catalogue
4070,7,Brisbane CBD,Queensland,25,Laundry Liquid 2L,Household,2023-08-20,2023-09-02,14,20.0,Catalogue
4071,7,Brisbane CBD,Queensland,25,Laundry Liquid 2L,Household,2023-12-15,2023-12-21,7,20.0,Catalogue
4072,7,Brisbane CBD,Queensland,25,Laundry Liquid 2L,Household,2025-12-20,2025-12-29,10,25.0,Catalogue
4073,7,Brisbane CBD,Queensland,25,Laundry Liquid 2L,Household,2023-01-15,2023-01-25,11,10.0,In-Store Display
4074,7,Brisbane CBD,Queensland,25,Laundry Liquid 2L,Household,2025-05-13,2025-05-24,12,25.0,Catalogue
4075,7,Brisbane CBD,Queensland,25,Laundry Liquid 2L,Household,2024-10-07,2024-10-17,11,30.0,Catalogue
4076,7,Brisbane CBD,Queensland,25,Laundry Liquid 2L,Household,2024-08-23,2024-08-28,6,10.0,In-Store Display
4077,7,Brisbane CBD,Queensland,25,Laundry Liquid 2L,Household,2023-02-21,2023-02-28,8,10.0,In-Store Display
4078,7,Brisbane CBD,Queensland,25,Laundry Liquid 2L,Household,2024-11-28,2024-12-02,5,30.0,Catalogue
4079,7,Brisbane CBD,Queensland,25,Laundry Liquid 2L,Household,2023-07-06,2023-07-12,7,15.0,In-Store Display
4080,7,Brisbane CBD,Queensland,26,Dishwashing Liquid 500ml,Household,2023-06-16,2023-06-21,6,15.0,In-Store Display
4081,7,Brisbane CBD,Queensland,26,Dishwashing Liquid 500ml,Household,2024-01-20,2024-02-01,13,25.0,Catalogue
4082,7,Brisbane CBD,Queensland,26,Dishwashing Liquid 500ml,Household,2025-05-13,2025-05-20,8,30.0,Catalogue
4083,7,Brisbane CBD,Queensland,26,Dishwashing Liquid 500ml,Household,2024-08-14,2024-08-24,11,10.0,In-Store Display
4084,7,Brisbane CBD,Queensland,26,Dishwashing Liquid 500ml,Household,2025-06-28,2025-07-04,7,15.0,In-Store Display
4085,7,Brisbane CBD,Queensland,26,Dishwashing Liquid 500ml,Household,2024-03-18,2024-03-27,10,10.0,In-Store Display
4086,7,Brisbane CBD,Queensland,26,Dishwashing Liquid 500ml,Household,2025-01-21,2025-02-03,14,15.0,In-Store Display
4087,7,Brisbane CBD,Queensland,26,Dishwashing Liquid 500ml,Household,2024-02-16,2024-02-23,8,10.0,In-Store Display
4088,7,Brisbane CBD,Queensland,26,Dishwashing Liquid 500ml,Household,2025-09-19,2025-09-30,12,20.0,Catalogue
4089,7,Brisbane CBD,Queensland,26,Dishwashing Liquid 500ml,Household,2023-10-28,2023-11-03,7,25.0,Catalogue
4090,7,Brisbane CBD,Queensland,26,Dishwashing Liquid 500ml,Household,2023-09-20,2023-09-24,5,10.0,In-Store Display
4091,7,Brisbane CBD,Queensland,26,Dishwashing Liquid 500ml,Household,2024-04-15,2024-04-24,10,25.0,Catalogue
4092,7,Brisbane CBD,Queensland,26,Dishwashing Liquid 500ml,Household,2023-04-22,2023-04-27,6,10.0,In-Store Display
4093,7,Brisbane CBD,Queensland,26,Dishwashing Liquid 500ml,Household,2023-07-07,2023-07-20,14,10.0,In-Store Display
4094,7,Brisbane CBD,Queensland,26,Dishwashing Liquid 500ml,Household,2025-02-23,2025-03-01,7,10.0,In-Store Display
4095,7,Brisbane CBD,Queensland,26,Dishwashing Liquid 500ml,Household,2024-07-18,2024-07-24,7,25.0,Catalogue
4096,7,Brisbane CBD,Queensland,26,Dishwashing Liquid 500ml,Household,2024-09-26,2024-09-30,5,15.0,In-Store Display
4097,7,Brisbane CBD,Queensland,26,Dishwashing Liquid 500ml,Household,2023-03-27,2023-04-03,8,20.0,Catalogue
4098,7,Brisbane CBD,Queensland,27,Paper Towel 4pk,Household,2023-06-04,2023-06-13,10,30.0,Catalogue
4099,7,Brisbane CBD,Queensland,27,Paper Towel 4pk,Household,2025-12-04,2025-12-12,9,15.0,In-Store Display
4100,7,Brisbane CBD,Queensland,27,Paper Towel 4pk,Household,2025-10-17,2025-10-22,6,15.0,In-Store Display
4101,7,Brisbane CBD,Queensland,27,Paper Towel 4pk,Household,2023-07-08,2023-07-12,5,10.0,In-Store Display
4102,7,Brisbane CBD,Queensland,27,Paper Towel 4pk,Household,2023-09-11,2023-09-18,8,15.0,In-Store Display
4103,7,Brisbane CBD,Queensland,27,Paper Towel 4pk,Household,2025-07-02,2025-07-14,13,15.0,In-Store Display
4104,7,Brisbane CBD,Queensland,27,Paper Towel 4pk,Household,2023-05-09,2023-05-18,10,50.0,Clearance
4105,7,Brisbane CBD,Queensland,27,Paper Towel 4pk,Household,2025-04-16,2025-04-26,11,30.0,Catalogue
4106,7,Brisbane CBD,Queensland,27,Paper Towel 4pk,Household,2023-10-07,2023-10-18,12,20.0,Catalogue
4107,7,Brisbane CBD,Queensland,27,Paper Towel 4pk,Household,2024-06-29,2024-07-08,10,15.0,In-Store Display
4108,7,Brisbane CBD,Queensland,27,Paper Towel 4pk,Household,2024-03-18,2024-03-27,10,20.0,Catalogue
4109,7,Brisbane CBD,Queensland,27,Paper Towel 4pk,Household,2024-05-04,2024-05-13,10,15.0,In-Store Display
4110,7,Brisbane CBD,Queensland,27,Paper Towel 4pk,Household,2024-09-02,2024-09-09,8,20.0,Catalogue
4111,7,Brisbane CBD,Queensland,27,Paper Towel 4pk,Household,2023-02-11,2023-02-24,14,10.0,In-Store Display
4112,7,Brisbane CBD,Queensland,27,Paper Towel 4pk,Household,2024-07-29,2024-08-03,6,30.0,Catalogue
4113,7,Brisbane CBD,Queensland,27,Paper Towel 4pk,Household,2025-05-31,2025-06-08,9,25.0,Catalogue
4114,7,Brisbane CBD,Queensland,27,Paper Towel 4pk,Household,2025-01-12,2025-01-17,6,15.0,In-Store Display
4115,7,Brisbane CBD,Queensland,27,Paper Towel 4pk,Household,2024-11-02,2024-11-12,11,10.0,In-Store Display
4116,7,Brisbane CBD,Queensland,27,Paper Towel 4pk,Household,2023-03-14,2023-03-21,8,25.0,Catalogue
4117,7,Brisbane CBD,Queensland,28,Sunscreen SPF50+ 200ml,Household,2023-03-28,2023-04-05,9,20.0,Catalogue
4118,7,Brisbane CBD,Queensland,28,Sunscreen SPF50+ 200ml,Household,2024-04-07,2024-04-16,10,20.0,Catalogue
4119,7,Brisbane CBD,Queensland,28,Sunscreen SPF50+ 200ml,Household,2023-06-17,2023-06-24,8,30.0,Catalogue
4120,7,Brisbane CBD,Queensland,28,Sunscreen SPF50+ 200ml,Household,2025-05-26,2025-06-05,11,30.0,Catalogue
4121,7,Brisbane CBD,Queensland,28,Sunscreen SPF50+ 200ml,Household,2024-10-12,2024-10-18,7,15.0,In-Store Display
4122,7,Brisbane CBD,Queensland,28,Sunscreen SPF50+ 200ml,Household,2024-01-08,2024-01-20,13,30.0,Catalogue
4123,7,Brisbane CBD,Queensland,28,Sunscreen SPF50+ 200ml,Household,2025-08-19,2025-08-31,13,25.0,Catalogue
4124,7,Brisbane CBD,Queensland,28,Sunscreen SPF50+ 200ml,Household,2023-01-08,2023-01-15,8,15.0,In-Store Display
4125,7,Brisbane CBD,Queensland,28,Sunscreen SPF50+ 200ml,Household,2024-02-25,2024-03-05,10,30.0,Catalogue
4126,7,Brisbane CBD,Queensland,28,Sunscreen SPF50+ 200ml,Household,2024-11-13,2024-11-23,11,20.0,Catalogue
4127,7,Brisbane CBD,Queensland,28,Sunscreen SPF50+ 200ml,Household,2023-05-07,2023-05-19,13,30.0,Catalogue
4128,7,Brisbane CBD,Queensland,28,Sunscreen SPF50+ 200ml,Household,2025-09-22,2025-10-04,13,15.0,In-Store Display
4129,7,Brisbane CBD,Queensland,28,Sunscreen SPF50+ 200ml,Household,2025-06-24,2025-07-02,9,20.0,Catalogue
4130,7,Brisbane CBD,Queensland,28,Sunscreen SPF50+ 200ml,Household,2025-04-27,2025-05-07,11,25.0,Catalogue
4131,7,Brisbane CBD,Queensland,28,Sunscreen SPF50+ 200ml,Household,2025-07-20,2025-07-25,6,10.0,In-Store Display
4132,7,Brisbane CBD,Queensland,28,Sunscreen SPF50+ 200ml,Household,2025-02-16,2025-02-20,5,15.0,In-Store Display
4133,7,Brisbane CBD,Queensland,28,Sunscreen SPF50+ 200ml,Household,2024-07-05,2024-07-13,9,15.0,In-Store Display
4134,7,Brisbane CBD,Queensland,28,Sunscreen SPF50+ 200ml,Household,2023-12-15,2023-12-20,6,15.0,In-Store Display
4135,7,Brisbane CBD,Queensland,28,Sunscreen SPF50+ 200ml,Household,2025-10-29,2025-11-04,7,30.0,Catalogue
4136,7,Brisbane CBD,Queensland,28,Sunscreen SPF50+ 200ml,Household,2025-01-02,2025-01-10,9,10.0,In-Store Display
4137,7,Brisbane CBD,Queensland,28,Sunscreen SPF50+ 200ml,Household,2023-08-29,2023-09-02,5,25.0,Catalogue
4138,7,Brisbane CBD,Queensland,28,Sunscreen SPF50+ 200ml,Household,2023-10-23,2023-11-04,13,10.0,In-Store Display
4139,7,Brisbane CBD,Queensland,29,Insect Repellent 150ml,Household,2025-12-07,2025-12-20,14,25.0,Catalogue
4140,7,Brisbane CBD,Queensland,29,Insect Repellent 150ml,Household,2024-09-24,2024-10-06,13,20.0,Catalogue
4141,7,Brisbane CBD,Queensland,29,Insect Repellent 150ml,Household,2024-06-05,2024-06-12,8,15.0,In-Store Display
4142,7,Brisbane CBD,Queensland,29,Insect Repellent 150ml,Household,2025-07-17,2025-07-27,11,25.0,Catalogue
4143,7,Brisbane CBD,Queensland,29,Insect Repellent 150ml,Household,2025-10-15,2025-10-28,14,20.0,Catalogue
4144,7,Brisbane CBD,Queensland,29,Insect Repellent 150ml,Household,2024-07-15,2024-07-25,11,20.0,Catalogue
4145,7,Brisbane CBD,Queensland,29,Insect Repellent 150ml,Household,2024-02-22,2024-03-02,10,15.0,In-Store Display
4146,7,Brisbane CBD,Queensland,29,Insect Repellent 150ml,Household,2024-12-03,2024-12-13,11,10.0,In-Store Display
4147,7,Brisbane CBD,Queensland,29,Insect Repellent 150ml,Household,2023-02-14,2023-02-27,14,15.0,In-Store Display
4148,7,Brisbane CBD,Queensland,29,Insect Repellent 150ml,Household,2025-02-21,2025-03-02,10,30.0,Catalogue
4149,7,Brisbane CBD,Queensland,29,Insect Repellent 150ml,Household,2023-12-11,2023-12-19,9,15.0,In-Store Display
4150,7,Brisbane CBD,Queensland,29,Insect Repellent 150ml,Household,2023-04-27,2023-05-06,10,20.0,Catalogue
4151,7,Brisbane CBD,Queensland,29,Insect Repellent 150ml,Household,2024-04-16,2024-04-20,5,10.0,In-Store Display
4152,7,Brisbane CBD,Queensland,29,Insect Repellent 150ml,Household,2025-09-03,2025-09-09,7,25.0,Catalogue
4153,7,Brisbane CBD,Queensland,29,Insect Repellent 150ml,Household,2023-07-04,2023-07-16,13,10.0,In-Store Display
4154,7,Brisbane CBD,Queensland,30,Firelighters 24pk,Household,2025-01-30,2025-02-10,12,10.0,In-Store Display
4155,7,Brisbane CBD,Queensland,30,Firelighters 24pk,Household,2023-08-05,2023-08-13,9,30.0,Catalogue
4156,7,Brisbane CBD,Queensland,30,Firelighters 24pk,Household,2025-05-21,2025-05-25,5,10.0,In-Store Display
4157,7,Brisbane CBD,Queensland,30,Firelighters 24pk,Household,2024-09-15,2024-09-19,5,20.0,Catalogue
4158,7,Brisbane CBD,Queensland,30,Firelighters 24pk,Household,2025-11-12,2025-11-18,7,15.0,In-Store Display
4159,7,Brisbane CBD,Queensland,30,Firelighters 24pk,Household,2025-06-30,2025-07-11,12,20.0,Catalogue
4160,7,Brisbane CBD,Queensland,30,Firelighters 24pk,Household,2025-03-04,2025-03-17,14,15.0,In-Store Display
4161,7,Brisbane CBD,Queensland,30,Firelighters 24pk,Household,2023-11-11,2023-11-18,8,30.0,Catalogue
4162,7,Brisbane CBD,Queensland,30,Firelighters 24pk,Household,2023-07-14,2023-07-20,7,30.0,Catalogue
4163,7,Brisbane CBD,Queensland,30,Firelighters 24pk,Household,2023-01-11,2023-01-21,11,10.0,In-Store Display
4164,7,Brisbane CBD,Queensland,30,Firelighters 24pk,Household,2024-03-29,2024-04-11,14,20.0,Catalogue
4165,7,Brisbane CBD,Queensland,30,Firelighters 24pk,Household,2024-12-21,2024-12-26,6,20.0,Catalogue
4166,8,Chermside,Queensland,1,Long Grain Rice 2kg,Staples,2025-08-26,2025-09-07,13,30.0,Catalogue
4167,8,Chermside,Queensland,1,Long Grain Rice 2kg,Staples,2025-06-09,2025-06-20,12,30.0,Catalogue
4168,8,Chermside,Queensland,1,Long Grain Rice 2kg,Staples,2024-05-07,2024-05-16,10,15.0,In-Store Display
4169,8,Chermside,Queensland,1,Long Grain Rice 2kg,Staples,2024-01-17,2024-01-24,8,25.0,Catalogue
4170,8,Chermside,Queensland,1,Long Grain Rice 2kg,Staples,2024-12-26,2024-12-31,6,30.0,Catalogue
4171,8,Chermside,Queensland,1,Long Grain Rice 2kg,Staples,2023-02-27,2023-03-06,8,15.0,In-Store Display
4172,8,Chermside,Queensland,1,Long Grain Rice 2kg,Staples,2025-03-29,2025-04-11,14,25.0,Catalogue
4173,8,Chermside,Queensland,1,Long Grain Rice 2kg,Staples,2025-02-22,2025-02-27,6,15.0,In-Store Display
4174,8,Chermside,Queensland,1,Long Grain Rice 2kg,Staples,2023-04-03,2023-04-07,5,30.0,Catalogue
4175,8,Chermside,Queensland,1,Long Grain Rice 2kg,Staples,2025-12-18,2025-12-23,6,10.0,In-Store Display
4176,8,Chermside,Queensland,1,Long Grain Rice 2kg,Staples,2024-06-09,2024-06-18,10,20.0,Catalogue
4177,8,Chermside,Queensland,1,Long Grain Rice 2kg,Staples,2025-09-24,2025-10-06,13,20.0,Catalogue
4178,8,Chermside,Queensland,2,Dried Pasta 500g,Staples,2024-01-09,2024-01-22,14,15.0,In-Store Display
4179,8,Chermside,Queensland,2,Dried Pasta 500g,Staples,2025-10-14,2025-10-19,6,25.0,Catalogue
4180,8,Chermside,Queensland,2,Dried Pasta 500g,Staples,2024-04-12,2024-04-25,14,10.0,In-Store Display
4181,8,Chermside,Queensland,2,Dried Pasta 500g,Staples,2025-07-02,2025-07-14,13,15.0,In-Store Display
4182,8,Chermside,Queensland,2,Dried Pasta 500g,Staples,2023-08-02,2023-08-14,13,20.0,Catalogue
4183,8,Chermside,Queensland,2,Dried Pasta 500g,Staples,2025-04-20,2025-04-24,5,30.0,Catalogue
4184,8,Chermside,Queensland,2,Dried Pasta 500g,Staples,2024-06-01,2024-06-06,6,30.0,Catalogue
4185,8,Chermside,Queensland,2,Dried Pasta 500g,Staples,2023-07-04,2023-07-10,7,20.0,Catalogue
4186,8,Chermside,Queensland,2,Dried Pasta 500g,Staples,2023-11-19,2023-11-28,10,10.0,In-Store Display
4187,8,Chermside,Queensland,2,Dried Pasta 500g,Staples,2025-09-19,2025-09-29,11,20.0,Catalogue
4188,8,Chermside,Queensland,2,Dried Pasta 500g,Staples,2025-05-14,2025-05-25,12,10.0,In-Store Display
4189,8,Chermside,Queensland,2,Dried Pasta 500g,Staples,2023-08-29,2023-09-05,8,10.0,In-Store Display
4190,8,Chermside,Queensland,2,Dried Pasta 500g,Staples,2025-12-05,2025-12-09,5,20.0,Catalogue
4191,8,Chermside,Queensland,2,Dried Pasta 500g,Staples,2024-03-04,2024-03-12,9,10.0,In-Store Display
4192,8,Chermside,Queensland,2,Dried Pasta 500g,Staples,2024-07-06,2024-07-18,13,10.0,In-Store Display
4193,8,Chermside,Queensland,2,Dried Pasta 500g,Staples,2024-09-13,2024-09-19,7,10.0,In-Store Display
4194,8,Chermside,Queensland,3,White Bread Loaf,Staples,2025-02-24,2025-03-06,11,25.0,Catalogue
4195,8,Chermside,Queensland,3,White Bread Loaf,Staples,2025-08-15,2025-08-28,14,30.0,Catalogue
4196,8,Chermside,Queensland,3,White Bread Loaf,Staples,2024-08-10,2024-08-21,12,10.0,In-Store Display
4197,8,Chermside,Queensland,3,White Bread Loaf,Staples,2023-06-25,2023-06-29,5,20.0,Catalogue
4198,8,Chermside,Queensland,3,White Bread Loaf,Staples,2024-06-02,2024-06-07,6,10.0,In-Store Display
4199,8,Chermside,Queensland,3,White Bread Loaf,Staples,2025-03-29,2025-04-09,12,20.0,Catalogue
4200,8,Chermside,Queensland,3,White Bread Loaf,Staples,2025-05-04,2025-05-09,6,10.0,In-Store Display
4201,8,Chermside,Queensland,3,White Bread Loaf,Staples,2023-12-17,2023-12-29,13,20.0,Catalogue
4202,8,Chermside,Queensland,3,White Bread Loaf,Staples,2023-09-19,2023-09-30,12,25.0,Catalogue
4203,8,Chermside,Queensland,4,Plain Flour 1kg,Staples,2023-04-01,2023-04-07,7,15.0,In-Store Display
4204,8,Chermside,Queensland,4,Plain Flour 1kg,Staples,2024-08-21,2024-08-27,7,15.0,In-Store Display
4205,8,Chermside,Queensland,4,Plain Flour 1kg,Staples,2025-07-10,2025-07-17,8,10.0,In-Store Display
4206,8,Chermside,Queensland,4,Plain Flour 1kg,Staples,2023-07-21,2023-07-27,7,20.0,Catalogue
4207,8,Chermside,Queensland,4,Plain Flour 1kg,Staples,2024-01-09,2024-01-21,13,10.0,In-Store Display
4208,8,Chermside,Queensland,4,Plain Flour 1kg,Staples,2023-06-09,2023-06-20,12,25.0,Catalogue
4209,8,Chermside,Queensland,4,Plain Flour 1kg,Staples,2025-02-16,2025-02-25,10,30.0,Catalogue
4210,8,Chermside,Queensland,4,Plain Flour 1kg,Staples,2023-04-26,2023-05-05,10,10.0,In-Store Display
4211,8,Chermside,Queensland,4,Plain Flour 1kg,Staples,2025-04-30,2025-05-12,13,10.0,In-Store Display
4212,8,Chermside,Queensland,4,Plain Flour 1kg,Staples,2023-09-01,2023-09-11,11,15.0,In-Store Display
4213,8,Chermside,Queensland,4,Plain Flour 1kg,Staples,2023-11-21,2023-11-30,10,10.0,In-Store Display
4214,8,Chermside,Queensland,4,Plain Flour 1kg,Staples,2023-10-23,2023-10-29,7,50.0,Clearance
4215,8,Chermside,Queensland,5,Breakfast Cereal 1kg,Staples,2025-10-03,2025-10-12,10,15.0,In-Store Display
4216,8,Chermside,Queensland,5,Breakfast Cereal 1kg,Staples,2023-07-30,2023-08-08,10,15.0,In-Store Display
4217,8,Chermside,Queensland,5,Breakfast Cereal 1kg,Staples,2023-06-12,2023-06-22,11,10.0,In-Store Display
4218,8,Chermside,Queensland,5,Breakfast Cereal 1kg,Staples,2023-03-24,2023-03-29,6,10.0,In-Store Display
4219,8,Chermside,Queensland,5,Breakfast Cereal 1kg,Staples,2024-12-31,2025-01-04,5,15.0,In-Store Display
4220,8,Chermside,Queensland,5,Breakfast Cereal 1kg,Staples,2023-05-16,2023-05-22,7,15.0,In-Store Display
4221,8,Chermside,Queensland,5,Breakfast Cereal 1kg,Staples,2025-05-08,2025-05-21,14,10.0,In-Store Display
4222,8,Chermside,Queensland,5,Breakfast Cereal 1kg,Staples,2024-09-17,2024-09-22,6,20.0,Catalogue
4223,8,Chermside,Queensland,5,Breakfast Cereal 1kg,Staples,2024-03-29,2024-04-07,10,10.0,In-Store Display
4224,8,Chermside,Queensland,5,Breakfast Cereal 1kg,Staples,2023-10-17,2023-10-24,8,10.0,In-Store Display
4225,8,Chermside,Queensland,5,Breakfast Cereal 1kg,Staples,2025-02-27,2025-03-11,13,50.0,Clearance
4226,8,Chermside,Queensland,5,Breakfast Cereal 1kg,Staples,2023-11-24,2023-12-06,13,20.0,Catalogue
4227,8,Chermside,Queensland,5,Breakfast Cereal 1kg,Staples,2024-11-08,2024-11-18,11,10.0,In-Store Display
4228,8,Chermside,Queensland,5,Breakfast Cereal 1kg,Staples,2025-06-05,2025-06-15,11,25.0,Catalogue
4229,8,Chermside,Queensland,5,Breakfast Cereal 1kg,Staples,2024-08-16,2024-08-24,9,15.0,In-Store Display
4230,8,Chermside,Queensland,5,Breakfast Cereal 1kg,Staples,2024-03-03,2024-03-08,6,15.0,In-Store Display
4231,8,Chermside,Queensland,5,Breakfast Cereal 1kg,Staples,2025-09-08,2025-09-17,10,30.0,Catalogue
4232,8,Chermside,Queensland,6,White Sugar 1kg,Staples,2025-04-14,2025-04-26,13,10.0,In-Store Display
4233,8,Chermside,Queensland,6,White Sugar 1kg,Staples,2025-07-15,2025-07-26,12,10.0,In-Store Display
4234,8,Chermside,Queensland,6,White Sugar 1kg,Staples,2025-03-04,2025-03-13,10,15.0,In-Store Display
4235,8,Chermside,Queensland,6,White Sugar 1kg,Staples,2023-09-11,2023-09-19,9,10.0,In-Store Display
4236,8,Chermside,Queensland,6,White Sugar 1kg,Staples,2025-05-31,2025-06-05,6,15.0,In-Store Display
4237,8,Chermside,Queensland,6,White Sugar 1kg,Staples,2023-04-07,2023-04-18,12,10.0,In-Store Display
4238,8,Chermside,Queensland,6,White Sugar 1kg,Staples,2023-06-25,2023-07-08,14,15.0,In-Store Display
4239,8,Chermside,Queensland,6,White Sugar 1kg,Staples,2024-06-27,2024-07-06,10,20.0,Catalogue
4240,8,Chermside,Queensland,6,White Sugar 1kg,Staples,2023-02-15,2023-02-19,5,25.0,Catalogue
4241,8,Chermside,Queensland,7,Full Cream Milk 2L,Dairy & Frozen,2025-07-28,2025-08-01,5,50.0,Clearance
4242,8,Chermside,Queensland,7,Full Cream Milk 2L,Dairy & Frozen,2025-06-25,2025-07-07,13,30.0,Catalogue
4243,8,Chermside,Queensland,7,Full Cream Milk 2L,Dairy & Frozen,2024-11-18,2024-11-29,12,30.0,Catalogue
4244,8,Chermside,Queensland,7,Full Cream Milk 2L,Dairy & Frozen,2024-07-02,2024-07-10,9,10.0,In-Store Display
4245,8,Chermside,Queensland,7,Full Cream Milk 2L,Dairy & Frozen,2023-10-26,2023-11-02,8,50.0,Clearance
4246,8,Chermside,Queensland,7,Full Cream Milk 2L,Dairy & Frozen,2024-03-26,2024-04-07,13,10.0,In-Store Display
4247,8,Chermside,Queensland,7,Full Cream Milk 2L,Dairy & Frozen,2023-03-12,2023-03-17,6,15.0,In-Store Display
4248,8,Chermside,Queensland,8,Tasty Cheese Block 500g,Dairy & Frozen,2023-04-01,2023-04-07,7,15.0,In-Store Display
4249,8,Chermside,Queensland,8,Tasty Cheese Block 500g,Dairy & Frozen,2024-08-01,2024-08-10,10,10.0,In-Store Display
4250,8,Chermside,Queensland,8,Tasty Cheese Block 500g,Dairy & Frozen,2023-09-04,2023-09-08,5,20.0,Catalogue
4251,8,Chermside,Queensland,8,Tasty Cheese Block 500g,Dairy & Frozen,2025-10-29,2025-11-04,7,50.0,Clearance
4252,8,Chermside,Queensland,8,Tasty Cheese Block 500g,Dairy & Frozen,2025-09-21,2025-10-02,12,15.0,In-Store Display
4253,8,Chermside,Queensland,8,Tasty Cheese Block 500g,Dairy & Frozen,2025-08-24,2025-09-01,9,10.0,In-Store Display
4254,8,Chermside,Queensland,8,Tasty Cheese Block 500g,Dairy & Frozen,2025-04-24,2025-05-02,9,25.0,Catalogue
4255,8,Chermside,Queensland,8,Tasty Cheese Block 500g,Dairy & Frozen,2023-05-27,2023-06-02,7,25.0,Catalogue
4256,8,Chermside,Queensland,8,Tasty Cheese Block 500g,Dairy & Frozen,2024-06-30,2024-07-13,14,25.0,Catalogue
4257,8,Chermside,Queensland,8,Tasty Cheese Block 500g,Dairy & Frozen,2023-07-06,2023-07-18,13,30.0,Catalogue
4258,8,Chermside,Queensland,8,Tasty Cheese Block 500g,Dairy & Frozen,2023-11-24,2023-12-05,12,15.0,In-Store Display
4259,8,Chermside,Queensland,8,Tasty Cheese Block 500g,Dairy & Frozen,2023-04-22,2023-05-03,12,25.0,Catalogue
4260,8,Chermside,Queensland,8,Tasty Cheese Block 500g,Dairy & Frozen,2024-05-17,2024-05-24,8,10.0,In-Store Display
4261,8,Chermside,Queensland,8,Tasty Cheese Block 500g,Dairy & Frozen,2025-03-15,2025-03-23,9,25.0,Catalogue
4262,8,Chermside,Queensland,8,Tasty Cheese Block 500g,Dairy & Frozen,2024-11-05,2024-11-14,10,25.0,Catalogue
4263,8,Chermside,Queensland,8,Tasty Cheese Block 500g,Dairy & Frozen,2025-02-16,2025-02-21,6,25.0,Catalogue
4264,8,Chermside,Queensland,8,Tasty Cheese Block 500g,Dairy & Frozen,2025-07-13,2025-07-18,6,10.0,In-Store Display
4265,8,Chermside,Queensland,8,Tasty Cheese Block 500g,Dairy & Frozen,2024-02-05,2024-02-16,12,25.0,Catalogue
4266,8,Chermside,Queensland,8,Tasty Cheese Block 500g,Dairy & Frozen,2024-01-03,2024-01-12,10,10.0,In-Store Display
4267,8,Chermside,Queensland,8,Tasty Cheese Block 500g,Dairy & Frozen,2024-12-20,2024-12-24,5,10.0,In-Store Display
4268,8,Chermside,Queensland,8,Tasty Cheese Block 500g,Dairy & Frozen,2024-03-20,2024-03-30,11,30.0,Catalogue
4269,8,Chermside,Queensland,8,Tasty Cheese Block 500g,Dairy & Frozen,2025-01-24,2025-01-28,5,20.0,Catalogue
4270,8,Chermside,Queensland,9,Greek Yoghurt 1kg,Dairy & Frozen,2024-08-18,2024-08-30,13,25.0,Catalogue
4271,8,Chermside,Queensland,9,Greek Yoghurt 1kg,Dairy & Frozen,2025-08-09,2025-08-14,6,10.0,In-Store Display
4272,8,Chermside,Queensland,9,Greek Yoghurt 1kg,Dairy & Frozen,2023-07-01,2023-07-10,10,15.0,In-Store Display
4273,8,Chermside,Queensland,9,Greek Yoghurt 1kg,Dairy & Frozen,2025-04-24,2025-04-28,5,20.0,Catalogue
4274,8,Chermside,Queensland,9,Greek Yoghurt 1kg,Dairy & Frozen,2025-10-28,2025-11-02,6,30.0,Catalogue
4275,8,Chermside,Queensland,9,Greek Yoghurt 1kg,Dairy & Frozen,2024-02-19,2024-02-26,8,10.0,In-Store Display
4276,8,Chermside,Queensland,9,Greek Yoghurt 1kg,Dairy & Frozen,2023-12-27,2024-01-02,7,20.0,Catalogue
4277,8,Chermside,Queensland,9,Greek Yoghurt 1kg,Dairy & Frozen,2024-06-02,2024-06-08,7,20.0,Catalogue
4278,8,Chermside,Queensland,9,Greek Yoghurt 1kg,Dairy & Frozen,2024-05-04,2024-05-17,14,25.0,Catalogue
4279,8,Chermside,Queensland,9,Greek Yoghurt 1kg,Dairy & Frozen,2024-12-13,2024-12-25,13,15.0,In-Store Display
4280,8,Chermside,Queensland,9,Greek Yoghurt 1kg,Dairy & Frozen,2025-01-28,2025-02-08,12,20.0,Catalogue
4281,8,Chermside,Queensland,9,Greek Yoghurt 1kg,Dairy & Frozen,2023-08-15,2023-08-28,14,15.0,In-Store Display
4282,8,Chermside,Queensland,9,Greek Yoghurt 1kg,Dairy & Frozen,2023-04-29,2023-05-06,8,15.0,In-Store Display
4283,8,Chermside,Queensland,9,Greek Yoghurt 1kg,Dairy & Frozen,2025-09-23,2025-09-27,5,15.0,In-Store Display
4284,8,Chermside,Queensland,9,Greek Yoghurt 1kg,Dairy & Frozen,2023-10-08,2023-10-18,11,10.0,In-Store Display
4285,8,Chermside,Queensland,9,Greek Yoghurt 1kg,Dairy & Frozen,2024-10-17,2024-10-25,9,10.0,In-Store Display
4286,8,Chermside,Queensland,9,Greek Yoghurt 1kg,Dairy & Frozen,2025-12-10,2025-12-23,14,10.0,In-Store Display
4287,8,Chermside,Queensland,9,Greek Yoghurt 1kg,Dairy & Frozen,2024-03-20,2024-04-01,13,10.0,In-Store Display
4288,8,Chermside,Queensland,10,Vanilla Ice Cream 2L,Dairy & Frozen,2025-12-11,2025-12-15,5,20.0,Catalogue
4289,8,Chermside,Queensland,10,Vanilla Ice Cream 2L,Dairy & Frozen,2024-06-23,2024-07-04,12,15.0,In-Store Display
4290,8,Chermside,Queensland,10,Vanilla Ice Cream 2L,Dairy & Frozen,2025-03-09,2025-03-19,11,10.0,In-Store Display
4291,8,Chermside,Queensland,10,Vanilla Ice Cream 2L,Dairy & Frozen,2025-07-15,2025-07-22,8,25.0,Catalogue
4292,8,Chermside,Queensland,10,Vanilla Ice Cream 2L,Dairy & Frozen,2024-11-08,2024-11-14,7,50.0,Clearance
4293,8,Chermside,Queensland,10,Vanilla Ice Cream 2L,Dairy & Frozen,2025-04-12,2025-04-19,8,10.0,In-Store Display
4294,8,Chermside,Queensland,10,Vanilla Ice Cream 2L,Dairy & Frozen,2024-08-19,2024-08-31,13,10.0,In-Store Display
4295,8,Chermside,Queensland,10,Vanilla Ice Cream 2L,Dairy & Frozen,2024-09-24,2024-10-06,13,15.0,In-Store Display
4296,8,Chermside,Queensland,10,Vanilla Ice Cream 2L,Dairy & Frozen,2023-04-03,2023-04-11,9,15.0,In-Store Display
4297,8,Chermside,Queensland,10,Vanilla Ice Cream 2L,Dairy & Frozen,2024-01-04,2024-01-12,9,10.0,In-Store Display
4298,8,Chermside,Queensland,10,Vanilla Ice Cream 2L,Dairy & Frozen,2025-08-26,2025-09-03,9,10.0,In-Store Display
4299,8,Chermside,Queensland,10,Vanilla Ice Cream 2L,Dairy & Frozen,2024-05-19,2024-05-31,13,20.0,Catalogue
4300,8,Chermside,Queensland,10,Vanilla Ice Cream 2L,Dairy & Frozen,2025-05-15,2025-05-20,6,20.0,Catalogue
4301,8,Chermside,Queensland,10,Vanilla Ice Cream 2L,Dairy & Frozen,2025-01-27,2025-02-08,13,15.0,In-Store Display
4302,8,Chermside,Queensland,10,Vanilla Ice Cream 2L,Dairy & Frozen,2023-09-28,2023-10-10,13,30.0,Catalogue
4303,8,Chermside,Queensland,10,Vanilla Ice Cream 2L,Dairy & Frozen,2024-03-31,2024-04-04,5,15.0,In-Store Display
4304,8,Chermside,Queensland,10,Vanilla Ice Cream 2L,Dairy & Frozen,2023-07-19,2023-07-28,10,20.0,Catalogue
4305,8,Chermside,Queensland,10,Vanilla Ice Cream 2L,Dairy & Frozen,2023-05-26,2023-06-02,8,10.0,In-Store Display
4306,8,Chermside,Queensland,10,Vanilla Ice Cream 2L,Dairy & Frozen,2023-11-23,2023-11-30,8,10.0,In-Store Display
4307,8,Chermside,Queensland,10,Vanilla Ice Cream 2L,Dairy & Frozen,2023-08-15,2023-08-26,12,10.0,In-Store Display
4308,8,Chermside,Queensland,10,Vanilla Ice Cream 2L,Dairy & Frozen,2025-10-10,2025-10-21,12,50.0,Clearance
4309,8,Chermside,Queensland,10,Vanilla Ice Cream 2L,Dairy & Frozen,2023-03-08,2023-03-14,7,50.0,Clearance
4310,8,Chermside,Queensland,10,Vanilla Ice Cream 2L,Dairy & Frozen,2025-11-18,2025-11-22,5,20.0,Catalogue
4311,8,Chermside,Queensland,10,Vanilla Ice Cream 2L,Dairy & Frozen,2025-06-15,2025-06-27,13,50.0,Clearance
4312,8,Chermside,Queensland,11,Frozen Mixed Vegetables 1kg,Dairy & Frozen,2024-07-29,2024-08-08,11,30.0,Catalogue
4313,8,Chermside,Queensland,11,Frozen Mixed Vegetables 1kg,Dairy & Frozen,2025-07-20,2025-08-01,13,25.0,Catalogue
4314,8,Chermside,Queensland,11,Frozen Mixed Vegetables 1kg,Dairy & Frozen,2023-07-27,2023-08-05,10,10.0,In-Store Display
4315,8,Chermside,Queensland,11,Frozen Mixed Vegetables 1kg,Dairy & Frozen,2025-01-15,2025-01-19,5,25.0,Catalogue
4316,8,Chermside,Queensland,11,Frozen Mixed Vegetables 1kg,Dairy & Frozen,2025-03-14,2025-03-19,6,15.0,In-Store Display
4317,8,Chermside,Queensland,11,Frozen Mixed Vegetables 1kg,Dairy & Frozen,2024-12-14,2024-12-27,14,20.0,Catalogue
4318,8,Chermside,Queensland,11,Frozen Mixed Vegetables 1kg,Dairy & Frozen,2023-02-20,2023-03-03,12,15.0,In-Store Display
4319,8,Chermside,Queensland,11,Frozen Mixed Vegetables 1kg,Dairy & Frozen,2023-12-22,2023-12-31,10,15.0,In-Store Display
4320,8,Chermside,Queensland,11,Frozen Mixed Vegetables 1kg,Dairy & Frozen,2023-01-22,2023-01-29,8,20.0,Catalogue
4321,8,Chermside,Queensland,11,Frozen Mixed Vegetables 1kg,Dairy & Frozen,2024-10-21,2024-10-27,7,25.0,Catalogue
4322,8,Chermside,Queensland,11,Frozen Mixed Vegetables 1kg,Dairy & Frozen,2024-09-15,2024-09-21,7,20.0,Catalogue
4323,8,Chermside,Queensland,11,Frozen Mixed Vegetables 1kg,Dairy & Frozen,2023-10-09,2023-10-15,7,10.0,In-Store Display
4324,8,Chermside,Queensland,11,Frozen Mixed Vegetables 1kg,Dairy & Frozen,2024-03-24,2024-04-02,10,15.0,In-Store Display
4325,8,Chermside,Queensland,11,Frozen Mixed Vegetables 1kg,Dairy & Frozen,2023-04-13,2023-04-18,6,25.0,Catalogue
4326,8,Chermside,Queensland,11,Frozen Mixed Vegetables 1kg,Dairy & Frozen,2025-05-03,2025-05-07,5,25.0,Catalogue
4327,8,Chermside,Queensland,11,Frozen Mixed Vegetables 1kg,Dairy & Frozen,2024-06-05,2024-06-16,12,25.0,Catalogue
4328,8,Chermside,Queensland,11,Frozen Mixed Vegetables 1kg,Dairy & Frozen,2023-06-15,2023-06-25,11,20.0,Catalogue
4329,8,Chermside,Queensland,12,Frozen Meat Pies 4pk,Dairy & Frozen,2023-05-16,2023-05-29,14,50.0,Clearance
4330,8,Chermside,Queensland,12,Frozen Meat Pies 4pk,Dairy & Frozen,2023-08-25,2023-08-29,5,15.0,In-Store Display
4331,8,Chermside,Queensland,12,Frozen Meat Pies 4pk,Dairy & Frozen,2024-03-15,2024-03-27,13,25.0,Catalogue
4332,8,Chermside,Queensland,12,Frozen Meat Pies 4pk,Dairy & Frozen,2025-05-23,2025-05-29,7,15.0,In-Store Display
4333,8,Chermside,Queensland,12,Frozen Meat Pies 4pk,Dairy & Frozen,2025-06-22,2025-06-29,8,50.0,Clearance
4334,8,Chermside,Queensland,12,Frozen Meat Pies 4pk,Dairy & Frozen,2023-12-19,2023-12-26,8,15.0,In-Store Display
4335,8,Chermside,Queensland,12,Frozen Meat Pies 4pk,Dairy & Frozen,2024-09-06,2024-09-12,7,15.0,In-Store Display
4336,8,Chermside,Queensland,12,Frozen Meat Pies 4pk,Dairy & Frozen,2023-06-16,2023-06-23,8,10.0,In-Store Display
4337,8,Chermside,Queensland,12,Frozen Meat Pies 4pk,Dairy & Frozen,2023-10-14,2023-10-24,11,25.0,Catalogue
4338,8,Chermside,Queensland,12,Frozen Meat Pies 4pk,Dairy & Frozen,2023-01-26,2023-02-03,9,20.0,Catalogue
4339,8,Chermside,Queensland,12,Frozen Meat Pies 4pk,Dairy & Frozen,2024-07-12,2024-07-24,13,15.0,In-Store Display
4340,8,Chermside,Queensland,12,Frozen Meat Pies 4pk,Dairy & Frozen,2025-03-22,2025-03-26,5,25.0,Catalogue
4341,8,Chermside,Queensland,12,Frozen Meat Pies 4pk,Dairy & Frozen,2025-01-29,2025-02-05,8,20.0,Catalogue
4342,8,Chermside,Queensland,12,Frozen Meat Pies 4pk,Dairy & Frozen,2025-08-02,2025-08-11,10,25.0,Catalogue
4343,8,Chermside,Queensland,12,Frozen Meat Pies 4pk,Dairy & Frozen,2025-11-16,2025-11-29,14,10.0,In-Store Display
4344,8,Chermside,Queensland,12,Frozen Meat Pies 4pk,Dairy & Frozen,2024-05-10,2024-05-19,10,20.0,Catalogue
4345,8,Chermside,Queensland,12,Frozen Meat Pies 4pk,Dairy & Frozen,2023-03-24,2023-04-03,11,10.0,In-Store Display
4346,8,Chermside,Queensland,12,Frozen Meat Pies 4pk,Dairy & Frozen,2025-10-23,2025-10-31,9,30.0,Catalogue
4347,8,Chermside,Queensland,12,Frozen Meat Pies 4pk,Dairy & Frozen,2023-09-14,2023-09-25,12,10.0,In-Store Display
4348,8,Chermside,Queensland,13,Cola Soft Drink 1.25L,Beverages,2024-09-25,2024-10-06,12,15.0,In-Store Display
4349,8,Chermside,Queensland,13,Cola Soft Drink 1.25L,Beverages,2025-02-13,2025-02-26,14,10.0,In-Store Display
4350,8,Chermside,Queensland,13,Cola Soft Drink 1.25L,Beverages,2025-11-17,2025-11-27,11,15.0,In-Store Display
4351,8,Chermside,Queensland,13,Cola Soft Drink 1.25L,Beverages,2024-03-09,2024-03-17,9,10.0,In-Store Display
4352,8,Chermside,Queensland,13,Cola Soft Drink 1.25L,Beverages,2025-04-17,2025-04-26,10,20.0,Catalogue
4353,8,Chermside,Queensland,13,Cola Soft Drink 1.25L,Beverages,2023-02-24,2023-03-01,6,50.0,Clearance
4354,8,Chermside,Queensland,13,Cola Soft Drink 1.25L,Beverages,2023-05-08,2023-05-18,11,25.0,Catalogue
4355,8,Chermside,Queensland,13,Cola Soft Drink 1.25L,Beverages,2023-06-08,2023-06-16,9,20.0,Catalogue
4356,8,Chermside,Queensland,13,Cola Soft Drink 1.25L,Beverages,2024-06-17,2024-06-25,9,20.0,Catalogue
4357,8,Chermside,Queensland,13,Cola Soft Drink 1.25L,Beverages,2025-01-08,2025-01-18,11,20.0,Catalogue
4358,8,Chermside,Queensland,13,Cola Soft Drink 1.25L,Beverages,2023-02-01,2023-02-08,8,15.0,In-Store Display
4359,8,Chermside,Queensland,13,Cola Soft Drink 1.25L,Beverages,2023-12-18,2023-12-22,5,20.0,Catalogue
4360,8,Chermside,Queensland,13,Cola Soft Drink 1.25L,Beverages,2023-10-01,2023-10-12,12,30.0,Catalogue
4361,8,Chermside,Queensland,13,Cola Soft Drink 1.25L,Beverages,2025-09-12,2025-09-21,10,10.0,In-Store Display
4362,8,Chermside,Queensland,13,Cola Soft Drink 1.25L,Beverages,2024-05-14,2024-05-20,7,25.0,Catalogue
4363,8,Chermside,Queensland,13,Cola Soft Drink 1.25L,Beverages,2023-01-12,2023-01-16,5,10.0,In-Store Display
4364,8,Chermside,Queensland,13,Cola Soft Drink 1.25L,Beverages,2023-07-05,2023-07-15,11,20.0,Catalogue
4365,8,Chermside,Queensland,13,Cola Soft Drink 1.25L,Beverages,2023-08-03,2023-08-11,9,20.0,Catalogue
4366,8,Chermside,Queensland,13,Cola Soft Drink 1.25L,Beverages,2024-04-02,2024-04-12,11,10.0,In-Store Display
4367,8,Chermside,Queensland,13,Cola Soft Drink 1.25L,Beverages,2024-01-09,2024-01-20,12,30.0,Catalogue
4368,8,Chermside,Queensland,13,Cola Soft Drink 1.25L,Beverages,2024-11-02,2024-11-07,6,20.0,Catalogue
4369,8,Chermside,Queensland,13,Cola Soft Drink 1.25L,Beverages,2023-11-23,2023-12-02,10,10.0,In-Store Display
4370,8,Chermside,Queensland,13,Cola Soft Drink 1.25L,Beverages,2025-06-05,2025-06-09,5,20.0,Catalogue
4371,8,Chermside,Queensland,13,Cola Soft Drink 1.25L,Beverages,2024-07-25,2024-08-04,11,25.0,Catalogue
4372,8,Chermside,Queensland,13,Cola Soft Drink 1.25L,Beverages,2023-04-06,2023-04-10,5,15.0,In-Store Display
4373,8,Chermside,Queensland,13,Cola Soft Drink 1.25L,Beverages,2025-07-14,2025-07-23,10,20.0,Catalogue
4374,8,Chermside,Queensland,13,Cola Soft Drink 1.25L,Beverages,2025-08-17,2025-08-25,9,20.0,Catalogue
4375,8,Chermside,Queensland,13,Cola Soft Drink 1.25L,Beverages,2025-10-20,2025-10-31,12,15.0,In-Store Display
4376,8,Chermside,Queensland,13,Cola Soft Drink 1.25L,Beverages,2024-12-03,2024-12-08,6,10.0,In-Store Display
4377,8,Chermside,Queensland,14,Orange Juice 2L,Beverages,2023-03-02,2023-03-13,12,15.0,In-Store Display
4378,8,Chermside,Queensland,14,Orange Juice 2L,Beverages,2024-06-08,2024-06-21,14,10.0,In-Store Display
4379,8,Chermside,Queensland,14,Orange Juice 2L,Beverages,2024-12-16,2024-12-24,9,25.0,Catalogue
4380,8,Chermside,Queensland,14,Orange Juice 2L,Beverages,2024-07-30,2024-08-03,5,10.0,In-Store Display
4381,8,Chermside,Queensland,14,Orange Juice 2L,Beverages,2023-07-18,2023-07-22,5,30.0,Catalogue
4382,8,Chermside,Queensland,14,Orange Juice 2L,Beverages,2025-08-28,2025-09-10,14,50.0,Clearance
4383,8,Chermside,Queensland,14,Orange Juice 2L,Beverages,2025-11-18,2025-11-26,9,20.0,Catalogue
4384,8,Chermside,Queensland,14,Orange Juice 2L,Beverages,2025-02-19,2025-02-28,10,20.0,Catalogue
4385,8,Chermside,Queensland,14,Orange Juice 2L,Beverages,2023-04-18,2023-04-22,5,15.0,In-Store Display
4386,8,Chermside,Queensland,14,Orange Juice 2L,Beverages,2024-03-15,2024-03-26,12,15.0,In-Store Display
4387,8,Chermside,Queensland,14,Orange Juice 2L,Beverages,2024-11-06,2024-11-18,13,25.0,Catalogue
4388,8,Chermside,Queensland,14,Orange Juice 2L,Beverages,2025-03-31,2025-04-06,7,10.0,In-Store Display
4389,8,Chermside,Queensland,14,Orange Juice 2L,Beverages,2024-09-21,2024-10-03,13,30.0,Catalogue
4390,8,Chermside,Queensland,14,Orange Juice 2L,Beverages,2025-07-23,2025-08-04,13,20.0,Catalogue
4391,8,Chermside,Queensland,14,Orange Juice 2L,Beverages,2025-05-12,2025-05-22,11,25.0,Catalogue
4392,8,Chermside,Queensland,14,Orange Juice 2L,Beverages,2023-08-17,2023-08-29,13,30.0,Catalogue
4393,8,Chermside,Queensland,14,Orange Juice 2L,Beverages,2024-04-28,2024-05-04,7,10.0,In-Store Display
4394,8,Chermside,Queensland,14,Orange Juice 2L,Beverages,2023-06-17,2023-06-24,8,20.0,Catalogue
4395,8,Chermside,Queensland,14,Orange Juice 2L,Beverages,2023-05-16,2023-05-20,5,20.0,Catalogue
4396,8,Chermside,Queensland,14,Orange Juice 2L,Beverages,2025-06-17,2025-06-26,10,25.0,Catalogue
4397,8,Chermside,Queensland,14,Orange Juice 2L,Beverages,2023-09-25,2023-10-08,14,15.0,In-Store Display
4398,8,Chermside,Queensland,15,Spring Water 6L,Beverages,2025-07-26,2025-08-04,10,10.0,In-Store Display
4399,8,Chermside,Queensland,15,Spring Water 6L,Beverages,2025-03-26,2025-03-31,6,10.0,In-Store Display
4400,8,Chermside,Queensland,15,Spring Water 6L,Beverages,2025-06-29,2025-07-04,6,15.0,In-Store Display
4401,8,Chermside,Queensland,15,Spring Water 6L,Beverages,2024-05-17,2024-05-28,12,10.0,In-Store Display
4402,8,Chermside,Queensland,15,Spring Water 6L,Beverages,2024-07-31,2024-08-11,12,20.0,Catalogue
4403,8,Chermside,Queensland,15,Spring Water 6L,Beverages,2023-07-17,2023-07-26,10,10.0,In-Store Display
4404,8,Chermside,Queensland,15,Spring Water 6L,Beverages,2025-12-03,2025-12-15,13,25.0,Catalogue
4405,8,Chermside,Queensland,15,Spring Water 6L,Beverages,2025-05-02,2025-05-09,8,30.0,Catalogue
4406,8,Chermside,Queensland,15,Spring Water 6L,Beverages,2023-08-30,2023-09-03,5,25.0,Catalogue
4407,8,Chermside,Queensland,15,Spring Water 6L,Beverages,2023-03-02,2023-03-06,5,15.0,In-Store Display
4408,8,Chermside,Queensland,15,Spring Water 6L,Beverages,2024-08-27,2024-09-05,10,15.0,In-Store Display
4409,8,Chermside,Queensland,15,Spring Water 6L,Beverages,2023-08-10,2023-08-15,6,20.0,Catalogue
4410,8,Chermside,Queensland,15,Spring Water 6L,Beverages,2024-01-29,2024-02-07,10,30.0,Catalogue
4411,8,Chermside,Queensland,15,Spring Water 6L,Beverages,2023-11-10,2023-11-23,14,15.0,In-Store Display
4412,8,Chermside,Queensland,15,Spring Water 6L,Beverages,2024-11-18,2024-11-23,6,10.0,In-Store Display
4413,8,Chermside,Queensland,15,Spring Water 6L,Beverages,2024-04-17,2024-04-26,10,20.0,Catalogue
4414,8,Chermside,Queensland,15,Spring Water 6L,Beverages,2024-06-23,2024-07-05,13,15.0,In-Store Display
4415,8,Chermside,Queensland,15,Spring Water 6L,Beverages,2024-03-08,2024-03-20,13,20.0,Catalogue
4416,8,Chermside,Queensland,15,Spring Water 6L,Beverages,2023-05-23,2023-05-28,6,15.0,In-Store Display
4417,8,Chermside,Queensland,15,Spring Water 6L,Beverages,2023-04-01,2023-04-08,8,15.0,In-Store Display
4418,8,Chermside,Queensland,15,Spring Water 6L,Beverages,2024-12-08,2024-12-12,5,50.0,Clearance
4419,8,Chermside,Queensland,15,Spring Water 6L,Beverages,2025-02-10,2025-02-20,11,30.0,Catalogue
4420,8,Chermside,Queensland,15,Spring Water 6L,Beverages,2023-09-22,2023-10-05,14,20.0,Catalogue
4421,8,Chermside,Queensland,15,Spring Water 6L,Beverages,2023-06-17,2023-06-27,11,10.0,In-Store Display
4422,8,Chermside,Queensland,16,Ground Coffee 1kg,Beverages,2025-01-18,2025-01-31,14,30.0,Catalogue
4423,8,Chermside,Queensland,16,Ground Coffee 1kg,Beverages,2024-02-07,2024-02-17,11,15.0,In-Store Display
4424,8,Chermside,Queensland,16,Ground Coffee 1kg,Beverages,2023-08-04,2023-08-14,11,20.0,Catalogue
4425,8,Chermside,Queensland,16,Ground Coffee 1kg,Beverages,2025-05-13,2025-05-17,5,15.0,In-Store Display
4426,8,Chermside,Queensland,16,Ground Coffee 1kg,Beverages,2025-06-18,2025-06-30,13,15.0,In-Store Display
4427,8,Chermside,Queensland,16,Ground Coffee 1kg,Beverages,2023-10-20,2023-11-01,13,30.0,Catalogue
4428,8,Chermside,Queensland,16,Ground Coffee 1kg,Beverages,2024-10-03,2024-10-08,6,10.0,In-Store Display
4429,8,Chermside,Queensland,16,Ground Coffee 1kg,Beverages,2024-08-18,2024-08-30,13,30.0,Catalogue
4430,8,Chermside,Queensland,16,Ground Coffee 1kg,Beverages,2024-10-28,2024-11-10,14,25.0,Catalogue
4431,8,Chermside,Queensland,16,Ground Coffee 1kg,Beverages,2024-05-31,2024-06-11,12,30.0,Catalogue
4432,8,Chermside,Queensland,16,Ground Coffee 1kg,Beverages,2024-12-10,2024-12-23,14,15.0,In-Store Display
4433,8,Chermside,Queensland,16,Ground Coffee 1kg,Beverages,2023-03-15,2023-03-27,13,15.0,In-Store Display
4434,8,Chermside,Queensland,16,Ground Coffee 1kg,Beverages,2023-12-20,2023-12-24,5,10.0,In-Store Display
4435,8,Chermside,Queensland,16,Ground Coffee 1kg,Beverages,2025-11-17,2025-11-25,9,10.0,In-Store Display
4436,8,Chermside,Queensland,16,Ground Coffee 1kg,Beverages,2025-08-20,2025-08-24,5,25.0,Catalogue
4437,8,Chermside,Queensland,16,Ground Coffee 1kg,Beverages,2023-06-07,2023-06-11,5,25.0,Catalogue
4438,8,Chermside,Queensland,16,Ground Coffee 1kg,Beverages,2025-03-02,2025-03-07,6,15.0,In-Store Display
4439,8,Chermside,Queensland,16,Ground Coffee 1kg,Beverages,2023-02-12,2023-02-16,5,10.0,In-Store Display
4440,8,Chermside,Queensland,16,Ground Coffee 1kg,Beverages,2024-07-10,2024-07-18,9,10.0,In-Store Display
4441,8,Chermside,Queensland,16,Ground Coffee 1kg,Beverages,2023-04-21,2023-04-28,8,15.0,In-Store Display
4442,8,Chermside,Queensland,16,Ground Coffee 1kg,Beverages,2023-01-08,2023-01-16,9,15.0,In-Store Display
4443,8,Chermside,Queensland,16,Ground Coffee 1kg,Beverages,2025-04-06,2025-04-12,7,10.0,In-Store Display
4444,8,Chermside,Queensland,16,Ground Coffee 1kg,Beverages,2024-03-18,2024-03-26,9,15.0,In-Store Display
4445,8,Chermside,Queensland,16,Ground Coffee 1kg,Beverages,2023-08-31,2023-09-13,14,10.0,In-Store Display
4446,8,Chermside,Queensland,17,Black Tea Bags 100pk,Beverages,2025-12-17,2025-12-30,14,30.0,Catalogue
4447,8,Chermside,Queensland,17,Black Tea Bags 100pk,Beverages,2023-10-30,2023-11-05,7,50.0,Clearance
4448,8,Chermside,Queensland,17,Black Tea Bags 100pk,Beverages,2025-01-06,2025-01-17,12,25.0,Catalogue
4449,8,Chermside,Queensland,17,Black Tea Bags 100pk,Beverages,2024-05-01,2024-05-05,5,10.0,In-Store Display
4450,8,Chermside,Queensland,17,Black Tea Bags 100pk,Beverages,2025-04-30,2025-05-07,8,25.0,Catalogue
4451,8,Chermside,Queensland,17,Black Tea Bags 100pk,Beverages,2023-07-17,2023-07-30,14,15.0,In-Store Display
4452,8,Chermside,Queensland,17,Black Tea Bags 100pk,Beverages,2023-05-19,2023-06-01,14,10.0,In-Store Display
4453,8,Chermside,Queensland,17,Black Tea Bags 100pk,Beverages,2025-02-15,2025-02-27,13,15.0,In-Store Display
4454,8,Chermside,Queensland,17,Black Tea Bags 100pk,Beverages,2025-09-07,2025-09-17,11,20.0,Catalogue
4455,8,Chermside,Queensland,17,Black Tea Bags 100pk,Beverages,2024-06-11,2024-06-22,12,15.0,In-Store Display
4456,8,Chermside,Queensland,17,Black Tea Bags 100pk,Beverages,2025-10-26,2025-11-04,10,20.0,Catalogue
4457,8,Chermside,Queensland,17,Black Tea Bags 100pk,Beverages,2023-02-23,2023-03-08,14,15.0,In-Store Display
4458,8,Chermside,Queensland,17,Black Tea Bags 100pk,Beverages,2023-04-21,2023-04-29,9,25.0,Catalogue
4459,8,Chermside,Queensland,17,Black Tea Bags 100pk,Beverages,2024-03-17,2024-03-30,14,30.0,Catalogue
4460,8,Chermside,Queensland,18,Sports Drink 600ml,Beverages,2024-12-29,2025-01-08,11,20.0,Catalogue
4461,8,Chermside,Queensland,18,Sports Drink 600ml,Beverages,2023-01-27,2023-02-09,14,10.0,In-Store Display
4462,8,Chermside,Queensland,18,Sports Drink 600ml,Beverages,2025-08-18,2025-08-28,11,15.0,In-Store Display
4463,8,Chermside,Queensland,18,Sports Drink 600ml,Beverages,2023-05-20,2023-06-02,14,20.0,Catalogue
4464,8,Chermside,Queensland,18,Sports Drink 600ml,Beverages,2024-09-24,2024-10-04,11,10.0,In-Store Display
4465,8,Chermside,Queensland,18,Sports Drink 600ml,Beverages,2024-06-21,2024-06-25,5,15.0,In-Store Display
4466,8,Chermside,Queensland,18,Sports Drink 600ml,Beverages,2023-09-22,2023-10-04,13,20.0,Catalogue
4467,8,Chermside,Queensland,18,Sports Drink 600ml,Beverages,2023-07-12,2023-07-20,9,10.0,In-Store Display
4468,8,Chermside,Queensland,18,Sports Drink 600ml,Beverages,2024-01-16,2024-01-29,14,20.0,Catalogue
4469,8,Chermside,Queensland,18,Sports Drink 600ml,Beverages,2024-11-09,2024-11-13,5,20.0,Catalogue
4470,8,Chermside,Queensland,18,Sports Drink 600ml,Beverages,2024-04-29,2024-05-12,14,25.0,Catalogue
4471,8,Chermside,Queensland,18,Sports Drink 600ml,Beverages,2025-04-13,2025-04-18,6,15.0,In-Store Display
4472,8,Chermside,Queensland,18,Sports Drink 600ml,Beverages,2023-04-21,2023-04-25,5,15.0,In-Store Display
4473,8,Chermside,Queensland,18,Sports Drink 600ml,Beverages,2024-07-17,2024-07-29,13,15.0,In-Store Display
4474,8,Chermside,Queensland,18,Sports Drink 600ml,Beverages,2025-09-17,2025-09-30,14,25.0,Catalogue
4475,8,Chermside,Queensland,18,Sports Drink 600ml,Beverages,2025-07-05,2025-07-10,6,20.0,Catalogue
4476,8,Chermside,Queensland,18,Sports Drink 600ml,Beverages,2025-02-06,2025-02-19,14,20.0,Catalogue
4477,8,Chermside,Queensland,18,Sports Drink 600ml,Beverages,2024-08-30,2024-09-04,6,30.0,Catalogue
4478,8,Chermside,Queensland,18,Sports Drink 600ml,Beverages,2023-10-28,2023-11-04,8,15.0,In-Store Display
4479,8,Chermside,Queensland,18,Sports Drink 600ml,Beverages,2025-12-20,2025-12-25,6,25.0,Catalogue
4480,8,Chermside,Queensland,18,Sports Drink 600ml,Beverages,2025-03-16,2025-03-27,12,15.0,In-Store Display
4481,8,Chermside,Queensland,18,Sports Drink 600ml,Beverages,2025-05-14,2025-05-22,9,25.0,Catalogue
4482,8,Chermside,Queensland,18,Sports Drink 600ml,Beverages,2024-03-27,2024-04-07,12,25.0,Catalogue
4483,8,Chermside,Queensland,18,Sports Drink 600ml,Beverages,2023-12-03,2023-12-13,11,15.0,In-Store Display
4484,8,Chermside,Queensland,19,Potato Chips 175g,Snacks,2024-11-08,2024-11-19,12,20.0,Catalogue
4485,8,Chermside,Queensland,19,Potato Chips 175g,Snacks,2025-08-26,2025-08-31,6,10.0,In-Store Display
4486,8,Chermside,Queensland,19,Potato Chips 175g,Snacks,2025-10-14,2025-10-26,13,20.0,Catalogue
4487,8,Chermside,Queensland,19,Potato Chips 175g,Snacks,2025-04-09,2025-04-21,13,10.0,In-Store Display
4488,8,Chermside,Queensland,19,Potato Chips 175g,Snacks,2025-02-25,2025-03-08,12,15.0,In-Store Display
4489,8,Chermside,Queensland,19,Potato Chips 175g,Snacks,2024-04-30,2024-05-08,9,30.0,Catalogue
4490,8,Chermside,Queensland,19,Potato Chips 175g,Snacks,2023-09-04,2023-09-16,13,10.0,In-Store Display
4491,8,Chermside,Queensland,19,Potato Chips 175g,Snacks,2023-06-19,2023-07-02,14,25.0,Catalogue
4492,8,Chermside,Queensland,19,Potato Chips 175g,Snacks,2024-06-20,2024-06-29,10,15.0,In-Store Display
4493,8,Chermside,Queensland,19,Potato Chips 175g,Snacks,2023-11-16,2023-11-24,9,30.0,Catalogue
4494,8,Chermside,Queensland,19,Potato Chips 175g,Snacks,2024-07-18,2024-07-29,12,30.0,Catalogue
4495,8,Chermside,Queensland,19,Potato Chips 175g,Snacks,2025-05-12,2025-05-21,10,20.0,Catalogue
4496,8,Chermside,Queensland,19,Potato Chips 175g,Snacks,2024-09-20,2024-09-27,8,25.0,Catalogue
4497,8,Chermside,Queensland,19,Potato Chips 175g,Snacks,2025-12-11,2025-12-18,8,25.0,Catalogue
4498,8,Chermside,Queensland,19,Potato Chips 175g,Snacks,2023-03-16,2023-03-24,9,20.0,Catalogue
4499,8,Chermside,Queensland,19,Potato Chips 175g,Snacks,2025-01-27,2025-02-07,12,25.0,Catalogue
4500,8,Chermside,Queensland,19,Potato Chips 175g,Snacks,2024-01-16,2024-01-29,14,25.0,Catalogue
4501,8,Chermside,Queensland,19,Potato Chips 175g,Snacks,2024-02-20,2024-03-01,11,15.0,In-Store Display
4502,8,Chermside,Queensland,19,Potato Chips 175g,Snacks,2023-08-07,2023-08-16,10,20.0,Catalogue
4503,8,Chermside,Queensland,19,Potato Chips 175g,Snacks,2024-12-30,2025-01-12,14,25.0,Catalogue
4504,8,Chermside,Queensland,19,Potato Chips 175g,Snacks,2024-03-31,2024-04-06,7,10.0,In-Store Display
4505,8,Chermside,Queensland,19,Potato Chips 175g,Snacks,2024-12-04,2024-12-09,6,15.0,In-Store Display
4506,8,Chermside,Queensland,19,Potato Chips 175g,Snacks,2023-01-04,2023-01-13,10,25.0,Catalogue
4507,8,Chermside,Queensland,19,Potato Chips 175g,Snacks,2025-06-26,2025-07-09,14,20.0,Catalogue
4508,8,Chermside,Queensland,19,Potato Chips 175g,Snacks,2023-04-29,2023-05-11,13,20.0,Catalogue
4509,8,Chermside,Queensland,19,Potato Chips 175g,Snacks,2025-11-14,2025-11-18,5,10.0,In-Store Display
4510,8,Chermside,Queensland,19,Potato Chips 175g,Snacks,2023-02-25,2023-03-01,5,10.0,In-Store Display
4511,8,Chermside,Queensland,19,Potato Chips 175g,Snacks,2023-07-18,2023-07-23,6,25.0,Catalogue
4512,8,Chermside,Queensland,20,Sweet Biscuits 250g,Snacks,2024-03-22,2024-03-26,5,15.0,In-Store Display
4513,8,Chermside,Queensland,20,Sweet Biscuits 250g,Snacks,2025-10-01,2025-10-06,6,20.0,Catalogue
4514,8,Chermside,Queensland,20,Sweet Biscuits 250g,Snacks,2025-07-22,2025-08-04,14,20.0,Catalogue
4515,8,Chermside,Queensland,20,Sweet Biscuits 250g,Snacks,2023-08-09,2023-08-18,10,20.0,Catalogue
4516,8,Chermside,Queensland,20,Sweet Biscuits 250g,Snacks,2023-06-15,2023-06-24,10,10.0,In-Store Display
4517,8,Chermside,Queensland,20,Sweet Biscuits 250g,Snacks,2024-07-11,2024-07-17,7,20.0,Catalogue
4518,8,Chermside,Queensland,20,Sweet Biscuits 250g,Snacks,2024-10-08,2024-10-19,12,25.0,Catalogue
4519,8,Chermside,Queensland,20,Sweet Biscuits 250g,Snacks,2024-04-12,2024-04-19,8,20.0,Catalogue
4520,8,Chermside,Queensland,20,Sweet Biscuits 250g,Snacks,2024-08-29,2024-09-08,11,30.0,Catalogue
4521,8,Chermside,Queensland,20,Sweet Biscuits 250g,Snacks,2023-04-27,2023-05-02,6,10.0,In-Store Display
4522,8,Chermside,Queensland,20,Sweet Biscuits 250g,Snacks,2025-02-07,2025-02-13,7,20.0,Catalogue
4523,8,Chermside,Queensland,20,Sweet Biscuits 250g,Snacks,2024-01-20,2024-01-31,12,20.0,Catalogue
4524,8,Chermside,Queensland,20,Sweet Biscuits 250g,Snacks,2024-12-10,2024-12-22,13,20.0,Catalogue
4525,8,Chermside,Queensland,20,Sweet Biscuits 250g,Snacks,2023-02-25,2023-03-07,11,10.0,In-Store Display
4526,8,Chermside,Queensland,20,Sweet Biscuits 250g,Snacks,2025-06-01,2025-06-12,12,10.0,In-Store Display
4527,8,Chermside,Queensland,20,Sweet Biscuits 250g,Snacks,2023-01-19,2023-01-27,9,30.0,Catalogue
4528,8,Chermside,Queensland,20,Sweet Biscuits 250g,Snacks,2023-12-28,2024-01-02,6,25.0,Catalogue
4529,8,Chermside,Queensland,20,Sweet Biscuits 250g,Snacks,2023-10-09,2023-10-22,14,15.0,In-Store Display
4530,8,Chermside,Queensland,20,Sweet Biscuits 250g,Snacks,2025-06-28,2025-07-03,6,15.0,In-Store Display
4531,8,Chermside,Queensland,20,Sweet Biscuits 250g,Snacks,2025-03-04,2025-03-08,5,20.0,Catalogue
4532,8,Chermside,Queensland,20,Sweet Biscuits 250g,Snacks,2024-06-14,2024-06-21,8,15.0,In-Store Display
4533,8,Chermside,Queensland,20,Sweet Biscuits 250g,Snacks,2023-03-24,2023-04-04,12,20.0,Catalogue
4534,8,Chermside,Queensland,20,Sweet Biscuits 250g,Snacks,2025-03-23,2025-04-02,11,15.0,In-Store Display
4535,8,Chermside,Queensland,20,Sweet Biscuits 250g,Snacks,2025-01-09,2025-01-18,10,25.0,Catalogue
4536,8,Chermside,Queensland,20,Sweet Biscuits 250g,Snacks,2025-11-21,2025-11-30,10,20.0,Catalogue
4537,8,Chermside,Queensland,20,Sweet Biscuits 250g,Snacks,2024-11-14,2024-11-20,7,15.0,In-Store Display
4538,8,Chermside,Queensland,21,Chocolate Block 180g,Snacks,2025-07-22,2025-08-04,14,10.0,In-Store Display
4539,8,Chermside,Queensland,21,Chocolate Block 180g,Snacks,2024-11-11,2024-11-17,7,25.0,Catalogue
4540,8,Chermside,Queensland,21,Chocolate Block 180g,Snacks,2024-03-15,2024-03-21,7,10.0,In-Store Display
4541,8,Chermside,Queensland,21,Chocolate Block 180g,Snacks,2023-09-21,2023-10-01,11,20.0,Catalogue
4542,8,Chermside,Queensland,21,Chocolate Block 180g,Snacks,2025-08-26,2025-08-31,6,10.0,In-Store Display
4543,8,Chermside,Queensland,21,Chocolate Block 180g,Snacks,2023-01-03,2023-01-13,11,15.0,In-Store Display
4544,8,Chermside,Queensland,21,Chocolate Block 180g,Snacks,2024-01-06,2024-01-15,10,30.0,Catalogue
4545,8,Chermside,Queensland,21,Chocolate Block 180g,Snacks,2025-11-22,2025-11-27,6,20.0,Catalogue
4546,8,Chermside,Queensland,21,Chocolate Block 180g,Snacks,2025-03-02,2025-03-12,11,10.0,In-Store Display
4547,8,Chermside,Queensland,21,Chocolate Block 180g,Snacks,2023-10-29,2023-11-08,11,15.0,In-Store Display
4548,8,Chermside,Queensland,21,Chocolate Block 180g,Snacks,2023-07-10,2023-07-23,14,10.0,In-Store Display
4549,8,Chermside,Queensland,21,Chocolate Block 180g,Snacks,2025-09-30,2025-10-05,6,10.0,In-Store Display
4550,8,Chermside,Queensland,21,Chocolate Block 180g,Snacks,2023-06-09,2023-06-22,14,20.0,Catalogue
4551,8,Chermside,Queensland,21,Chocolate Block 180g,Snacks,2024-08-31,2024-09-09,10,20.0,Catalogue
4552,8,Chermside,Queensland,21,Chocolate Block 180g,Snacks,2024-10-14,2024-10-20,7,10.0,In-Store Display
4553,8,Chermside,Queensland,21,Chocolate Block 180g,Snacks,2025-06-03,2025-06-12,10,10.0,In-Store Display
4554,8,Chermside,Queensland,21,Chocolate Block 180g,Snacks,2024-05-26,2024-06-02,8,50.0,Clearance
4555,8,Chermside,Queensland,21,Chocolate Block 180g,Snacks,2023-12-10,2023-12-17,8,25.0,Catalogue
4556,8,Chermside,Queensland,21,Chocolate Block 180g,Snacks,2023-05-03,2023-05-10,8,20.0,Catalogue
4557,8,Chermside,Queensland,21,Chocolate Block 180g,Snacks,2024-04-21,2024-05-01,11,25.0,Catalogue
4558,8,Chermside,Queensland,21,Chocolate Block 180g,Snacks,2025-12-16,2025-12-24,9,50.0,Clearance
4559,8,Chermside,Queensland,21,Chocolate Block 180g,Snacks,2023-08-12,2023-08-23,12,10.0,In-Store Display
4560,8,Chermside,Queensland,21,Chocolate Block 180g,Snacks,2023-03-30,2023-04-05,7,30.0,Catalogue
4561,8,Chermside,Queensland,21,Chocolate Block 180g,Snacks,2023-01-28,2023-02-06,10,15.0,In-Store Display
4562,8,Chermside,Queensland,21,Chocolate Block 180g,Snacks,2024-12-17,2024-12-22,6,10.0,In-Store Display
4563,8,Chermside,Queensland,21,Chocolate Block 180g,Snacks,2025-05-07,2025-05-14,8,10.0,In-Store Display
4564,8,Chermside,Queensland,21,Chocolate Block 180g,Snacks,2024-07-10,2024-07-14,5,10.0,In-Store Display
4565,8,Chermside,Queensland,21,Chocolate Block 180g,Snacks,2023-03-05,2023-03-12,8,10.0,In-Store Display
4566,8,Chermside,Queensland,21,Chocolate Block 180g,Snacks,2024-02-10,2024-02-19,10,15.0,In-Store Display
4567,8,Chermside,Queensland,21,Chocolate Block 180g,Snacks,2025-03-30,2025-04-07,9,15.0,In-Store Display
4568,8,Chermside,Queensland,21,Chocolate Block 180g,Snacks,2025-10-20,2025-10-31,12,10.0,In-Store Display
4569,8,Chermside,Queensland,21,Chocolate Block 180g,Snacks,2025-01-29,2025-02-02,5,15.0,In-Store Display
4570,8,Chermside,Queensland,21,Chocolate Block 180g,Snacks,2024-08-02,2024-08-12,11,15.0,In-Store Display
4571,8,Chermside,Queensland,22,Mixed Nuts 400g,Snacks,2024-02-26,2024-03-05,9,10.0,In-Store Display
4572,8,Chermside,Queensland,22,Mixed Nuts 400g,Snacks,2025-10-06,2025-10-16,11,10.0,In-Store Display
4573,8,Chermside,Queensland,22,Mixed Nuts 400g,Snacks,2024-11-27,2024-12-06,10,25.0,Catalogue
4574,8,Chermside,Queensland,22,Mixed Nuts 400g,Snacks,2025-12-19,2025-12-28,10,50.0,Clearance
4575,8,Chermside,Queensland,22,Mixed Nuts 400g,Snacks,2024-04-22,2024-05-03,12,10.0,In-Store Display
4576,8,Chermside,Queensland,22,Mixed Nuts 400g,Snacks,2024-01-08,2024-01-18,11,10.0,In-Store Display
4577,8,Chermside,Queensland,22,Mixed Nuts 400g,Snacks,2023-08-30,2023-09-04,6,20.0,Catalogue
4578,8,Chermside,Queensland,22,Mixed Nuts 400g,Snacks,2023-02-23,2023-03-06,12,15.0,In-Store Display
4579,8,Chermside,Queensland,22,Mixed Nuts 400g,Snacks,2023-01-31,2023-02-07,8,50.0,Clearance
4580,8,Chermside,Queensland,22,Mixed Nuts 400g,Snacks,2024-12-30,2025-01-12,14,15.0,In-Store Display
4581,8,Chermside,Queensland,22,Mixed Nuts 400g,Snacks,2024-10-06,2024-10-10,5,10.0,In-Store Display
4582,8,Chermside,Queensland,22,Mixed Nuts 400g,Snacks,2025-05-24,2025-06-06,14,10.0,In-Store Display
4583,8,Chermside,Queensland,22,Mixed Nuts 400g,Snacks,2023-12-06,2023-12-11,6,10.0,In-Store Display
4584,8,Chermside,Queensland,22,Mixed Nuts 400g,Snacks,2025-03-01,2025-03-07,7,20.0,Catalogue
4585,8,Chermside,Queensland,22,Mixed Nuts 400g,Snacks,2024-08-06,2024-08-11,6,30.0,Catalogue
4586,8,Chermside,Queensland,22,Mixed Nuts 400g,Snacks,2025-08-17,2025-08-25,9,15.0,In-Store Display
4587,8,Chermside,Queensland,22,Mixed Nuts 400g,Snacks,2025-01-27,2025-01-31,5,25.0,Catalogue
4588,8,Chermside,Queensland,22,Mixed Nuts 400g,Snacks,2023-07-29,2023-08-04,7,25.0,Catalogue
4589,8,Chermside,Queensland,22,Mixed Nuts 400g,Snacks,2024-03-31,2024-04-07,8,10.0,In-Store Display
4590,8,Chermside,Queensland,22,Mixed Nuts 400g,Snacks,2023-05-01,2023-05-10,10,20.0,Catalogue
4591,8,Chermside,Queensland,22,Mixed Nuts 400g,Snacks,2025-11-30,2025-12-04,5,20.0,Catalogue
4592,8,Chermside,Queensland,22,Mixed Nuts 400g,Snacks,2023-09-28,2023-10-10,13,10.0,In-Store Display
4593,8,Chermside,Queensland,22,Mixed Nuts 400g,Snacks,2023-04-04,2023-04-10,7,15.0,In-Store Display
4594,8,Chermside,Queensland,22,Mixed Nuts 400g,Snacks,2024-06-24,2024-07-01,8,20.0,Catalogue
4595,8,Chermside,Queensland,22,Mixed Nuts 400g,Snacks,2025-06-23,2025-07-05,13,20.0,Catalogue
4596,8,Chermside,Queensland,23,Muesli Bars 6pk,Snacks,2025-05-19,2025-05-28,10,25.0,Catalogue
4597,8,Chermside,Queensland,23,Muesli Bars 6pk,Snacks,2023-05-05,2023-05-13,9,20.0,Catalogue
4598,8,Chermside,Queensland,23,Muesli Bars 6pk,Snacks,2023-05-31,2023-06-08,9,15.0,In-Store Display
4599,8,Chermside,Queensland,23,Muesli Bars 6pk,Snacks,2024-05-04,2024-05-12,9,20.0,Catalogue
4600,8,Chermside,Queensland,23,Muesli Bars 6pk,Snacks,2023-07-03,2023-07-16,14,20.0,Catalogue
4601,8,Chermside,Queensland,23,Muesli Bars 6pk,Snacks,2023-10-27,2023-11-05,10,25.0,Catalogue
4602,8,Chermside,Queensland,23,Muesli Bars 6pk,Snacks,2023-08-23,2023-08-29,7,15.0,In-Store Display
4603,8,Chermside,Queensland,23,Muesli Bars 6pk,Snacks,2025-08-28,2025-09-03,7,10.0,In-Store Display
4604,8,Chermside,Queensland,23,Muesli Bars 6pk,Snacks,2024-01-16,2024-01-27,12,10.0,In-Store Display
4605,8,Chermside,Queensland,23,Muesli Bars 6pk,Snacks,2024-08-27,2024-09-09,14,20.0,Catalogue
4606,8,Chermside,Queensland,23,Muesli Bars 6pk,Snacks,2023-11-25,2023-12-02,8,30.0,Catalogue
4607,8,Chermside,Queensland,23,Muesli Bars 6pk,Snacks,2024-06-24,2024-06-29,6,25.0,Catalogue
4608,8,Chermside,Queensland,23,Muesli Bars 6pk,Snacks,2025-12-15,2025-12-27,13,15.0,In-Store Display
4609,8,Chermside,Queensland,23,Muesli Bars 6pk,Snacks,2025-06-30,2025-07-08,9,10.0,In-Store Display
4610,8,Chermside,Queensland,23,Muesli Bars 6pk,Snacks,2025-10-16,2025-10-22,7,15.0,In-Store Display
4611,8,Chermside,Queensland,23,Muesli Bars 6pk,Snacks,2024-02-24,2024-03-07,13,30.0,Catalogue
4612,8,Chermside,Queensland,23,Muesli Bars 6pk,Snacks,2025-04-22,2025-05-03,12,50.0,Clearance
4613,8,Chermside,Queensland,23,Muesli Bars 6pk,Snacks,2025-01-12,2025-01-21,10,20.0,Catalogue
4614,8,Chermside,Queensland,23,Muesli Bars 6pk,Snacks,2024-08-01,2024-08-09,9,25.0,Catalogue
4615,8,Chermside,Queensland,23,Muesli Bars 6pk,Snacks,2023-04-03,2023-04-14,12,25.0,Catalogue
4616,8,Chermside,Queensland,23,Muesli Bars 6pk,Snacks,2024-11-29,2024-12-12,14,25.0,Catalogue
4617,8,Chermside,Queensland,23,Muesli Bars 6pk,Snacks,2025-11-13,2025-11-26,14,20.0,Catalogue
4618,8,Chermside,Queensland,24,Toilet Paper 12pk,Household,2024-01-27,2024-02-01,6,25.0,Catalogue
4619,8,Chermside,Queensland,24,Toilet Paper 12pk,Household,2023-09-12,2023-09-20,9,10.0,In-Store Display
4620,8,Chermside,Queensland,24,Toilet Paper 12pk,Household,2023-10-21,2023-10-27,7,10.0,In-Store Display
4621,8,Chermside,Queensland,24,Toilet Paper 12pk,Household,2024-03-16,2024-03-21,6,10.0,In-Store Display
4622,8,Chermside,Queensland,24,Toilet Paper 12pk,Household,2025-10-10,2025-10-22,13,25.0,Catalogue
4623,8,Chermside,Queensland,24,Toilet Paper 12pk,Household,2024-07-23,2024-07-29,7,15.0,In-Store Display
4624,8,Chermside,Queensland,24,Toilet Paper 12pk,Household,2024-11-03,2024-11-10,8,15.0,In-Store Display
4625,8,Chermside,Queensland,24,Toilet Paper 12pk,Household,2025-08-18,2025-08-31,14,30.0,Catalogue
4626,8,Chermside,Queensland,24,Toilet Paper 12pk,Household,2025-03-27,2025-04-03,8,15.0,In-Store Display
4627,8,Chermside,Queensland,24,Toilet Paper 12pk,Household,2023-12-28,2024-01-08,12,15.0,In-Store Display
4628,8,Chermside,Queensland,24,Toilet Paper 12pk,Household,2025-12-18,2025-12-28,11,25.0,Catalogue
4629,8,Chermside,Queensland,24,Toilet Paper 12pk,Household,2023-07-01,2023-07-07,7,30.0,Catalogue
4630,8,Chermside,Queensland,24,Toilet Paper 12pk,Household,2024-06-19,2024-06-28,10,30.0,Catalogue
4631,8,Chermside,Queensland,24,Toilet Paper 12pk,Household,2023-03-18,2023-03-26,9,10.0,In-Store Display
4632,8,Chermside,Queensland,24,Toilet Paper 12pk,Household,2025-03-05,2025-03-09,5,20.0,Catalogue
4633,8,Chermside,Queensland,24,Toilet Paper 12pk,Household,2024-04-13,2024-04-22,10,10.0,In-Store Display
4634,8,Chermside,Queensland,24,Toilet Paper 12pk,Household,2024-12-11,2024-12-18,8,15.0,In-Store Display
4635,8,Chermside,Queensland,24,Toilet Paper 12pk,Household,2025-07-03,2025-07-10,8,15.0,In-Store Display
4636,8,Chermside,Queensland,24,Toilet Paper 12pk,Household,2025-01-28,2025-02-03,7,15.0,In-Store Display
4637,8,Chermside,Queensland,24,Toilet Paper 12pk,Household,2025-04-26,2025-05-07,12,20.0,Catalogue
4638,8,Chermside,Queensland,24,Toilet Paper 12pk,Household,2023-07-26,2023-08-02,8,20.0,Catalogue
4639,8,Chermside,Queensland,24,Toilet Paper 12pk,Household,2023-05-26,2023-06-03,9,20.0,Catalogue
4640,8,Chermside,Queensland,24,Toilet Paper 12pk,Household,2025-05-29,2025-06-09,12,15.0,In-Store Display
4641,8,Chermside,Queensland,25,Laundry Liquid 2L,Household,2025-03-12,2025-03-19,8,30.0,Catalogue
4642,8,Chermside,Queensland,25,Laundry Liquid 2L,Household,2024-11-13,2024-11-17,5,50.0,Clearance
4643,8,Chermside,Queensland,25,Laundry Liquid 2L,Household,2024-10-08,2024-10-21,14,10.0,In-Store Display
4644,8,Chermside,Queensland,25,Laundry Liquid 2L,Household,2025-09-05,2025-09-10,6,30.0,Catalogue
4645,8,Chermside,Queensland,25,Laundry Liquid 2L,Household,2023-03-31,2023-04-12,13,15.0,In-Store Display
4646,8,Chermside,Queensland,25,Laundry Liquid 2L,Household,2025-07-02,2025-07-06,5,15.0,In-Store Display
4647,8,Chermside,Queensland,25,Laundry Liquid 2L,Household,2023-09-12,2023-09-19,8,10.0,In-Store Display
4648,8,Chermside,Queensland,25,Laundry Liquid 2L,Household,2025-11-04,2025-11-13,10,30.0,Catalogue
4649,8,Chermside,Queensland,25,Laundry Liquid 2L,Household,2024-12-20,2024-12-30,11,30.0,Catalogue
4650,8,Chermside,Queensland,25,Laundry Liquid 2L,Household,2024-06-02,2024-06-09,8,30.0,Catalogue
4651,8,Chermside,Queensland,25,Laundry Liquid 2L,Household,2024-07-22,2024-07-27,6,20.0,Catalogue
4652,8,Chermside,Queensland,25,Laundry Liquid 2L,Household,2024-09-15,2024-09-19,5,15.0,In-Store Display
4653,8,Chermside,Queensland,25,Laundry Liquid 2L,Household,2025-01-31,2025-02-04,5,30.0,Catalogue
4654,8,Chermside,Queensland,25,Laundry Liquid 2L,Household,2025-05-05,2025-05-12,8,30.0,Catalogue
4655,8,Chermside,Queensland,25,Laundry Liquid 2L,Household,2024-01-19,2024-01-31,13,20.0,Catalogue
4656,8,Chermside,Queensland,25,Laundry Liquid 2L,Household,2023-10-28,2023-11-05,9,25.0,Catalogue
4657,8,Chermside,Queensland,25,Laundry Liquid 2L,Household,2025-08-06,2025-08-13,8,10.0,In-Store Display
4658,8,Chermside,Queensland,25,Laundry Liquid 2L,Household,2025-12-19,2025-12-26,8,10.0,In-Store Display
4659,8,Chermside,Queensland,25,Laundry Liquid 2L,Household,2024-04-09,2024-04-20,12,15.0,In-Store Display
4660,8,Chermside,Queensland,25,Laundry Liquid 2L,Household,2023-05-06,2023-05-10,5,15.0,In-Store Display
4661,8,Chermside,Queensland,25,Laundry Liquid 2L,Household,2025-10-01,2025-10-13,13,25.0,Catalogue
4662,8,Chermside,Queensland,25,Laundry Liquid 2L,Household,2024-06-26,2024-07-06,11,20.0,Catalogue
4663,8,Chermside,Queensland,25,Laundry Liquid 2L,Household,2023-07-19,2023-07-29,11,15.0,In-Store Display
4664,8,Chermside,Queensland,25,Laundry Liquid 2L,Household,2024-02-17,2024-02-28,12,15.0,In-Store Display
4665,8,Chermside,Queensland,25,Laundry Liquid 2L,Household,2023-11-24,2023-11-29,6,25.0,Catalogue
4666,8,Chermside,Queensland,25,Laundry Liquid 2L,Household,2023-01-30,2023-02-11,13,15.0,In-Store Display
4667,8,Chermside,Queensland,25,Laundry Liquid 2L,Household,2023-12-16,2023-12-28,13,20.0,Catalogue
4668,8,Chermside,Queensland,26,Dishwashing Liquid 500ml,Household,2025-02-26,2025-03-07,10,10.0,In-Store Display
4669,8,Chermside,Queensland,26,Dishwashing Liquid 500ml,Household,2025-06-19,2025-06-24,6,10.0,In-Store Display
4670,8,Chermside,Queensland,26,Dishwashing Liquid 500ml,Household,2024-12-06,2024-12-16,11,50.0,Clearance
4671,8,Chermside,Queensland,26,Dishwashing Liquid 500ml,Household,2025-10-26,2025-11-06,12,25.0,Catalogue
4672,8,Chermside,Queensland,26,Dishwashing Liquid 500ml,Household,2024-05-16,2024-05-22,7,30.0,Catalogue
4673,8,Chermside,Queensland,26,Dishwashing Liquid 500ml,Household,2023-12-07,2023-12-17,11,25.0,Catalogue
4674,8,Chermside,Queensland,26,Dishwashing Liquid 500ml,Household,2024-02-14,2024-02-21,8,20.0,Catalogue
4675,8,Chermside,Queensland,26,Dishwashing Liquid 500ml,Household,2023-11-17,2023-11-21,5,50.0,Clearance
4676,8,Chermside,Queensland,26,Dishwashing Liquid 500ml,Household,2023-02-13,2023-02-19,7,25.0,Catalogue
4677,8,Chermside,Queensland,26,Dishwashing Liquid 500ml,Household,2025-05-18,2025-05-27,10,50.0,Clearance
4678,8,Chermside,Queensland,26,Dishwashing Liquid 500ml,Household,2023-04-13,2023-04-24,12,20.0,Catalogue
4679,8,Chermside,Queensland,26,Dishwashing Liquid 500ml,Household,2023-07-18,2023-07-30,13,20.0,Catalogue
4680,8,Chermside,Queensland,26,Dishwashing Liquid 500ml,Household,2025-01-29,2025-02-02,5,30.0,Catalogue
4681,8,Chermside,Queensland,26,Dishwashing Liquid 500ml,Household,2023-01-09,2023-01-22,14,20.0,Catalogue
4682,8,Chermside,Queensland,26,Dishwashing Liquid 500ml,Household,2023-06-19,2023-06-28,10,25.0,Catalogue
4683,8,Chermside,Queensland,26,Dishwashing Liquid 500ml,Household,2024-01-15,2024-01-26,12,30.0,Catalogue
4684,8,Chermside,Queensland,27,Paper Towel 4pk,Household,2024-05-12,2024-05-20,9,50.0,Clearance
4685,8,Chermside,Queensland,27,Paper Towel 4pk,Household,2024-02-16,2024-02-28,13,15.0,In-Store Display
4686,8,Chermside,Queensland,27,Paper Towel 4pk,Household,2025-04-25,2025-05-05,11,25.0,Catalogue
4687,8,Chermside,Queensland,27,Paper Towel 4pk,Household,2023-12-14,2023-12-21,8,25.0,Catalogue
4688,8,Chermside,Queensland,27,Paper Towel 4pk,Household,2023-02-26,2023-03-06,9,20.0,Catalogue
4689,8,Chermside,Queensland,27,Paper Towel 4pk,Household,2023-06-25,2023-07-03,9,30.0,Catalogue
4690,8,Chermside,Queensland,27,Paper Towel 4pk,Household,2025-08-02,2025-08-06,5,15.0,In-Store Display
4691,8,Chermside,Queensland,27,Paper Towel 4pk,Household,2024-11-06,2024-11-16,11,10.0,In-Store Display
4692,8,Chermside,Queensland,27,Paper Towel 4pk,Household,2025-07-01,2025-07-09,9,20.0,Catalogue
4693,8,Chermside,Queensland,27,Paper Towel 4pk,Household,2025-01-29,2025-02-11,14,15.0,In-Store Display
4694,8,Chermside,Queensland,27,Paper Towel 4pk,Household,2025-03-22,2025-04-02,12,20.0,Catalogue
4695,8,Chermside,Queensland,27,Paper Towel 4pk,Household,2023-01-20,2023-02-01,13,15.0,In-Store Display
4696,8,Chermside,Queensland,27,Paper Towel 4pk,Household,2024-06-20,2024-06-30,11,10.0,In-Store Display
4697,8,Chermside,Queensland,27,Paper Towel 4pk,Household,2025-11-28,2025-12-11,14,30.0,Catalogue
4698,8,Chermside,Queensland,27,Paper Towel 4pk,Household,2023-04-02,2023-04-11,10,30.0,Catalogue
4699,8,Chermside,Queensland,27,Paper Towel 4pk,Household,2025-05-21,2025-05-29,9,10.0,In-Store Display
4700,8,Chermside,Queensland,27,Paper Towel 4pk,Household,2024-01-10,2024-01-23,14,15.0,In-Store Display
4701,8,Chermside,Queensland,28,Sunscreen SPF50+ 200ml,Household,2025-08-20,2025-09-01,13,10.0,In-Store Display
4702,8,Chermside,Queensland,28,Sunscreen SPF50+ 200ml,Household,2023-05-27,2023-06-05,10,30.0,Catalogue
4703,8,Chermside,Queensland,28,Sunscreen SPF50+ 200ml,Household,2023-06-21,2023-07-04,14,30.0,Catalogue
4704,8,Chermside,Queensland,28,Sunscreen SPF50+ 200ml,Household,2024-01-16,2024-01-28,13,20.0,Catalogue
4705,8,Chermside,Queensland,28,Sunscreen SPF50+ 200ml,Household,2023-11-03,2023-11-15,13,30.0,Catalogue
4706,8,Chermside,Queensland,28,Sunscreen SPF50+ 200ml,Household,2023-09-08,2023-09-19,12,15.0,In-Store Display
4707,8,Chermside,Queensland,28,Sunscreen SPF50+ 200ml,Household,2025-12-19,2025-12-30,12,10.0,In-Store Display
4708,8,Chermside,Queensland,28,Sunscreen SPF50+ 200ml,Household,2024-08-23,2024-08-28,6,10.0,In-Store Display
4709,8,Chermside,Queensland,28,Sunscreen SPF50+ 200ml,Household,2025-10-12,2025-10-25,14,15.0,In-Store Display
4710,8,Chermside,Queensland,28,Sunscreen SPF50+ 200ml,Household,2023-04-15,2023-04-28,14,15.0,In-Store Display
4711,8,Chermside,Queensland,28,Sunscreen SPF50+ 200ml,Household,2025-03-01,2025-03-07,7,15.0,In-Store Display
4712,8,Chermside,Queensland,28,Sunscreen SPF50+ 200ml,Household,2023-01-21,2023-01-28,8,25.0,Catalogue
4713,8,Chermside,Queensland,28,Sunscreen SPF50+ 200ml,Household,2024-07-20,2024-07-24,5,25.0,Catalogue
4714,8,Chermside,Queensland,28,Sunscreen SPF50+ 200ml,Household,2025-01-25,2025-02-06,13,15.0,In-Store Display
4715,8,Chermside,Queensland,28,Sunscreen SPF50+ 200ml,Household,2024-03-11,2024-03-20,10,50.0,Clearance
4716,8,Chermside,Queensland,28,Sunscreen SPF50+ 200ml,Household,2025-06-16,2025-06-22,7,30.0,Catalogue
4717,8,Chermside,Queensland,28,Sunscreen SPF50+ 200ml,Household,2024-06-21,2024-06-26,6,20.0,Catalogue
4718,8,Chermside,Queensland,28,Sunscreen SPF50+ 200ml,Household,2025-04-20,2025-04-26,7,20.0,Catalogue
4719,8,Chermside,Queensland,28,Sunscreen SPF50+ 200ml,Household,2024-02-14,2024-02-20,7,25.0,Catalogue
4720,8,Chermside,Queensland,28,Sunscreen SPF50+ 200ml,Household,2023-08-06,2023-08-11,6,50.0,Clearance
4721,8,Chermside,Queensland,29,Insect Repellent 150ml,Household,2024-07-19,2024-07-24,6,25.0,Catalogue
4722,8,Chermside,Queensland,29,Insect Repellent 150ml,Household,2023-05-04,2023-05-17,14,30.0,Catalogue
4723,8,Chermside,Queensland,29,Insect Repellent 150ml,Household,2023-09-23,2023-10-06,14,15.0,In-Store Display
4724,8,Chermside,Queensland,29,Insect Repellent 150ml,Household,2024-02-21,2024-03-01,10,25.0,Catalogue
4725,8,Chermside,Queensland,29,Insect Repellent 150ml,Household,2023-11-26,2023-12-03,8,20.0,Catalogue
4726,8,Chermside,Queensland,29,Insect Repellent 150ml,Household,2024-10-04,2024-10-12,9,20.0,Catalogue
4727,8,Chermside,Queensland,29,Insect Repellent 150ml,Household,2024-04-11,2024-04-22,12,25.0,Catalogue
4728,8,Chermside,Queensland,29,Insect Repellent 150ml,Household,2025-02-21,2025-03-06,14,10.0,In-Store Display
4729,8,Chermside,Queensland,29,Insect Repellent 150ml,Household,2024-12-18,2024-12-29,12,10.0,In-Store Display
4730,8,Chermside,Queensland,29,Insect Repellent 150ml,Household,2023-02-24,2023-03-05,10,15.0,In-Store Display
4731,8,Chermside,Queensland,29,Insect Repellent 150ml,Household,2024-11-16,2024-11-22,7,15.0,In-Store Display
4732,8,Chermside,Queensland,29,Insect Repellent 150ml,Household,2025-08-09,2025-08-17,9,20.0,Catalogue
4733,8,Chermside,Queensland,29,Insect Repellent 150ml,Household,2023-07-02,2023-07-13,12,10.0,In-Store Display
4734,8,Chermside,Queensland,29,Insect Repellent 150ml,Household,2024-01-05,2024-01-09,5,20.0,Catalogue
4735,8,Chermside,Queensland,29,Insect Repellent 150ml,Household,2025-03-29,2025-04-02,5,15.0,In-Store Display
4736,8,Chermside,Queensland,29,Insect Repellent 150ml,Household,2025-01-17,2025-01-22,6,20.0,Catalogue
4737,8,Chermside,Queensland,30,Firelighters 24pk,Household,2023-10-16,2023-10-28,13,20.0,Catalogue
4738,8,Chermside,Queensland,30,Firelighters 24pk,Household,2024-10-19,2024-10-24,6,10.0,In-Store Display
4739,8,Chermside,Queensland,30,Firelighters 24pk,Household,2025-04-06,2025-04-10,5,15.0,In-Store Display
4740,8,Chermside,Queensland,30,Firelighters 24pk,Household,2025-08-19,2025-08-30,12,10.0,In-Store Display
4741,8,Chermside,Queensland,30,Firelighters 24pk,Household,2024-06-19,2024-06-30,12,20.0,Catalogue
4742,8,Chermside,Queensland,30,Firelighters 24pk,Household,2025-11-28,2025-12-10,13,20.0,Catalogue
4743,8,Chermside,Queensland,30,Firelighters 24pk,Household,2023-03-29,2023-04-08,11,15.0,In-Store Display
4744,8,Chermside,Queensland,30,Firelighters 24pk,Household,2024-07-27,2024-08-06,11,15.0,In-Store Display
4745,8,Chermside,Queensland,30,Firelighters 24pk,Household,2025-05-31,2025-06-08,9,20.0,Catalogue
4746,8,Chermside,Queensland,30,Firelighters 24pk,Household,2024-03-24,2024-03-30,7,15.0,In-Store Display
4747,8,Chermside,Queensland,30,Firelighters 24pk,Household,2023-08-13,2023-08-18,6,15.0,In-Store Display
4748,8,Chermside,Queensland,30,Firelighters 24pk,Household,2024-08-24,2024-09-06,14,20.0,Catalogue
4749,9,Logan,Queensland,1,Long Grain Rice 2kg,Staples,2024-08-28,2024-09-07,11,15.0,In-Store Display
4750,9,Logan,Queensland,1,Long Grain Rice 2kg,Staples,2025-08-01,2025-08-09,9,25.0,Catalogue
4751,9,Logan,Queensland,1,Long Grain Rice 2kg,Staples,2024-09-25,2024-10-04,10,20.0,Catalogue
4752,9,Logan,Queensland,1,Long Grain Rice 2kg,Staples,2025-10-15,2025-10-22,8,30.0,Catalogue
4753,9,Logan,Queensland,1,Long Grain Rice 2kg,Staples,2023-02-01,2023-02-13,13,30.0,Catalogue
4754,9,Logan,Queensland,1,Long Grain Rice 2kg,Staples,2025-01-09,2025-01-14,6,15.0,In-Store Display
4755,9,Logan,Queensland,1,Long Grain Rice 2kg,Staples,2023-07-29,2023-08-11,14,25.0,Catalogue
4756,9,Logan,Queensland,1,Long Grain Rice 2kg,Staples,2025-02-25,2025-03-03,7,20.0,Catalogue
4757,9,Logan,Queensland,1,Long Grain Rice 2kg,Staples,2023-01-02,2023-01-11,10,15.0,In-Store Display
4758,9,Logan,Queensland,1,Long Grain Rice 2kg,Staples,2023-10-19,2023-11-01,14,15.0,In-Store Display
4759,9,Logan,Queensland,1,Long Grain Rice 2kg,Staples,2024-02-12,2024-02-18,7,30.0,Catalogue
4760,9,Logan,Queensland,2,Dried Pasta 500g,Staples,2024-08-20,2024-08-25,6,30.0,Catalogue
4761,9,Logan,Queensland,2,Dried Pasta 500g,Staples,2025-09-01,2025-09-13,13,30.0,Catalogue
4762,9,Logan,Queensland,2,Dried Pasta 500g,Staples,2025-03-27,2025-04-08,13,15.0,In-Store Display
4763,9,Logan,Queensland,2,Dried Pasta 500g,Staples,2023-06-25,2023-07-03,9,25.0,Catalogue
4764,9,Logan,Queensland,2,Dried Pasta 500g,Staples,2024-06-07,2024-06-19,13,15.0,In-Store Display
4765,9,Logan,Queensland,2,Dried Pasta 500g,Staples,2024-09-09,2024-09-18,10,20.0,Catalogue
4766,9,Logan,Queensland,2,Dried Pasta 500g,Staples,2025-01-02,2025-01-15,14,15.0,In-Store Display
4767,9,Logan,Queensland,2,Dried Pasta 500g,Staples,2023-09-24,2023-10-06,13,20.0,Catalogue
4768,9,Logan,Queensland,2,Dried Pasta 500g,Staples,2023-12-31,2024-01-07,8,25.0,Catalogue
4769,9,Logan,Queensland,2,Dried Pasta 500g,Staples,2025-05-19,2025-05-30,12,15.0,In-Store Display
4770,9,Logan,Queensland,2,Dried Pasta 500g,Staples,2025-11-18,2025-11-28,11,20.0,Catalogue
4771,9,Logan,Queensland,2,Dried Pasta 500g,Staples,2023-02-20,2023-03-02,11,15.0,In-Store Display
4772,9,Logan,Queensland,2,Dried Pasta 500g,Staples,2024-11-20,2024-11-24,5,15.0,In-Store Display
4773,9,Logan,Queensland,2,Dried Pasta 500g,Staples,2025-12-23,2025-12-28,6,25.0,Catalogue
4774,9,Logan,Queensland,2,Dried Pasta 500g,Staples,2025-06-29,2025-07-12,14,15.0,In-Store Display
4775,9,Logan,Queensland,3,White Bread Loaf,Staples,2023-02-17,2023-02-24,8,10.0,In-Store Display
4776,9,Logan,Queensland,3,White Bread Loaf,Staples,2025-08-24,2025-09-05,13,20.0,Catalogue
4777,9,Logan,Queensland,3,White Bread Loaf,Staples,2023-09-22,2023-10-03,12,20.0,Catalogue
4778,9,Logan,Queensland,3,White Bread Loaf,Staples,2024-10-31,2024-11-07,8,10.0,In-Store Display
4779,9,Logan,Queensland,3,White Bread Loaf,Staples,2023-05-02,2023-05-09,8,15.0,In-Store Display
4780,9,Logan,Queensland,3,White Bread Loaf,Staples,2024-07-26,2024-07-30,5,15.0,In-Store Display
4781,9,Logan,Queensland,3,White Bread Loaf,Staples,2025-12-06,2025-12-12,7,30.0,Catalogue
4782,9,Logan,Queensland,3,White Bread Loaf,Staples,2023-08-31,2023-09-07,8,30.0,Catalogue
4783,9,Logan,Queensland,3,White Bread Loaf,Staples,2023-11-24,2023-12-04,11,15.0,In-Store Display
4784,9,Logan,Queensland,3,White Bread Loaf,Staples,2023-03-18,2023-03-26,9,20.0,Catalogue
4785,9,Logan,Queensland,4,Plain Flour 1kg,Staples,2025-01-18,2025-01-25,8,15.0,In-Store Display
4786,9,Logan,Queensland,4,Plain Flour 1kg,Staples,2024-05-12,2024-05-18,7,15.0,In-Store Display
4787,9,Logan,Queensland,4,Plain Flour 1kg,Staples,2025-07-09,2025-07-17,9,20.0,Catalogue
4788,9,Logan,Queensland,4,Plain Flour 1kg,Staples,2024-07-03,2024-07-09,7,10.0,In-Store Display
4789,9,Logan,Queensland,4,Plain Flour 1kg,Staples,2025-02-21,2025-02-26,6,15.0,In-Store Display
4790,9,Logan,Queensland,4,Plain Flour 1kg,Staples,2023-10-14,2023-10-27,14,25.0,Catalogue
4791,9,Logan,Queensland,4,Plain Flour 1kg,Staples,2023-01-07,2023-01-17,11,15.0,In-Store Display
4792,9,Logan,Queensland,4,Plain Flour 1kg,Staples,2024-01-11,2024-01-22,12,20.0,Catalogue
4793,9,Logan,Queensland,4,Plain Flour 1kg,Staples,2023-09-13,2023-09-20,8,15.0,In-Store Display
4794,9,Logan,Queensland,4,Plain Flour 1kg,Staples,2025-11-02,2025-11-12,11,15.0,In-Store Display
4795,9,Logan,Queensland,4,Plain Flour 1kg,Staples,2023-12-21,2023-12-27,7,25.0,Catalogue
4796,9,Logan,Queensland,4,Plain Flour 1kg,Staples,2025-04-10,2025-04-14,5,20.0,Catalogue
4797,9,Logan,Queensland,4,Plain Flour 1kg,Staples,2023-08-17,2023-08-29,13,30.0,Catalogue
4798,9,Logan,Queensland,5,Breakfast Cereal 1kg,Staples,2023-04-12,2023-04-25,14,15.0,In-Store Display
4799,9,Logan,Queensland,5,Breakfast Cereal 1kg,Staples,2024-08-31,2024-09-07,8,30.0,Catalogue
4800,9,Logan,Queensland,5,Breakfast Cereal 1kg,Staples,2024-06-28,2024-07-09,12,10.0,In-Store Display
4801,9,Logan,Queensland,5,Breakfast Cereal 1kg,Staples,2025-08-26,2025-09-04,10,25.0,Catalogue
4802,9,Logan,Queensland,5,Breakfast Cereal 1kg,Staples,2025-03-07,2025-03-15,9,50.0,Clearance
4803,9,Logan,Queensland,5,Breakfast Cereal 1kg,Staples,2025-11-04,2025-11-16,13,15.0,In-Store Display
4804,9,Logan,Queensland,5,Breakfast Cereal 1kg,Staples,2023-11-14,2023-11-19,6,25.0,Catalogue
4805,9,Logan,Queensland,5,Breakfast Cereal 1kg,Staples,2025-04-26,2025-05-07,12,10.0,In-Store Display
4806,9,Logan,Queensland,5,Breakfast Cereal 1kg,Staples,2025-01-13,2025-01-19,7,15.0,In-Store Display
4807,9,Logan,Queensland,5,Breakfast Cereal 1kg,Staples,2024-12-19,2024-12-23,5,20.0,Catalogue
4808,9,Logan,Queensland,5,Breakfast Cereal 1kg,Staples,2024-11-11,2024-11-15,5,10.0,In-Store Display
4809,9,Logan,Queensland,5,Breakfast Cereal 1kg,Staples,2023-06-21,2023-07-01,11,20.0,Catalogue
4810,9,Logan,Queensland,5,Breakfast Cereal 1kg,Staples,2025-12-19,2025-12-26,8,10.0,In-Store Display
4811,9,Logan,Queensland,5,Breakfast Cereal 1kg,Staples,2024-01-25,2024-02-01,8,25.0,Catalogue
4812,9,Logan,Queensland,5,Breakfast Cereal 1kg,Staples,2024-05-29,2024-06-09,12,50.0,Clearance
4813,9,Logan,Queensland,5,Breakfast Cereal 1kg,Staples,2023-02-26,2023-03-06,9,20.0,Catalogue
4814,9,Logan,Queensland,5,Breakfast Cereal 1kg,Staples,2023-01-26,2023-02-03,9,10.0,In-Store Display
4815,9,Logan,Queensland,6,White Sugar 1kg,Staples,2023-03-14,2023-03-19,6,10.0,In-Store Display
4816,9,Logan,Queensland,6,White Sugar 1kg,Staples,2025-08-10,2025-08-21,12,20.0,Catalogue
4817,9,Logan,Queensland,6,White Sugar 1kg,Staples,2025-01-11,2025-01-20,10,10.0,In-Store Display
4818,9,Logan,Queensland,6,White Sugar 1kg,Staples,2024-09-07,2024-09-11,5,10.0,In-Store Display
4819,9,Logan,Queensland,6,White Sugar 1kg,Staples,2024-11-23,2024-12-03,11,20.0,Catalogue
4820,9,Logan,Queensland,6,White Sugar 1kg,Staples,2025-12-18,2025-12-24,7,20.0,Catalogue
4821,9,Logan,Queensland,6,White Sugar 1kg,Staples,2025-05-11,2025-05-18,8,10.0,In-Store Display
4822,9,Logan,Queensland,6,White Sugar 1kg,Staples,2024-03-23,2024-03-31,9,15.0,In-Store Display
4823,9,Logan,Queensland,6,White Sugar 1kg,Staples,2025-09-07,2025-09-14,8,15.0,In-Store Display
4824,9,Logan,Queensland,6,White Sugar 1kg,Staples,2023-12-31,2024-01-05,6,50.0,Clearance
4825,9,Logan,Queensland,6,White Sugar 1kg,Staples,2023-10-03,2023-10-08,6,25.0,Catalogue
4826,9,Logan,Queensland,7,Full Cream Milk 2L,Dairy & Frozen,2025-04-08,2025-04-12,5,25.0,Catalogue
4827,9,Logan,Queensland,7,Full Cream Milk 2L,Dairy & Frozen,2024-08-23,2024-09-03,12,15.0,In-Store Display
4828,9,Logan,Queensland,7,Full Cream Milk 2L,Dairy & Frozen,2023-03-13,2023-03-23,11,15.0,In-Store Display
4829,9,Logan,Queensland,7,Full Cream Milk 2L,Dairy & Frozen,2023-12-01,2023-12-06,6,25.0,Catalogue
4830,9,Logan,Queensland,7,Full Cream Milk 2L,Dairy & Frozen,2024-04-19,2024-04-30,12,15.0,In-Store Display
4831,9,Logan,Queensland,7,Full Cream Milk 2L,Dairy & Frozen,2024-03-21,2024-03-26,6,10.0,In-Store Display
4832,9,Logan,Queensland,7,Full Cream Milk 2L,Dairy & Frozen,2023-10-15,2023-10-19,5,20.0,Catalogue
4833,9,Logan,Queensland,7,Full Cream Milk 2L,Dairy & Frozen,2023-01-04,2023-01-09,6,10.0,In-Store Display
4834,9,Logan,Queensland,7,Full Cream Milk 2L,Dairy & Frozen,2024-10-01,2024-10-13,13,25.0,Catalogue
4835,9,Logan,Queensland,8,Tasty Cheese Block 500g,Dairy & Frozen,2025-11-21,2025-11-25,5,25.0,Catalogue
4836,9,Logan,Queensland,8,Tasty Cheese Block 500g,Dairy & Frozen,2023-05-20,2023-05-29,10,20.0,Catalogue
4837,9,Logan,Queensland,8,Tasty Cheese Block 500g,Dairy & Frozen,2024-05-08,2024-05-18,11,15.0,In-Store Display
4838,9,Logan,Queensland,8,Tasty Cheese Block 500g,Dairy & Frozen,2025-05-02,2025-05-13,12,25.0,Catalogue
4839,9,Logan,Queensland,8,Tasty Cheese Block 500g,Dairy & Frozen,2023-01-06,2023-01-19,14,50.0,Clearance
4840,9,Logan,Queensland,8,Tasty Cheese Block 500g,Dairy & Frozen,2024-02-20,2024-03-01,11,20.0,Catalogue
4841,9,Logan,Queensland,8,Tasty Cheese Block 500g,Dairy & Frozen,2023-04-18,2023-04-23,6,20.0,Catalogue
4842,9,Logan,Queensland,8,Tasty Cheese Block 500g,Dairy & Frozen,2025-01-09,2025-01-17,9,10.0,In-Store Display
4843,9,Logan,Queensland,8,Tasty Cheese Block 500g,Dairy & Frozen,2025-02-13,2025-02-20,8,10.0,In-Store Display
4844,9,Logan,Queensland,8,Tasty Cheese Block 500g,Dairy & Frozen,2024-07-14,2024-07-27,14,15.0,In-Store Display
4845,9,Logan,Queensland,8,Tasty Cheese Block 500g,Dairy & Frozen,2023-07-19,2023-07-27,9,20.0,Catalogue
4846,9,Logan,Queensland,8,Tasty Cheese Block 500g,Dairy & Frozen,2023-09-28,2023-10-11,14,15.0,In-Store Display
4847,9,Logan,Queensland,8,Tasty Cheese Block 500g,Dairy & Frozen,2024-01-16,2024-01-22,7,30.0,Catalogue
4848,9,Logan,Queensland,8,Tasty Cheese Block 500g,Dairy & Frozen,2024-10-17,2024-10-27,11,15.0,In-Store Display
4849,9,Logan,Queensland,8,Tasty Cheese Block 500g,Dairy & Frozen,2024-06-14,2024-06-25,12,15.0,In-Store Display
4850,9,Logan,Queensland,8,Tasty Cheese Block 500g,Dairy & Frozen,2024-12-01,2024-12-14,14,10.0,In-Store Display
4851,9,Logan,Queensland,8,Tasty Cheese Block 500g,Dairy & Frozen,2024-09-10,2024-09-20,11,15.0,In-Store Display
4852,9,Logan,Queensland,8,Tasty Cheese Block 500g,Dairy & Frozen,2025-06-14,2025-06-22,9,10.0,In-Store Display
4853,9,Logan,Queensland,8,Tasty Cheese Block 500g,Dairy & Frozen,2025-09-22,2025-10-05,14,20.0,Catalogue
4854,9,Logan,Queensland,9,Greek Yoghurt 1kg,Dairy & Frozen,2023-03-06,2023-03-12,7,25.0,Catalogue
4855,9,Logan,Queensland,9,Greek Yoghurt 1kg,Dairy & Frozen,2024-05-16,2024-05-29,14,10.0,In-Store Display
4856,9,Logan,Queensland,9,Greek Yoghurt 1kg,Dairy & Frozen,2025-10-19,2025-10-25,7,30.0,Catalogue
4857,9,Logan,Queensland,9,Greek Yoghurt 1kg,Dairy & Frozen,2023-12-25,2024-01-07,14,10.0,In-Store Display
4858,9,Logan,Queensland,9,Greek Yoghurt 1kg,Dairy & Frozen,2023-11-04,2023-11-09,6,15.0,In-Store Display
4859,9,Logan,Queensland,9,Greek Yoghurt 1kg,Dairy & Frozen,2024-11-13,2024-11-18,6,20.0,Catalogue
4860,9,Logan,Queensland,9,Greek Yoghurt 1kg,Dairy & Frozen,2025-08-03,2025-08-10,8,20.0,Catalogue
4861,9,Logan,Queensland,9,Greek Yoghurt 1kg,Dairy & Frozen,2024-04-13,2024-04-25,13,20.0,Catalogue
4862,9,Logan,Queensland,9,Greek Yoghurt 1kg,Dairy & Frozen,2025-07-08,2025-07-18,11,25.0,Catalogue
4863,9,Logan,Queensland,9,Greek Yoghurt 1kg,Dairy & Frozen,2024-06-25,2024-07-03,9,25.0,Catalogue
4864,9,Logan,Queensland,9,Greek Yoghurt 1kg,Dairy & Frozen,2023-07-28,2023-08-07,11,15.0,In-Store Display
4865,9,Logan,Queensland,9,Greek Yoghurt 1kg,Dairy & Frozen,2025-04-24,2025-05-03,10,50.0,Clearance
4866,9,Logan,Queensland,9,Greek Yoghurt 1kg,Dairy & Frozen,2024-09-14,2024-09-21,8,20.0,Catalogue
4867,9,Logan,Queensland,9,Greek Yoghurt 1kg,Dairy & Frozen,2025-01-18,2025-01-26,9,10.0,In-Store Display
4868,9,Logan,Queensland,9,Greek Yoghurt 1kg,Dairy & Frozen,2023-10-08,2023-10-18,11,10.0,In-Store Display
4869,9,Logan,Queensland,9,Greek Yoghurt 1kg,Dairy & Frozen,2023-08-22,2023-08-26,5,20.0,Catalogue
4870,9,Logan,Queensland,9,Greek Yoghurt 1kg,Dairy & Frozen,2023-04-10,2023-04-21,12,25.0,Catalogue
4871,9,Logan,Queensland,9,Greek Yoghurt 1kg,Dairy & Frozen,2025-06-08,2025-06-13,6,50.0,Clearance
4872,9,Logan,Queensland,9,Greek Yoghurt 1kg,Dairy & Frozen,2023-02-06,2023-02-18,13,20.0,Catalogue
4873,9,Logan,Queensland,10,Vanilla Ice Cream 2L,Dairy & Frozen,2025-08-21,2025-09-02,13,20.0,Catalogue
4874,9,Logan,Queensland,10,Vanilla Ice Cream 2L,Dairy & Frozen,2025-07-07,2025-07-18,12,10.0,In-Store Display
4875,9,Logan,Queensland,10,Vanilla Ice Cream 2L,Dairy & Frozen,2023-04-20,2023-04-29,10,15.0,In-Store Display
4876,9,Logan,Queensland,10,Vanilla Ice Cream 2L,Dairy & Frozen,2023-09-15,2023-09-22,8,15.0,In-Store Display
4877,9,Logan,Queensland,10,Vanilla Ice Cream 2L,Dairy & Frozen,2023-12-18,2023-12-30,13,30.0,Catalogue
4878,9,Logan,Queensland,10,Vanilla Ice Cream 2L,Dairy & Frozen,2024-02-28,2024-03-10,12,10.0,In-Store Display
4879,9,Logan,Queensland,10,Vanilla Ice Cream 2L,Dairy & Frozen,2023-01-09,2023-01-14,6,20.0,Catalogue
4880,9,Logan,Queensland,10,Vanilla Ice Cream 2L,Dairy & Frozen,2025-10-17,2025-10-21,5,30.0,Catalogue
4881,9,Logan,Queensland,10,Vanilla Ice Cream 2L,Dairy & Frozen,2023-02-12,2023-02-17,6,25.0,Catalogue
4882,9,Logan,Queensland,10,Vanilla Ice Cream 2L,Dairy & Frozen,2024-07-11,2024-07-17,7,20.0,Catalogue
4883,9,Logan,Queensland,10,Vanilla Ice Cream 2L,Dairy & Frozen,2024-04-28,2024-05-03,6,30.0,Catalogue
4884,9,Logan,Queensland,10,Vanilla Ice Cream 2L,Dairy & Frozen,2025-12-12,2025-12-25,14,10.0,In-Store Display
4885,9,Logan,Queensland,10,Vanilla Ice Cream 2L,Dairy & Frozen,2024-08-22,2024-08-30,9,30.0,Catalogue
4886,9,Logan,Queensland,10,Vanilla Ice Cream 2L,Dairy & Frozen,2023-05-30,2023-06-05,7,50.0,Clearance
4887,9,Logan,Queensland,10,Vanilla Ice Cream 2L,Dairy & Frozen,2023-06-30,2023-07-13,14,25.0,Catalogue
4888,9,Logan,Queensland,10,Vanilla Ice Cream 2L,Dairy & Frozen,2025-01-22,2025-01-27,6,20.0,Catalogue
4889,9,Logan,Queensland,10,Vanilla Ice Cream 2L,Dairy & Frozen,2025-03-13,2025-03-22,10,15.0,In-Store Display
4890,9,Logan,Queensland,10,Vanilla Ice Cream 2L,Dairy & Frozen,2023-10-10,2023-10-21,12,20.0,Catalogue
4891,9,Logan,Queensland,10,Vanilla Ice Cream 2L,Dairy & Frozen,2023-11-17,2023-11-22,6,10.0,In-Store Display
4892,9,Logan,Queensland,10,Vanilla Ice Cream 2L,Dairy & Frozen,2023-03-06,2023-03-12,7,25.0,Catalogue
4893,9,Logan,Queensland,10,Vanilla Ice Cream 2L,Dairy & Frozen,2024-04-07,2024-04-13,7,50.0,Clearance
4894,9,Logan,Queensland,10,Vanilla Ice Cream 2L,Dairy & Frozen,2024-11-13,2024-11-19,7,15.0,In-Store Display
4895,9,Logan,Queensland,10,Vanilla Ice Cream 2L,Dairy & Frozen,2024-12-04,2024-12-17,14,25.0,Catalogue
4896,9,Logan,Queensland,10,Vanilla Ice Cream 2L,Dairy & Frozen,2024-05-20,2024-05-28,9,30.0,Catalogue
4897,9,Logan,Queensland,11,Frozen Mixed Vegetables 1kg,Dairy & Frozen,2025-11-17,2025-11-30,14,50.0,Clearance
4898,9,Logan,Queensland,11,Frozen Mixed Vegetables 1kg,Dairy & Frozen,2024-07-07,2024-07-18,12,30.0,Catalogue
4899,9,Logan,Queensland,11,Frozen Mixed Vegetables 1kg,Dairy & Frozen,2024-03-05,2024-03-10,6,10.0,In-Store Display
4900,9,Logan,Queensland,11,Frozen Mixed Vegetables 1kg,Dairy & Frozen,2023-03-26,2023-04-05,11,20.0,Catalogue
4901,9,Logan,Queensland,11,Frozen Mixed Vegetables 1kg,Dairy & Frozen,2023-12-26,2024-01-01,7,25.0,Catalogue
4902,9,Logan,Queensland,11,Frozen Mixed Vegetables 1kg,Dairy & Frozen,2023-02-08,2023-02-19,12,15.0,In-Store Display
4903,9,Logan,Queensland,11,Frozen Mixed Vegetables 1kg,Dairy & Frozen,2025-09-16,2025-09-23,8,15.0,In-Store Display
4904,9,Logan,Queensland,11,Frozen Mixed Vegetables 1kg,Dairy & Frozen,2024-10-07,2024-10-12,6,25.0,Catalogue
4905,9,Logan,Queensland,11,Frozen Mixed Vegetables 1kg,Dairy & Frozen,2024-08-20,2024-08-28,9,25.0,Catalogue
4906,9,Logan,Queensland,11,Frozen Mixed Vegetables 1kg,Dairy & Frozen,2025-02-23,2025-03-02,8,10.0,In-Store Display
4907,9,Logan,Queensland,11,Frozen Mixed Vegetables 1kg,Dairy & Frozen,2025-05-08,2025-05-15,8,15.0,In-Store Display
4908,9,Logan,Queensland,11,Frozen Mixed Vegetables 1kg,Dairy & Frozen,2024-01-23,2024-01-28,6,15.0,In-Store Display
4909,9,Logan,Queensland,11,Frozen Mixed Vegetables 1kg,Dairy & Frozen,2024-10-31,2024-11-11,12,25.0,Catalogue
4910,9,Logan,Queensland,11,Frozen Mixed Vegetables 1kg,Dairy & Frozen,2023-04-21,2023-04-27,7,10.0,In-Store Display
4911,9,Logan,Queensland,11,Frozen Mixed Vegetables 1kg,Dairy & Frozen,2025-07-07,2025-07-13,7,25.0,Catalogue
4912,9,Logan,Queensland,11,Frozen Mixed Vegetables 1kg,Dairy & Frozen,2023-01-06,2023-01-10,5,10.0,In-Store Display
4913,9,Logan,Queensland,11,Frozen Mixed Vegetables 1kg,Dairy & Frozen,2023-10-12,2023-10-25,14,15.0,In-Store Display
4914,9,Logan,Queensland,11,Frozen Mixed Vegetables 1kg,Dairy & Frozen,2023-06-09,2023-06-16,8,20.0,Catalogue
4915,9,Logan,Queensland,12,Frozen Meat Pies 4pk,Dairy & Frozen,2025-08-03,2025-08-09,7,15.0,In-Store Display
4916,9,Logan,Queensland,12,Frozen Meat Pies 4pk,Dairy & Frozen,2024-08-22,2024-08-28,7,20.0,Catalogue
4917,9,Logan,Queensland,12,Frozen Meat Pies 4pk,Dairy & Frozen,2024-06-12,2024-06-19,8,25.0,Catalogue
4918,9,Logan,Queensland,12,Frozen Meat Pies 4pk,Dairy & Frozen,2025-01-28,2025-02-10,14,15.0,In-Store Display
4919,9,Logan,Queensland,12,Frozen Meat Pies 4pk,Dairy & Frozen,2023-08-15,2023-08-19,5,10.0,In-Store Display
4920,9,Logan,Queensland,12,Frozen Meat Pies 4pk,Dairy & Frozen,2025-03-10,2025-03-22,13,15.0,In-Store Display
4921,9,Logan,Queensland,12,Frozen Meat Pies 4pk,Dairy & Frozen,2024-09-26,2024-10-01,6,15.0,In-Store Display
4922,9,Logan,Queensland,12,Frozen Meat Pies 4pk,Dairy & Frozen,2023-03-03,2023-03-16,14,20.0,Catalogue
4923,9,Logan,Queensland,12,Frozen Meat Pies 4pk,Dairy & Frozen,2024-12-19,2024-12-30,12,50.0,Clearance
4924,9,Logan,Queensland,12,Frozen Meat Pies 4pk,Dairy & Frozen,2024-11-27,2024-12-03,7,10.0,In-Store Display
4925,9,Logan,Queensland,12,Frozen Meat Pies 4pk,Dairy & Frozen,2025-05-06,2025-05-16,11,30.0,Catalogue
4926,9,Logan,Queensland,12,Frozen Meat Pies 4pk,Dairy & Frozen,2024-04-07,2024-04-19,13,10.0,In-Store Display
4927,9,Logan,Queensland,12,Frozen Meat Pies 4pk,Dairy & Frozen,2023-06-05,2023-06-14,10,10.0,In-Store Display
4928,9,Logan,Queensland,12,Frozen Meat Pies 4pk,Dairy & Frozen,2025-09-26,2025-09-30,5,10.0,In-Store Display
4929,9,Logan,Queensland,12,Frozen Meat Pies 4pk,Dairy & Frozen,2023-01-15,2023-01-20,6,10.0,In-Store Display
4930,9,Logan,Queensland,12,Frozen Meat Pies 4pk,Dairy & Frozen,2023-09-23,2023-09-29,7,50.0,Clearance
4931,9,Logan,Queensland,12,Frozen Meat Pies 4pk,Dairy & Frozen,2023-11-10,2023-11-20,11,20.0,Catalogue
4932,9,Logan,Queensland,12,Frozen Meat Pies 4pk,Dairy & Frozen,2025-06-16,2025-06-22,7,15.0,In-Store Display
4933,9,Logan,Queensland,12,Frozen Meat Pies 4pk,Dairy & Frozen,2024-07-05,2024-07-14,10,25.0,Catalogue
4934,9,Logan,Queensland,12,Frozen Meat Pies 4pk,Dairy & Frozen,2024-03-14,2024-03-23,10,30.0,Catalogue
4935,9,Logan,Queensland,13,Cola Soft Drink 1.25L,Beverages,2024-03-17,2024-03-25,9,10.0,In-Store Display
4936,9,Logan,Queensland,13,Cola Soft Drink 1.25L,Beverages,2025-08-10,2025-08-14,5,20.0,Catalogue
4937,9,Logan,Queensland,13,Cola Soft Drink 1.25L,Beverages,2023-09-26,2023-10-08,13,15.0,In-Store Display
4938,9,Logan,Queensland,13,Cola Soft Drink 1.25L,Beverages,2024-08-02,2024-08-14,13,10.0,In-Store Display
4939,9,Logan,Queensland,13,Cola Soft Drink 1.25L,Beverages,2023-11-30,2023-12-12,13,10.0,In-Store Display
4940,9,Logan,Queensland,13,Cola Soft Drink 1.25L,Beverages,2023-01-23,2023-02-03,12,50.0,Clearance
4941,9,Logan,Queensland,13,Cola Soft Drink 1.25L,Beverages,2025-07-07,2025-07-13,7,15.0,In-Store Display
4942,9,Logan,Queensland,13,Cola Soft Drink 1.25L,Beverages,2025-12-04,2025-12-16,13,15.0,In-Store Display
4943,9,Logan,Queensland,13,Cola Soft Drink 1.25L,Beverages,2025-05-30,2025-06-07,9,30.0,Catalogue
4944,9,Logan,Queensland,13,Cola Soft Drink 1.25L,Beverages,2023-05-26,2023-06-06,12,25.0,Catalogue
4945,9,Logan,Queensland,13,Cola Soft Drink 1.25L,Beverages,2024-10-14,2024-10-25,12,25.0,Catalogue
4946,9,Logan,Queensland,13,Cola Soft Drink 1.25L,Beverages,2024-12-06,2024-12-14,9,25.0,Catalogue
4947,9,Logan,Queensland,13,Cola Soft Drink 1.25L,Beverages,2024-04-23,2024-04-27,5,25.0,Catalogue
4948,9,Logan,Queensland,13,Cola Soft Drink 1.25L,Beverages,2025-03-05,2025-03-09,5,20.0,Catalogue
4949,9,Logan,Queensland,13,Cola Soft Drink 1.25L,Beverages,2023-04-19,2023-04-26,8,30.0,Catalogue
4950,9,Logan,Queensland,13,Cola Soft Drink 1.25L,Beverages,2025-10-07,2025-10-17,11,50.0,Clearance
4951,9,Logan,Queensland,13,Cola Soft Drink 1.25L,Beverages,2023-07-09,2023-07-16,8,25.0,Catalogue
4952,9,Logan,Queensland,13,Cola Soft Drink 1.25L,Beverages,2025-09-04,2025-09-17,14,15.0,In-Store Display
4953,9,Logan,Queensland,13,Cola Soft Drink 1.25L,Beverages,2025-04-18,2025-04-28,11,10.0,In-Store Display
4954,9,Logan,Queensland,13,Cola Soft Drink 1.25L,Beverages,2023-03-12,2023-03-20,9,20.0,Catalogue
4955,9,Logan,Queensland,13,Cola Soft Drink 1.25L,Beverages,2024-05-27,2024-06-07,12,20.0,Catalogue
4956,9,Logan,Queensland,13,Cola Soft Drink 1.25L,Beverages,2025-01-04,2025-01-09,6,10.0,In-Store Display
4957,9,Logan,Queensland,13,Cola Soft Drink 1.25L,Beverages,2025-01-26,2025-02-08,14,15.0,In-Store Display
4958,9,Logan,Queensland,13,Cola Soft Drink 1.25L,Beverages,2024-01-21,2024-02-03,14,25.0,Catalogue
4959,9,Logan,Queensland,13,Cola Soft Drink 1.25L,Beverages,2023-09-03,2023-09-07,5,15.0,In-Store Display
4960,9,Logan,Queensland,13,Cola Soft Drink 1.25L,Beverages,2024-07-12,2024-07-16,5,20.0,Catalogue
4961,9,Logan,Queensland,13,Cola Soft Drink 1.25L,Beverages,2024-09-09,2024-09-15,7,15.0,In-Store Display
4962,9,Logan,Queensland,13,Cola Soft Drink 1.25L,Beverages,2023-10-28,2023-11-08,12,15.0,In-Store Display
4963,9,Logan,Queensland,14,Orange Juice 2L,Beverages,2025-02-19,2025-03-02,12,10.0,In-Store Display
4964,9,Logan,Queensland,14,Orange Juice 2L,Beverages,2023-12-17,2023-12-24,8,15.0,In-Store Display
4965,9,Logan,Queensland,14,Orange Juice 2L,Beverages,2024-11-15,2024-11-24,10,25.0,Catalogue
4966,9,Logan,Queensland,14,Orange Juice 2L,Beverages,2023-03-10,2023-03-20,11,25.0,Catalogue
4967,9,Logan,Queensland,14,Orange Juice 2L,Beverages,2023-09-24,2023-10-07,14,15.0,In-Store Display
4968,9,Logan,Queensland,14,Orange Juice 2L,Beverages,2024-10-16,2024-10-27,12,15.0,In-Store Display
4969,9,Logan,Queensland,14,Orange Juice 2L,Beverages,2023-08-18,2023-08-29,12,15.0,In-Store Display
4970,9,Logan,Queensland,14,Orange Juice 2L,Beverages,2024-05-01,2024-05-12,12,25.0,Catalogue
4971,9,Logan,Queensland,14,Orange Juice 2L,Beverages,2025-06-19,2025-07-01,13,10.0,In-Store Display
4972,9,Logan,Queensland,14,Orange Juice 2L,Beverages,2024-03-20,2024-03-27,8,30.0,Catalogue
4973,9,Logan,Queensland,14,Orange Juice 2L,Beverages,2025-07-18,2025-07-23,6,20.0,Catalogue
4974,9,Logan,Queensland,14,Orange Juice 2L,Beverages,2025-10-25,2025-11-02,9,30.0,Catalogue
4975,9,Logan,Queensland,14,Orange Juice 2L,Beverages,2023-06-03,2023-06-12,10,25.0,Catalogue
4976,9,Logan,Queensland,14,Orange Juice 2L,Beverages,2025-08-14,2025-08-20,7,10.0,In-Store Display
4977,9,Logan,Queensland,14,Orange Juice 2L,Beverages,2024-06-11,2024-06-20,10,25.0,Catalogue
4978,9,Logan,Queensland,14,Orange Juice 2L,Beverages,2024-07-07,2024-07-19,13,25.0,Catalogue
4979,9,Logan,Queensland,14,Orange Juice 2L,Beverages,2023-01-30,2023-02-09,11,20.0,Catalogue
4980,9,Logan,Queensland,14,Orange Juice 2L,Beverages,2024-02-13,2024-02-20,8,10.0,In-Store Display
4981,9,Logan,Queensland,14,Orange Juice 2L,Beverages,2024-08-24,2024-08-29,6,10.0,In-Store Display
4982,9,Logan,Queensland,14,Orange Juice 2L,Beverages,2024-01-13,2024-01-24,12,10.0,In-Store Display
4983,9,Logan,Queensland,15,Spring Water 6L,Beverages,2025-08-08,2025-08-15,8,15.0,In-Store Display
4984,9,Logan,Queensland,15,Spring Water 6L,Beverages,2023-11-12,2023-11-25,14,25.0,Catalogue
4985,9,Logan,Queensland,15,Spring Water 6L,Beverages,2024-06-08,2024-06-12,5,20.0,Catalogue
4986,9,Logan,Queensland,15,Spring Water 6L,Beverages,2024-10-03,2024-10-16,14,30.0,Catalogue
4987,9,Logan,Queensland,15,Spring Water 6L,Beverages,2024-02-28,2024-03-05,7,25.0,Catalogue
4988,9,Logan,Queensland,15,Spring Water 6L,Beverages,2023-02-21,2023-03-04,12,15.0,In-Store Display
4989,9,Logan,Queensland,15,Spring Water 6L,Beverages,2023-06-09,2023-06-21,13,20.0,Catalogue
4990,9,Logan,Queensland,15,Spring Water 6L,Beverages,2025-12-15,2025-12-22,8,10.0,In-Store Display
4991,9,Logan,Queensland,15,Spring Water 6L,Beverages,2023-08-11,2023-08-22,12,20.0,Catalogue
4992,9,Logan,Queensland,15,Spring Water 6L,Beverages,2025-06-08,2025-06-18,11,20.0,Catalogue
4993,9,Logan,Queensland,15,Spring Water 6L,Beverages,2025-09-17,2025-09-25,9,15.0,In-Store Display
4994,9,Logan,Queensland,15,Spring Water 6L,Beverages,2025-03-31,2025-04-10,11,25.0,Catalogue
4995,9,Logan,Queensland,15,Spring Water 6L,Beverages,2024-05-05,2024-05-17,13,20.0,Catalogue
4996,9,Logan,Queensland,15,Spring Water 6L,Beverages,2024-03-20,2024-03-24,5,30.0,Catalogue
4997,9,Logan,Queensland,15,Spring Water 6L,Beverages,2025-11-11,2025-11-17,7,10.0,In-Store Display
4998,9,Logan,Queensland,15,Spring Water 6L,Beverages,2024-04-10,2024-04-19,10,20.0,Catalogue
4999,9,Logan,Queensland,15,Spring Water 6L,Beverages,2024-12-27,2025-01-09,14,25.0,Catalogue
5000,9,Logan,Queensland,15,Spring Water 6L,Beverages,2024-09-09,2024-09-15,7,10.0,In-Store Display
5001,9,Logan,Queensland,15,Spring Water 6L,Beverages,2024-01-01,2024-01-06,6,20.0,Catalogue
5002,9,Logan,Queensland,15,Spring Water 6L,Beverages,2025-05-10,2025-05-20,11,30.0,Catalogue
5003,9,Logan,Queensland,15,Spring Water 6L,Beverages,2024-07-29,2024-08-02,5,50.0,Clearance
5004,9,Logan,Queensland,15,Spring Water 6L,Beverages,2024-11-18,2024-11-25,8,15.0,In-Store Display
5005,9,Logan,Queensland,15,Spring Water 6L,Beverages,2023-04-27,2023-05-09,13,25.0,Catalogue
5006,9,Logan,Queensland,16,Ground Coffee 1kg,Beverages,2025-07-10,2025-07-19,10,20.0,Catalogue
5007,9,Logan,Queensland,16,Ground Coffee 1kg,Beverages,2023-04-07,2023-04-16,10,30.0,Catalogue
5008,9,Logan,Queensland,16,Ground Coffee 1kg,Beverages,2023-09-26,2023-10-02,7,20.0,Catalogue
5009,9,Logan,Queensland,16,Ground Coffee 1kg,Beverages,2023-11-16,2023-11-29,14,10.0,In-Store Display
5010,9,Logan,Queensland,16,Ground Coffee 1kg,Beverages,2024-11-24,2024-12-03,10,15.0,In-Store Display
5011,9,Logan,Queensland,16,Ground Coffee 1kg,Beverages,2024-04-21,2024-05-03,13,30.0,Catalogue
5012,9,Logan,Queensland,16,Ground Coffee 1kg,Beverages,2024-06-27,2024-07-07,11,10.0,In-Store Display
5013,9,Logan,Queensland,16,Ground Coffee 1kg,Beverages,2023-10-21,2023-11-01,12,10.0,In-Store Display
5014,9,Logan,Queensland,16,Ground Coffee 1kg,Beverages,2025-03-25,2025-04-02,9,20.0,Catalogue
5015,9,Logan,Queensland,16,Ground Coffee 1kg,Beverages,2025-06-06,2025-06-11,6,20.0,Catalogue
5016,9,Logan,Queensland,16,Ground Coffee 1kg,Beverages,2023-08-03,2023-08-10,8,15.0,In-Store Display
5017,9,Logan,Queensland,16,Ground Coffee 1kg,Beverages,2025-01-07,2025-01-14,8,30.0,Catalogue
5018,9,Logan,Queensland,16,Ground Coffee 1kg,Beverages,2023-01-16,2023-01-24,9,15.0,In-Store Display
5019,9,Logan,Queensland,16,Ground Coffee 1kg,Beverages,2025-08-11,2025-08-23,13,10.0,In-Store Display
5020,9,Logan,Queensland,16,Ground Coffee 1kg,Beverages,2023-12-19,2023-12-30,12,15.0,In-Store Display
5021,9,Logan,Queensland,16,Ground Coffee 1kg,Beverages,2025-10-02,2025-10-07,6,30.0,Catalogue
5022,9,Logan,Queensland,16,Ground Coffee 1kg,Beverages,2025-05-15,2025-05-19,5,15.0,In-Store Display
5023,9,Logan,Queensland,16,Ground Coffee 1kg,Beverages,2023-06-17,2023-06-21,5,10.0,In-Store Display
5024,9,Logan,Queensland,16,Ground Coffee 1kg,Beverages,2024-02-29,2024-03-13,14,30.0,Catalogue
5025,9,Logan,Queensland,16,Ground Coffee 1kg,Beverages,2024-10-31,2024-11-07,8,15.0,In-Store Display
5026,9,Logan,Queensland,16,Ground Coffee 1kg,Beverages,2025-10-29,2025-11-08,11,20.0,Catalogue
5027,9,Logan,Queensland,16,Ground Coffee 1kg,Beverages,2024-05-22,2024-05-30,9,10.0,In-Store Display
5028,9,Logan,Queensland,16,Ground Coffee 1kg,Beverages,2025-12-19,2025-12-29,11,15.0,In-Store Display
5029,9,Logan,Queensland,17,Black Tea Bags 100pk,Beverages,2025-10-19,2025-10-23,5,15.0,In-Store Display
5030,9,Logan,Queensland,17,Black Tea Bags 100pk,Beverages,2023-11-22,2023-12-02,11,30.0,Catalogue
5031,9,Logan,Queensland,17,Black Tea Bags 100pk,Beverages,2025-08-13,2025-08-25,13,20.0,Catalogue
5032,9,Logan,Queensland,17,Black Tea Bags 100pk,Beverages,2025-03-21,2025-04-02,13,50.0,Clearance
5033,9,Logan,Queensland,17,Black Tea Bags 100pk,Beverages,2024-07-22,2024-07-28,7,10.0,In-Store Display
5034,9,Logan,Queensland,17,Black Tea Bags 100pk,Beverages,2024-04-25,2024-05-07,13,20.0,Catalogue
5035,9,Logan,Queensland,17,Black Tea Bags 100pk,Beverages,2023-12-18,2023-12-22,5,20.0,Catalogue
5036,9,Logan,Queensland,17,Black Tea Bags 100pk,Beverages,2024-06-08,2024-06-20,13,20.0,Catalogue
5037,9,Logan,Queensland,17,Black Tea Bags 100pk,Beverages,2025-07-08,2025-07-14,7,15.0,In-Store Display
5038,9,Logan,Queensland,17,Black Tea Bags 100pk,Beverages,2025-09-11,2025-09-19,9,25.0,Catalogue
5039,9,Logan,Queensland,17,Black Tea Bags 100pk,Beverages,2023-01-25,2023-02-01,8,20.0,Catalogue
5040,9,Logan,Queensland,17,Black Tea Bags 100pk,Beverages,2023-03-18,2023-03-28,11,10.0,In-Store Display
5041,9,Logan,Queensland,17,Black Tea Bags 100pk,Beverages,2023-05-11,2023-05-23,13,15.0,In-Store Display
5042,9,Logan,Queensland,17,Black Tea Bags 100pk,Beverages,2023-08-28,2023-09-07,11,10.0,In-Store Display
5043,9,Logan,Queensland,17,Black Tea Bags 100pk,Beverages,2024-12-29,2025-01-05,8,20.0,Catalogue
5044,9,Logan,Queensland,17,Black Tea Bags 100pk,Beverages,2025-11-07,2025-11-20,14,25.0,Catalogue
5045,9,Logan,Queensland,18,Sports Drink 600ml,Beverages,2024-08-12,2024-08-21,10,10.0,In-Store Display
5046,9,Logan,Queensland,18,Sports Drink 600ml,Beverages,2024-11-20,2024-12-01,12,25.0,Catalogue
5047,9,Logan,Queensland,18,Sports Drink 600ml,Beverages,2023-11-13,2023-11-24,12,30.0,Catalogue
5048,9,Logan,Queensland,18,Sports Drink 600ml,Beverages,2025-01-29,2025-02-06,9,10.0,In-Store Display
5049,9,Logan,Queensland,18,Sports Drink 600ml,Beverages,2024-02-12,2024-02-21,10,15.0,In-Store Display
5050,9,Logan,Queensland,18,Sports Drink 600ml,Beverages,2023-08-11,2023-08-21,11,10.0,In-Store Display
5051,9,Logan,Queensland,18,Sports Drink 600ml,Beverages,2025-05-10,2025-05-22,13,20.0,Catalogue
5052,9,Logan,Queensland,18,Sports Drink 600ml,Beverages,2023-09-22,2023-10-02,11,25.0,Catalogue
5053,9,Logan,Queensland,18,Sports Drink 600ml,Beverages,2023-02-15,2023-02-28,14,25.0,Catalogue
5054,9,Logan,Queensland,18,Sports Drink 600ml,Beverages,2023-04-29,2023-05-07,9,15.0,In-Store Display
5055,9,Logan,Queensland,18,Sports Drink 600ml,Beverages,2025-07-03,2025-07-15,13,30.0,Catalogue
5056,9,Logan,Queensland,18,Sports Drink 600ml,Beverages,2025-03-05,2025-03-10,6,10.0,In-Store Display
5057,9,Logan,Queensland,18,Sports Drink 600ml,Beverages,2023-06-28,2023-07-11,14,25.0,Catalogue
5058,9,Logan,Queensland,18,Sports Drink 600ml,Beverages,2024-10-19,2024-10-29,11,10.0,In-Store Display
5059,9,Logan,Queensland,18,Sports Drink 600ml,Beverages,2025-11-21,2025-12-01,11,15.0,In-Store Display
5060,9,Logan,Queensland,18,Sports Drink 600ml,Beverages,2024-01-03,2024-01-07,5,25.0,Catalogue
5061,9,Logan,Queensland,18,Sports Drink 600ml,Beverages,2025-08-20,2025-08-24,5,10.0,In-Store Display
5062,9,Logan,Queensland,18,Sports Drink 600ml,Beverages,2024-05-12,2024-05-16,5,20.0,Catalogue
5063,9,Logan,Queensland,18,Sports Drink 600ml,Beverages,2024-09-12,2024-09-23,12,10.0,In-Store Display
5064,9,Logan,Queensland,18,Sports Drink 600ml,Beverages,2024-07-04,2024-07-12,9,20.0,Catalogue
5065,9,Logan,Queensland,18,Sports Drink 600ml,Beverages,2025-10-16,2025-10-25,10,20.0,Catalogue
5066,9,Logan,Queensland,18,Sports Drink 600ml,Beverages,2025-12-17,2025-12-22,6,15.0,In-Store Display
5067,9,Logan,Queensland,18,Sports Drink 600ml,Beverages,2023-03-29,2023-04-07,10,20.0,Catalogue
5068,9,Logan,Queensland,18,Sports Drink 600ml,Beverages,2025-04-15,2025-04-20,6,20.0,Catalogue
5069,9,Logan,Queensland,18,Sports Drink 600ml,Beverages,2023-01-02,2023-01-06,5,15.0,In-Store Display
5070,9,Logan,Queensland,18,Sports Drink 600ml,Beverages,2024-12-22,2025-01-02,12,15.0,In-Store Display
5071,9,Logan,Queensland,19,Potato Chips 175g,Snacks,2024-11-15,2024-11-20,6,20.0,Catalogue
5072,9,Logan,Queensland,19,Potato Chips 175g,Snacks,2025-04-07,2025-04-19,13,20.0,Catalogue
5073,9,Logan,Queensland,19,Potato Chips 175g,Snacks,2023-12-29,2024-01-04,7,25.0,Catalogue
5074,9,Logan,Queensland,19,Potato Chips 175g,Snacks,2023-06-08,2023-06-15,8,15.0,In-Store Display
5075,9,Logan,Queensland,19,Potato Chips 175g,Snacks,2025-08-20,2025-08-29,10,10.0,In-Store Display
5076,9,Logan,Queensland,19,Potato Chips 175g,Snacks,2023-07-22,2023-08-01,11,30.0,Catalogue
5077,9,Logan,Queensland,19,Potato Chips 175g,Snacks,2024-04-22,2024-05-04,13,15.0,In-Store Display
5078,9,Logan,Queensland,19,Potato Chips 175g,Snacks,2023-01-19,2023-01-29,11,15.0,In-Store Display
5079,9,Logan,Queensland,19,Potato Chips 175g,Snacks,2024-08-31,2024-09-06,7,10.0,In-Store Display
5080,9,Logan,Queensland,19,Potato Chips 175g,Snacks,2025-10-06,2025-10-10,5,10.0,In-Store Display
5081,9,Logan,Queensland,19,Potato Chips 175g,Snacks,2025-11-05,2025-11-15,11,20.0,Catalogue
5082,9,Logan,Queensland,19,Potato Chips 175g,Snacks,2025-07-06,2025-07-13,8,10.0,In-Store Display
5083,9,Logan,Queensland,19,Potato Chips 175g,Snacks,2024-07-27,2024-08-05,10,30.0,Catalogue
5084,9,Logan,Queensland,19,Potato Chips 175g,Snacks,2025-02-22,2025-03-02,9,20.0,Catalogue
5085,9,Logan,Queensland,19,Potato Chips 175g,Snacks,2023-09-01,2023-09-06,6,30.0,Catalogue
5086,9,Logan,Queensland,19,Potato Chips 175g,Snacks,2023-05-15,2023-05-24,10,10.0,In-Store Display
5087,9,Logan,Queensland,19,Potato Chips 175g,Snacks,2023-03-29,2023-04-07,10,50.0,Clearance
5088,9,Logan,Queensland,19,Potato Chips 175g,Snacks,2024-10-12,2024-10-19,8,20.0,Catalogue
5089,9,Logan,Queensland,19,Potato Chips 175g,Snacks,2024-02-28,2024-03-10,12,10.0,In-Store Display
5090,9,Logan,Queensland,19,Potato Chips 175g,Snacks,2024-12-31,2025-01-12,13,15.0,In-Store Display
5091,9,Logan,Queensland,19,Potato Chips 175g,Snacks,2024-03-25,2024-04-04,11,10.0,In-Store Display
5092,9,Logan,Queensland,19,Potato Chips 175g,Snacks,2024-05-26,2024-06-05,11,30.0,Catalogue
5093,9,Logan,Queensland,19,Potato Chips 175g,Snacks,2025-05-25,2025-06-06,13,25.0,Catalogue
5094,9,Logan,Queensland,19,Potato Chips 175g,Snacks,2023-12-03,2023-12-12,10,20.0,Catalogue
5095,9,Logan,Queensland,19,Potato Chips 175g,Snacks,2023-10-29,2023-11-06,9,15.0,In-Store Display
5096,9,Logan,Queensland,19,Potato Chips 175g,Snacks,2024-06-22,2024-06-30,9,10.0,In-Store Display
5097,9,Logan,Queensland,19,Potato Chips 175g,Snacks,2023-10-01,2023-10-05,5,20.0,Catalogue
5098,9,Logan,Queensland,19,Potato Chips 175g,Snacks,2024-01-21,2024-01-25,5,10.0,In-Store Display
5099,9,Logan,Queensland,19,Potato Chips 175g,Snacks,2025-12-22,2025-12-27,6,30.0,Catalogue
5100,9,Logan,Queensland,19,Potato Chips 175g,Snacks,2025-01-31,2025-02-04,5,25.0,Catalogue
5101,9,Logan,Queensland,19,Potato Chips 175g,Snacks,2023-02-20,2023-02-26,7,10.0,In-Store Display
5102,9,Logan,Queensland,19,Potato Chips 175g,Snacks,2024-12-06,2024-12-16,11,15.0,In-Store Display
5103,9,Logan,Queensland,20,Sweet Biscuits 250g,Snacks,2024-05-16,2024-05-27,12,20.0,Catalogue
5104,9,Logan,Queensland,20,Sweet Biscuits 250g,Snacks,2024-09-03,2024-09-12,10,10.0,In-Store Display
5105,9,Logan,Queensland,20,Sweet Biscuits 250g,Snacks,2024-04-22,2024-04-30,9,10.0,In-Store Display
5106,9,Logan,Queensland,20,Sweet Biscuits 250g,Snacks,2024-10-26,2024-11-02,8,25.0,Catalogue
5107,9,Logan,Queensland,20,Sweet Biscuits 250g,Snacks,2023-06-29,2023-07-07,9,10.0,In-Store Display
5108,9,Logan,Queensland,20,Sweet Biscuits 250g,Snacks,2025-04-16,2025-04-23,8,20.0,Catalogue
5109,9,Logan,Queensland,20,Sweet Biscuits 250g,Snacks,2023-05-05,2023-05-11,7,15.0,In-Store Display
5110,9,Logan,Queensland,20,Sweet Biscuits 250g,Snacks,2025-02-14,2025-02-21,8,25.0,Catalogue
5111,9,Logan,Queensland,20,Sweet Biscuits 250g,Snacks,2025-07-26,2025-07-30,5,50.0,Clearance
5112,9,Logan,Queensland,20,Sweet Biscuits 250g,Snacks,2025-10-09,2025-10-20,12,10.0,In-Store Display
5113,9,Logan,Queensland,20,Sweet Biscuits 250g,Snacks,2025-01-14,2025-01-18,5,10.0,In-Store Display
5114,9,Logan,Queensland,20,Sweet Biscuits 250g,Snacks,2024-07-29,2024-08-11,14,20.0,Catalogue
5115,9,Logan,Queensland,20,Sweet Biscuits 250g,Snacks,2023-03-25,2023-03-31,7,10.0,In-Store Display
5116,9,Logan,Queensland,20,Sweet Biscuits 250g,Snacks,2024-06-23,2024-07-03,11,10.0,In-Store Display
5117,9,Logan,Queensland,20,Sweet Biscuits 250g,Snacks,2025-06-29,2025-07-03,5,10.0,In-Store Display
5118,9,Logan,Queensland,20,Sweet Biscuits 250g,Snacks,2024-12-11,2024-12-20,10,30.0,Catalogue
5119,9,Logan,Queensland,20,Sweet Biscuits 250g,Snacks,2023-09-20,2023-09-26,7,20.0,Catalogue
5120,9,Logan,Queensland,20,Sweet Biscuits 250g,Snacks,2023-06-03,2023-06-12,10,15.0,In-Store Display
5121,9,Logan,Queensland,20,Sweet Biscuits 250g,Snacks,2023-02-13,2023-02-23,11,10.0,In-Store Display
5122,9,Logan,Queensland,20,Sweet Biscuits 250g,Snacks,2025-11-24,2025-12-03,10,20.0,Catalogue
5123,9,Logan,Queensland,20,Sweet Biscuits 250g,Snacks,2023-08-03,2023-08-16,14,10.0,In-Store Display
5124,9,Logan,Queensland,20,Sweet Biscuits 250g,Snacks,2024-03-15,2024-03-21,7,20.0,Catalogue
5125,9,Logan,Queensland,20,Sweet Biscuits 250g,Snacks,2024-02-07,2024-02-17,11,20.0,Catalogue
5126,9,Logan,Queensland,20,Sweet Biscuits 250g,Snacks,2025-09-13,2025-09-18,6,50.0,Clearance
5127,9,Logan,Queensland,20,Sweet Biscuits 250g,Snacks,2025-05-22,2025-05-27,6,20.0,Catalogue
5128,9,Logan,Queensland,20,Sweet Biscuits 250g,Snacks,2025-03-12,2025-03-17,6,25.0,Catalogue
5129,9,Logan,Queensland,20,Sweet Biscuits 250g,Snacks,2024-01-18,2024-01-23,6,20.0,Catalogue
5130,9,Logan,Queensland,20,Sweet Biscuits 250g,Snacks,2023-12-09,2023-12-14,6,30.0,Catalogue
5131,9,Logan,Queensland,20,Sweet Biscuits 250g,Snacks,2023-10-31,2023-11-05,6,10.0,In-Store Display
5132,9,Logan,Queensland,21,Chocolate Block 180g,Snacks,2024-09-24,2024-10-07,14,10.0,In-Store Display
5133,9,Logan,Queensland,21,Chocolate Block 180g,Snacks,2023-02-28,2023-03-10,11,25.0,Catalogue
5134,9,Logan,Queensland,21,Chocolate Block 180g,Snacks,2024-01-17,2024-01-27,11,10.0,In-Store Display
5135,9,Logan,Queensland,21,Chocolate Block 180g,Snacks,2023-09-21,2023-10-04,14,20.0,Catalogue
5136,9,Logan,Queensland,21,Chocolate Block 180g,Snacks,2023-06-18,2023-06-27,10,20.0,Catalogue
5137,9,Logan,Queensland,21,Chocolate Block 180g,Snacks,2025-11-17,2025-11-22,6,25.0,Catalogue
5138,9,Logan,Queensland,21,Chocolate Block 180g,Snacks,2025-01-10,2025-01-20,11,10.0,In-Store Display
5139,9,Logan,Queensland,21,Chocolate Block 180g,Snacks,2023-05-07,2023-05-11,5,20.0,Catalogue
5140,9,Logan,Queensland,21,Chocolate Block 180g,Snacks,2023-08-16,2023-08-24,9,10.0,In-Store Display
5141,9,Logan,Queensland,21,Chocolate Block 180g,Snacks,2024-11-05,2024-11-18,14,10.0,In-Store Display
5142,9,Logan,Queensland,21,Chocolate Block 180g,Snacks,2025-07-22,2025-07-27,6,15.0,In-Store Display
5143,9,Logan,Queensland,21,Chocolate Block 180g,Snacks,2024-07-17,2024-07-27,11,15.0,In-Store Display
5144,9,Logan,Queensland,21,Chocolate Block 180g,Snacks,2024-05-13,2024-05-25,13,15.0,In-Store Display
5145,9,Logan,Queensland,21,Chocolate Block 180g,Snacks,2025-04-14,2025-04-19,6,15.0,In-Store Display
5146,9,Logan,Queensland,21,Chocolate Block 180g,Snacks,2024-02-29,2024-03-13,14,10.0,In-Store Display
5147,9,Logan,Queensland,21,Chocolate Block 180g,Snacks,2023-07-17,2023-07-30,14,20.0,Catalogue
5148,9,Logan,Queensland,21,Chocolate Block 180g,Snacks,2024-08-23,2024-08-31,9,10.0,In-Store Display
5149,9,Logan,Queensland,21,Chocolate Block 180g,Snacks,2025-10-08,2025-10-19,12,15.0,In-Store Display
5150,9,Logan,Queensland,21,Chocolate Block 180g,Snacks,2025-09-01,2025-09-09,9,15.0,In-Store Display
5151,9,Logan,Queensland,21,Chocolate Block 180g,Snacks,2025-06-10,2025-06-20,11,10.0,In-Store Display
5152,9,Logan,Queensland,21,Chocolate Block 180g,Snacks,2025-08-11,2025-08-15,5,25.0,Catalogue
5153,9,Logan,Queensland,21,Chocolate Block 180g,Snacks,2024-03-30,2024-04-11,13,15.0,In-Store Display
5154,9,Logan,Queensland,21,Chocolate Block 180g,Snacks,2025-03-07,2025-03-11,5,30.0,Catalogue
5155,9,Logan,Queensland,21,Chocolate Block 180g,Snacks,2023-10-25,2023-10-29,5,15.0,In-Store Display
5156,9,Logan,Queensland,21,Chocolate Block 180g,Snacks,2025-12-20,2025-12-24,5,25.0,Catalogue
5157,9,Logan,Queensland,21,Chocolate Block 180g,Snacks,2023-12-11,2023-12-16,6,15.0,In-Store Display
5158,9,Logan,Queensland,21,Chocolate Block 180g,Snacks,2024-06-15,2024-06-26,12,15.0,In-Store Display
5159,9,Logan,Queensland,21,Chocolate Block 180g,Snacks,2024-12-09,2024-12-18,10,10.0,In-Store Display
5160,9,Logan,Queensland,21,Chocolate Block 180g,Snacks,2025-05-10,2025-05-16,7,25.0,Catalogue
5161,9,Logan,Queensland,21,Chocolate Block 180g,Snacks,2023-11-15,2023-11-23,9,10.0,In-Store Display
5162,9,Logan,Queensland,21,Chocolate Block 180g,Snacks,2023-04-05,2023-04-16,12,10.0,In-Store Display
5163,9,Logan,Queensland,21,Chocolate Block 180g,Snacks,2023-01-30,2023-02-08,10,20.0,Catalogue
5164,9,Logan,Queensland,22,Mixed Nuts 400g,Snacks,2025-10-28,2025-11-01,5,10.0,In-Store Display
5165,9,Logan,Queensland,22,Mixed Nuts 400g,Snacks,2023-01-23,2023-01-31,9,30.0,Catalogue
5166,9,Logan,Queensland,22,Mixed Nuts 400g,Snacks,2023-07-20,2023-07-24,5,20.0,Catalogue
5167,9,Logan,Queensland,22,Mixed Nuts 400g,Snacks,2025-01-07,2025-01-14,8,15.0,In-Store Display
5168,9,Logan,Queensland,22,Mixed Nuts 400g,Snacks,2023-05-05,2023-05-11,7,15.0,In-Store Display
5169,9,Logan,Queensland,22,Mixed Nuts 400g,Snacks,2024-08-26,2024-08-30,5,10.0,In-Store Display
5170,9,Logan,Queensland,22,Mixed Nuts 400g,Snacks,2024-04-23,2024-05-04,12,25.0,Catalogue
5171,9,Logan,Queensland,22,Mixed Nuts 400g,Snacks,2023-09-10,2023-09-23,14,20.0,Catalogue
5172,9,Logan,Queensland,22,Mixed Nuts 400g,Snacks,2023-08-14,2023-08-24,11,20.0,Catalogue
5173,9,Logan,Queensland,22,Mixed Nuts 400g,Snacks,2024-07-27,2024-08-03,8,20.0,Catalogue
5174,9,Logan,Queensland,22,Mixed Nuts 400g,Snacks,2023-06-12,2023-06-19,8,15.0,In-Store Display
5175,9,Logan,Queensland,22,Mixed Nuts 400g,Snacks,2024-01-17,2024-01-30,14,15.0,In-Store Display
5176,9,Logan,Queensland,22,Mixed Nuts 400g,Snacks,2025-03-20,2025-03-24,5,15.0,In-Store Display
5177,9,Logan,Queensland,22,Mixed Nuts 400g,Snacks,2025-12-22,2025-12-30,9,10.0,In-Store Display
5178,9,Logan,Queensland,22,Mixed Nuts 400g,Snacks,2025-04-22,2025-04-29,8,30.0,Catalogue
5179,9,Logan,Queensland,22,Mixed Nuts 400g,Snacks,2024-09-20,2024-10-02,13,25.0,Catalogue
5180,9,Logan,Queensland,22,Mixed Nuts 400g,Snacks,2024-06-05,2024-06-18,14,30.0,Catalogue
5181,9,Logan,Queensland,22,Mixed Nuts 400g,Snacks,2025-07-19,2025-07-27,9,15.0,In-Store Display
5182,9,Logan,Queensland,22,Mixed Nuts 400g,Snacks,2025-12-02,2025-12-06,5,15.0,In-Store Display
5183,9,Logan,Queensland,22,Mixed Nuts 400g,Snacks,2024-12-01,2024-12-13,13,15.0,In-Store Display
5184,9,Logan,Queensland,22,Mixed Nuts 400g,Snacks,2023-03-22,2023-03-27,6,15.0,In-Store Display
5185,9,Logan,Queensland,22,Mixed Nuts 400g,Snacks,2025-06-07,2025-06-14,8,10.0,In-Store Display
5186,9,Logan,Queensland,22,Mixed Nuts 400g,Snacks,2025-08-28,2025-09-02,6,30.0,Catalogue
5187,9,Logan,Queensland,22,Mixed Nuts 400g,Snacks,2024-11-03,2024-11-12,10,20.0,Catalogue
5188,9,Logan,Queensland,22,Mixed Nuts 400g,Snacks,2025-02-01,2025-02-10,10,20.0,Catalogue
5189,9,Logan,Queensland,23,Muesli Bars 6pk,Snacks,2025-10-27,2025-11-02,7,15.0,In-Store Display
5190,9,Logan,Queensland,23,Muesli Bars 6pk,Snacks,2025-07-14,2025-07-23,10,25.0,Catalogue
5191,9,Logan,Queensland,23,Muesli Bars 6pk,Snacks,2024-12-22,2024-12-28,7,10.0,In-Store Display
5192,9,Logan,Queensland,23,Muesli Bars 6pk,Snacks,2023-05-22,2023-06-02,12,20.0,Catalogue
5193,9,Logan,Queensland,23,Muesli Bars 6pk,Snacks,2023-06-29,2023-07-06,8,25.0,Catalogue
5194,9,Logan,Queensland,23,Muesli Bars 6pk,Snacks,2025-03-08,2025-03-14,7,15.0,In-Store Display
5195,9,Logan,Queensland,23,Muesli Bars 6pk,Snacks,2024-08-25,2024-09-03,10,20.0,Catalogue
5196,9,Logan,Queensland,23,Muesli Bars 6pk,Snacks,2024-06-09,2024-06-18,10,15.0,In-Store Display
5197,9,Logan,Queensland,23,Muesli Bars 6pk,Snacks,2025-06-14,2025-06-23,10,15.0,In-Store Display
5198,9,Logan,Queensland,23,Muesli Bars 6pk,Snacks,2023-01-20,2023-01-28,9,10.0,In-Store Display
5199,9,Logan,Queensland,23,Muesli Bars 6pk,Snacks,2024-01-01,2024-01-05,5,10.0,In-Store Display
5200,9,Logan,Queensland,23,Muesli Bars 6pk,Snacks,2023-03-07,2023-03-11,5,15.0,In-Store Display
5201,9,Logan,Queensland,23,Muesli Bars 6pk,Snacks,2024-01-30,2024-02-07,9,25.0,Catalogue
5202,9,Logan,Queensland,23,Muesli Bars 6pk,Snacks,2025-08-27,2025-09-01,6,30.0,Catalogue
5203,9,Logan,Queensland,23,Muesli Bars 6pk,Snacks,2025-11-27,2025-12-07,11,15.0,In-Store Display
5204,9,Logan,Queensland,23,Muesli Bars 6pk,Snacks,2024-03-31,2024-04-08,9,10.0,In-Store Display
5205,9,Logan,Queensland,23,Muesli Bars 6pk,Snacks,2025-04-11,2025-04-18,8,15.0,In-Store Display
5206,9,Logan,Queensland,23,Muesli Bars 6pk,Snacks,2025-09-27,2025-10-02,6,50.0,Clearance
5207,9,Logan,Queensland,23,Muesli Bars 6pk,Snacks,2023-11-03,2023-11-14,12,10.0,In-Store Display
5208,9,Logan,Queensland,23,Muesli Bars 6pk,Snacks,2023-08-04,2023-08-12,9,15.0,In-Store Display
5209,9,Logan,Queensland,23,Muesli Bars 6pk,Snacks,2023-04-15,2023-04-27,13,10.0,In-Store Display
5210,9,Logan,Queensland,23,Muesli Bars 6pk,Snacks,2023-10-08,2023-10-15,8,20.0,Catalogue
5211,9,Logan,Queensland,23,Muesli Bars 6pk,Snacks,2024-11-10,2024-11-17,8,25.0,Catalogue
5212,9,Logan,Queensland,23,Muesli Bars 6pk,Snacks,2023-09-09,2023-09-22,14,30.0,Catalogue
5213,9,Logan,Queensland,23,Muesli Bars 6pk,Snacks,2025-02-07,2025-02-15,9,15.0,In-Store Display
5214,9,Logan,Queensland,24,Toilet Paper 12pk,Household,2025-10-26,2025-10-30,5,25.0,Catalogue
5215,9,Logan,Queensland,24,Toilet Paper 12pk,Household,2023-04-16,2023-04-29,14,15.0,In-Store Display
5216,9,Logan,Queensland,24,Toilet Paper 12pk,Household,2023-08-03,2023-08-16,14,10.0,In-Store Display
5217,9,Logan,Queensland,24,Toilet Paper 12pk,Household,2024-06-22,2024-06-29,8,25.0,Catalogue
5218,9,Logan,Queensland,24,Toilet Paper 12pk,Household,2023-01-29,2023-02-07,10,15.0,In-Store Display
5219,9,Logan,Queensland,24,Toilet Paper 12pk,Household,2024-05-24,2024-06-01,9,10.0,In-Store Display
5220,9,Logan,Queensland,24,Toilet Paper 12pk,Household,2023-06-23,2023-07-06,14,15.0,In-Store Display
5221,9,Logan,Queensland,24,Toilet Paper 12pk,Household,2023-03-18,2023-03-29,12,20.0,Catalogue
5222,9,Logan,Queensland,24,Toilet Paper 12pk,Household,2023-05-30,2023-06-06,8,15.0,In-Store Display
5223,9,Logan,Queensland,24,Toilet Paper 12pk,Household,2024-10-11,2024-10-22,12,25.0,Catalogue
5224,9,Logan,Queensland,24,Toilet Paper 12pk,Household,2024-11-30,2024-12-13,14,10.0,In-Store Display
5225,9,Logan,Queensland,24,Toilet Paper 12pk,Household,2025-05-19,2025-06-01,14,25.0,Catalogue
5226,9,Logan,Queensland,24,Toilet Paper 12pk,Household,2025-11-18,2025-11-25,8,30.0,Catalogue
5227,9,Logan,Queensland,24,Toilet Paper 12pk,Household,2024-07-16,2024-07-24,9,20.0,Catalogue
5228,9,Logan,Queensland,24,Toilet Paper 12pk,Household,2025-10-02,2025-10-11,10,10.0,In-Store Display
5229,9,Logan,Queensland,24,Toilet Paper 12pk,Household,2025-06-24,2025-06-30,7,20.0,Catalogue
5230,9,Logan,Queensland,24,Toilet Paper 12pk,Household,2024-01-29,2024-02-09,12,15.0,In-Store Display
5231,9,Logan,Queensland,24,Toilet Paper 12pk,Household,2024-08-19,2024-08-28,10,30.0,Catalogue
5232,9,Logan,Queensland,24,Toilet Paper 12pk,Household,2024-09-15,2024-09-22,8,25.0,Catalogue
5233,9,Logan,Queensland,25,Laundry Liquid 2L,Household,2024-09-26,2024-10-06,11,20.0,Catalogue
5234,9,Logan,Queensland,25,Laundry Liquid 2L,Household,2024-08-26,2024-09-05,11,20.0,Catalogue
5235,9,Logan,Queensland,25,Laundry Liquid 2L,Household,2024-07-10,2024-07-20,11,30.0,Catalogue
5236,9,Logan,Queensland,25,Laundry Liquid 2L,Household,2023-06-21,2023-06-30,10,20.0,Catalogue
5237,9,Logan,Queensland,25,Laundry Liquid 2L,Household,2023-04-11,2023-04-16,6,15.0,In-Store Display
5238,9,Logan,Queensland,25,Laundry Liquid 2L,Household,2025-10-20,2025-10-28,9,20.0,Catalogue
5239,9,Logan,Queensland,25,Laundry Liquid 2L,Household,2023-11-21,2023-12-03,13,15.0,In-Store Display
5240,9,Logan,Queensland,25,Laundry Liquid 2L,Household,2024-06-04,2024-06-10,7,10.0,In-Store Display
5241,9,Logan,Queensland,25,Laundry Liquid 2L,Household,2023-09-07,2023-09-14,8,15.0,In-Store Display
5242,9,Logan,Queensland,25,Laundry Liquid 2L,Household,2023-07-20,2023-07-29,10,20.0,Catalogue
5243,9,Logan,Queensland,25,Laundry Liquid 2L,Household,2025-09-11,2025-09-17,7,10.0,In-Store Display
5244,9,Logan,Queensland,25,Laundry Liquid 2L,Household,2024-02-29,2024-03-13,14,30.0,Catalogue
5245,9,Logan,Queensland,25,Laundry Liquid 2L,Household,2024-10-31,2024-11-13,14,15.0,In-Store Display
5246,9,Logan,Queensland,25,Laundry Liquid 2L,Household,2023-05-10,2023-05-19,10,20.0,Catalogue
5247,9,Logan,Queensland,25,Laundry Liquid 2L,Household,2024-02-03,2024-02-12,10,20.0,Catalogue
5248,9,Logan,Queensland,25,Laundry Liquid 2L,Household,2023-03-13,2023-03-23,11,20.0,Catalogue
5249,9,Logan,Queensland,25,Laundry Liquid 2L,Household,2023-02-07,2023-02-11,5,25.0,Catalogue
5250,9,Logan,Queensland,25,Laundry Liquid 2L,Household,2025-06-21,2025-06-26,6,15.0,In-Store Display
5251,9,Logan,Queensland,25,Laundry Liquid 2L,Household,2025-03-24,2025-04-02,10,10.0,In-Store Display
5252,9,Logan,Queensland,25,Laundry Liquid 2L,Household,2025-02-09,2025-02-22,14,10.0,In-Store Display
5253,9,Logan,Queensland,25,Laundry Liquid 2L,Household,2023-10-18,2023-10-30,13,30.0,Catalogue
5254,9,Logan,Queensland,25,Laundry Liquid 2L,Household,2025-01-07,2025-01-19,13,20.0,Catalogue
5255,9,Logan,Queensland,25,Laundry Liquid 2L,Household,2024-01-03,2024-01-12,10,15.0,In-Store Display
5256,9,Logan,Queensland,25,Laundry Liquid 2L,Household,2025-07-12,2025-07-24,13,30.0,Catalogue
5257,9,Logan,Queensland,26,Dishwashing Liquid 500ml,Household,2023-11-04,2023-11-16,13,10.0,In-Store Display
5258,9,Logan,Queensland,26,Dishwashing Liquid 500ml,Household,2025-05-12,2025-05-17,6,10.0,In-Store Display
5259,9,Logan,Queensland,26,Dishwashing Liquid 500ml,Household,2023-05-07,2023-05-16,10,10.0,In-Store Display
5260,9,Logan,Queensland,26,Dishwashing Liquid 500ml,Household,2025-03-01,2025-03-07,7,20.0,Catalogue
5261,9,Logan,Queensland,26,Dishwashing Liquid 500ml,Household,2025-06-15,2025-06-28,14,10.0,In-Store Display
5262,9,Logan,Queensland,26,Dishwashing Liquid 500ml,Household,2024-12-04,2024-12-09,6,20.0,Catalogue
5263,9,Logan,Queensland,26,Dishwashing Liquid 500ml,Household,2025-09-13,2025-09-21,9,20.0,Catalogue
5264,9,Logan,Queensland,26,Dishwashing Liquid 500ml,Household,2025-11-13,2025-11-22,10,20.0,Catalogue
5265,9,Logan,Queensland,26,Dishwashing Liquid 500ml,Household,2023-03-02,2023-03-09,8,20.0,Catalogue
5266,9,Logan,Queensland,26,Dishwashing Liquid 500ml,Household,2025-01-06,2025-01-18,13,15.0,In-Store Display
5267,9,Logan,Queensland,26,Dishwashing Liquid 500ml,Household,2024-08-19,2024-08-27,9,15.0,In-Store Display
5268,9,Logan,Queensland,26,Dishwashing Liquid 500ml,Household,2024-03-20,2024-03-27,8,30.0,Catalogue
5269,9,Logan,Queensland,26,Dishwashing Liquid 500ml,Household,2023-03-30,2023-04-06,8,15.0,In-Store Display
5270,9,Logan,Queensland,26,Dishwashing Liquid 500ml,Household,2024-02-03,2024-02-15,13,20.0,Catalogue
5271,9,Logan,Queensland,26,Dishwashing Liquid 500ml,Household,2023-09-19,2023-09-25,7,25.0,Catalogue
5272,9,Logan,Queensland,26,Dishwashing Liquid 500ml,Household,2023-02-04,2023-02-10,7,15.0,In-Store Display
5273,9,Logan,Queensland,26,Dishwashing Liquid 500ml,Household,2024-05-10,2024-05-23,14,20.0,Catalogue
5274,9,Logan,Queensland,27,Paper Towel 4pk,Household,2023-04-14,2023-04-24,11,20.0,Catalogue
5275,9,Logan,Queensland,27,Paper Towel 4pk,Household,2024-12-02,2024-12-11,10,20.0,Catalogue
5276,9,Logan,Queensland,27,Paper Towel 4pk,Household,2023-07-09,2023-07-15,7,15.0,In-Store Display
5277,9,Logan,Queensland,27,Paper Towel 4pk,Household,2023-11-17,2023-11-27,11,20.0,Catalogue
5278,9,Logan,Queensland,27,Paper Towel 4pk,Household,2025-04-15,2025-04-27,13,15.0,In-Store Display
5279,9,Logan,Queensland,27,Paper Towel 4pk,Household,2023-09-08,2023-09-17,10,15.0,In-Store Display
5280,9,Logan,Queensland,27,Paper Towel 4pk,Household,2024-01-11,2024-01-19,9,50.0,Clearance
5281,9,Logan,Queensland,27,Paper Towel 4pk,Household,2025-11-28,2025-12-06,9,20.0,Catalogue
5282,9,Logan,Queensland,27,Paper Towel 4pk,Household,2025-08-29,2025-09-02,5,20.0,Catalogue
5283,9,Logan,Queensland,27,Paper Towel 4pk,Household,2023-06-10,2023-06-22,13,15.0,In-Store Display
5284,9,Logan,Queensland,27,Paper Towel 4pk,Household,2025-01-01,2025-01-12,12,15.0,In-Store Display
5285,9,Logan,Queensland,27,Paper Towel 4pk,Household,2025-10-25,2025-10-29,5,30.0,Catalogue
5286,9,Logan,Queensland,27,Paper Towel 4pk,Household,2024-05-17,2024-05-23,7,10.0,In-Store Display
5287,9,Logan,Queensland,27,Paper Towel 4pk,Household,2023-08-02,2023-08-09,8,10.0,In-Store Display
5288,9,Logan,Queensland,27,Paper Towel 4pk,Household,2023-02-23,2023-02-27,5,10.0,In-Store Display
5289,9,Logan,Queensland,27,Paper Towel 4pk,Household,2024-06-22,2024-07-04,13,10.0,In-Store Display
5290,9,Logan,Queensland,27,Paper Towel 4pk,Household,2025-03-10,2025-03-22,13,25.0,Catalogue
5291,9,Logan,Queensland,27,Paper Towel 4pk,Household,2025-09-29,2025-10-03,5,30.0,Catalogue
5292,9,Logan,Queensland,27,Paper Towel 4pk,Household,2024-03-05,2024-03-09,5,25.0,Catalogue
5293,9,Logan,Queensland,27,Paper Towel 4pk,Household,2023-10-27,2023-11-01,6,10.0,In-Store Display
5294,9,Logan,Queensland,28,Sunscreen SPF50+ 200ml,Household,2025-11-02,2025-11-14,13,20.0,Catalogue
5295,9,Logan,Queensland,28,Sunscreen SPF50+ 200ml,Household,2025-01-24,2025-01-30,7,10.0,In-Store Display
5296,9,Logan,Queensland,28,Sunscreen SPF50+ 200ml,Household,2025-07-12,2025-07-16,5,15.0,In-Store Display
5297,9,Logan,Queensland,28,Sunscreen SPF50+ 200ml,Household,2023-06-22,2023-07-01,10,20.0,Catalogue
5298,9,Logan,Queensland,28,Sunscreen SPF50+ 200ml,Household,2025-03-31,2025-04-06,7,10.0,In-Store Display
5299,9,Logan,Queensland,28,Sunscreen SPF50+ 200ml,Household,2023-10-31,2023-11-04,5,20.0,Catalogue
5300,9,Logan,Queensland,28,Sunscreen SPF50+ 200ml,Household,2024-07-23,2024-07-28,6,20.0,Catalogue
5301,9,Logan,Queensland,28,Sunscreen SPF50+ 200ml,Household,2023-09-18,2023-09-23,6,25.0,Catalogue
5302,9,Logan,Queensland,28,Sunscreen SPF50+ 200ml,Household,2025-09-27,2025-10-05,9,15.0,In-Store Display
5303,9,Logan,Queensland,28,Sunscreen SPF50+ 200ml,Household,2024-02-10,2024-02-19,10,10.0,In-Store Display
5304,9,Logan,Queensland,28,Sunscreen SPF50+ 200ml,Household,2023-03-10,2023-03-22,13,20.0,Catalogue
5305,9,Logan,Queensland,28,Sunscreen SPF50+ 200ml,Household,2025-05-31,2025-06-12,13,10.0,In-Store Display
5306,9,Logan,Queensland,28,Sunscreen SPF50+ 200ml,Household,2024-10-05,2024-10-16,12,25.0,Catalogue
5307,9,Logan,Queensland,28,Sunscreen SPF50+ 200ml,Household,2025-12-03,2025-12-16,14,10.0,In-Store Display
5308,9,Logan,Queensland,28,Sunscreen SPF50+ 200ml,Household,2025-02-24,2025-03-05,10,20.0,Catalogue
5309,9,Logan,Queensland,28,Sunscreen SPF50+ 200ml,Household,2023-08-06,2023-08-17,12,10.0,In-Store Display
5310,9,Logan,Queensland,28,Sunscreen SPF50+ 200ml,Household,2023-12-10,2023-12-14,5,10.0,In-Store Display
5311,9,Logan,Queensland,28,Sunscreen SPF50+ 200ml,Household,2023-01-02,2023-01-07,6,20.0,Catalogue
5312,9,Logan,Queensland,28,Sunscreen SPF50+ 200ml,Household,2025-08-07,2025-08-20,14,15.0,In-Store Display
5313,9,Logan,Queensland,28,Sunscreen SPF50+ 200ml,Household,2024-04-06,2024-04-10,5,20.0,Catalogue
5314,9,Logan,Queensland,28,Sunscreen SPF50+ 200ml,Household,2024-05-05,2024-05-13,9,30.0,Catalogue
5315,9,Logan,Queensland,28,Sunscreen SPF50+ 200ml,Household,2023-01-25,2023-01-30,6,10.0,In-Store Display
5316,9,Logan,Queensland,29,Insect Repellent 150ml,Household,2024-02-24,2024-03-02,8,25.0,Catalogue
5317,9,Logan,Queensland,29,Insect Repellent 150ml,Household,2025-04-12,2025-04-20,9,10.0,In-Store Display
5318,9,Logan,Queensland,29,Insect Repellent 150ml,Household,2025-05-27,2025-06-08,13,25.0,Catalogue
5319,9,Logan,Queensland,29,Insect Repellent 150ml,Household,2024-09-30,2024-10-09,10,25.0,Catalogue
5320,9,Logan,Queensland,29,Insect Repellent 150ml,Household,2023-04-02,2023-04-14,13,30.0,Catalogue
5321,9,Logan,Queensland,29,Insect Repellent 150ml,Household,2025-07-27,2025-08-09,14,30.0,Catalogue
5322,9,Logan,Queensland,29,Insect Repellent 150ml,Household,2023-06-08,2023-06-17,10,20.0,Catalogue
5323,9,Logan,Queensland,29,Insect Repellent 150ml,Household,2024-07-16,2024-07-20,5,10.0,In-Store Display
5324,9,Logan,Queensland,29,Insect Repellent 150ml,Household,2025-10-29,2025-11-06,9,25.0,Catalogue
5325,9,Logan,Queensland,29,Insect Repellent 150ml,Household,2024-08-16,2024-08-25,10,10.0,In-Store Display
5326,9,Logan,Queensland,29,Insect Repellent 150ml,Household,2023-05-01,2023-05-06,6,20.0,Catalogue
5327,9,Logan,Queensland,29,Insect Repellent 150ml,Household,2023-07-09,2023-07-22,14,10.0,In-Store Display
5328,9,Logan,Queensland,29,Insect Repellent 150ml,Household,2025-03-16,2025-03-22,7,50.0,Clearance
5329,9,Logan,Queensland,29,Insect Repellent 150ml,Household,2023-11-21,2023-11-25,5,10.0,In-Store Display
5330,9,Logan,Queensland,29,Insect Repellent 150ml,Household,2025-09-09,2025-09-16,8,30.0,Catalogue
5331,9,Logan,Queensland,29,Insect Repellent 150ml,Household,2024-05-29,2024-06-06,9,15.0,In-Store Display
5332,9,Logan,Queensland,29,Insect Repellent 150ml,Household,2023-12-28,2024-01-08,12,20.0,Catalogue
5333,9,Logan,Queensland,30,Firelighters 24pk,Household,2023-11-15,2023-11-24,10,15.0,In-Store Display
5334,9,Logan,Queensland,30,Firelighters 24pk,Household,2023-02-10,2023-02-22,13,10.0,In-Store Display
5335,9,Logan,Queensland,30,Firelighters 24pk,Household,2023-03-19,2023-03-25,7,15.0,In-Store Display
5336,9,Logan,Queensland,30,Firelighters 24pk,Household,2023-04-28,2023-05-09,12,25.0,Catalogue
5337,9,Logan,Queensland,30,Firelighters 24pk,Household,2023-06-19,2023-06-27,9,10.0,In-Store Display
5338,9,Logan,Queensland,30,Firelighters 24pk,Household,2024-12-13,2024-12-25,13,15.0,In-Store Display
5339,9,Logan,Queensland,30,Firelighters 24pk,Household,2025-03-14,2025-03-24,11,20.0,Catalogue
5340,9,Logan,Queensland,30,Firelighters 24pk,Household,2024-08-19,2024-08-26,8,15.0,In-Store Display
5341,9,Logan,Queensland,30,Firelighters 24pk,Household,2024-05-23,2024-06-02,11,10.0,In-Store Display
5342,9,Logan,Queensland,30,Firelighters 24pk,Household,2025-05-30,2025-06-05,7,25.0,Catalogue
5343,9,Logan,Queensland,30,Firelighters 24pk,Household,2023-08-20,2023-08-31,12,15.0,In-Store Display
5344,10,Adelaide CBD,South Australia,1,Long Grain Rice 2kg,Staples,2024-01-29,2024-02-09,12,20.0,Catalogue
5345,10,Adelaide CBD,South Australia,1,Long Grain Rice 2kg,Staples,2024-11-14,2024-11-24,11,10.0,In-Store Display
5346,10,Adelaide CBD,South Australia,1,Long Grain Rice 2kg,Staples,2025-01-07,2025-01-18,12,25.0,Catalogue
5347,10,Adelaide CBD,South Australia,1,Long Grain Rice 2kg,Staples,2025-11-29,2025-12-11,13,20.0,Catalogue
5348,10,Adelaide CBD,South Australia,1,Long Grain Rice 2kg,Staples,2023-01-16,2023-01-22,7,15.0,In-Store Display
5349,10,Adelaide CBD,South Australia,1,Long Grain Rice 2kg,Staples,2023-02-12,2023-02-25,14,15.0,In-Store Display
5350,10,Adelaide CBD,South Australia,1,Long Grain Rice 2kg,Staples,2023-10-07,2023-10-14,8,30.0,Catalogue
5351,10,Adelaide CBD,South Australia,1,Long Grain Rice 2kg,Staples,2023-08-19,2023-08-29,11,30.0,Catalogue
5352,10,Adelaide CBD,South Australia,1,Long Grain Rice 2kg,Staples,2024-12-15,2024-12-21,7,15.0,In-Store Display
5353,10,Adelaide CBD,South Australia,1,Long Grain Rice 2kg,Staples,2023-04-21,2023-04-25,5,15.0,In-Store Display
5354,10,Adelaide CBD,South Australia,1,Long Grain Rice 2kg,Staples,2025-02-17,2025-02-21,5,25.0,Catalogue
5355,10,Adelaide CBD,South Australia,1,Long Grain Rice 2kg,Staples,2025-03-29,2025-04-03,6,10.0,In-Store Display
5356,10,Adelaide CBD,South Australia,2,Dried Pasta 500g,Staples,2024-03-16,2024-03-20,5,25.0,Catalogue
5357,10,Adelaide CBD,South Australia,2,Dried Pasta 500g,Staples,2025-02-09,2025-02-20,12,30.0,Catalogue
5358,10,Adelaide CBD,South Australia,2,Dried Pasta 500g,Staples,2024-07-24,2024-07-28,5,25.0,Catalogue
5359,10,Adelaide CBD,South Australia,2,Dried Pasta 500g,Staples,2023-02-17,2023-02-27,11,15.0,In-Store Display
5360,10,Adelaide CBD,South Australia,2,Dried Pasta 500g,Staples,2023-08-31,2023-09-06,7,10.0,In-Store Display
5361,10,Adelaide CBD,South Australia,2,Dried Pasta 500g,Staples,2024-06-06,2024-06-12,7,25.0,Catalogue
5362,10,Adelaide CBD,South Australia,2,Dried Pasta 500g,Staples,2025-04-19,2025-04-29,11,20.0,Catalogue
5363,10,Adelaide CBD,South Australia,2,Dried Pasta 500g,Staples,2023-07-26,2023-08-04,10,20.0,Catalogue
5364,10,Adelaide CBD,South Australia,2,Dried Pasta 500g,Staples,2023-10-04,2023-10-16,13,15.0,In-Store Display
5365,10,Adelaide CBD,South Australia,2,Dried Pasta 500g,Staples,2023-04-20,2023-04-29,10,20.0,Catalogue
5366,10,Adelaide CBD,South Australia,2,Dried Pasta 500g,Staples,2025-09-09,2025-09-16,8,25.0,Catalogue
5367,10,Adelaide CBD,South Australia,2,Dried Pasta 500g,Staples,2024-12-28,2025-01-05,9,15.0,In-Store Display
5368,10,Adelaide CBD,South Australia,2,Dried Pasta 500g,Staples,2023-06-25,2023-07-04,10,25.0,Catalogue
5369,10,Adelaide CBD,South Australia,2,Dried Pasta 500g,Staples,2025-06-14,2025-06-19,6,10.0,In-Store Display
5370,10,Adelaide CBD,South Australia,2,Dried Pasta 500g,Staples,2023-11-11,2023-11-24,14,20.0,Catalogue
5371,10,Adelaide CBD,South Australia,2,Dried Pasta 500g,Staples,2024-08-20,2024-09-01,13,20.0,Catalogue
5372,10,Adelaide CBD,South Australia,2,Dried Pasta 500g,Staples,2023-05-21,2023-06-03,14,15.0,In-Store Display
5373,10,Adelaide CBD,South Australia,3,White Bread Loaf,Staples,2023-01-05,2023-01-16,12,15.0,In-Store Display
5374,10,Adelaide CBD,South Australia,3,White Bread Loaf,Staples,2023-04-07,2023-04-13,7,25.0,Catalogue
5375,10,Adelaide CBD,South Australia,3,White Bread Loaf,Staples,2024-11-03,2024-11-09,7,10.0,In-Store Display
5376,10,Adelaide CBD,South Australia,3,White Bread Loaf,Staples,2023-03-08,2023-03-16,9,15.0,In-Store Display
5377,10,Adelaide CBD,South Australia,3,White Bread Loaf,Staples,2024-08-11,2024-08-18,8,20.0,Catalogue
5378,10,Adelaide CBD,South Australia,3,White Bread Loaf,Staples,2024-04-16,2024-04-26,11,50.0,Clearance
5379,10,Adelaide CBD,South Australia,3,White Bread Loaf,Staples,2023-12-05,2023-12-12,8,15.0,In-Store Display
5380,10,Adelaide CBD,South Australia,3,White Bread Loaf,Staples,2023-08-17,2023-08-21,5,15.0,In-Store Display
5381,10,Adelaide CBD,South Australia,3,White Bread Loaf,Staples,2024-12-01,2024-12-08,8,20.0,Catalogue
5382,10,Adelaide CBD,South Australia,3,White Bread Loaf,Staples,2024-06-02,2024-06-10,9,50.0,Clearance
5383,10,Adelaide CBD,South Australia,3,White Bread Loaf,Staples,2023-10-17,2023-10-29,13,25.0,Catalogue
5384,10,Adelaide CBD,South Australia,4,Plain Flour 1kg,Staples,2024-12-23,2024-12-30,8,10.0,In-Store Display
5385,10,Adelaide CBD,South Australia,4,Plain Flour 1kg,Staples,2024-08-19,2024-08-23,5,10.0,In-Store Display
5386,10,Adelaide CBD,South Australia,4,Plain Flour 1kg,Staples,2023-03-27,2023-04-09,14,20.0,Catalogue
5387,10,Adelaide CBD,South Australia,4,Plain Flour 1kg,Staples,2023-05-25,2023-06-05,12,10.0,In-Store Display
5388,10,Adelaide CBD,South Australia,4,Plain Flour 1kg,Staples,2024-02-16,2024-02-29,14,20.0,Catalogue
5389,10,Adelaide CBD,South Australia,4,Plain Flour 1kg,Staples,2024-06-29,2024-07-12,14,15.0,In-Store Display
5390,10,Adelaide CBD,South Australia,4,Plain Flour 1kg,Staples,2025-08-13,2025-08-24,12,25.0,Catalogue
5391,10,Adelaide CBD,South Australia,4,Plain Flour 1kg,Staples,2024-06-05,2024-06-14,10,10.0,In-Store Display
5392,10,Adelaide CBD,South Australia,4,Plain Flour 1kg,Staples,2025-01-21,2025-01-30,10,20.0,Catalogue
5393,10,Adelaide CBD,South Australia,4,Plain Flour 1kg,Staples,2023-02-26,2023-03-09,12,30.0,Catalogue
5394,10,Adelaide CBD,South Australia,5,Breakfast Cereal 1kg,Staples,2024-03-21,2024-03-30,10,20.0,Catalogue
5395,10,Adelaide CBD,South Australia,5,Breakfast Cereal 1kg,Staples,2023-02-20,2023-02-27,8,25.0,Catalogue
5396,10,Adelaide CBD,South Australia,5,Breakfast Cereal 1kg,Staples,2023-09-25,2023-09-29,5,20.0,Catalogue
5397,10,Adelaide CBD,South Australia,5,Breakfast Cereal 1kg,Staples,2023-01-23,2023-02-05,14,15.0,In-Store Display
5398,10,Adelaide CBD,South Australia,5,Breakfast Cereal 1kg,Staples,2023-03-27,2023-04-07,12,10.0,In-Store Display
5399,10,Adelaide CBD,South Australia,5,Breakfast Cereal 1kg,Staples,2025-12-01,2025-12-06,6,20.0,Catalogue
5400,10,Adelaide CBD,South Australia,5,Breakfast Cereal 1kg,Staples,2024-11-03,2024-11-07,5,20.0,Catalogue
5401,10,Adelaide CBD,South Australia,5,Breakfast Cereal 1kg,Staples,2025-07-15,2025-07-23,9,10.0,In-Store Display
5402,10,Adelaide CBD,South Australia,5,Breakfast Cereal 1kg,Staples,2024-01-07,2024-01-16,10,20.0,Catalogue
5403,10,Adelaide CBD,South Australia,5,Breakfast Cereal 1kg,Staples,2024-09-01,2024-09-11,11,20.0,Catalogue
5404,10,Adelaide CBD,South Australia,5,Breakfast Cereal 1kg,Staples,2025-02-22,2025-03-07,14,10.0,In-Store Display
5405,10,Adelaide CBD,South Australia,5,Breakfast Cereal 1kg,Staples,2024-06-28,2024-07-03,6,30.0,Catalogue
5406,10,Adelaide CBD,South Australia,5,Breakfast Cereal 1kg,Staples,2023-07-06,2023-07-17,12,10.0,In-Store Display
5407,10,Adelaide CBD,South Australia,5,Breakfast Cereal 1kg,Staples,2025-08-08,2025-08-15,8,10.0,In-Store Display
5408,10,Adelaide CBD,South Australia,5,Breakfast Cereal 1kg,Staples,2023-05-22,2023-05-31,10,25.0,Catalogue
5409,10,Adelaide CBD,South Australia,5,Breakfast Cereal 1kg,Staples,2025-10-16,2025-10-20,5,20.0,Catalogue
5410,10,Adelaide CBD,South Australia,5,Breakfast Cereal 1kg,Staples,2025-05-17,2025-05-21,5,15.0,In-Store Display
5411,10,Adelaide CBD,South Australia,5,Breakfast Cereal 1kg,Staples,2024-07-18,2024-07-26,9,25.0,Catalogue
5412,10,Adelaide CBD,South Australia,6,White Sugar 1kg,Staples,2024-12-08,2024-12-18,11,20.0,Catalogue
5413,10,Adelaide CBD,South Australia,6,White Sugar 1kg,Staples,2025-10-25,2025-10-31,7,15.0,In-Store Display
5414,10,Adelaide CBD,South Australia,6,White Sugar 1kg,Staples,2024-08-27,2024-09-01,6,25.0,Catalogue
5415,10,Adelaide CBD,South Australia,6,White Sugar 1kg,Staples,2025-09-01,2025-09-07,7,10.0,In-Store Display
5416,10,Adelaide CBD,South Australia,6,White Sugar 1kg,Staples,2023-08-13,2023-08-17,5,30.0,Catalogue
5417,10,Adelaide CBD,South Australia,6,White Sugar 1kg,Staples,2024-06-15,2024-06-25,11,30.0,Catalogue
5418,10,Adelaide CBD,South Australia,6,White Sugar 1kg,Staples,2023-03-26,2023-04-03,9,20.0,Catalogue
5419,10,Adelaide CBD,South Australia,6,White Sugar 1kg,Staples,2025-12-14,2025-12-22,9,10.0,In-Store Display
5420,10,Adelaide CBD,South Australia,6,White Sugar 1kg,Staples,2023-04-20,2023-04-24,5,20.0,Catalogue
5421,10,Adelaide CBD,South Australia,6,White Sugar 1kg,Staples,2025-10-05,2025-10-09,5,10.0,In-Store Display
5422,10,Adelaide CBD,South Australia,6,White Sugar 1kg,Staples,2023-01-24,2023-01-30,7,15.0,In-Store Display
5423,10,Adelaide CBD,South Australia,6,White Sugar 1kg,Staples,2025-01-13,2025-01-22,10,10.0,In-Store Display
5424,10,Adelaide CBD,South Australia,7,Full Cream Milk 2L,Dairy & Frozen,2024-11-17,2024-11-27,11,10.0,In-Store Display
5425,10,Adelaide CBD,South Australia,7,Full Cream Milk 2L,Dairy & Frozen,2023-11-05,2023-11-11,7,30.0,Catalogue
5426,10,Adelaide CBD,South Australia,7,Full Cream Milk 2L,Dairy & Frozen,2024-04-01,2024-04-09,9,50.0,Clearance
5427,10,Adelaide CBD,South Australia,7,Full Cream Milk 2L,Dairy & Frozen,2024-10-28,2024-11-02,6,20.0,Catalogue
5428,10,Adelaide CBD,South Australia,7,Full Cream Milk 2L,Dairy & Frozen,2023-04-15,2023-04-20,6,15.0,In-Store Display
5429,10,Adelaide CBD,South Australia,7,Full Cream Milk 2L,Dairy & Frozen,2024-01-21,2024-01-30,10,10.0,In-Store Display
5430,10,Adelaide CBD,South Australia,7,Full Cream Milk 2L,Dairy & Frozen,2025-05-06,2025-05-16,11,20.0,Catalogue
5431,10,Adelaide CBD,South Australia,7,Full Cream Milk 2L,Dairy & Frozen,2024-12-31,2025-01-10,11,20.0,Catalogue
5432,10,Adelaide CBD,South Australia,8,Tasty Cheese Block 500g,Dairy & Frozen,2023-07-26,2023-08-01,7,25.0,Catalogue
5433,10,Adelaide CBD,South Australia,8,Tasty Cheese Block 500g,Dairy & Frozen,2024-08-08,2024-08-14,7,20.0,Catalogue
5434,10,Adelaide CBD,South Australia,8,Tasty Cheese Block 500g,Dairy & Frozen,2023-01-10,2023-01-18,9,20.0,Catalogue
5435,10,Adelaide CBD,South Australia,8,Tasty Cheese Block 500g,Dairy & Frozen,2024-03-07,2024-03-11,5,25.0,Catalogue
5436,10,Adelaide CBD,South Australia,8,Tasty Cheese Block 500g,Dairy & Frozen,2023-06-19,2023-06-23,5,15.0,In-Store Display
5437,10,Adelaide CBD,South Australia,8,Tasty Cheese Block 500g,Dairy & Frozen,2025-02-07,2025-02-16,10,25.0,Catalogue
5438,10,Adelaide CBD,South Australia,8,Tasty Cheese Block 500g,Dairy & Frozen,2024-11-05,2024-11-09,5,30.0,Catalogue
5439,10,Adelaide CBD,South Australia,8,Tasty Cheese Block 500g,Dairy & Frozen,2023-12-10,2023-12-23,14,10.0,In-Store Display
5440,10,Adelaide CBD,South Australia,8,Tasty Cheese Block 500g,Dairy & Frozen,2025-11-12,2025-11-20,9,15.0,In-Store Display
5441,10,Adelaide CBD,South Australia,8,Tasty Cheese Block 500g,Dairy & Frozen,2024-06-04,2024-06-14,11,20.0,Catalogue
5442,10,Adelaide CBD,South Australia,8,Tasty Cheese Block 500g,Dairy & Frozen,2023-09-28,2023-10-03,6,10.0,In-Store Display
5443,10,Adelaide CBD,South Australia,8,Tasty Cheese Block 500g,Dairy & Frozen,2024-12-20,2025-01-01,13,30.0,Catalogue
5444,10,Adelaide CBD,South Australia,8,Tasty Cheese Block 500g,Dairy & Frozen,2025-04-03,2025-04-16,14,25.0,Catalogue
5445,10,Adelaide CBD,South Australia,8,Tasty Cheese Block 500g,Dairy & Frozen,2024-01-30,2024-02-07,9,20.0,Catalogue
5446,10,Adelaide CBD,South Australia,8,Tasty Cheese Block 500g,Dairy & Frozen,2023-02-03,2023-02-15,13,15.0,In-Store Display
5447,10,Adelaide CBD,South Australia,8,Tasty Cheese Block 500g,Dairy & Frozen,2025-03-05,2025-03-12,8,10.0,In-Store Display
5448,10,Adelaide CBD,South Australia,8,Tasty Cheese Block 500g,Dairy & Frozen,2023-10-18,2023-10-22,5,10.0,In-Store Display
5449,10,Adelaide CBD,South Australia,8,Tasty Cheese Block 500g,Dairy & Frozen,2025-05-15,2025-05-27,13,10.0,In-Store Display
5450,10,Adelaide CBD,South Australia,8,Tasty Cheese Block 500g,Dairy & Frozen,2025-09-30,2025-10-09,10,15.0,In-Store Display
5451,10,Adelaide CBD,South Australia,8,Tasty Cheese Block 500g,Dairy & Frozen,2025-12-24,2025-12-30,7,20.0,Catalogue
5452,10,Adelaide CBD,South Australia,8,Tasty Cheese Block 500g,Dairy & Frozen,2023-05-06,2023-05-13,8,20.0,Catalogue
5453,10,Adelaide CBD,South Australia,8,Tasty Cheese Block 500g,Dairy & Frozen,2023-11-16,2023-11-22,7,25.0,Catalogue
5454,10,Adelaide CBD,South Australia,8,Tasty Cheese Block 500g,Dairy & Frozen,2024-09-21,2024-09-28,8,15.0,In-Store Display
5455,10,Adelaide CBD,South Australia,9,Greek Yoghurt 1kg,Dairy & Frozen,2023-03-04,2023-03-10,7,25.0,Catalogue
5456,10,Adelaide CBD,South Australia,9,Greek Yoghurt 1kg,Dairy & Frozen,2025-05-20,2025-05-25,6,10.0,In-Store Display
5457,10,Adelaide CBD,South Australia,9,Greek Yoghurt 1kg,Dairy & Frozen,2023-12-01,2023-12-12,12,10.0,In-Store Display
5458,10,Adelaide CBD,South Australia,9,Greek Yoghurt 1kg,Dairy & Frozen,2025-10-22,2025-10-31,10,20.0,Catalogue
5459,10,Adelaide CBD,South Australia,9,Greek Yoghurt 1kg,Dairy & Frozen,2024-08-27,2024-09-09,14,20.0,Catalogue
5460,10,Adelaide CBD,South Australia,9,Greek Yoghurt 1kg,Dairy & Frozen,2023-09-10,2023-09-14,5,25.0,Catalogue
5461,10,Adelaide CBD,South Australia,9,Greek Yoghurt 1kg,Dairy & Frozen,2024-04-27,2024-05-04,8,20.0,Catalogue
5462,10,Adelaide CBD,South Australia,9,Greek Yoghurt 1kg,Dairy & Frozen,2024-01-30,2024-02-03,5,15.0,In-Store Display
5463,10,Adelaide CBD,South Australia,9,Greek Yoghurt 1kg,Dairy & Frozen,2023-02-03,2023-02-08,6,15.0,In-Store Display
5464,10,Adelaide CBD,South Australia,9,Greek Yoghurt 1kg,Dairy & Frozen,2023-10-03,2023-10-10,8,10.0,In-Store Display
5465,10,Adelaide CBD,South Australia,9,Greek Yoghurt 1kg,Dairy & Frozen,2025-08-14,2025-08-20,7,10.0,In-Store Display
5466,10,Adelaide CBD,South Australia,9,Greek Yoghurt 1kg,Dairy & Frozen,2023-04-18,2023-05-01,14,10.0,In-Store Display
5467,10,Adelaide CBD,South Australia,9,Greek Yoghurt 1kg,Dairy & Frozen,2023-06-30,2023-07-11,12,15.0,In-Store Display
5468,10,Adelaide CBD,South Australia,9,Greek Yoghurt 1kg,Dairy & Frozen,2023-06-03,2023-06-09,7,25.0,Catalogue
5469,10,Adelaide CBD,South Australia,9,Greek Yoghurt 1kg,Dairy & Frozen,2024-10-06,2024-10-16,11,10.0,In-Store Display
5470,10,Adelaide CBD,South Australia,9,Greek Yoghurt 1kg,Dairy & Frozen,2024-06-30,2024-07-09,10,15.0,In-Store Display
5471,10,Adelaide CBD,South Australia,9,Greek Yoghurt 1kg,Dairy & Frozen,2025-12-08,2025-12-20,13,10.0,In-Store Display
5472,10,Adelaide CBD,South Australia,9,Greek Yoghurt 1kg,Dairy & Frozen,2023-03-26,2023-03-30,5,15.0,In-Store Display
5473,10,Adelaide CBD,South Australia,9,Greek Yoghurt 1kg,Dairy & Frozen,2024-01-01,2024-01-10,10,20.0,Catalogue
5474,10,Adelaide CBD,South Australia,9,Greek Yoghurt 1kg,Dairy & Frozen,2024-05-31,2024-06-10,11,30.0,Catalogue
5475,10,Adelaide CBD,South Australia,10,Vanilla Ice Cream 2L,Dairy & Frozen,2025-08-21,2025-08-25,5,10.0,In-Store Display
5476,10,Adelaide CBD,South Australia,10,Vanilla Ice Cream 2L,Dairy & Frozen,2024-11-04,2024-11-14,11,30.0,Catalogue
5477,10,Adelaide CBD,South Australia,10,Vanilla Ice Cream 2L,Dairy & Frozen,2023-12-24,2023-12-28,5,15.0,In-Store Display
5478,10,Adelaide CBD,South Australia,10,Vanilla Ice Cream 2L,Dairy & Frozen,2024-01-23,2024-02-03,12,20.0,Catalogue
5479,10,Adelaide CBD,South Australia,10,Vanilla Ice Cream 2L,Dairy & Frozen,2024-08-21,2024-08-28,8,30.0,Catalogue
5480,10,Adelaide CBD,South Australia,10,Vanilla Ice Cream 2L,Dairy & Frozen,2025-07-04,2025-07-08,5,15.0,In-Store Display
5481,10,Adelaide CBD,South Australia,10,Vanilla Ice Cream 2L,Dairy & Frozen,2023-05-21,2023-06-01,12,10.0,In-Store Display
5482,10,Adelaide CBD,South Australia,10,Vanilla Ice Cream 2L,Dairy & Frozen,2025-03-02,2025-03-09,8,20.0,Catalogue
5483,10,Adelaide CBD,South Australia,10,Vanilla Ice Cream 2L,Dairy & Frozen,2023-02-07,2023-02-12,6,25.0,Catalogue
5484,10,Adelaide CBD,South Australia,10,Vanilla Ice Cream 2L,Dairy & Frozen,2025-11-10,2025-11-21,12,20.0,Catalogue
5485,10,Adelaide CBD,South Australia,10,Vanilla Ice Cream 2L,Dairy & Frozen,2025-12-18,2025-12-29,12,30.0,Catalogue
5486,10,Adelaide CBD,South Australia,10,Vanilla Ice Cream 2L,Dairy & Frozen,2025-03-28,2025-04-02,6,15.0,In-Store Display
5487,10,Adelaide CBD,South Australia,10,Vanilla Ice Cream 2L,Dairy & Frozen,2024-06-22,2024-06-28,7,20.0,Catalogue
5488,10,Adelaide CBD,South Australia,10,Vanilla Ice Cream 2L,Dairy & Frozen,2025-09-29,2025-10-12,14,20.0,Catalogue
5489,10,Adelaide CBD,South Australia,10,Vanilla Ice Cream 2L,Dairy & Frozen,2023-09-09,2023-09-14,6,20.0,Catalogue
5490,10,Adelaide CBD,South Australia,10,Vanilla Ice Cream 2L,Dairy & Frozen,2023-01-05,2023-01-15,11,20.0,Catalogue
5491,10,Adelaide CBD,South Australia,10,Vanilla Ice Cream 2L,Dairy & Frozen,2025-01-12,2025-01-19,8,20.0,Catalogue
5492,10,Adelaide CBD,South Australia,10,Vanilla Ice Cream 2L,Dairy & Frozen,2023-11-24,2023-12-03,10,30.0,Catalogue
5493,10,Adelaide CBD,South Australia,10,Vanilla Ice Cream 2L,Dairy & Frozen,2024-04-13,2024-04-18,6,25.0,Catalogue
5494,10,Adelaide CBD,South Australia,10,Vanilla Ice Cream 2L,Dairy & Frozen,2023-10-13,2023-10-23,11,10.0,In-Store Display
5495,10,Adelaide CBD,South Australia,10,Vanilla Ice Cream 2L,Dairy & Frozen,2025-05-09,2025-05-15,7,25.0,Catalogue
5496,10,Adelaide CBD,South Australia,10,Vanilla Ice Cream 2L,Dairy & Frozen,2025-02-04,2025-02-08,5,10.0,In-Store Display
5497,10,Adelaide CBD,South Australia,10,Vanilla Ice Cream 2L,Dairy & Frozen,2023-06-19,2023-06-30,12,20.0,Catalogue
5498,10,Adelaide CBD,South Australia,10,Vanilla Ice Cream 2L,Dairy & Frozen,2023-04-15,2023-04-21,7,20.0,Catalogue
5499,10,Adelaide CBD,South Australia,10,Vanilla Ice Cream 2L,Dairy & Frozen,2024-03-17,2024-03-24,8,10.0,In-Store Display
5500,10,Adelaide CBD,South Australia,10,Vanilla Ice Cream 2L,Dairy & Frozen,2024-05-03,2024-05-11,9,30.0,Catalogue
5501,10,Adelaide CBD,South Australia,11,Frozen Mixed Vegetables 1kg,Dairy & Frozen,2024-04-27,2024-05-08,12,30.0,Catalogue
5502,10,Adelaide CBD,South Australia,11,Frozen Mixed Vegetables 1kg,Dairy & Frozen,2025-02-13,2025-02-23,11,15.0,In-Store Display
5503,10,Adelaide CBD,South Australia,11,Frozen Mixed Vegetables 1kg,Dairy & Frozen,2023-09-23,2023-09-28,6,15.0,In-Store Display
5504,10,Adelaide CBD,South Australia,11,Frozen Mixed Vegetables 1kg,Dairy & Frozen,2025-11-20,2025-11-26,7,20.0,Catalogue
5505,10,Adelaide CBD,South Australia,11,Frozen Mixed Vegetables 1kg,Dairy & Frozen,2025-08-14,2025-08-27,14,20.0,Catalogue
5506,10,Adelaide CBD,South Australia,11,Frozen Mixed Vegetables 1kg,Dairy & Frozen,2023-07-21,2023-07-31,11,15.0,In-Store Display
5507,10,Adelaide CBD,South Australia,11,Frozen Mixed Vegetables 1kg,Dairy & Frozen,2024-06-28,2024-07-10,13,15.0,In-Store Display
5508,10,Adelaide CBD,South Australia,11,Frozen Mixed Vegetables 1kg,Dairy & Frozen,2023-08-29,2023-09-06,9,15.0,In-Store Display
5509,10,Adelaide CBD,South Australia,11,Frozen Mixed Vegetables 1kg,Dairy & Frozen,2023-06-24,2023-07-06,13,15.0,In-Store Display
5510,10,Adelaide CBD,South Australia,11,Frozen Mixed Vegetables 1kg,Dairy & Frozen,2025-09-12,2025-09-18,7,20.0,Catalogue
5511,10,Adelaide CBD,South Australia,11,Frozen Mixed Vegetables 1kg,Dairy & Frozen,2023-12-30,2024-01-05,7,15.0,In-Store Display
5512,10,Adelaide CBD,South Australia,11,Frozen Mixed Vegetables 1kg,Dairy & Frozen,2025-06-23,2025-07-01,9,15.0,In-Store Display
5513,10,Adelaide CBD,South Australia,11,Frozen Mixed Vegetables 1kg,Dairy & Frozen,2024-12-12,2024-12-23,12,15.0,In-Store Display
5514,10,Adelaide CBD,South Australia,11,Frozen Mixed Vegetables 1kg,Dairy & Frozen,2024-03-27,2024-04-08,13,15.0,In-Store Display
5515,10,Adelaide CBD,South Australia,11,Frozen Mixed Vegetables 1kg,Dairy & Frozen,2023-05-16,2023-05-25,10,20.0,Catalogue
5516,10,Adelaide CBD,South Australia,12,Frozen Meat Pies 4pk,Dairy & Frozen,2023-12-28,2024-01-10,14,25.0,Catalogue
5517,10,Adelaide CBD,South Australia,12,Frozen Meat Pies 4pk,Dairy & Frozen,2023-03-28,2023-04-07,11,20.0,Catalogue
5518,10,Adelaide CBD,South Australia,12,Frozen Meat Pies 4pk,Dairy & Frozen,2023-08-11,2023-08-17,7,25.0,Catalogue
5519,10,Adelaide CBD,South Australia,12,Frozen Meat Pies 4pk,Dairy & Frozen,2023-05-17,2023-05-29,13,15.0,In-Store Display
5520,10,Adelaide CBD,South Australia,12,Frozen Meat Pies 4pk,Dairy & Frozen,2023-07-13,2023-07-24,12,10.0,In-Store Display
5521,10,Adelaide CBD,South Australia,12,Frozen Meat Pies 4pk,Dairy & Frozen,2024-03-18,2024-03-27,10,30.0,Catalogue
5522,10,Adelaide CBD,South Australia,12,Frozen Meat Pies 4pk,Dairy & Frozen,2025-05-22,2025-06-03,13,10.0,In-Store Display
5523,10,Adelaide CBD,South Australia,12,Frozen Meat Pies 4pk,Dairy & Frozen,2024-05-11,2024-05-15,5,15.0,In-Store Display
5524,10,Adelaide CBD,South Australia,12,Frozen Meat Pies 4pk,Dairy & Frozen,2025-08-25,2025-08-29,5,30.0,Catalogue
5525,10,Adelaide CBD,South Australia,12,Frozen Meat Pies 4pk,Dairy & Frozen,2025-07-06,2025-07-19,14,50.0,Clearance
5526,10,Adelaide CBD,South Australia,12,Frozen Meat Pies 4pk,Dairy & Frozen,2024-01-28,2024-02-04,8,10.0,In-Store Display
5527,10,Adelaide CBD,South Australia,12,Frozen Meat Pies 4pk,Dairy & Frozen,2024-10-12,2024-10-18,7,10.0,In-Store Display
5528,10,Adelaide CBD,South Australia,12,Frozen Meat Pies 4pk,Dairy & Frozen,2025-02-20,2025-02-24,5,10.0,In-Store Display
5529,10,Adelaide CBD,South Australia,12,Frozen Meat Pies 4pk,Dairy & Frozen,2024-09-21,2024-09-25,5,10.0,In-Store Display
5530,10,Adelaide CBD,South Australia,12,Frozen Meat Pies 4pk,Dairy & Frozen,2023-09-07,2023-09-18,12,25.0,Catalogue
5531,10,Adelaide CBD,South Australia,12,Frozen Meat Pies 4pk,Dairy & Frozen,2025-11-09,2025-11-13,5,25.0,Catalogue
5532,10,Adelaide CBD,South Australia,12,Frozen Meat Pies 4pk,Dairy & Frozen,2024-06-25,2024-07-04,10,15.0,In-Store Display
5533,10,Adelaide CBD,South Australia,12,Frozen Meat Pies 4pk,Dairy & Frozen,2025-03-30,2025-04-07,9,15.0,In-Store Display
5534,10,Adelaide CBD,South Australia,12,Frozen Meat Pies 4pk,Dairy & Frozen,2024-12-15,2024-12-24,10,20.0,Catalogue
5535,10,Adelaide CBD,South Australia,13,Cola Soft Drink 1.25L,Beverages,2025-11-17,2025-11-23,7,25.0,Catalogue
5536,10,Adelaide CBD,South Australia,13,Cola Soft Drink 1.25L,Beverages,2024-03-31,2024-04-13,14,15.0,In-Store Display
5537,10,Adelaide CBD,South Australia,13,Cola Soft Drink 1.25L,Beverages,2023-06-14,2023-06-18,5,10.0,In-Store Display
5538,10,Adelaide CBD,South Australia,13,Cola Soft Drink 1.25L,Beverages,2023-01-04,2023-01-10,7,25.0,Catalogue
5539,10,Adelaide CBD,South Australia,13,Cola Soft Drink 1.25L,Beverages,2025-04-15,2025-04-24,10,30.0,Catalogue
5540,10,Adelaide CBD,South Australia,13,Cola Soft Drink 1.25L,Beverages,2023-02-06,2023-02-10,5,20.0,Catalogue
5541,10,Adelaide CBD,South Australia,13,Cola Soft Drink 1.25L,Beverages,2023-09-23,2023-09-28,6,20.0,Catalogue
5542,10,Adelaide CBD,South Australia,13,Cola Soft Drink 1.25L,Beverages,2024-02-01,2024-02-11,11,15.0,In-Store Display
5543,10,Adelaide CBD,South Australia,13,Cola Soft Drink 1.25L,Beverages,2025-09-09,2025-09-22,14,20.0,Catalogue
5544,10,Adelaide CBD,South Australia,13,Cola Soft Drink 1.25L,Beverages,2024-05-23,2024-06-02,11,25.0,Catalogue
5545,10,Adelaide CBD,South Australia,13,Cola Soft Drink 1.25L,Beverages,2023-08-26,2023-09-07,13,10.0,In-Store Display
5546,10,Adelaide CBD,South Australia,13,Cola Soft Drink 1.25L,Beverages,2025-02-26,2025-03-11,14,10.0,In-Store Display
5547,10,Adelaide CBD,South Australia,13,Cola Soft Drink 1.25L,Beverages,2025-01-22,2025-02-03,13,30.0,Catalogue
5548,10,Adelaide CBD,South Australia,13,Cola Soft Drink 1.25L,Beverages,2024-03-03,2024-03-15,13,10.0,In-Store Display
5549,10,Adelaide CBD,South Australia,13,Cola Soft Drink 1.25L,Beverages,2024-09-01,2024-09-08,8,15.0,In-Store Display
5550,10,Adelaide CBD,South Australia,13,Cola Soft Drink 1.25L,Beverages,2023-12-06,2023-12-17,12,10.0,In-Store Display
5551,10,Adelaide CBD,South Australia,13,Cola Soft Drink 1.25L,Beverages,2024-07-15,2024-07-21,7,30.0,Catalogue
5552,10,Adelaide CBD,South Australia,13,Cola Soft Drink 1.25L,Beverages,2023-03-30,2023-04-03,5,30.0,Catalogue
5553,10,Adelaide CBD,South Australia,13,Cola Soft Drink 1.25L,Beverages,2023-04-18,2023-04-27,10,20.0,Catalogue
5554,10,Adelaide CBD,South Australia,13,Cola Soft Drink 1.25L,Beverages,2025-12-19,2025-12-23,5,10.0,In-Store Display
5555,10,Adelaide CBD,South Australia,13,Cola Soft Drink 1.25L,Beverages,2025-10-18,2025-10-30,13,25.0,Catalogue
5556,10,Adelaide CBD,South Australia,13,Cola Soft Drink 1.25L,Beverages,2025-07-22,2025-08-03,13,10.0,In-Store Display
5557,10,Adelaide CBD,South Australia,13,Cola Soft Drink 1.25L,Beverages,2023-05-15,2023-05-22,8,25.0,Catalogue
5558,10,Adelaide CBD,South Australia,13,Cola Soft Drink 1.25L,Beverages,2024-11-29,2024-12-07,9,10.0,In-Store Display
5559,10,Adelaide CBD,South Australia,13,Cola Soft Drink 1.25L,Beverages,2025-05-29,2025-06-06,9,20.0,Catalogue
5560,10,Adelaide CBD,South Australia,13,Cola Soft Drink 1.25L,Beverages,2024-06-20,2024-06-29,10,20.0,Catalogue
5561,10,Adelaide CBD,South Australia,13,Cola Soft Drink 1.25L,Beverages,2024-10-28,2024-11-02,6,25.0,Catalogue
5562,10,Adelaide CBD,South Australia,13,Cola Soft Drink 1.25L,Beverages,2024-12-24,2024-12-28,5,25.0,Catalogue
5563,10,Adelaide CBD,South Australia,14,Orange Juice 2L,Beverages,2024-02-10,2024-02-18,9,20.0,Catalogue
5564,10,Adelaide CBD,South Australia,14,Orange Juice 2L,Beverages,2024-01-11,2024-01-20,10,10.0,In-Store Display
5565,10,Adelaide CBD,South Australia,14,Orange Juice 2L,Beverages,2025-07-14,2025-07-26,13,10.0,In-Store Display
5566,10,Adelaide CBD,South Australia,14,Orange Juice 2L,Beverages,2023-04-04,2023-04-11,8,15.0,In-Store Display
5567,10,Adelaide CBD,South Australia,14,Orange Juice 2L,Beverages,2023-02-03,2023-02-08,6,10.0,In-Store Display
5568,10,Adelaide CBD,South Australia,14,Orange Juice 2L,Beverages,2023-07-17,2023-07-28,12,15.0,In-Store Display
5569,10,Adelaide CBD,South Australia,14,Orange Juice 2L,Beverages,2025-09-27,2025-10-09,13,15.0,In-Store Display
5570,10,Adelaide CBD,South Australia,14,Orange Juice 2L,Beverages,2024-09-12,2024-09-18,7,25.0,Catalogue
5571,10,Adelaide CBD,South Australia,14,Orange Juice 2L,Beverages,2024-10-30,2024-11-05,7,20.0,Catalogue
5572,10,Adelaide CBD,South Australia,14,Orange Juice 2L,Beverages,2025-02-28,2025-03-08,9,20.0,Catalogue
5573,10,Adelaide CBD,South Australia,14,Orange Juice 2L,Beverages,2023-11-21,2023-11-30,10,10.0,In-Store Display
5574,10,Adelaide CBD,South Australia,14,Orange Juice 2L,Beverages,2025-11-07,2025-11-12,6,10.0,In-Store Display
5575,10,Adelaide CBD,South Australia,14,Orange Juice 2L,Beverages,2024-12-10,2024-12-20,11,20.0,Catalogue
5576,10,Adelaide CBD,South Australia,14,Orange Juice 2L,Beverages,2024-08-13,2024-08-26,14,15.0,In-Store Display
5577,10,Adelaide CBD,South Australia,14,Orange Juice 2L,Beverages,2023-04-29,2023-05-07,9,25.0,Catalogue
5578,10,Adelaide CBD,South Australia,14,Orange Juice 2L,Beverages,2024-03-18,2024-03-25,8,50.0,Clearance
5579,10,Adelaide CBD,South Australia,14,Orange Juice 2L,Beverages,2024-06-01,2024-06-12,12,15.0,In-Store Display
5580,10,Adelaide CBD,South Australia,14,Orange Juice 2L,Beverages,2023-01-09,2023-01-16,8,15.0,In-Store Display
5581,10,Adelaide CBD,South Australia,14,Orange Juice 2L,Beverages,2023-09-17,2023-09-25,9,15.0,In-Store Display
5582,10,Adelaide CBD,South Australia,14,Orange Juice 2L,Beverages,2024-04-20,2024-04-27,8,30.0,Catalogue
5583,10,Adelaide CBD,South Australia,14,Orange Juice 2L,Beverages,2025-12-08,2025-12-16,9,25.0,Catalogue
5584,10,Adelaide CBD,South Australia,15,Spring Water 6L,Beverages,2024-04-29,2024-05-07,9,30.0,Catalogue
5585,10,Adelaide CBD,South Australia,15,Spring Water 6L,Beverages,2023-01-01,2023-01-05,5,20.0,Catalogue
5586,10,Adelaide CBD,South Australia,15,Spring Water 6L,Beverages,2023-07-13,2023-07-21,9,10.0,In-Store Display
5587,10,Adelaide CBD,South Australia,15,Spring Water 6L,Beverages,2025-11-19,2025-11-23,5,30.0,Catalogue
5588,10,Adelaide CBD,South Australia,15,Spring Water 6L,Beverages,2024-09-17,2024-09-30,14,20.0,Catalogue
5589,10,Adelaide CBD,South Australia,15,Spring Water 6L,Beverages,2025-03-08,2025-03-18,11,25.0,Catalogue
5590,10,Adelaide CBD,South Australia,15,Spring Water 6L,Beverages,2023-09-13,2023-09-17,5,30.0,Catalogue
5591,10,Adelaide CBD,South Australia,15,Spring Water 6L,Beverages,2024-11-07,2024-11-12,6,15.0,In-Store Display
5592,10,Adelaide CBD,South Australia,15,Spring Water 6L,Beverages,2023-11-28,2023-12-06,9,15.0,In-Store Display
5593,10,Adelaide CBD,South Australia,15,Spring Water 6L,Beverages,2025-07-13,2025-07-24,12,20.0,Catalogue
5594,10,Adelaide CBD,South Australia,15,Spring Water 6L,Beverages,2024-01-08,2024-01-15,8,25.0,Catalogue
5595,10,Adelaide CBD,South Australia,15,Spring Water 6L,Beverages,2025-01-07,2025-01-13,7,20.0,Catalogue
5596,10,Adelaide CBD,South Australia,15,Spring Water 6L,Beverages,2024-12-01,2024-12-12,12,25.0,Catalogue
5597,10,Adelaide CBD,South Australia,15,Spring Water 6L,Beverages,2023-02-21,2023-02-25,5,50.0,Clearance
5598,10,Adelaide CBD,South Australia,15,Spring Water 6L,Beverages,2023-10-04,2023-10-17,14,50.0,Clearance
5599,10,Adelaide CBD,South Australia,15,Spring Water 6L,Beverages,2025-10-19,2025-10-24,6,50.0,Clearance
5600,10,Adelaide CBD,South Australia,15,Spring Water 6L,Beverages,2025-05-06,2025-05-14,9,20.0,Catalogue
5601,10,Adelaide CBD,South Australia,15,Spring Water 6L,Beverages,2024-07-11,2024-07-16,6,10.0,In-Store Display
5602,10,Adelaide CBD,South Australia,15,Spring Water 6L,Beverages,2025-08-16,2025-08-28,13,20.0,Catalogue
5603,10,Adelaide CBD,South Australia,15,Spring Water 6L,Beverages,2023-03-20,2023-03-30,11,20.0,Catalogue
5604,10,Adelaide CBD,South Australia,15,Spring Water 6L,Beverages,2024-03-06,2024-03-15,10,15.0,In-Store Display
5605,10,Adelaide CBD,South Australia,15,Spring Water 6L,Beverages,2024-02-10,2024-02-15,6,30.0,Catalogue
5606,10,Adelaide CBD,South Australia,15,Spring Water 6L,Beverages,2025-06-03,2025-06-11,9,20.0,Catalogue
5607,10,Adelaide CBD,South Australia,15,Spring Water 6L,Beverages,2025-09-19,2025-09-29,11,20.0,Catalogue
5608,10,Adelaide CBD,South Australia,15,Spring Water 6L,Beverages,2024-04-03,2024-04-14,12,20.0,Catalogue
5609,10,Adelaide CBD,South Australia,16,Ground Coffee 1kg,Beverages,2024-03-25,2024-04-06,13,20.0,Catalogue
5610,10,Adelaide CBD,South Australia,16,Ground Coffee 1kg,Beverages,2023-06-27,2023-07-01,5,15.0,In-Store Display
5611,10,Adelaide CBD,South Australia,16,Ground Coffee 1kg,Beverages,2025-04-02,2025-04-15,14,20.0,Catalogue
5612,10,Adelaide CBD,South Australia,16,Ground Coffee 1kg,Beverages,2023-05-19,2023-05-28,10,30.0,Catalogue
5613,10,Adelaide CBD,South Australia,16,Ground Coffee 1kg,Beverages,2023-08-20,2023-08-24,5,25.0,Catalogue
5614,10,Adelaide CBD,South Australia,16,Ground Coffee 1kg,Beverages,2024-07-13,2024-07-26,14,20.0,Catalogue
5615,10,Adelaide CBD,South Australia,16,Ground Coffee 1kg,Beverages,2023-03-25,2023-03-29,5,10.0,In-Store Display
5616,10,Adelaide CBD,South Australia,16,Ground Coffee 1kg,Beverages,2023-02-17,2023-03-01,13,30.0,Catalogue
5617,10,Adelaide CBD,South Australia,16,Ground Coffee 1kg,Beverages,2025-08-05,2025-08-11,7,20.0,Catalogue
5618,10,Adelaide CBD,South Australia,16,Ground Coffee 1kg,Beverages,2025-01-27,2025-02-02,7,25.0,Catalogue
5619,10,Adelaide CBD,South Australia,16,Ground Coffee 1kg,Beverages,2024-01-12,2024-01-19,8,20.0,Catalogue
5620,10,Adelaide CBD,South Australia,16,Ground Coffee 1kg,Beverages,2023-07-22,2023-08-03,13,30.0,Catalogue
5621,10,Adelaide CBD,South Australia,16,Ground Coffee 1kg,Beverages,2025-02-21,2025-03-03,11,15.0,In-Store Display
5622,10,Adelaide CBD,South Australia,16,Ground Coffee 1kg,Beverages,2024-10-25,2024-11-06,13,25.0,Catalogue
5623,10,Adelaide CBD,South Australia,16,Ground Coffee 1kg,Beverages,2025-05-30,2025-06-11,13,20.0,Catalogue
5624,10,Adelaide CBD,South Australia,16,Ground Coffee 1kg,Beverages,2025-10-15,2025-10-24,10,15.0,In-Store Display
5625,10,Adelaide CBD,South Australia,16,Ground Coffee 1kg,Beverages,2023-04-18,2023-04-24,7,20.0,Catalogue
5626,10,Adelaide CBD,South Australia,16,Ground Coffee 1kg,Beverages,2023-01-20,2023-01-30,11,25.0,Catalogue
5627,10,Adelaide CBD,South Australia,16,Ground Coffee 1kg,Beverages,2024-09-07,2024-09-19,13,30.0,Catalogue
5628,10,Adelaide CBD,South Australia,16,Ground Coffee 1kg,Beverages,2024-12-30,2025-01-06,8,15.0,In-Store Display
5629,10,Adelaide CBD,South Australia,16,Ground Coffee 1kg,Beverages,2023-11-02,2023-11-07,6,10.0,In-Store Display
5630,10,Adelaide CBD,South Australia,16,Ground Coffee 1kg,Beverages,2024-11-26,2024-12-05,10,15.0,In-Store Display
5631,10,Adelaide CBD,South Australia,16,Ground Coffee 1kg,Beverages,2023-10-02,2023-10-07,6,20.0,Catalogue
5632,10,Adelaide CBD,South Australia,17,Black Tea Bags 100pk,Beverages,2024-03-31,2024-04-08,9,50.0,Clearance
5633,10,Adelaide CBD,South Australia,17,Black Tea Bags 100pk,Beverages,2023-08-17,2023-08-22,6,15.0,In-Store Display
5634,10,Adelaide CBD,South Australia,17,Black Tea Bags 100pk,Beverages,2024-08-12,2024-08-16,5,50.0,Clearance
5635,10,Adelaide CBD,South Australia,17,Black Tea Bags 100pk,Beverages,2024-06-03,2024-06-16,14,10.0,In-Store Display
5636,10,Adelaide CBD,South Australia,17,Black Tea Bags 100pk,Beverages,2023-06-04,2023-06-15,12,15.0,In-Store Display
5637,10,Adelaide CBD,South Australia,17,Black Tea Bags 100pk,Beverages,2025-08-15,2025-08-21,7,10.0,In-Store Display
5638,10,Adelaide CBD,South Australia,17,Black Tea Bags 100pk,Beverages,2023-11-20,2023-11-25,6,20.0,Catalogue
5639,10,Adelaide CBD,South Australia,17,Black Tea Bags 100pk,Beverages,2025-05-01,2025-05-11,11,25.0,Catalogue
5640,10,Adelaide CBD,South Australia,17,Black Tea Bags 100pk,Beverages,2023-07-22,2023-07-29,8,20.0,Catalogue
5641,10,Adelaide CBD,South Australia,17,Black Tea Bags 100pk,Beverages,2025-01-12,2025-01-18,7,15.0,In-Store Display
5642,10,Adelaide CBD,South Australia,17,Black Tea Bags 100pk,Beverages,2023-01-28,2023-02-02,6,30.0,Catalogue
5643,10,Adelaide CBD,South Australia,17,Black Tea Bags 100pk,Beverages,2025-07-14,2025-07-19,6,15.0,In-Store Display
5644,10,Adelaide CBD,South Australia,17,Black Tea Bags 100pk,Beverages,2023-03-27,2023-04-07,12,20.0,Catalogue
5645,10,Adelaide CBD,South Australia,17,Black Tea Bags 100pk,Beverages,2025-11-18,2025-11-23,6,20.0,Catalogue
5646,10,Adelaide CBD,South Australia,17,Black Tea Bags 100pk,Beverages,2025-06-19,2025-06-27,9,20.0,Catalogue
5647,10,Adelaide CBD,South Australia,17,Black Tea Bags 100pk,Beverages,2025-09-12,2025-09-22,11,10.0,In-Store Display
5648,10,Adelaide CBD,South Australia,17,Black Tea Bags 100pk,Beverages,2023-12-19,2023-12-30,12,10.0,In-Store Display
5649,10,Adelaide CBD,South Australia,17,Black Tea Bags 100pk,Beverages,2023-09-11,2023-09-21,11,15.0,In-Store Display
5650,10,Adelaide CBD,South Australia,18,Sports Drink 600ml,Beverages,2023-01-24,2023-02-01,9,15.0,In-Store Display
5651,10,Adelaide CBD,South Australia,18,Sports Drink 600ml,Beverages,2024-08-21,2024-08-28,8,30.0,Catalogue
5652,10,Adelaide CBD,South Australia,18,Sports Drink 600ml,Beverages,2025-12-12,2025-12-24,13,10.0,In-Store Display
5653,10,Adelaide CBD,South Australia,18,Sports Drink 600ml,Beverages,2023-10-12,2023-10-16,5,10.0,In-Store Display
5654,10,Adelaide CBD,South Australia,18,Sports Drink 600ml,Beverages,2023-07-12,2023-07-21,10,30.0,Catalogue
5655,10,Adelaide CBD,South Australia,18,Sports Drink 600ml,Beverages,2025-05-03,2025-05-09,7,15.0,In-Store Display
5656,10,Adelaide CBD,South Australia,18,Sports Drink 600ml,Beverages,2024-05-21,2024-05-28,8,25.0,Catalogue
5657,10,Adelaide CBD,South Australia,18,Sports Drink 600ml,Beverages,2024-02-20,2024-02-29,10,10.0,In-Store Display
5658,10,Adelaide CBD,South Australia,18,Sports Drink 600ml,Beverages,2024-11-28,2024-12-05,8,10.0,In-Store Display
5659,10,Adelaide CBD,South Australia,18,Sports Drink 600ml,Beverages,2023-06-04,2023-06-09,6,15.0,In-Store Display
5660,10,Adelaide CBD,South Australia,18,Sports Drink 600ml,Beverages,2025-08-30,2025-09-03,5,25.0,Catalogue
5661,10,Adelaide CBD,South Australia,18,Sports Drink 600ml,Beverages,2025-03-05,2025-03-12,8,20.0,Catalogue
5662,10,Adelaide CBD,South Australia,18,Sports Drink 600ml,Beverages,2024-04-06,2024-04-18,13,10.0,In-Store Display
5663,10,Adelaide CBD,South Australia,18,Sports Drink 600ml,Beverages,2025-07-01,2025-07-06,6,25.0,Catalogue
5664,10,Adelaide CBD,South Australia,18,Sports Drink 600ml,Beverages,2023-03-10,2023-03-23,14,20.0,Catalogue
5665,10,Adelaide CBD,South Australia,18,Sports Drink 600ml,Beverages,2025-10-09,2025-10-21,13,25.0,Catalogue
5666,10,Adelaide CBD,South Australia,18,Sports Drink 600ml,Beverages,2023-11-10,2023-11-19,10,25.0,Catalogue
5667,10,Adelaide CBD,South Australia,18,Sports Drink 600ml,Beverages,2023-08-13,2023-08-22,10,15.0,In-Store Display
5668,10,Adelaide CBD,South Australia,18,Sports Drink 600ml,Beverages,2024-10-17,2024-10-27,11,50.0,Clearance
5669,10,Adelaide CBD,South Australia,18,Sports Drink 600ml,Beverages,2024-01-29,2024-02-05,8,15.0,In-Store Display
5670,10,Adelaide CBD,South Australia,18,Sports Drink 600ml,Beverages,2025-11-16,2025-11-24,9,25.0,Catalogue
5671,10,Adelaide CBD,South Australia,18,Sports Drink 600ml,Beverages,2024-06-24,2024-06-29,6,30.0,Catalogue
5672,10,Adelaide CBD,South Australia,18,Sports Drink 600ml,Beverages,2025-04-04,2025-04-15,12,50.0,Clearance
5673,10,Adelaide CBD,South Australia,18,Sports Drink 600ml,Beverages,2024-12-25,2024-12-31,7,10.0,In-Store Display
5674,10,Adelaide CBD,South Australia,18,Sports Drink 600ml,Beverages,2023-04-24,2023-04-30,7,15.0,In-Store Display
5675,10,Adelaide CBD,South Australia,18,Sports Drink 600ml,Beverages,2025-02-09,2025-02-14,6,30.0,Catalogue
5676,10,Adelaide CBD,South Australia,18,Sports Drink 600ml,Beverages,2025-09-18,2025-09-23,6,10.0,In-Store Display
5677,10,Adelaide CBD,South Australia,18,Sports Drink 600ml,Beverages,2024-07-30,2024-08-06,8,20.0,Catalogue
5678,10,Adelaide CBD,South Australia,19,Potato Chips 175g,Snacks,2025-06-07,2025-06-12,6,15.0,In-Store Display
5679,10,Adelaide CBD,South Australia,19,Potato Chips 175g,Snacks,2025-09-01,2025-09-09,9,30.0,Catalogue
5680,10,Adelaide CBD,South Australia,19,Potato Chips 175g,Snacks,2025-12-17,2025-12-25,9,15.0,In-Store Display
5681,10,Adelaide CBD,South Australia,19,Potato Chips 175g,Snacks,2025-03-22,2025-03-30,9,20.0,Catalogue
5682,10,Adelaide CBD,South Australia,19,Potato Chips 175g,Snacks,2024-11-06,2024-11-13,8,25.0,Catalogue
5683,10,Adelaide CBD,South Australia,19,Potato Chips 175g,Snacks,2023-11-17,2023-11-27,11,20.0,Catalogue
5684,10,Adelaide CBD,South Australia,19,Potato Chips 175g,Snacks,2023-03-31,2023-04-09,10,25.0,Catalogue
5685,10,Adelaide CBD,South Australia,19,Potato Chips 175g,Snacks,2024-06-28,2024-07-08,11,15.0,In-Store Display
5686,10,Adelaide CBD,South Australia,19,Potato Chips 175g,Snacks,2025-07-08,2025-07-19,12,15.0,In-Store Display
5687,10,Adelaide CBD,South Australia,19,Potato Chips 175g,Snacks,2023-04-29,2023-05-05,7,25.0,Catalogue
5688,10,Adelaide CBD,South Australia,19,Potato Chips 175g,Snacks,2023-06-22,2023-06-29,8,50.0,Clearance
5689,10,Adelaide CBD,South Australia,19,Potato Chips 175g,Snacks,2023-10-17,2023-10-30,14,15.0,In-Store Display
5690,10,Adelaide CBD,South Australia,19,Potato Chips 175g,Snacks,2023-01-07,2023-01-13,7,20.0,Catalogue
5691,10,Adelaide CBD,South Australia,19,Potato Chips 175g,Snacks,2025-05-18,2025-05-22,5,20.0,Catalogue
5692,10,Adelaide CBD,South Australia,19,Potato Chips 175g,Snacks,2024-10-10,2024-10-15,6,20.0,Catalogue
5693,10,Adelaide CBD,South Australia,19,Potato Chips 175g,Snacks,2025-11-07,2025-11-13,7,30.0,Catalogue
5694,10,Adelaide CBD,South Australia,19,Potato Chips 175g,Snacks,2023-08-21,2023-08-27,7,15.0,In-Store Display
5695,10,Adelaide CBD,South Australia,19,Potato Chips 175g,Snacks,2024-08-31,2024-09-05,6,15.0,In-Store Display
5696,10,Adelaide CBD,South Australia,19,Potato Chips 175g,Snacks,2024-05-25,2024-06-01,8,25.0,Catalogue
5697,10,Adelaide CBD,South Australia,19,Potato Chips 175g,Snacks,2024-12-29,2025-01-04,7,15.0,In-Store Display
5698,10,Adelaide CBD,South Australia,19,Potato Chips 175g,Snacks,2024-03-25,2024-04-06,13,20.0,Catalogue
5699,10,Adelaide CBD,South Australia,19,Potato Chips 175g,Snacks,2024-08-01,2024-08-09,9,30.0,Catalogue
5700,10,Adelaide CBD,South Australia,19,Potato Chips 175g,Snacks,2023-12-26,2024-01-06,12,20.0,Catalogue
5701,10,Adelaide CBD,South Australia,19,Potato Chips 175g,Snacks,2023-02-06,2023-02-11,6,20.0,Catalogue
5702,10,Adelaide CBD,South Australia,19,Potato Chips 175g,Snacks,2023-09-21,2023-09-28,8,10.0,In-Store Display
5703,10,Adelaide CBD,South Australia,19,Potato Chips 175g,Snacks,2024-04-27,2024-05-01,5,50.0,Clearance
5704,10,Adelaide CBD,South Australia,19,Potato Chips 175g,Snacks,2023-05-28,2023-06-01,5,20.0,Catalogue
5705,10,Adelaide CBD,South Australia,19,Potato Chips 175g,Snacks,2024-02-02,2024-02-11,10,10.0,In-Store Display
5706,10,Adelaide CBD,South Australia,19,Potato Chips 175g,Snacks,2025-04-27,2025-05-03,7,15.0,In-Store Display
5707,10,Adelaide CBD,South Australia,19,Potato Chips 175g,Snacks,2024-02-26,2024-03-02,6,15.0,In-Store Display
5708,10,Adelaide CBD,South Australia,19,Potato Chips 175g,Snacks,2025-02-07,2025-02-12,6,15.0,In-Store Display
5709,10,Adelaide CBD,South Australia,19,Potato Chips 175g,Snacks,2023-07-18,2023-07-28,11,15.0,In-Store Display
5710,10,Adelaide CBD,South Australia,19,Potato Chips 175g,Snacks,2025-08-06,2025-08-13,8,15.0,In-Store Display
5711,10,Adelaide CBD,South Australia,19,Potato Chips 175g,Snacks,2025-10-12,2025-10-21,10,30.0,Catalogue
5712,10,Adelaide CBD,South Australia,19,Potato Chips 175g,Snacks,2024-12-02,2024-12-14,13,10.0,In-Store Display
5713,10,Adelaide CBD,South Australia,20,Sweet Biscuits 250g,Snacks,2023-11-25,2023-12-02,8,10.0,In-Store Display
5714,10,Adelaide CBD,South Australia,20,Sweet Biscuits 250g,Snacks,2023-06-30,2023-07-09,10,50.0,Clearance
5715,10,Adelaide CBD,South Australia,20,Sweet Biscuits 250g,Snacks,2023-02-28,2023-03-11,12,25.0,Catalogue
5716,10,Adelaide CBD,South Australia,20,Sweet Biscuits 250g,Snacks,2025-01-05,2025-01-11,7,25.0,Catalogue
5717,10,Adelaide CBD,South Australia,20,Sweet Biscuits 250g,Snacks,2025-06-05,2025-06-09,5,10.0,In-Store Display
5718,10,Adelaide CBD,South Australia,20,Sweet Biscuits 250g,Snacks,2024-04-03,2024-04-07,5,15.0,In-Store Display
5719,10,Adelaide CBD,South Australia,20,Sweet Biscuits 250g,Snacks,2024-07-15,2024-07-28,14,10.0,In-Store Display
5720,10,Adelaide CBD,South Australia,20,Sweet Biscuits 250g,Snacks,2024-12-11,2024-12-17,7,20.0,Catalogue
5721,10,Adelaide CBD,South Australia,20,Sweet Biscuits 250g,Snacks,2023-12-18,2023-12-30,13,15.0,In-Store Display
5722,10,Adelaide CBD,South Australia,20,Sweet Biscuits 250g,Snacks,2025-02-01,2025-02-10,10,25.0,Catalogue
5723,10,Adelaide CBD,South Australia,20,Sweet Biscuits 250g,Snacks,2023-05-17,2023-05-29,13,50.0,Clearance
5724,10,Adelaide CBD,South Australia,20,Sweet Biscuits 250g,Snacks,2025-03-08,2025-03-18,11,10.0,In-Store Display
5725,10,Adelaide CBD,South Australia,20,Sweet Biscuits 250g,Snacks,2025-10-11,2025-10-21,11,15.0,In-Store Display
5726,10,Adelaide CBD,South Australia,20,Sweet Biscuits 250g,Snacks,2023-08-25,2023-09-07,14,30.0,Catalogue
5727,10,Adelaide CBD,South Australia,20,Sweet Biscuits 250g,Snacks,2024-02-17,2024-02-27,11,15.0,In-Store Display
5728,10,Adelaide CBD,South Australia,20,Sweet Biscuits 250g,Snacks,2025-11-27,2025-12-10,14,20.0,Catalogue
5729,10,Adelaide CBD,South Australia,20,Sweet Biscuits 250g,Snacks,2024-01-23,2024-01-31,9,15.0,In-Store Display
5730,10,Adelaide CBD,South Australia,20,Sweet Biscuits 250g,Snacks,2025-08-21,2025-08-26,6,15.0,In-Store Display
5731,10,Adelaide CBD,South Australia,20,Sweet Biscuits 250g,Snacks,2023-04-19,2023-04-26,8,15.0,In-Store Display
5732,10,Adelaide CBD,South Australia,20,Sweet Biscuits 250g,Snacks,2023-10-18,2023-10-24,7,15.0,In-Store Display
5733,10,Adelaide CBD,South Australia,20,Sweet Biscuits 250g,Snacks,2024-11-04,2024-11-08,5,15.0,In-Store Display
5734,10,Adelaide CBD,South Australia,20,Sweet Biscuits 250g,Snacks,2023-01-24,2023-01-30,7,25.0,Catalogue
5735,10,Adelaide CBD,South Australia,20,Sweet Biscuits 250g,Snacks,2025-07-05,2025-07-12,8,20.0,Catalogue
5736,10,Adelaide CBD,South Australia,20,Sweet Biscuits 250g,Snacks,2024-05-21,2024-05-25,5,20.0,Catalogue
5737,10,Adelaide CBD,South Australia,20,Sweet Biscuits 250g,Snacks,2024-08-31,2024-09-13,14,25.0,Catalogue
5738,10,Adelaide CBD,South Australia,20,Sweet Biscuits 250g,Snacks,2025-05-11,2025-05-18,8,30.0,Catalogue
5739,10,Adelaide CBD,South Australia,21,Chocolate Block 180g,Snacks,2025-10-23,2025-10-29,7,15.0,In-Store Display
5740,10,Adelaide CBD,South Australia,21,Chocolate Block 180g,Snacks,2024-03-23,2024-03-30,8,15.0,In-Store Display
5741,10,Adelaide CBD,South Australia,21,Chocolate Block 180g,Snacks,2024-12-29,2025-01-03,6,15.0,In-Store Display
5742,10,Adelaide CBD,South Australia,21,Chocolate Block 180g,Snacks,2023-12-10,2023-12-16,7,25.0,Catalogue
5743,10,Adelaide CBD,South Australia,21,Chocolate Block 180g,Snacks,2025-08-11,2025-08-20,10,15.0,In-Store Display
5744,10,Adelaide CBD,South Australia,21,Chocolate Block 180g,Snacks,2025-05-05,2025-05-09,5,20.0,Catalogue
5745,10,Adelaide CBD,South Australia,21,Chocolate Block 180g,Snacks,2024-09-01,2024-09-12,12,10.0,In-Store Display
5746,10,Adelaide CBD,South Australia,21,Chocolate Block 180g,Snacks,2025-03-08,2025-03-17,10,15.0,In-Store Display
5747,10,Adelaide CBD,South Australia,21,Chocolate Block 180g,Snacks,2024-02-26,2024-03-03,7,30.0,Catalogue
5748,10,Adelaide CBD,South Australia,21,Chocolate Block 180g,Snacks,2023-09-22,2023-09-28,7,10.0,In-Store Display
5749,10,Adelaide CBD,South Australia,21,Chocolate Block 180g,Snacks,2025-09-21,2025-09-25,5,15.0,In-Store Display
5750,10,Adelaide CBD,South Australia,21,Chocolate Block 180g,Snacks,2023-08-19,2023-09-01,14,20.0,Catalogue
5751,10,Adelaide CBD,South Australia,21,Chocolate Block 180g,Snacks,2023-07-25,2023-08-04,11,20.0,Catalogue
5752,10,Adelaide CBD,South Australia,21,Chocolate Block 180g,Snacks,2023-06-04,2023-06-16,13,15.0,In-Store Display
5753,10,Adelaide CBD,South Australia,21,Chocolate Block 180g,Snacks,2024-07-13,2024-07-18,6,25.0,Catalogue
5754,10,Adelaide CBD,South Australia,21,Chocolate Block 180g,Snacks,2023-01-04,2023-01-10,7,20.0,Catalogue
5755,10,Adelaide CBD,South Australia,21,Chocolate Block 180g,Snacks,2025-11-23,2025-12-03,11,15.0,In-Store Display
5756,10,Adelaide CBD,South Australia,21,Chocolate Block 180g,Snacks,2023-02-03,2023-02-08,6,15.0,In-Store Display
5757,10,Adelaide CBD,South Australia,21,Chocolate Block 180g,Snacks,2025-02-04,2025-02-10,7,10.0,In-Store Display
5758,10,Adelaide CBD,South Australia,21,Chocolate Block 180g,Snacks,2025-07-08,2025-07-15,8,10.0,In-Store Display
5759,10,Adelaide CBD,South Australia,21,Chocolate Block 180g,Snacks,2025-06-09,2025-06-14,6,30.0,Catalogue
5760,10,Adelaide CBD,South Australia,21,Chocolate Block 180g,Snacks,2023-11-01,2023-11-13,13,25.0,Catalogue
5761,10,Adelaide CBD,South Australia,21,Chocolate Block 180g,Snacks,2024-11-25,2024-12-06,12,10.0,In-Store Display
5762,10,Adelaide CBD,South Australia,21,Chocolate Block 180g,Snacks,2024-10-07,2024-10-12,6,25.0,Catalogue
5763,10,Adelaide CBD,South Australia,21,Chocolate Block 180g,Snacks,2023-03-24,2023-04-03,11,20.0,Catalogue
5764,10,Adelaide CBD,South Australia,21,Chocolate Block 180g,Snacks,2024-06-07,2024-06-16,10,50.0,Clearance
5765,10,Adelaide CBD,South Australia,21,Chocolate Block 180g,Snacks,2024-04-27,2024-05-05,9,50.0,Clearance
5766,10,Adelaide CBD,South Australia,21,Chocolate Block 180g,Snacks,2024-01-25,2024-01-29,5,15.0,In-Store Display
5767,10,Adelaide CBD,South Australia,21,Chocolate Block 180g,Snacks,2025-04-01,2025-04-09,9,15.0,In-Store Display
5768,10,Adelaide CBD,South Australia,21,Chocolate Block 180g,Snacks,2024-08-03,2024-08-13,11,10.0,In-Store Display
5769,10,Adelaide CBD,South Australia,21,Chocolate Block 180g,Snacks,2023-04-19,2023-04-24,6,20.0,Catalogue
5770,10,Adelaide CBD,South Australia,21,Chocolate Block 180g,Snacks,2023-03-01,2023-03-09,9,30.0,Catalogue
5771,10,Adelaide CBD,South Australia,21,Chocolate Block 180g,Snacks,2023-05-11,2023-05-19,9,25.0,Catalogue
5772,10,Adelaide CBD,South Australia,21,Chocolate Block 180g,Snacks,2024-01-04,2024-01-10,7,20.0,Catalogue
5773,10,Adelaide CBD,South Australia,21,Chocolate Block 180g,Snacks,2025-12-20,2025-12-26,7,10.0,In-Store Display
5774,10,Adelaide CBD,South Australia,22,Mixed Nuts 400g,Snacks,2023-10-19,2023-10-23,5,10.0,In-Store Display
5775,10,Adelaide CBD,South Australia,22,Mixed Nuts 400g,Snacks,2025-11-17,2025-11-28,12,10.0,In-Store Display
5776,10,Adelaide CBD,South Australia,22,Mixed Nuts 400g,Snacks,2025-01-30,2025-02-11,13,15.0,In-Store Display
5777,10,Adelaide CBD,South Australia,22,Mixed Nuts 400g,Snacks,2024-01-17,2024-01-30,14,25.0,Catalogue
5778,10,Adelaide CBD,South Australia,22,Mixed Nuts 400g,Snacks,2023-03-12,2023-03-18,7,10.0,In-Store Display
5779,10,Adelaide CBD,South Australia,22,Mixed Nuts 400g,Snacks,2023-05-31,2023-06-06,7,25.0,Catalogue
5780,10,Adelaide CBD,South Australia,22,Mixed Nuts 400g,Snacks,2025-04-29,2025-05-06,8,10.0,In-Store Display
5781,10,Adelaide CBD,South Australia,22,Mixed Nuts 400g,Snacks,2024-12-22,2024-12-27,6,20.0,Catalogue
5782,10,Adelaide CBD,South Australia,22,Mixed Nuts 400g,Snacks,2024-08-13,2024-08-20,8,30.0,Catalogue
5783,10,Adelaide CBD,South Australia,22,Mixed Nuts 400g,Snacks,2024-10-06,2024-10-19,14,10.0,In-Store Display
5784,10,Adelaide CBD,South Australia,22,Mixed Nuts 400g,Snacks,2023-01-25,2023-02-03,10,10.0,In-Store Display
5785,10,Adelaide CBD,South Australia,22,Mixed Nuts 400g,Snacks,2023-08-06,2023-08-12,7,25.0,Catalogue
5786,10,Adelaide CBD,South Australia,22,Mixed Nuts 400g,Snacks,2023-09-29,2023-10-03,5,50.0,Clearance
5787,10,Adelaide CBD,South Australia,22,Mixed Nuts 400g,Snacks,2024-04-07,2024-04-17,11,25.0,Catalogue
5788,10,Adelaide CBD,South Australia,22,Mixed Nuts 400g,Snacks,2023-07-01,2023-07-07,7,30.0,Catalogue
5789,10,Adelaide CBD,South Australia,22,Mixed Nuts 400g,Snacks,2024-02-17,2024-02-27,11,15.0,In-Store Display
5790,10,Adelaide CBD,South Australia,22,Mixed Nuts 400g,Snacks,2024-06-04,2024-06-17,14,15.0,In-Store Display
5791,10,Adelaide CBD,South Australia,22,Mixed Nuts 400g,Snacks,2025-10-13,2025-10-20,8,20.0,Catalogue
5792,10,Adelaide CBD,South Australia,22,Mixed Nuts 400g,Snacks,2025-06-20,2025-06-28,9,25.0,Catalogue
5793,10,Adelaide CBD,South Australia,22,Mixed Nuts 400g,Snacks,2024-11-19,2024-11-26,8,15.0,In-Store Display
5794,10,Adelaide CBD,South Australia,22,Mixed Nuts 400g,Snacks,2023-08-29,2023-09-04,7,30.0,Catalogue
5795,10,Adelaide CBD,South Australia,22,Mixed Nuts 400g,Snacks,2024-07-10,2024-07-22,13,25.0,Catalogue
5796,10,Adelaide CBD,South Australia,22,Mixed Nuts 400g,Snacks,2025-07-14,2025-07-26,13,20.0,Catalogue
5797,10,Adelaide CBD,South Australia,22,Mixed Nuts 400g,Snacks,2023-12-23,2023-12-28,6,15.0,In-Store Display
5798,10,Adelaide CBD,South Australia,23,Muesli Bars 6pk,Snacks,2024-01-29,2024-02-03,6,20.0,Catalogue
5799,10,Adelaide CBD,South Australia,23,Muesli Bars 6pk,Snacks,2023-09-14,2023-09-23,10,25.0,Catalogue
5800,10,Adelaide CBD,South Australia,23,Muesli Bars 6pk,Snacks,2023-05-03,2023-05-15,13,15.0,In-Store Display
5801,10,Adelaide CBD,South Australia,23,Muesli Bars 6pk,Snacks,2025-10-30,2025-11-03,5,20.0,Catalogue
5802,10,Adelaide CBD,South Australia,23,Muesli Bars 6pk,Snacks,2023-03-28,2023-04-01,5,10.0,In-Store Display
5803,10,Adelaide CBD,South Australia,23,Muesli Bars 6pk,Snacks,2024-09-26,2024-10-04,9,10.0,In-Store Display
5804,10,Adelaide CBD,South Australia,23,Muesli Bars 6pk,Snacks,2024-05-08,2024-05-19,12,25.0,Catalogue
5805,10,Adelaide CBD,South Australia,23,Muesli Bars 6pk,Snacks,2025-01-03,2025-01-16,14,15.0,In-Store Display
5806,10,Adelaide CBD,South Australia,23,Muesli Bars 6pk,Snacks,2025-02-25,2025-03-09,13,30.0,Catalogue
5807,10,Adelaide CBD,South Australia,23,Muesli Bars 6pk,Snacks,2025-09-18,2025-09-22,5,10.0,In-Store Display
5808,10,Adelaide CBD,South Australia,23,Muesli Bars 6pk,Snacks,2023-01-29,2023-02-08,11,10.0,In-Store Display
5809,10,Adelaide CBD,South Australia,23,Muesli Bars 6pk,Snacks,2024-08-14,2024-08-18,5,20.0,Catalogue
5810,10,Adelaide CBD,South Australia,23,Muesli Bars 6pk,Snacks,2024-11-22,2024-12-04,13,25.0,Catalogue
5811,10,Adelaide CBD,South Australia,23,Muesli Bars 6pk,Snacks,2025-03-31,2025-04-13,14,10.0,In-Store Display
5812,10,Adelaide CBD,South Australia,23,Muesli Bars 6pk,Snacks,2023-11-03,2023-11-13,11,25.0,Catalogue
5813,10,Adelaide CBD,South Australia,23,Muesli Bars 6pk,Snacks,2025-12-13,2025-12-17,5,50.0,Clearance
5814,10,Adelaide CBD,South Australia,23,Muesli Bars 6pk,Snacks,2023-12-13,2023-12-20,8,20.0,Catalogue
5815,10,Adelaide CBD,South Australia,23,Muesli Bars 6pk,Snacks,2025-06-07,2025-06-17,11,50.0,Clearance
5816,10,Adelaide CBD,South Australia,23,Muesli Bars 6pk,Snacks,2024-06-09,2024-06-22,14,15.0,In-Store Display
5817,10,Adelaide CBD,South Australia,23,Muesli Bars 6pk,Snacks,2024-02-24,2024-03-02,8,15.0,In-Store Display
5818,10,Adelaide CBD,South Australia,23,Muesli Bars 6pk,Snacks,2024-03-27,2024-04-08,13,20.0,Catalogue
5819,10,Adelaide CBD,South Australia,23,Muesli Bars 6pk,Snacks,2023-06-14,2023-06-19,6,10.0,In-Store Display
5820,10,Adelaide CBD,South Australia,23,Muesli Bars 6pk,Snacks,2025-08-16,2025-08-25,10,50.0,Clearance
5821,10,Adelaide CBD,South Australia,24,Toilet Paper 12pk,Household,2024-09-23,2024-09-29,7,30.0,Catalogue
5822,10,Adelaide CBD,South Australia,24,Toilet Paper 12pk,Household,2025-01-28,2025-02-05,9,10.0,In-Store Display
5823,10,Adelaide CBD,South Australia,24,Toilet Paper 12pk,Household,2024-06-05,2024-06-16,12,30.0,Catalogue
5824,10,Adelaide CBD,South Australia,24,Toilet Paper 12pk,Household,2024-07-04,2024-07-10,7,20.0,Catalogue
5825,10,Adelaide CBD,South Australia,24,Toilet Paper 12pk,Household,2023-11-21,2023-11-29,9,15.0,In-Store Display
5826,10,Adelaide CBD,South Australia,24,Toilet Paper 12pk,Household,2025-07-25,2025-08-04,11,30.0,Catalogue
5827,10,Adelaide CBD,South Australia,24,Toilet Paper 12pk,Household,2023-02-16,2023-02-20,5,50.0,Clearance
5828,10,Adelaide CBD,South Australia,24,Toilet Paper 12pk,Household,2024-08-22,2024-08-30,9,25.0,Catalogue
5829,10,Adelaide CBD,South Australia,24,Toilet Paper 12pk,Household,2024-12-07,2024-12-16,10,30.0,Catalogue
5830,10,Adelaide CBD,South Australia,24,Toilet Paper 12pk,Household,2025-05-17,2025-05-27,11,15.0,In-Store Display
5831,10,Adelaide CBD,South Australia,24,Toilet Paper 12pk,Household,2024-11-06,2024-11-14,9,10.0,In-Store Display
5832,10,Adelaide CBD,South Australia,24,Toilet Paper 12pk,Household,2023-03-22,2023-04-04,14,15.0,In-Store Display
5833,10,Adelaide CBD,South Australia,24,Toilet Paper 12pk,Household,2023-09-18,2023-09-24,7,20.0,Catalogue
5834,10,Adelaide CBD,South Australia,24,Toilet Paper 12pk,Household,2023-05-08,2023-05-15,8,25.0,Catalogue
5835,10,Adelaide CBD,South Australia,24,Toilet Paper 12pk,Household,2025-10-25,2025-11-04,11,50.0,Clearance
5836,10,Adelaide CBD,South Australia,24,Toilet Paper 12pk,Household,2024-01-09,2024-01-18,10,20.0,Catalogue
5837,10,Adelaide CBD,South Australia,24,Toilet Paper 12pk,Household,2023-06-13,2023-06-20,8,20.0,Catalogue
5838,10,Adelaide CBD,South Australia,24,Toilet Paper 12pk,Household,2025-02-28,2025-03-11,12,15.0,In-Store Display
5839,10,Adelaide CBD,South Australia,24,Toilet Paper 12pk,Household,2024-02-08,2024-02-14,7,25.0,Catalogue
5840,10,Adelaide CBD,South Australia,24,Toilet Paper 12pk,Household,2024-04-02,2024-04-06,5,15.0,In-Store Display
5841,10,Adelaide CBD,South Australia,24,Toilet Paper 12pk,Household,2025-08-27,2025-08-31,5,20.0,Catalogue
5842,10,Adelaide CBD,South Australia,24,Toilet Paper 12pk,Household,2025-07-04,2025-07-08,5,10.0,In-Store Display
5843,10,Adelaide CBD,South Australia,24,Toilet Paper 12pk,Household,2023-01-09,2023-01-16,8,15.0,In-Store Display
5844,10,Adelaide CBD,South Australia,25,Laundry Liquid 2L,Household,2024-01-02,2024-01-14,13,10.0,In-Store Display
5845,10,Adelaide CBD,South Australia,25,Laundry Liquid 2L,Household,2023-10-12,2023-10-19,8,10.0,In-Store Display
5846,10,Adelaide CBD,South Australia,25,Laundry Liquid 2L,Household,2023-11-29,2023-12-03,5,20.0,Catalogue
5847,10,Adelaide CBD,South Australia,25,Laundry Liquid 2L,Household,2024-07-04,2024-07-10,7,10.0,In-Store Display
5848,10,Adelaide CBD,South Australia,25,Laundry Liquid 2L,Household,2024-12-27,2025-01-03,8,15.0,In-Store Display
5849,10,Adelaide CBD,South Australia,25,Laundry Liquid 2L,Household,2025-10-29,2025-11-04,7,25.0,Catalogue
5850,10,Adelaide CBD,South Australia,25,Laundry Liquid 2L,Household,2025-07-27,2025-08-02,7,25.0,Catalogue
5851,10,Adelaide CBD,South Australia,25,Laundry Liquid 2L,Household,2025-08-29,2025-09-10,13,10.0,In-Store Display
5852,10,Adelaide CBD,South Australia,25,Laundry Liquid 2L,Household,2023-09-13,2023-09-19,7,30.0,Catalogue
5853,10,Adelaide CBD,South Australia,25,Laundry Liquid 2L,Household,2025-02-17,2025-02-21,5,25.0,Catalogue
5854,10,Adelaide CBD,South Australia,25,Laundry Liquid 2L,Household,2025-12-06,2025-12-15,10,15.0,In-Store Display
5855,10,Adelaide CBD,South Australia,25,Laundry Liquid 2L,Household,2023-03-18,2023-03-27,10,30.0,Catalogue
5856,10,Adelaide CBD,South Australia,25,Laundry Liquid 2L,Household,2024-05-07,2024-05-16,10,15.0,In-Store Display
5857,10,Adelaide CBD,South Australia,25,Laundry Liquid 2L,Household,2024-08-15,2024-08-26,12,20.0,Catalogue
5858,10,Adelaide CBD,South Australia,25,Laundry Liquid 2L,Household,2023-05-02,2023-05-14,13,25.0,Catalogue
5859,10,Adelaide CBD,South Australia,25,Laundry Liquid 2L,Household,2023-02-16,2023-02-26,11,15.0,In-Store Display
5860,10,Adelaide CBD,South Australia,25,Laundry Liquid 2L,Household,2024-03-04,2024-03-12,9,20.0,Catalogue
5861,10,Adelaide CBD,South Australia,25,Laundry Liquid 2L,Household,2024-09-20,2024-09-30,11,30.0,Catalogue
5862,10,Adelaide CBD,South Australia,25,Laundry Liquid 2L,Household,2025-03-15,2025-03-28,14,25.0,Catalogue
5863,10,Adelaide CBD,South Australia,25,Laundry Liquid 2L,Household,2023-07-06,2023-07-19,14,25.0,Catalogue
5864,10,Adelaide CBD,South Australia,25,Laundry Liquid 2L,Household,2025-06-14,2025-06-25,12,20.0,Catalogue
5865,10,Adelaide CBD,South Australia,25,Laundry Liquid 2L,Household,2023-01-02,2023-01-06,5,10.0,In-Store Display
5866,10,Adelaide CBD,South Australia,25,Laundry Liquid 2L,Household,2024-04-09,2024-04-22,14,10.0,In-Store Display
5867,10,Adelaide CBD,South Australia,25,Laundry Liquid 2L,Household,2023-06-06,2023-06-12,7,10.0,In-Store Display
5868,10,Adelaide CBD,South Australia,25,Laundry Liquid 2L,Household,2024-11-04,2024-11-17,14,25.0,Catalogue
5869,10,Adelaide CBD,South Australia,26,Dishwashing Liquid 500ml,Household,2023-02-22,2023-03-02,9,20.0,Catalogue
5870,10,Adelaide CBD,South Australia,26,Dishwashing Liquid 500ml,Household,2025-08-23,2025-09-02,11,10.0,In-Store Display
5871,10,Adelaide CBD,South Australia,26,Dishwashing Liquid 500ml,Household,2023-07-17,2023-07-21,5,25.0,Catalogue
5872,10,Adelaide CBD,South Australia,26,Dishwashing Liquid 500ml,Household,2025-10-26,2025-11-06,12,10.0,In-Store Display
5873,10,Adelaide CBD,South Australia,26,Dishwashing Liquid 500ml,Household,2024-06-26,2024-07-01,6,15.0,In-Store Display
5874,10,Adelaide CBD,South Australia,26,Dishwashing Liquid 500ml,Household,2024-04-06,2024-04-16,11,30.0,Catalogue
5875,10,Adelaide CBD,South Australia,26,Dishwashing Liquid 500ml,Household,2025-06-26,2025-07-08,13,15.0,In-Store Display
5876,10,Adelaide CBD,South Australia,26,Dishwashing Liquid 500ml,Household,2023-10-25,2023-11-06,13,30.0,Catalogue
5877,10,Adelaide CBD,South Australia,26,Dishwashing Liquid 500ml,Household,2024-09-04,2024-09-09,6,25.0,Catalogue
5878,10,Adelaide CBD,South Australia,26,Dishwashing Liquid 500ml,Household,2025-01-20,2025-01-27,8,15.0,In-Store Display
5879,10,Adelaide CBD,South Australia,26,Dishwashing Liquid 500ml,Household,2025-02-20,2025-02-25,6,15.0,In-Store Display
5880,10,Adelaide CBD,South Australia,26,Dishwashing Liquid 500ml,Household,2025-04-08,2025-04-17,10,25.0,Catalogue
5881,10,Adelaide CBD,South Australia,26,Dishwashing Liquid 500ml,Household,2023-05-21,2023-05-26,6,25.0,Catalogue
5882,10,Adelaide CBD,South Australia,26,Dishwashing Liquid 500ml,Household,2023-08-14,2023-08-27,14,10.0,In-Store Display
5883,10,Adelaide CBD,South Australia,26,Dishwashing Liquid 500ml,Household,2025-07-26,2025-08-06,12,15.0,In-Store Display
5884,10,Adelaide CBD,South Australia,26,Dishwashing Liquid 500ml,Household,2024-12-02,2024-12-10,9,15.0,In-Store Display
5885,10,Adelaide CBD,South Australia,26,Dishwashing Liquid 500ml,Household,2024-02-13,2024-02-22,10,15.0,In-Store Display
5886,10,Adelaide CBD,South Australia,27,Paper Towel 4pk,Household,2025-12-13,2025-12-21,9,10.0,In-Store Display
5887,10,Adelaide CBD,South Australia,27,Paper Towel 4pk,Household,2023-11-08,2023-11-20,13,20.0,Catalogue
5888,10,Adelaide CBD,South Australia,27,Paper Towel 4pk,Household,2025-11-07,2025-11-18,12,50.0,Clearance
5889,10,Adelaide CBD,South Australia,27,Paper Towel 4pk,Household,2023-01-26,2023-02-03,9,50.0,Clearance
5890,10,Adelaide CBD,South Australia,27,Paper Towel 4pk,Household,2023-12-07,2023-12-13,7,25.0,Catalogue
5891,10,Adelaide CBD,South Australia,27,Paper Towel 4pk,Household,2023-07-09,2023-07-14,6,25.0,Catalogue
5892,10,Adelaide CBD,South Australia,27,Paper Towel 4pk,Household,2024-03-18,2024-03-26,9,15.0,In-Store Display
5893,10,Adelaide CBD,South Australia,27,Paper Towel 4pk,Household,2024-11-08,2024-11-14,7,15.0,In-Store Display
5894,10,Adelaide CBD,South Australia,27,Paper Towel 4pk,Household,2024-09-05,2024-09-09,5,25.0,Catalogue
5895,10,Adelaide CBD,South Australia,27,Paper Towel 4pk,Household,2023-09-20,2023-09-24,5,10.0,In-Store Display
5896,10,Adelaide CBD,South Australia,27,Paper Towel 4pk,Household,2024-04-23,2024-05-05,13,25.0,Catalogue
5897,10,Adelaide CBD,South Australia,27,Paper Towel 4pk,Household,2023-01-01,2023-01-08,8,20.0,Catalogue
5898,10,Adelaide CBD,South Australia,27,Paper Towel 4pk,Household,2023-04-07,2023-04-11,5,25.0,Catalogue
5899,10,Adelaide CBD,South Australia,27,Paper Towel 4pk,Household,2025-05-14,2025-05-23,10,30.0,Catalogue
5900,10,Adelaide CBD,South Australia,27,Paper Towel 4pk,Household,2025-02-24,2025-03-06,11,10.0,In-Store Display
5901,10,Adelaide CBD,South Australia,27,Paper Towel 4pk,Household,2024-12-06,2024-12-13,8,10.0,In-Store Display
5902,10,Adelaide CBD,South Australia,27,Paper Towel 4pk,Household,2025-04-12,2025-04-25,14,25.0,Catalogue
5903,10,Adelaide CBD,South Australia,27,Paper Towel 4pk,Household,2024-08-08,2024-08-20,13,15.0,In-Store Display
5904,10,Adelaide CBD,South Australia,27,Paper Towel 4pk,Household,2023-02-19,2023-03-01,11,50.0,Clearance
5905,10,Adelaide CBD,South Australia,28,Sunscreen SPF50+ 200ml,Household,2023-01-28,2023-02-02,6,20.0,Catalogue
5906,10,Adelaide CBD,South Australia,28,Sunscreen SPF50+ 200ml,Household,2023-04-10,2023-04-15,6,10.0,In-Store Display
5907,10,Adelaide CBD,South Australia,28,Sunscreen SPF50+ 200ml,Household,2023-05-19,2023-05-28,10,10.0,In-Store Display
5908,10,Adelaide CBD,South Australia,28,Sunscreen SPF50+ 200ml,Household,2024-11-12,2024-11-19,8,10.0,In-Store Display
5909,10,Adelaide CBD,South Australia,28,Sunscreen SPF50+ 200ml,Household,2025-04-26,2025-05-04,9,20.0,Catalogue
5910,10,Adelaide CBD,South Australia,28,Sunscreen SPF50+ 200ml,Household,2024-01-31,2024-02-07,8,10.0,In-Store Display
5911,10,Adelaide CBD,South Australia,28,Sunscreen SPF50+ 200ml,Household,2023-03-08,2023-03-21,14,25.0,Catalogue
5912,10,Adelaide CBD,South Australia,28,Sunscreen SPF50+ 200ml,Household,2024-06-23,2024-06-30,8,10.0,In-Store Display
5913,10,Adelaide CBD,South Australia,28,Sunscreen SPF50+ 200ml,Household,2025-07-27,2025-08-01,6,20.0,Catalogue
5914,10,Adelaide CBD,South Australia,28,Sunscreen SPF50+ 200ml,Household,2023-12-21,2023-12-30,10,15.0,In-Store Display
5915,10,Adelaide CBD,South Australia,28,Sunscreen SPF50+ 200ml,Household,2025-02-05,2025-02-18,14,10.0,In-Store Display
5916,10,Adelaide CBD,South Australia,28,Sunscreen SPF50+ 200ml,Household,2025-09-06,2025-09-10,5,30.0,Catalogue
5917,10,Adelaide CBD,South Australia,28,Sunscreen SPF50+ 200ml,Household,2024-08-27,2024-09-08,13,25.0,Catalogue
5918,10,Adelaide CBD,South Australia,28,Sunscreen SPF50+ 200ml,Household,2025-12-18,2025-12-29,12,15.0,In-Store Display
5919,10,Adelaide CBD,South Australia,28,Sunscreen SPF50+ 200ml,Household,2024-03-06,2024-03-19,14,15.0,In-Store Display
5920,10,Adelaide CBD,South Australia,28,Sunscreen SPF50+ 200ml,Household,2023-09-07,2023-09-17,11,15.0,In-Store Display
5921,10,Adelaide CBD,South Australia,28,Sunscreen SPF50+ 200ml,Household,2023-10-02,2023-10-08,7,15.0,In-Store Display
5922,10,Adelaide CBD,South Australia,28,Sunscreen SPF50+ 200ml,Household,2025-11-23,2025-11-27,5,20.0,Catalogue
5923,10,Adelaide CBD,South Australia,28,Sunscreen SPF50+ 200ml,Household,2024-07-26,2024-07-30,5,10.0,In-Store Display
5924,10,Adelaide CBD,South Australia,28,Sunscreen SPF50+ 200ml,Household,2025-10-03,2025-10-07,5,10.0,In-Store Display
5925,10,Adelaide CBD,South Australia,28,Sunscreen SPF50+ 200ml,Household,2023-10-25,2023-11-02,9,15.0,In-Store Display
5926,10,Adelaide CBD,South Australia,28,Sunscreen SPF50+ 200ml,Household,2023-07-30,2023-08-11,13,25.0,Catalogue
5927,10,Adelaide CBD,South Australia,29,Insect Repellent 150ml,Household,2023-10-11,2023-10-16,6,20.0,Catalogue
5928,10,Adelaide CBD,South Australia,29,Insect Repellent 150ml,Household,2024-12-23,2024-12-29,7,20.0,Catalogue
5929,10,Adelaide CBD,South Australia,29,Insect Repellent 150ml,Household,2024-11-14,2024-11-19,6,10.0,In-Store Display
5930,10,Adelaide CBD,South Australia,29,Insect Repellent 150ml,Household,2023-03-29,2023-04-10,13,20.0,Catalogue
5931,10,Adelaide CBD,South Australia,29,Insect Repellent 150ml,Household,2025-09-19,2025-09-29,11,15.0,In-Store Display
5932,10,Adelaide CBD,South Australia,29,Insect Repellent 150ml,Household,2025-06-08,2025-06-15,8,10.0,In-Store Display
5933,10,Adelaide CBD,South Australia,29,Insect Repellent 150ml,Household,2023-02-15,2023-02-23,9,10.0,In-Store Display
5934,10,Adelaide CBD,South Australia,29,Insect Repellent 150ml,Household,2023-04-27,2023-05-09,13,20.0,Catalogue
5935,10,Adelaide CBD,South Australia,29,Insect Repellent 150ml,Household,2024-09-14,2024-09-19,6,30.0,Catalogue
5936,10,Adelaide CBD,South Australia,29,Insect Repellent 150ml,Household,2023-08-31,2023-09-11,12,30.0,Catalogue
5937,10,Adelaide CBD,South Australia,29,Insect Repellent 150ml,Household,2024-05-23,2024-05-31,9,10.0,In-Store Display
5938,10,Adelaide CBD,South Australia,29,Insect Repellent 150ml,Household,2025-12-04,2025-12-09,6,25.0,Catalogue
5939,10,Adelaide CBD,South Australia,29,Insect Repellent 150ml,Household,2024-04-01,2024-04-07,7,15.0,In-Store Display
5940,10,Adelaide CBD,South Australia,29,Insect Repellent 150ml,Household,2023-01-14,2023-01-26,13,20.0,Catalogue
5941,10,Adelaide CBD,South Australia,29,Insect Repellent 150ml,Household,2024-07-13,2024-07-21,9,15.0,In-Store Display
5942,10,Adelaide CBD,South Australia,29,Insect Repellent 150ml,Household,2023-12-19,2023-12-23,5,10.0,In-Store Display
5943,10,Adelaide CBD,South Australia,29,Insect Repellent 150ml,Household,2024-02-03,2024-02-14,12,25.0,Catalogue
5944,10,Adelaide CBD,South Australia,29,Insect Repellent 150ml,Household,2023-08-05,2023-08-13,9,30.0,Catalogue
5945,10,Adelaide CBD,South Australia,30,Firelighters 24pk,Household,2025-12-18,2025-12-22,5,10.0,In-Store Display
5946,10,Adelaide CBD,South Australia,30,Firelighters 24pk,Household,2024-07-31,2024-08-06,7,30.0,Catalogue
5947,10,Adelaide CBD,South Australia,30,Firelighters 24pk,Household,2025-05-06,2025-05-10,5,10.0,In-Store Display
5948,10,Adelaide CBD,South Australia,30,Firelighters 24pk,Household,2024-11-07,2024-11-13,7,15.0,In-Store Display
5949,10,Adelaide CBD,South Australia,30,Firelighters 24pk,Household,2025-02-10,2025-02-23,14,30.0,Catalogue
5950,10,Adelaide CBD,South Australia,30,Firelighters 24pk,Household,2023-08-20,2023-09-01,13,30.0,Catalogue
5951,10,Adelaide CBD,South Australia,30,Firelighters 24pk,Household,2024-03-07,2024-03-12,6,20.0,Catalogue
5952,10,Adelaide CBD,South Australia,30,Firelighters 24pk,Household,2025-06-30,2025-07-13,14,50.0,Clearance
5953,10,Adelaide CBD,South Australia,30,Firelighters 24pk,Household,2025-10-26,2025-11-05,11,20.0,Catalogue
5954,10,Adelaide CBD,South Australia,30,Firelighters 24pk,Household,2023-11-10,2023-11-14,5,10.0,In-Store Display
5955,10,Adelaide CBD,South Australia,30,Firelighters 24pk,Household,2023-01-15,2023-01-21,7,25.0,Catalogue
5956,10,Adelaide CBD,South Australia,30,Firelighters 24pk,Household,2024-04-11,2024-04-16,6,50.0,Clearance
5957,10,Adelaide CBD,South Australia,30,Firelighters 24pk,Household,2023-03-23,2023-03-29,7,10.0,In-Store Display
5958,10,Adelaide CBD,South Australia,30,Firelighters 24pk,Household,2024-12-14,2024-12-27,14,20.0,Catalogue
5959,11,Modbury,South Australia,1,Long Grain Rice 2kg,Staples,2025-02-28,2025-03-08,9,10.0,In-Store Display
5960,11,Modbury,South Australia,1,Long Grain Rice 2kg,Staples,2023-02-14,2023-02-18,5,20.0,Catalogue
5961,11,Modbury,South Australia,1,Long Grain Rice 2kg,Staples,2025-11-05,2025-11-16,12,20.0,Catalogue
5962,11,Modbury,South Australia,1,Long Grain Rice 2kg,Staples,2024-05-03,2024-05-08,6,15.0,In-Store Display
5963,11,Modbury,South Australia,1,Long Grain Rice 2kg,Staples,2024-06-24,2024-07-03,10,15.0,In-Store Display
5964,11,Modbury,South Australia,1,Long Grain Rice 2kg,Staples,2025-07-07,2025-07-15,9,25.0,Catalogue
5965,11,Modbury,South Australia,1,Long Grain Rice 2kg,Staples,2023-09-13,2023-09-22,10,50.0,Clearance
5966,11,Modbury,South Australia,1,Long Grain Rice 2kg,Staples,2023-01-17,2023-01-22,6,25.0,Catalogue
5967,11,Modbury,South Australia,1,Long Grain Rice 2kg,Staples,2023-07-12,2023-07-21,10,20.0,Catalogue
5968,11,Modbury,South Australia,1,Long Grain Rice 2kg,Staples,2023-03-23,2023-03-30,8,25.0,Catalogue
5969,11,Modbury,South Australia,1,Long Grain Rice 2kg,Staples,2024-07-18,2024-07-22,5,20.0,Catalogue
5970,11,Modbury,South Australia,1,Long Grain Rice 2kg,Staples,2023-10-11,2023-10-21,11,50.0,Clearance
5971,11,Modbury,South Australia,1,Long Grain Rice 2kg,Staples,2024-12-07,2024-12-16,10,30.0,Catalogue
5972,11,Modbury,South Australia,2,Dried Pasta 500g,Staples,2024-03-25,2024-03-31,7,20.0,Catalogue
5973,11,Modbury,South Australia,2,Dried Pasta 500g,Staples,2023-01-31,2023-02-11,12,15.0,In-Store Display
5974,11,Modbury,South Australia,2,Dried Pasta 500g,Staples,2025-06-22,2025-07-01,10,15.0,In-Store Display
5975,11,Modbury,South Australia,2,Dried Pasta 500g,Staples,2024-07-03,2024-07-11,9,10.0,In-Store Display
5976,11,Modbury,South Australia,2,Dried Pasta 500g,Staples,2025-07-27,2025-08-03,8,25.0,Catalogue
5977,11,Modbury,South Australia,2,Dried Pasta 500g,Staples,2024-08-19,2024-08-23,5,20.0,Catalogue
5978,11,Modbury,South Australia,2,Dried Pasta 500g,Staples,2023-11-20,2023-11-27,8,15.0,In-Store Display
5979,11,Modbury,South Australia,2,Dried Pasta 500g,Staples,2025-10-02,2025-10-11,10,30.0,Catalogue
5980,11,Modbury,South Australia,2,Dried Pasta 500g,Staples,2023-10-08,2023-10-14,7,20.0,Catalogue
5981,11,Modbury,South Australia,2,Dried Pasta 500g,Staples,2023-12-23,2023-12-30,8,50.0,Clearance
5982,11,Modbury,South Australia,2,Dried Pasta 500g,Staples,2025-11-15,2025-11-24,10,15.0,In-Store Display
5983,11,Modbury,South Australia,2,Dried Pasta 500g,Staples,2024-02-03,2024-02-12,10,50.0,Clearance
5984,11,Modbury,South Australia,2,Dried Pasta 500g,Staples,2024-05-24,2024-05-28,5,30.0,Catalogue
5985,11,Modbury,South Australia,2,Dried Pasta 500g,Staples,2024-04-19,2024-04-24,6,25.0,Catalogue
5986,11,Modbury,South Australia,2,Dried Pasta 500g,Staples,2023-06-06,2023-06-12,7,20.0,Catalogue
5987,11,Modbury,South Australia,2,Dried Pasta 500g,Staples,2023-01-02,2023-01-13,12,30.0,Catalogue
5988,11,Modbury,South Australia,2,Dried Pasta 500g,Staples,2025-03-18,2025-03-30,13,10.0,In-Store Display
5989,11,Modbury,South Australia,2,Dried Pasta 500g,Staples,2025-02-25,2025-03-03,7,15.0,In-Store Display
5990,11,Modbury,South Australia,3,White Bread Loaf,Staples,2025-10-15,2025-10-26,12,10.0,In-Store Display
5991,11,Modbury,South Australia,3,White Bread Loaf,Staples,2025-07-29,2025-08-09,12,10.0,In-Store Display
5992,11,Modbury,South Australia,3,White Bread Loaf,Staples,2023-07-30,2023-08-07,9,15.0,In-Store Display
5993,11,Modbury,South Australia,3,White Bread Loaf,Staples,2023-02-18,2023-02-26,9,15.0,In-Store Display
5994,11,Modbury,South Australia,3,White Bread Loaf,Staples,2025-05-02,2025-05-09,8,30.0,Catalogue
5995,11,Modbury,South Australia,3,White Bread Loaf,Staples,2024-03-10,2024-03-21,12,30.0,Catalogue
5996,11,Modbury,South Australia,3,White Bread Loaf,Staples,2024-02-07,2024-02-11,5,10.0,In-Store Display
5997,11,Modbury,South Australia,3,White Bread Loaf,Staples,2024-06-27,2024-07-02,6,25.0,Catalogue
5998,11,Modbury,South Australia,3,White Bread Loaf,Staples,2024-05-28,2024-06-08,12,15.0,In-Store Display
5999,11,Modbury,South Australia,3,White Bread Loaf,Staples,2024-10-14,2024-10-23,10,10.0,In-Store Display
6000,11,Modbury,South Australia,4,Plain Flour 1kg,Staples,2025-02-06,2025-02-18,13,10.0,In-Store Display
6001,11,Modbury,South Australia,4,Plain Flour 1kg,Staples,2023-06-11,2023-06-17,7,15.0,In-Store Display
6002,11,Modbury,South Australia,4,Plain Flour 1kg,Staples,2024-02-01,2024-02-07,7,20.0,Catalogue
6003,11,Modbury,South Australia,4,Plain Flour 1kg,Staples,2025-10-20,2025-11-02,14,20.0,Catalogue
6004,11,Modbury,South Australia,4,Plain Flour 1kg,Staples,2023-01-31,2023-02-06,7,30.0,Catalogue
6005,11,Modbury,South Australia,4,Plain Flour 1kg,Staples,2024-10-16,2024-10-29,14,25.0,Catalogue
6006,11,Modbury,South Australia,4,Plain Flour 1kg,Staples,2025-04-25,2025-05-05,11,15.0,In-Store Display
6007,11,Modbury,South Australia,4,Plain Flour 1kg,Staples,2024-07-18,2024-07-25,8,25.0,Catalogue
6008,11,Modbury,South Australia,4,Plain Flour 1kg,Staples,2023-04-24,2023-05-01,8,15.0,In-Store Display
6009,11,Modbury,South Australia,4,Plain Flour 1kg,Staples,2023-07-05,2023-07-16,12,15.0,In-Store Display
6010,11,Modbury,South Australia,4,Plain Flour 1kg,Staples,2023-05-16,2023-05-21,6,20.0,Catalogue
6011,11,Modbury,South Australia,4,Plain Flour 1kg,Staples,2025-03-19,2025-03-27,9,30.0,Catalogue
6012,11,Modbury,South Australia,5,Breakfast Cereal 1kg,Staples,2023-06-29,2023-07-07,9,10.0,In-Store Display
6013,11,Modbury,South Australia,5,Breakfast Cereal 1kg,Staples,2024-05-16,2024-05-28,13,10.0,In-Store Display
6014,11,Modbury,South Australia,5,Breakfast Cereal 1kg,Staples,2023-05-06,2023-05-11,6,30.0,Catalogue
6015,11,Modbury,South Australia,5,Breakfast Cereal 1kg,Staples,2023-11-30,2023-12-07,8,10.0,In-Store Display
6016,11,Modbury,South Australia,5,Breakfast Cereal 1kg,Staples,2024-04-04,2024-04-15,12,15.0,In-Store Display
6017,11,Modbury,South Australia,5,Breakfast Cereal 1kg,Staples,2023-10-08,2023-10-21,14,20.0,Catalogue
6018,11,Modbury,South Australia,5,Breakfast Cereal 1kg,Staples,2023-08-25,2023-09-06,13,50.0,Clearance
6019,11,Modbury,South Australia,5,Breakfast Cereal 1kg,Staples,2025-11-24,2025-12-02,9,15.0,In-Store Display
6020,11,Modbury,South Australia,5,Breakfast Cereal 1kg,Staples,2024-09-04,2024-09-08,5,15.0,In-Store Display
6021,11,Modbury,South Australia,5,Breakfast Cereal 1kg,Staples,2024-01-21,2024-01-28,8,25.0,Catalogue
6022,11,Modbury,South Australia,5,Breakfast Cereal 1kg,Staples,2024-08-09,2024-08-15,7,30.0,Catalogue
6023,11,Modbury,South Australia,5,Breakfast Cereal 1kg,Staples,2025-05-13,2025-05-19,7,30.0,Catalogue
6024,11,Modbury,South Australia,5,Breakfast Cereal 1kg,Staples,2025-04-01,2025-04-08,8,15.0,In-Store Display
6025,11,Modbury,South Australia,5,Breakfast Cereal 1kg,Staples,2023-03-13,2023-03-22,10,20.0,Catalogue
6026,11,Modbury,South Australia,5,Breakfast Cereal 1kg,Staples,2025-03-08,2025-03-16,9,15.0,In-Store Display
6027,11,Modbury,South Australia,5,Breakfast Cereal 1kg,Staples,2025-06-15,2025-06-24,10,10.0,In-Store Display
6028,11,Modbury,South Australia,5,Breakfast Cereal 1kg,Staples,2024-06-26,2024-07-04,9,10.0,In-Store Display
6029,11,Modbury,South Australia,6,White Sugar 1kg,Staples,2024-04-06,2024-04-14,9,15.0,In-Store Display
6030,11,Modbury,South Australia,6,White Sugar 1kg,Staples,2025-01-22,2025-01-31,10,25.0,Catalogue
6031,11,Modbury,South Australia,6,White Sugar 1kg,Staples,2023-06-29,2023-07-11,13,15.0,In-Store Display
6032,11,Modbury,South Australia,6,White Sugar 1kg,Staples,2023-11-11,2023-11-19,9,15.0,In-Store Display
6033,11,Modbury,South Australia,6,White Sugar 1kg,Staples,2025-07-23,2025-07-28,6,25.0,Catalogue
6034,11,Modbury,South Australia,6,White Sugar 1kg,Staples,2024-09-21,2024-10-01,11,10.0,In-Store Display
6035,11,Modbury,South Australia,6,White Sugar 1kg,Staples,2024-10-21,2024-10-30,10,25.0,Catalogue
6036,11,Modbury,South Australia,6,White Sugar 1kg,Staples,2025-05-18,2025-05-29,12,30.0,Catalogue
6037,11,Modbury,South Australia,6,White Sugar 1kg,Staples,2023-07-30,2023-08-04,6,20.0,Catalogue
6038,11,Modbury,South Australia,6,White Sugar 1kg,Staples,2025-09-25,2025-10-01,7,15.0,In-Store Display
6039,11,Modbury,South Australia,7,Full Cream Milk 2L,Dairy & Frozen,2024-06-14,2024-06-24,11,25.0,Catalogue
6040,11,Modbury,South Australia,7,Full Cream Milk 2L,Dairy & Frozen,2025-07-11,2025-07-19,9,50.0,Clearance
6041,11,Modbury,South Australia,7,Full Cream Milk 2L,Dairy & Frozen,2025-10-22,2025-10-26,5,10.0,In-Store Display
6042,11,Modbury,South Australia,7,Full Cream Milk 2L,Dairy & Frozen,2023-12-25,2024-01-03,10,25.0,Catalogue
6043,11,Modbury,South Australia,7,Full Cream Milk 2L,Dairy & Frozen,2023-04-14,2023-04-26,13,15.0,In-Store Display
6044,11,Modbury,South Australia,7,Full Cream Milk 2L,Dairy & Frozen,2025-09-09,2025-09-13,5,15.0,In-Store Display
6045,11,Modbury,South Australia,7,Full Cream Milk 2L,Dairy & Frozen,2024-09-13,2024-09-17,5,20.0,Catalogue
6046,11,Modbury,South Australia,7,Full Cream Milk 2L,Dairy & Frozen,2025-03-15,2025-03-22,8,50.0,Clearance
6047,11,Modbury,South Australia,8,Tasty Cheese Block 500g,Dairy & Frozen,2025-11-16,2025-11-29,14,20.0,Catalogue
6048,11,Modbury,South Australia,8,Tasty Cheese Block 500g,Dairy & Frozen,2025-12-19,2025-12-30,12,10.0,In-Store Display
6049,11,Modbury,South Australia,8,Tasty Cheese Block 500g,Dairy & Frozen,2023-03-28,2023-04-08,12,15.0,In-Store Display
6050,11,Modbury,South Australia,8,Tasty Cheese Block 500g,Dairy & Frozen,2025-09-19,2025-09-27,9,50.0,Clearance
6051,11,Modbury,South Australia,8,Tasty Cheese Block 500g,Dairy & Frozen,2023-07-08,2023-07-12,5,15.0,In-Store Display
6052,11,Modbury,South Australia,8,Tasty Cheese Block 500g,Dairy & Frozen,2025-03-19,2025-03-29,11,25.0,Catalogue
6053,11,Modbury,South Australia,8,Tasty Cheese Block 500g,Dairy & Frozen,2023-04-24,2023-04-28,5,10.0,In-Store Display
6054,11,Modbury,South Australia,8,Tasty Cheese Block 500g,Dairy & Frozen,2025-08-02,2025-08-13,12,10.0,In-Store Display
6055,11,Modbury,South Australia,8,Tasty Cheese Block 500g,Dairy & Frozen,2023-10-14,2023-10-19,6,25.0,Catalogue
6056,11,Modbury,South Australia,8,Tasty Cheese Block 500g,Dairy & Frozen,2024-02-14,2024-02-25,12,25.0,Catalogue
6057,11,Modbury,South Australia,8,Tasty Cheese Block 500g,Dairy & Frozen,2025-01-22,2025-01-26,5,20.0,Catalogue
6058,11,Modbury,South Australia,8,Tasty Cheese Block 500g,Dairy & Frozen,2023-02-22,2023-02-26,5,10.0,In-Store Display
6059,11,Modbury,South Australia,8,Tasty Cheese Block 500g,Dairy & Frozen,2025-05-21,2025-06-03,14,25.0,Catalogue
6060,11,Modbury,South Australia,8,Tasty Cheese Block 500g,Dairy & Frozen,2023-05-29,2023-06-06,9,10.0,In-Store Display
6061,11,Modbury,South Australia,8,Tasty Cheese Block 500g,Dairy & Frozen,2024-07-13,2024-07-22,10,10.0,In-Store Display
6062,11,Modbury,South Australia,8,Tasty Cheese Block 500g,Dairy & Frozen,2023-09-13,2023-09-18,6,10.0,In-Store Display
6063,11,Modbury,South Australia,8,Tasty Cheese Block 500g,Dairy & Frozen,2024-11-10,2024-11-19,10,10.0,In-Store Display
6064,11,Modbury,South Australia,8,Tasty Cheese Block 500g,Dairy & Frozen,2023-01-20,2023-01-27,8,25.0,Catalogue
6065,11,Modbury,South Australia,8,Tasty Cheese Block 500g,Dairy & Frozen,2024-09-05,2024-09-15,11,15.0,In-Store Display
6066,11,Modbury,South Australia,8,Tasty Cheese Block 500g,Dairy & Frozen,2025-06-23,2025-07-04,12,25.0,Catalogue
6067,11,Modbury,South Australia,8,Tasty Cheese Block 500g,Dairy & Frozen,2024-08-14,2024-08-19,6,15.0,In-Store Display
6068,11,Modbury,South Australia,8,Tasty Cheese Block 500g,Dairy & Frozen,2024-10-04,2024-10-12,9,10.0,In-Store Display
6069,11,Modbury,South Australia,9,Greek Yoghurt 1kg,Dairy & Frozen,2023-12-19,2023-12-24,6,10.0,In-Store Display
6070,11,Modbury,South Australia,9,Greek Yoghurt 1kg,Dairy & Frozen,2025-01-06,2025-01-15,10,20.0,Catalogue
6071,11,Modbury,South Australia,9,Greek Yoghurt 1kg,Dairy & Frozen,2025-04-01,2025-04-08,8,15.0,In-Store Display
6072,11,Modbury,South Australia,9,Greek Yoghurt 1kg,Dairy & Frozen,2023-02-05,2023-02-15,11,15.0,In-Store Display
6073,11,Modbury,South Australia,9,Greek Yoghurt 1kg,Dairy & Frozen,2025-06-24,2025-06-28,5,20.0,Catalogue
6074,11,Modbury,South Australia,9,Greek Yoghurt 1kg,Dairy & Frozen,2023-08-17,2023-08-23,7,25.0,Catalogue
6075,11,Modbury,South Australia,9,Greek Yoghurt 1kg,Dairy & Frozen,2024-03-09,2024-03-13,5,20.0,Catalogue
6076,11,Modbury,South Australia,9,Greek Yoghurt 1kg,Dairy & Frozen,2023-10-29,2023-11-04,7,20.0,Catalogue
6077,11,Modbury,South Australia,9,Greek Yoghurt 1kg,Dairy & Frozen,2024-08-01,2024-08-10,10,10.0,In-Store Display
6078,11,Modbury,South Australia,9,Greek Yoghurt 1kg,Dairy & Frozen,2025-09-17,2025-09-26,10,30.0,Catalogue
6079,11,Modbury,South Australia,9,Greek Yoghurt 1kg,Dairy & Frozen,2024-12-16,2024-12-21,6,10.0,In-Store Display
6080,11,Modbury,South Australia,9,Greek Yoghurt 1kg,Dairy & Frozen,2023-05-20,2023-05-29,10,20.0,Catalogue
6081,11,Modbury,South Australia,9,Greek Yoghurt 1kg,Dairy & Frozen,2024-03-29,2024-04-09,12,50.0,Clearance
6082,11,Modbury,South Australia,9,Greek Yoghurt 1kg,Dairy & Frozen,2025-12-12,2025-12-22,11,10.0,In-Store Display
6083,11,Modbury,South Australia,9,Greek Yoghurt 1kg,Dairy & Frozen,2024-01-14,2024-01-27,14,50.0,Clearance
6084,11,Modbury,South Australia,9,Greek Yoghurt 1kg,Dairy & Frozen,2025-02-04,2025-02-12,9,30.0,Catalogue
6085,11,Modbury,South Australia,9,Greek Yoghurt 1kg,Dairy & Frozen,2025-04-25,2025-05-01,7,20.0,Catalogue
6086,11,Modbury,South Australia,9,Greek Yoghurt 1kg,Dairy & Frozen,2024-09-22,2024-09-29,8,10.0,In-Store Display
6087,11,Modbury,South Australia,9,Greek Yoghurt 1kg,Dairy & Frozen,2023-03-03,2023-03-10,8,50.0,Clearance
6088,11,Modbury,South Australia,9,Greek Yoghurt 1kg,Dairy & Frozen,2025-07-20,2025-07-24,5,10.0,In-Store Display
6089,11,Modbury,South Australia,9,Greek Yoghurt 1kg,Dairy & Frozen,2024-11-01,2024-11-07,7,15.0,In-Store Display
6090,11,Modbury,South Australia,10,Vanilla Ice Cream 2L,Dairy & Frozen,2023-08-05,2023-08-18,14,20.0,Catalogue
6091,11,Modbury,South Australia,10,Vanilla Ice Cream 2L,Dairy & Frozen,2023-04-26,2023-05-02,7,15.0,In-Store Display
6092,11,Modbury,South Australia,10,Vanilla Ice Cream 2L,Dairy & Frozen,2025-08-07,2025-08-15,9,10.0,In-Store Display
6093,11,Modbury,South Australia,10,Vanilla Ice Cream 2L,Dairy & Frozen,2023-10-10,2023-10-18,9,30.0,Catalogue
6094,11,Modbury,South Australia,10,Vanilla Ice Cream 2L,Dairy & Frozen,2025-03-24,2025-03-29,6,50.0,Clearance
6095,11,Modbury,South Australia,10,Vanilla Ice Cream 2L,Dairy & Frozen,2025-09-13,2025-09-19,7,20.0,Catalogue
6096,11,Modbury,South Australia,10,Vanilla Ice Cream 2L,Dairy & Frozen,2025-06-09,2025-06-22,14,30.0,Catalogue
6097,11,Modbury,South Australia,10,Vanilla Ice Cream 2L,Dairy & Frozen,2024-09-01,2024-09-13,13,20.0,Catalogue
6098,11,Modbury,South Australia,10,Vanilla Ice Cream 2L,Dairy & Frozen,2024-01-28,2024-02-06,10,20.0,Catalogue
6099,11,Modbury,South Australia,10,Vanilla Ice Cream 2L,Dairy & Frozen,2023-02-10,2023-02-17,8,15.0,In-Store Display
6100,11,Modbury,South Australia,10,Vanilla Ice Cream 2L,Dairy & Frozen,2023-07-13,2023-07-21,9,10.0,In-Store Display
6101,11,Modbury,South Australia,10,Vanilla Ice Cream 2L,Dairy & Frozen,2023-09-04,2023-09-11,8,15.0,In-Store Display
6102,11,Modbury,South Australia,10,Vanilla Ice Cream 2L,Dairy & Frozen,2025-04-29,2025-05-06,8,30.0,Catalogue
6103,11,Modbury,South Australia,10,Vanilla Ice Cream 2L,Dairy & Frozen,2025-12-15,2025-12-25,11,15.0,In-Store Display
6104,11,Modbury,South Australia,10,Vanilla Ice Cream 2L,Dairy & Frozen,2025-11-06,2025-11-15,10,25.0,Catalogue
6105,11,Modbury,South Australia,10,Vanilla Ice Cream 2L,Dairy & Frozen,2024-07-30,2024-08-10,12,15.0,In-Store Display
6106,11,Modbury,South Australia,10,Vanilla Ice Cream 2L,Dairy & Frozen,2024-06-14,2024-06-26,13,25.0,Catalogue
6107,11,Modbury,South Australia,10,Vanilla Ice Cream 2L,Dairy & Frozen,2023-01-04,2023-01-14,11,25.0,Catalogue
6108,11,Modbury,South Australia,10,Vanilla Ice Cream 2L,Dairy & Frozen,2023-12-16,2023-12-20,5,15.0,In-Store Display
6109,11,Modbury,South Australia,10,Vanilla Ice Cream 2L,Dairy & Frozen,2023-06-03,2023-06-11,9,20.0,Catalogue
6110,11,Modbury,South Australia,10,Vanilla Ice Cream 2L,Dairy & Frozen,2025-07-08,2025-07-13,6,10.0,In-Store Display
6111,11,Modbury,South Australia,10,Vanilla Ice Cream 2L,Dairy & Frozen,2024-11-21,2024-11-28,8,30.0,Catalogue
6112,11,Modbury,South Australia,10,Vanilla Ice Cream 2L,Dairy & Frozen,2025-10-16,2025-10-20,5,25.0,Catalogue
6113,11,Modbury,South Australia,10,Vanilla Ice Cream 2L,Dairy & Frozen,2024-04-03,2024-04-14,12,30.0,Catalogue
6114,11,Modbury,South Australia,11,Frozen Mixed Vegetables 1kg,Dairy & Frozen,2024-01-03,2024-01-10,8,10.0,In-Store Display
6115,11,Modbury,South Australia,11,Frozen Mixed Vegetables 1kg,Dairy & Frozen,2024-02-09,2024-02-14,6,25.0,Catalogue
6116,11,Modbury,South Australia,11,Frozen Mixed Vegetables 1kg,Dairy & Frozen,2025-06-06,2025-06-11,6,10.0,In-Store Display
6117,11,Modbury,South Australia,11,Frozen Mixed Vegetables 1kg,Dairy & Frozen,2023-08-02,2023-08-09,8,15.0,In-Store Display
6118,11,Modbury,South Australia,11,Frozen Mixed Vegetables 1kg,Dairy & Frozen,2025-03-29,2025-04-03,6,10.0,In-Store Display
6119,11,Modbury,South Australia,11,Frozen Mixed Vegetables 1kg,Dairy & Frozen,2025-07-16,2025-07-24,9,25.0,Catalogue
6120,11,Modbury,South Australia,11,Frozen Mixed Vegetables 1kg,Dairy & Frozen,2023-10-01,2023-10-06,6,10.0,In-Store Display
6121,11,Modbury,South Australia,11,Frozen Mixed Vegetables 1kg,Dairy & Frozen,2025-10-12,2025-10-18,7,25.0,Catalogue
6122,11,Modbury,South Australia,11,Frozen Mixed Vegetables 1kg,Dairy & Frozen,2024-07-16,2024-07-28,13,20.0,Catalogue
6123,11,Modbury,South Australia,11,Frozen Mixed Vegetables 1kg,Dairy & Frozen,2025-11-12,2025-11-20,9,25.0,Catalogue
6124,11,Modbury,South Australia,11,Frozen Mixed Vegetables 1kg,Dairy & Frozen,2025-08-12,2025-08-23,12,15.0,In-Store Display
6125,11,Modbury,South Australia,11,Frozen Mixed Vegetables 1kg,Dairy & Frozen,2023-05-31,2023-06-08,9,20.0,Catalogue
6126,11,Modbury,South Australia,11,Frozen Mixed Vegetables 1kg,Dairy & Frozen,2024-09-01,2024-09-10,10,50.0,Clearance
6127,11,Modbury,South Australia,11,Frozen Mixed Vegetables 1kg,Dairy & Frozen,2024-06-18,2024-06-28,11,25.0,Catalogue
6128,11,Modbury,South Australia,11,Frozen Mixed Vegetables 1kg,Dairy & Frozen,2024-04-20,2024-04-26,7,25.0,Catalogue
6129,11,Modbury,South Australia,11,Frozen Mixed Vegetables 1kg,Dairy & Frozen,2025-05-02,2025-05-10,9,30.0,Catalogue
6130,11,Modbury,South Australia,11,Frozen Mixed Vegetables 1kg,Dairy & Frozen,2025-09-12,2025-09-18,7,10.0,In-Store Display
6131,11,Modbury,South Australia,11,Frozen Mixed Vegetables 1kg,Dairy & Frozen,2025-02-05,2025-02-10,6,50.0,Clearance
6132,11,Modbury,South Australia,11,Frozen Mixed Vegetables 1kg,Dairy & Frozen,2023-09-02,2023-09-08,7,20.0,Catalogue
6133,11,Modbury,South Australia,12,Frozen Meat Pies 4pk,Dairy & Frozen,2023-01-24,2023-01-31,8,30.0,Catalogue
6134,11,Modbury,South Australia,12,Frozen Meat Pies 4pk,Dairy & Frozen,2025-02-16,2025-02-21,6,20.0,Catalogue
6135,11,Modbury,South Australia,12,Frozen Meat Pies 4pk,Dairy & Frozen,2024-10-07,2024-10-16,10,30.0,Catalogue
6136,11,Modbury,South Australia,12,Frozen Meat Pies 4pk,Dairy & Frozen,2023-06-12,2023-06-17,6,25.0,Catalogue
6137,11,Modbury,South Australia,12,Frozen Meat Pies 4pk,Dairy & Frozen,2024-09-09,2024-09-19,11,50.0,Clearance
6138,11,Modbury,South Australia,12,Frozen Meat Pies 4pk,Dairy & Frozen,2025-07-31,2025-08-10,11,10.0,In-Store Display
6139,11,Modbury,South Australia,12,Frozen Meat Pies 4pk,Dairy & Frozen,2023-08-31,2023-09-07,8,15.0,In-Store Display
6140,11,Modbury,South Australia,12,Frozen Meat Pies 4pk,Dairy & Frozen,2024-04-10,2024-04-21,12,20.0,Catalogue
6141,11,Modbury,South Australia,12,Frozen Meat Pies 4pk,Dairy & Frozen,2025-10-25,2025-11-07,14,20.0,Catalogue
6142,11,Modbury,South Australia,12,Frozen Meat Pies 4pk,Dairy & Frozen,2025-06-20,2025-06-24,5,25.0,Catalogue
6143,11,Modbury,South Australia,12,Frozen Meat Pies 4pk,Dairy & Frozen,2023-10-19,2023-10-23,5,10.0,In-Store Display
6144,11,Modbury,South Australia,12,Frozen Meat Pies 4pk,Dairy & Frozen,2024-02-29,2024-03-06,7,20.0,Catalogue
6145,11,Modbury,South Australia,12,Frozen Meat Pies 4pk,Dairy & Frozen,2024-07-17,2024-07-30,14,30.0,Catalogue
6146,11,Modbury,South Australia,12,Frozen Meat Pies 4pk,Dairy & Frozen,2024-06-17,2024-06-30,14,50.0,Clearance
6147,11,Modbury,South Australia,12,Frozen Meat Pies 4pk,Dairy & Frozen,2023-01-01,2023-01-06,6,20.0,Catalogue
6148,11,Modbury,South Australia,12,Frozen Meat Pies 4pk,Dairy & Frozen,2025-03-26,2025-03-31,6,25.0,Catalogue
6149,11,Modbury,South Australia,12,Frozen Meat Pies 4pk,Dairy & Frozen,2025-10-05,2025-10-10,6,15.0,In-Store Display
6150,11,Modbury,South Australia,12,Frozen Meat Pies 4pk,Dairy & Frozen,2023-03-20,2023-03-31,12,10.0,In-Store Display
6151,11,Modbury,South Australia,12,Frozen Meat Pies 4pk,Dairy & Frozen,2023-07-20,2023-08-01,13,25.0,Catalogue
6152,11,Modbury,South Australia,12,Frozen Meat Pies 4pk,Dairy & Frozen,2023-11-30,2023-12-08,9,25.0,Catalogue
6153,11,Modbury,South Australia,13,Cola Soft Drink 1.25L,Beverages,2023-03-16,2023-03-20,5,25.0,Catalogue
6154,11,Modbury,South Australia,13,Cola Soft Drink 1.25L,Beverages,2024-04-15,2024-04-26,12,25.0,Catalogue
6155,11,Modbury,South Australia,13,Cola Soft Drink 1.25L,Beverages,2025-08-07,2025-08-11,5,10.0,In-Store Display
6156,11,Modbury,South Australia,13,Cola Soft Drink 1.25L,Beverages,2023-02-10,2023-02-20,11,25.0,Catalogue
6157,11,Modbury,South Australia,13,Cola Soft Drink 1.25L,Beverages,2023-09-20,2023-09-27,8,15.0,In-Store Display
6158,11,Modbury,South Australia,13,Cola Soft Drink 1.25L,Beverages,2023-08-07,2023-08-11,5,25.0,Catalogue
6159,11,Modbury,South Australia,13,Cola Soft Drink 1.25L,Beverages,2025-04-30,2025-05-09,10,10.0,In-Store Display
6160,11,Modbury,South Australia,13,Cola Soft Drink 1.25L,Beverages,2025-10-17,2025-10-27,11,20.0,Catalogue
6161,11,Modbury,South Australia,13,Cola Soft Drink 1.25L,Beverages,2025-11-12,2025-11-16,5,10.0,In-Store Display
6162,11,Modbury,South Australia,13,Cola Soft Drink 1.25L,Beverages,2025-01-05,2025-01-10,6,30.0,Catalogue
6163,11,Modbury,South Australia,13,Cola Soft Drink 1.25L,Beverages,2025-03-29,2025-04-11,14,10.0,In-Store Display
6164,11,Modbury,South Australia,13,Cola Soft Drink 1.25L,Beverages,2025-09-08,2025-09-12,5,15.0,In-Store Display
6165,11,Modbury,South Australia,13,Cola Soft Drink 1.25L,Beverages,2023-01-06,2023-01-15,10,15.0,In-Store Display
6166,11,Modbury,South Australia,13,Cola Soft Drink 1.25L,Beverages,2024-01-12,2024-01-18,7,10.0,In-Store Display
6167,11,Modbury,South Australia,13,Cola Soft Drink 1.25L,Beverages,2024-07-31,2024-08-10,11,10.0,In-Store Display
6168,11,Modbury,South Australia,13,Cola Soft Drink 1.25L,Beverages,2023-07-11,2023-07-15,5,15.0,In-Store Display
6169,11,Modbury,South Australia,13,Cola Soft Drink 1.25L,Beverages,2025-02-04,2025-02-13,10,15.0,In-Store Display
6170,11,Modbury,South Australia,13,Cola Soft Drink 1.25L,Beverages,2023-10-23,2023-10-27,5,30.0,Catalogue
6171,11,Modbury,South Australia,13,Cola Soft Drink 1.25L,Beverages,2023-05-11,2023-05-18,8,25.0,Catalogue
6172,11,Modbury,South Australia,13,Cola Soft Drink 1.25L,Beverages,2024-09-09,2024-09-18,10,30.0,Catalogue
6173,11,Modbury,South Australia,13,Cola Soft Drink 1.25L,Beverages,2024-11-13,2024-11-23,11,20.0,Catalogue
6174,11,Modbury,South Australia,13,Cola Soft Drink 1.25L,Beverages,2024-03-21,2024-03-31,11,25.0,Catalogue
6175,11,Modbury,South Australia,13,Cola Soft Drink 1.25L,Beverages,2023-04-13,2023-04-21,9,50.0,Clearance
6176,11,Modbury,South Australia,13,Cola Soft Drink 1.25L,Beverages,2025-06-09,2025-06-15,7,15.0,In-Store Display
6177,11,Modbury,South Australia,13,Cola Soft Drink 1.25L,Beverages,2023-12-04,2023-12-11,8,10.0,In-Store Display
6178,11,Modbury,South Australia,13,Cola Soft Drink 1.25L,Beverages,2024-06-17,2024-06-25,9,15.0,In-Store Display
6179,11,Modbury,South Australia,13,Cola Soft Drink 1.25L,Beverages,2025-12-11,2025-12-24,14,15.0,In-Store Display
6180,11,Modbury,South Australia,13,Cola Soft Drink 1.25L,Beverages,2024-10-13,2024-10-21,9,25.0,Catalogue
6181,11,Modbury,South Australia,13,Cola Soft Drink 1.25L,Beverages,2024-05-22,2024-06-02,12,10.0,In-Store Display
6182,11,Modbury,South Australia,13,Cola Soft Drink 1.25L,Beverages,2024-02-18,2024-02-27,10,10.0,In-Store Display
6183,11,Modbury,South Australia,14,Orange Juice 2L,Beverages,2024-07-28,2024-08-08,12,10.0,In-Store Display
6184,11,Modbury,South Australia,14,Orange Juice 2L,Beverages,2023-11-14,2023-11-19,6,20.0,Catalogue
6185,11,Modbury,South Australia,14,Orange Juice 2L,Beverages,2025-10-25,2025-11-03,10,20.0,Catalogue
6186,11,Modbury,South Australia,14,Orange Juice 2L,Beverages,2024-01-20,2024-02-01,13,20.0,Catalogue
6187,11,Modbury,South Australia,14,Orange Juice 2L,Beverages,2024-10-05,2024-10-09,5,10.0,In-Store Display
6188,11,Modbury,South Australia,14,Orange Juice 2L,Beverages,2024-11-05,2024-11-15,11,50.0,Clearance
6189,11,Modbury,South Australia,14,Orange Juice 2L,Beverages,2024-06-08,2024-06-17,10,20.0,Catalogue
6190,11,Modbury,South Australia,14,Orange Juice 2L,Beverages,2025-09-14,2025-09-22,9,20.0,Catalogue
6191,11,Modbury,South Australia,14,Orange Juice 2L,Beverages,2025-03-23,2025-03-29,7,10.0,In-Store Display
6192,11,Modbury,South Australia,14,Orange Juice 2L,Beverages,2025-04-26,2025-05-08,13,15.0,In-Store Display
6193,11,Modbury,South Australia,14,Orange Juice 2L,Beverages,2025-02-20,2025-03-05,14,20.0,Catalogue
6194,11,Modbury,South Australia,14,Orange Juice 2L,Beverages,2024-12-24,2025-01-02,10,20.0,Catalogue
6195,11,Modbury,South Australia,14,Orange Juice 2L,Beverages,2025-12-08,2025-12-13,6,15.0,In-Store Display
6196,11,Modbury,South Australia,14,Orange Juice 2L,Beverages,2024-04-12,2024-04-18,7,15.0,In-Store Display
6197,11,Modbury,South Australia,14,Orange Juice 2L,Beverages,2023-09-13,2023-09-20,8,10.0,In-Store Display
6198,11,Modbury,South Australia,14,Orange Juice 2L,Beverages,2023-12-05,2023-12-10,6,10.0,In-Store Display
6199,11,Modbury,South Australia,14,Orange Juice 2L,Beverages,2023-04-11,2023-04-17,7,20.0,Catalogue
6200,11,Modbury,South Australia,14,Orange Juice 2L,Beverages,2023-06-10,2023-06-18,9,20.0,Catalogue
6201,11,Modbury,South Australia,14,Orange Juice 2L,Beverages,2025-06-28,2025-07-11,14,10.0,In-Store Display
6202,11,Modbury,South Australia,14,Orange Juice 2L,Beverages,2023-07-19,2023-07-24,6,15.0,In-Store Display
6203,11,Modbury,South Australia,14,Orange Juice 2L,Beverages,2024-03-13,2024-03-21,9,30.0,Catalogue
6204,11,Modbury,South Australia,14,Orange Juice 2L,Beverages,2025-05-27,2025-06-01,6,20.0,Catalogue
6205,11,Modbury,South Australia,15,Spring Water 6L,Beverages,2023-06-15,2023-06-24,10,20.0,Catalogue
6206,11,Modbury,South Australia,15,Spring Water 6L,Beverages,2025-04-06,2025-04-14,9,25.0,Catalogue
6207,11,Modbury,South Australia,15,Spring Water 6L,Beverages,2023-12-10,2023-12-14,5,15.0,In-Store Display
6208,11,Modbury,South Australia,15,Spring Water 6L,Beverages,2023-11-19,2023-11-23,5,25.0,Catalogue
6209,11,Modbury,South Australia,15,Spring Water 6L,Beverages,2024-01-27,2024-01-31,5,15.0,In-Store Display
6210,11,Modbury,South Australia,15,Spring Water 6L,Beverages,2023-09-20,2023-09-28,9,20.0,Catalogue
6211,11,Modbury,South Australia,15,Spring Water 6L,Beverages,2024-11-26,2024-12-07,12,25.0,Catalogue
6212,11,Modbury,South Australia,15,Spring Water 6L,Beverages,2024-06-29,2024-07-12,14,30.0,Catalogue
6213,11,Modbury,South Australia,15,Spring Water 6L,Beverages,2025-05-31,2025-06-10,11,30.0,Catalogue
6214,11,Modbury,South Australia,15,Spring Water 6L,Beverages,2024-08-23,2024-08-30,8,20.0,Catalogue
6215,11,Modbury,South Australia,15,Spring Water 6L,Beverages,2023-07-15,2023-07-24,10,25.0,Catalogue
6216,11,Modbury,South Australia,15,Spring Water 6L,Beverages,2025-10-12,2025-10-21,10,15.0,In-Store Display
6217,11,Modbury,South Australia,15,Spring Water 6L,Beverages,2025-08-09,2025-08-22,14,15.0,In-Store Display
6218,11,Modbury,South Australia,15,Spring Water 6L,Beverages,2025-05-08,2025-05-13,6,15.0,In-Store Display
6219,11,Modbury,South Australia,15,Spring Water 6L,Beverages,2023-02-01,2023-02-07,7,10.0,In-Store Display
6220,11,Modbury,South Australia,15,Spring Water 6L,Beverages,2023-10-26,2023-11-01,7,25.0,Catalogue
6221,11,Modbury,South Australia,15,Spring Water 6L,Beverages,2025-01-06,2025-01-18,13,10.0,In-Store Display
6222,11,Modbury,South Australia,15,Spring Water 6L,Beverages,2024-10-16,2024-10-25,10,15.0,In-Store Display
6223,11,Modbury,South Australia,15,Spring Water 6L,Beverages,2025-03-13,2025-03-17,5,25.0,Catalogue
6224,11,Modbury,South Australia,15,Spring Water 6L,Beverages,2024-02-16,2024-02-24,9,20.0,Catalogue
6225,11,Modbury,South Australia,15,Spring Water 6L,Beverages,2024-04-03,2024-04-11,9,20.0,Catalogue
6226,11,Modbury,South Australia,15,Spring Water 6L,Beverages,2024-05-31,2024-06-06,7,20.0,Catalogue
6227,11,Modbury,South Australia,15,Spring Water 6L,Beverages,2023-05-13,2023-05-18,6,25.0,Catalogue
6228,11,Modbury,South Australia,15,Spring Water 6L,Beverages,2024-07-27,2024-07-31,5,25.0,Catalogue
6229,11,Modbury,South Australia,15,Spring Water 6L,Beverages,2025-06-30,2025-07-12,13,20.0,Catalogue
6230,11,Modbury,South Australia,16,Ground Coffee 1kg,Beverages,2024-12-11,2024-12-15,5,15.0,In-Store Display
6231,11,Modbury,South Australia,16,Ground Coffee 1kg,Beverages,2023-02-22,2023-03-07,14,25.0,Catalogue
6232,11,Modbury,South Australia,16,Ground Coffee 1kg,Beverages,2025-06-20,2025-06-27,8,10.0,In-Store Display
6233,11,Modbury,South Australia,16,Ground Coffee 1kg,Beverages,2023-12-09,2023-12-22,14,20.0,Catalogue
6234,11,Modbury,South Australia,16,Ground Coffee 1kg,Beverages,2023-07-27,2023-07-31,5,20.0,Catalogue
6235,11,Modbury,South Australia,16,Ground Coffee 1kg,Beverages,2024-06-04,2024-06-16,13,15.0,In-Store Display
6236,11,Modbury,South Australia,16,Ground Coffee 1kg,Beverages,2023-02-02,2023-02-06,5,10.0,In-Store Display
6237,11,Modbury,South Australia,16,Ground Coffee 1kg,Beverages,2023-09-16,2023-09-29,14,10.0,In-Store Display
6238,11,Modbury,South Australia,16,Ground Coffee 1kg,Beverages,2025-01-25,2025-01-30,6,30.0,Catalogue
6239,11,Modbury,South Australia,16,Ground Coffee 1kg,Beverages,2024-01-19,2024-01-26,8,15.0,In-Store Display
6240,11,Modbury,South Australia,16,Ground Coffee 1kg,Beverages,2024-07-14,2024-07-23,10,25.0,Catalogue
6241,11,Modbury,South Australia,16,Ground Coffee 1kg,Beverages,2024-10-17,2024-10-22,6,15.0,In-Store Display
6242,11,Modbury,South Australia,16,Ground Coffee 1kg,Beverages,2024-05-04,2024-05-10,7,30.0,Catalogue
6243,11,Modbury,South Australia,16,Ground Coffee 1kg,Beverages,2025-12-14,2025-12-21,8,20.0,Catalogue
6244,11,Modbury,South Australia,16,Ground Coffee 1kg,Beverages,2025-10-15,2025-10-28,14,15.0,In-Store Display
6245,11,Modbury,South Australia,16,Ground Coffee 1kg,Beverages,2025-04-18,2025-04-22,5,10.0,In-Store Display
6246,11,Modbury,South Australia,16,Ground Coffee 1kg,Beverages,2025-07-13,2025-07-25,13,20.0,Catalogue
6247,11,Modbury,South Australia,16,Ground Coffee 1kg,Beverages,2024-08-08,2024-08-20,13,15.0,In-Store Display
6248,11,Modbury,South Australia,16,Ground Coffee 1kg,Beverages,2023-05-18,2023-05-23,6,20.0,Catalogue
6249,11,Modbury,South Australia,16,Ground Coffee 1kg,Beverages,2025-09-04,2025-09-16,13,10.0,In-Store Display
6250,11,Modbury,South Australia,16,Ground Coffee 1kg,Beverages,2024-03-20,2024-03-26,7,20.0,Catalogue
6251,11,Modbury,South Australia,16,Ground Coffee 1kg,Beverages,2025-05-12,2025-05-18,7,15.0,In-Store Display
6252,11,Modbury,South Australia,16,Ground Coffee 1kg,Beverages,2024-11-13,2024-11-17,5,10.0,In-Store Display
6253,11,Modbury,South Australia,16,Ground Coffee 1kg,Beverages,2023-08-22,2023-08-29,8,20.0,Catalogue
6254,11,Modbury,South Australia,16,Ground Coffee 1kg,Beverages,2023-04-02,2023-04-10,9,10.0,In-Store Display
6255,11,Modbury,South Australia,17,Black Tea Bags 100pk,Beverages,2023-12-22,2023-12-31,10,15.0,In-Store Display
6256,11,Modbury,South Australia,17,Black Tea Bags 100pk,Beverages,2025-08-08,2025-08-15,8,30.0,Catalogue
6257,11,Modbury,South Australia,17,Black Tea Bags 100pk,Beverages,2024-10-18,2024-10-27,10,20.0,Catalogue
6258,11,Modbury,South Australia,17,Black Tea Bags 100pk,Beverages,2024-03-21,2024-03-27,7,30.0,Catalogue
6259,11,Modbury,South Australia,17,Black Tea Bags 100pk,Beverages,2023-03-24,2023-03-30,7,10.0,In-Store Display
6260,11,Modbury,South Australia,17,Black Tea Bags 100pk,Beverages,2023-06-25,2023-07-02,8,30.0,Catalogue
6261,11,Modbury,South Australia,17,Black Tea Bags 100pk,Beverages,2024-09-04,2024-09-14,11,10.0,In-Store Display
6262,11,Modbury,South Australia,17,Black Tea Bags 100pk,Beverages,2023-04-17,2023-04-29,13,10.0,In-Store Display
6263,11,Modbury,South Australia,17,Black Tea Bags 100pk,Beverages,2024-06-20,2024-06-25,6,10.0,In-Store Display
6264,11,Modbury,South Australia,17,Black Tea Bags 100pk,Beverages,2023-02-01,2023-02-14,14,10.0,In-Store Display
6265,11,Modbury,South Australia,17,Black Tea Bags 100pk,Beverages,2023-10-04,2023-10-16,13,20.0,Catalogue
6266,11,Modbury,South Australia,17,Black Tea Bags 100pk,Beverages,2024-04-20,2024-04-24,5,15.0,In-Store Display
6267,11,Modbury,South Australia,17,Black Tea Bags 100pk,Beverages,2023-11-20,2023-12-03,14,20.0,Catalogue
6268,11,Modbury,South Australia,17,Black Tea Bags 100pk,Beverages,2024-07-15,2024-07-24,10,15.0,In-Store Display
6269,11,Modbury,South Australia,17,Black Tea Bags 100pk,Beverages,2025-11-02,2025-11-09,8,10.0,In-Store Display
6270,11,Modbury,South Australia,17,Black Tea Bags 100pk,Beverages,2023-09-04,2023-09-16,13,20.0,Catalogue
6271,11,Modbury,South Australia,18,Sports Drink 600ml,Beverages,2025-03-14,2025-03-24,11,20.0,Catalogue
6272,11,Modbury,South Australia,18,Sports Drink 600ml,Beverages,2025-11-14,2025-11-24,11,15.0,In-Store Display
6273,11,Modbury,South Australia,18,Sports Drink 600ml,Beverages,2023-07-18,2023-07-27,10,50.0,Clearance
6274,11,Modbury,South Australia,18,Sports Drink 600ml,Beverages,2023-09-04,2023-09-12,9,15.0,In-Store Display
6275,11,Modbury,South Australia,18,Sports Drink 600ml,Beverages,2023-11-15,2023-11-22,8,25.0,Catalogue
6276,11,Modbury,South Australia,18,Sports Drink 600ml,Beverages,2025-04-09,2025-04-17,9,10.0,In-Store Display
6277,11,Modbury,South Australia,18,Sports Drink 600ml,Beverages,2024-05-24,2024-06-01,9,15.0,In-Store Display
6278,11,Modbury,South Australia,18,Sports Drink 600ml,Beverages,2024-03-18,2024-03-31,14,10.0,In-Store Display
6279,11,Modbury,South Australia,18,Sports Drink 600ml,Beverages,2025-05-03,2025-05-07,5,20.0,Catalogue
6280,11,Modbury,South Australia,18,Sports Drink 600ml,Beverages,2024-10-14,2024-10-25,12,10.0,In-Store Display
6281,11,Modbury,South Australia,18,Sports Drink 600ml,Beverages,2023-02-02,2023-02-09,8,20.0,Catalogue
6282,11,Modbury,South Australia,18,Sports Drink 600ml,Beverages,2024-11-18,2024-12-01,14,15.0,In-Store Display
6283,11,Modbury,South Australia,18,Sports Drink 600ml,Beverages,2024-09-08,2024-09-16,9,30.0,Catalogue
6284,11,Modbury,South Australia,18,Sports Drink 600ml,Beverages,2024-06-28,2024-07-06,9,25.0,Catalogue
6285,11,Modbury,South Australia,18,Sports Drink 600ml,Beverages,2024-01-14,2024-01-19,6,20.0,Catalogue
6286,11,Modbury,South Australia,18,Sports Drink 600ml,Beverages,2024-04-26,2024-05-05,10,10.0,In-Store Display
6287,11,Modbury,South Australia,18,Sports Drink 600ml,Beverages,2023-10-07,2023-10-19,13,30.0,Catalogue
6288,11,Modbury,South Australia,18,Sports Drink 600ml,Beverages,2025-10-09,2025-10-22,14,10.0,In-Store Display
6289,11,Modbury,South Australia,18,Sports Drink 600ml,Beverages,2025-06-28,2025-07-02,5,30.0,Catalogue
6290,11,Modbury,South Australia,18,Sports Drink 600ml,Beverages,2023-03-08,2023-03-17,10,25.0,Catalogue
6291,11,Modbury,South Australia,18,Sports Drink 600ml,Beverages,2025-01-13,2025-01-18,6,10.0,In-Store Display
6292,11,Modbury,South Australia,18,Sports Drink 600ml,Beverages,2025-08-13,2025-08-24,12,20.0,Catalogue
6293,11,Modbury,South Australia,18,Sports Drink 600ml,Beverages,2025-12-19,2025-12-26,8,15.0,In-Store Display
6294,11,Modbury,South Australia,18,Sports Drink 600ml,Beverages,2024-07-27,2024-08-01,6,25.0,Catalogue
6295,11,Modbury,South Australia,18,Sports Drink 600ml,Beverages,2025-05-25,2025-06-04,11,20.0,Catalogue
6296,11,Modbury,South Australia,18,Sports Drink 600ml,Beverages,2023-12-10,2023-12-22,13,25.0,Catalogue
6297,11,Modbury,South Australia,19,Potato Chips 175g,Snacks,2023-02-22,2023-03-05,12,10.0,In-Store Display
6298,11,Modbury,South Australia,19,Potato Chips 175g,Snacks,2023-12-05,2023-12-12,8,20.0,Catalogue
6299,11,Modbury,South Australia,19,Potato Chips 175g,Snacks,2024-11-30,2024-12-13,14,25.0,Catalogue
6300,11,Modbury,South Australia,19,Potato Chips 175g,Snacks,2025-02-05,2025-02-17,13,30.0,Catalogue
6301,11,Modbury,South Australia,19,Potato Chips 175g,Snacks,2024-01-23,2024-01-27,5,20.0,Catalogue
6302,11,Modbury,South Australia,19,Potato Chips 175g,Snacks,2023-01-03,2023-01-15,13,10.0,In-Store Display
6303,11,Modbury,South Australia,19,Potato Chips 175g,Snacks,2024-04-07,2024-04-14,8,10.0,In-Store Display
6304,11,Modbury,South Australia,19,Potato Chips 175g,Snacks,2025-07-22,2025-08-04,14,20.0,Catalogue
6305,11,Modbury,South Australia,19,Potato Chips 175g,Snacks,2024-04-29,2024-05-03,5,30.0,Catalogue
6306,11,Modbury,South Australia,19,Potato Chips 175g,Snacks,2023-09-10,2023-09-23,14,10.0,In-Store Display
6307,11,Modbury,South Australia,19,Potato Chips 175g,Snacks,2023-06-21,2023-07-04,14,10.0,In-Store Display
6308,11,Modbury,South Australia,19,Potato Chips 175g,Snacks,2024-05-19,2024-05-27,9,30.0,Catalogue
6309,11,Modbury,South Australia,19,Potato Chips 175g,Snacks,2025-08-31,2025-09-09,10,15.0,In-Store Display
6310,11,Modbury,South Australia,19,Potato Chips 175g,Snacks,2025-01-14,2025-01-18,5,20.0,Catalogue
6311,11,Modbury,South Australia,19,Potato Chips 175g,Snacks,2024-09-12,2024-09-17,6,10.0,In-Store Display
6312,11,Modbury,South Australia,19,Potato Chips 175g,Snacks,2023-08-15,2023-08-25,11,20.0,Catalogue
6313,11,Modbury,South Australia,19,Potato Chips 175g,Snacks,2024-07-31,2024-08-06,7,15.0,In-Store Display
6314,11,Modbury,South Australia,19,Potato Chips 175g,Snacks,2025-03-29,2025-04-03,6,15.0,In-Store Display
6315,11,Modbury,South Australia,19,Potato Chips 175g,Snacks,2023-10-17,2023-10-27,11,30.0,Catalogue
6316,11,Modbury,South Australia,19,Potato Chips 175g,Snacks,2025-11-01,2025-11-07,7,15.0,In-Store Display
6317,11,Modbury,South Australia,19,Potato Chips 175g,Snacks,2024-10-19,2024-10-23,5,15.0,In-Store Display
6318,11,Modbury,South Australia,19,Potato Chips 175g,Snacks,2023-03-22,2023-04-01,11,10.0,In-Store Display
6319,11,Modbury,South Australia,19,Potato Chips 175g,Snacks,2024-03-14,2024-03-21,8,20.0,Catalogue
6320,11,Modbury,South Australia,19,Potato Chips 175g,Snacks,2025-06-15,2025-06-22,8,10.0,In-Store Display
6321,11,Modbury,South Australia,19,Potato Chips 175g,Snacks,2025-05-04,2025-05-15,12,25.0,Catalogue
6322,11,Modbury,South Australia,19,Potato Chips 175g,Snacks,2023-05-15,2023-05-28,14,30.0,Catalogue
6323,11,Modbury,South Australia,19,Potato Chips 175g,Snacks,2025-09-24,2025-10-04,11,25.0,Catalogue
6324,11,Modbury,South Australia,19,Potato Chips 175g,Snacks,2023-12-30,2024-01-03,5,10.0,In-Store Display
6325,11,Modbury,South Australia,19,Potato Chips 175g,Snacks,2025-12-17,2025-12-23,7,30.0,Catalogue
6326,11,Modbury,South Australia,19,Potato Chips 175g,Snacks,2024-02-19,2024-02-25,7,10.0,In-Store Display
6327,11,Modbury,South Australia,19,Potato Chips 175g,Snacks,2024-06-26,2024-06-30,5,20.0,Catalogue
6328,11,Modbury,South Australia,20,Sweet Biscuits 250g,Snacks,2025-03-07,2025-03-13,7,25.0,Catalogue
6329,11,Modbury,South Australia,20,Sweet Biscuits 250g,Snacks,2023-06-17,2023-06-23,7,25.0,Catalogue
6330,11,Modbury,South Australia,20,Sweet Biscuits 250g,Snacks,2025-01-26,2025-02-05,11,10.0,In-Store Display
6331,11,Modbury,South Australia,20,Sweet Biscuits 250g,Snacks,2023-08-02,2023-08-06,5,10.0,In-Store Display
6332,11,Modbury,South Australia,20,Sweet Biscuits 250g,Snacks,2023-12-29,2024-01-10,13,15.0,In-Store Display
6333,11,Modbury,South Australia,20,Sweet Biscuits 250g,Snacks,2024-09-28,2024-10-10,13,30.0,Catalogue
6334,11,Modbury,South Australia,20,Sweet Biscuits 250g,Snacks,2025-04-21,2025-05-01,11,10.0,In-Store Display
6335,11,Modbury,South Australia,20,Sweet Biscuits 250g,Snacks,2025-11-14,2025-11-18,5,20.0,Catalogue
6336,11,Modbury,South Australia,20,Sweet Biscuits 250g,Snacks,2023-11-22,2023-11-29,8,10.0,In-Store Display
6337,11,Modbury,South Australia,20,Sweet Biscuits 250g,Snacks,2025-10-09,2025-10-14,6,25.0,Catalogue
6338,11,Modbury,South Australia,20,Sweet Biscuits 250g,Snacks,2024-05-10,2024-05-21,12,10.0,In-Store Display
6339,11,Modbury,South Australia,20,Sweet Biscuits 250g,Snacks,2025-08-25,2025-09-03,10,30.0,Catalogue
6340,11,Modbury,South Australia,20,Sweet Biscuits 250g,Snacks,2025-12-10,2025-12-20,11,30.0,Catalogue
6341,11,Modbury,South Australia,20,Sweet Biscuits 250g,Snacks,2024-11-02,2024-11-09,8,30.0,Catalogue
6342,11,Modbury,South Australia,20,Sweet Biscuits 250g,Snacks,2023-04-27,2023-05-10,14,15.0,In-Store Display
6343,11,Modbury,South Australia,20,Sweet Biscuits 250g,Snacks,2023-03-03,2023-03-13,11,30.0,Catalogue
6344,11,Modbury,South Australia,20,Sweet Biscuits 250g,Snacks,2024-06-30,2024-07-08,9,25.0,Catalogue
6345,11,Modbury,South Australia,20,Sweet Biscuits 250g,Snacks,2025-07-18,2025-07-30,13,15.0,In-Store Display
6346,11,Modbury,South Australia,20,Sweet Biscuits 250g,Snacks,2024-07-24,2024-08-03,11,30.0,Catalogue
6347,11,Modbury,South Australia,20,Sweet Biscuits 250g,Snacks,2025-06-08,2025-06-19,12,10.0,In-Store Display
6348,11,Modbury,South Australia,20,Sweet Biscuits 250g,Snacks,2024-03-09,2024-03-17,9,25.0,Catalogue
6349,11,Modbury,South Australia,20,Sweet Biscuits 250g,Snacks,2024-04-14,2024-04-19,6,15.0,In-Store Display
6350,11,Modbury,South Australia,20,Sweet Biscuits 250g,Snacks,2024-12-07,2024-12-19,13,20.0,Catalogue
6351,11,Modbury,South Australia,20,Sweet Biscuits 250g,Snacks,2023-09-15,2023-09-27,13,10.0,In-Store Display
6352,11,Modbury,South Australia,20,Sweet Biscuits 250g,Snacks,2024-01-27,2024-02-07,12,10.0,In-Store Display
6353,11,Modbury,South Australia,21,Chocolate Block 180g,Snacks,2023-06-24,2023-07-05,12,20.0,Catalogue
6354,11,Modbury,South Australia,21,Chocolate Block 180g,Snacks,2025-10-09,2025-10-17,9,15.0,In-Store Display
6355,11,Modbury,South Australia,21,Chocolate Block 180g,Snacks,2023-03-29,2023-04-11,14,25.0,Catalogue
6356,11,Modbury,South Australia,21,Chocolate Block 180g,Snacks,2025-04-14,2025-04-22,9,15.0,In-Store Display
6357,11,Modbury,South Australia,21,Chocolate Block 180g,Snacks,2023-09-25,2023-10-02,8,25.0,Catalogue
6358,11,Modbury,South Australia,21,Chocolate Block 180g,Snacks,2023-12-04,2023-12-16,13,20.0,Catalogue
6359,11,Modbury,South Australia,21,Chocolate Block 180g,Snacks,2023-08-13,2023-08-26,14,30.0,Catalogue
6360,11,Modbury,South Australia,21,Chocolate Block 180g,Snacks,2025-08-28,2025-09-10,14,20.0,Catalogue
6361,11,Modbury,South Australia,21,Chocolate Block 180g,Snacks,2023-10-29,2023-11-11,14,50.0,Clearance
6362,11,Modbury,South Australia,21,Chocolate Block 180g,Snacks,2024-12-14,2024-12-21,8,20.0,Catalogue
6363,11,Modbury,South Australia,21,Chocolate Block 180g,Snacks,2025-11-05,2025-11-16,12,10.0,In-Store Display
6364,11,Modbury,South Australia,21,Chocolate Block 180g,Snacks,2025-07-16,2025-07-28,13,15.0,In-Store Display
6365,11,Modbury,South Australia,21,Chocolate Block 180g,Snacks,2023-06-01,2023-06-05,5,30.0,Catalogue
6366,11,Modbury,South Australia,21,Chocolate Block 180g,Snacks,2024-08-06,2024-08-18,13,10.0,In-Store Display
6367,11,Modbury,South Australia,21,Chocolate Block 180g,Snacks,2024-03-24,2024-04-02,10,20.0,Catalogue
6368,11,Modbury,South Australia,21,Chocolate Block 180g,Snacks,2024-06-11,2024-06-20,10,20.0,Catalogue
6369,11,Modbury,South Australia,21,Chocolate Block 180g,Snacks,2024-02-04,2024-02-14,11,15.0,In-Store Display
6370,11,Modbury,South Australia,21,Chocolate Block 180g,Snacks,2025-03-22,2025-03-28,7,25.0,Catalogue
6371,11,Modbury,South Australia,21,Chocolate Block 180g,Snacks,2023-01-26,2023-01-31,6,25.0,Catalogue
6372,11,Modbury,South Australia,21,Chocolate Block 180g,Snacks,2024-09-22,2024-09-28,7,10.0,In-Store Display
6373,11,Modbury,South Australia,21,Chocolate Block 180g,Snacks,2024-11-08,2024-11-14,7,10.0,In-Store Display
6374,11,Modbury,South Australia,21,Chocolate Block 180g,Snacks,2024-07-08,2024-07-13,6,30.0,Catalogue
6375,11,Modbury,South Australia,21,Chocolate Block 180g,Snacks,2025-02-28,2025-03-06,7,25.0,Catalogue
6376,11,Modbury,South Australia,21,Chocolate Block 180g,Snacks,2024-05-14,2024-05-26,13,50.0,Clearance
6377,11,Modbury,South Australia,21,Chocolate Block 180g,Snacks,2023-05-05,2023-05-13,9,10.0,In-Store Display
6378,11,Modbury,South Australia,21,Chocolate Block 180g,Snacks,2025-01-20,2025-01-24,5,15.0,In-Store Display
6379,11,Modbury,South Australia,21,Chocolate Block 180g,Snacks,2024-02-29,2024-03-08,9,50.0,Clearance
6380,11,Modbury,South Australia,21,Chocolate Block 180g,Snacks,2024-01-06,2024-01-13,8,20.0,Catalogue
6381,11,Modbury,South Australia,21,Chocolate Block 180g,Snacks,2025-06-10,2025-06-19,10,10.0,In-Store Display
6382,11,Modbury,South Australia,21,Chocolate Block 180g,Snacks,2023-02-22,2023-03-02,9,30.0,Catalogue
6383,11,Modbury,South Australia,21,Chocolate Block 180g,Snacks,2023-07-21,2023-07-29,9,10.0,In-Store Display
6384,11,Modbury,South Australia,21,Chocolate Block 180g,Snacks,2025-12-25,2025-12-30,6,50.0,Clearance
6385,11,Modbury,South Australia,22,Mixed Nuts 400g,Snacks,2023-05-11,2023-05-17,7,20.0,Catalogue
6386,11,Modbury,South Australia,22,Mixed Nuts 400g,Snacks,2025-03-01,2025-03-09,9,20.0,Catalogue
6387,11,Modbury,South Australia,22,Mixed Nuts 400g,Snacks,2024-05-28,2024-06-04,8,15.0,In-Store Display
6388,11,Modbury,South Australia,22,Mixed Nuts 400g,Snacks,2023-04-05,2023-04-15,11,20.0,Catalogue
6389,11,Modbury,South Australia,22,Mixed Nuts 400g,Snacks,2024-08-26,2024-08-31,6,15.0,In-Store Display
6390,11,Modbury,South Australia,22,Mixed Nuts 400g,Snacks,2023-06-18,2023-06-27,10,20.0,Catalogue
6391,11,Modbury,South Australia,22,Mixed Nuts 400g,Snacks,2025-02-05,2025-02-09,5,15.0,In-Store Display
6392,11,Modbury,South Australia,22,Mixed Nuts 400g,Snacks,2025-05-15,2025-05-20,6,30.0,Catalogue
6393,11,Modbury,South Australia,22,Mixed Nuts 400g,Snacks,2023-01-08,2023-01-18,11,10.0,In-Store Display
6394,11,Modbury,South Australia,22,Mixed Nuts 400g,Snacks,2024-10-20,2024-11-01,13,10.0,In-Store Display
6395,11,Modbury,South Australia,22,Mixed Nuts 400g,Snacks,2023-09-24,2023-10-01,8,20.0,Catalogue
6396,11,Modbury,South Australia,22,Mixed Nuts 400g,Snacks,2024-03-10,2024-03-15,6,15.0,In-Store Display
6397,11,Modbury,South Australia,22,Mixed Nuts 400g,Snacks,2024-09-24,2024-10-01,8,20.0,Catalogue
6398,11,Modbury,South Australia,22,Mixed Nuts 400g,Snacks,2025-10-07,2025-10-19,13,20.0,Catalogue
6399,11,Modbury,South Australia,22,Mixed Nuts 400g,Snacks,2024-07-24,2024-07-29,6,15.0,In-Store Display
6400,11,Modbury,South Australia,22,Mixed Nuts 400g,Snacks,2023-08-26,2023-09-05,11,10.0,In-Store Display
6401,11,Modbury,South Australia,22,Mixed Nuts 400g,Snacks,2023-08-03,2023-08-10,8,30.0,Catalogue
6402,11,Modbury,South Australia,22,Mixed Nuts 400g,Snacks,2024-04-06,2024-04-17,12,15.0,In-Store Display
6403,11,Modbury,South Australia,22,Mixed Nuts 400g,Snacks,2025-04-24,2025-04-30,7,15.0,In-Store Display
6404,11,Modbury,South Australia,22,Mixed Nuts 400g,Snacks,2023-11-15,2023-11-24,10,20.0,Catalogue
6405,11,Modbury,South Australia,22,Mixed Nuts 400g,Snacks,2024-11-29,2024-12-11,13,10.0,In-Store Display
6406,11,Modbury,South Australia,22,Mixed Nuts 400g,Snacks,2025-11-04,2025-11-13,10,25.0,Catalogue
6407,11,Modbury,South Australia,22,Mixed Nuts 400g,Snacks,2023-02-23,2023-03-07,13,15.0,In-Store Display
6408,11,Modbury,South Australia,22,Mixed Nuts 400g,Snacks,2024-02-13,2024-02-19,7,10.0,In-Store Display
6409,11,Modbury,South Australia,22,Mixed Nuts 400g,Snacks,2023-12-28,2024-01-01,5,30.0,Catalogue
6410,11,Modbury,South Australia,23,Muesli Bars 6pk,Snacks,2025-08-17,2025-08-28,12,30.0,Catalogue
6411,11,Modbury,South Australia,23,Muesli Bars 6pk,Snacks,2023-04-09,2023-04-13,5,10.0,In-Store Display
6412,11,Modbury,South Australia,23,Muesli Bars 6pk,Snacks,2023-11-15,2023-11-19,5,20.0,Catalogue
6413,11,Modbury,South Australia,23,Muesli Bars 6pk,Snacks,2024-09-05,2024-09-18,14,10.0,In-Store Display
6414,11,Modbury,South Australia,23,Muesli Bars 6pk,Snacks,2025-11-16,2025-11-24,9,20.0,Catalogue
6415,11,Modbury,South Australia,23,Muesli Bars 6pk,Snacks,2025-09-22,2025-10-01,10,10.0,In-Store Display
6416,11,Modbury,South Australia,23,Muesli Bars 6pk,Snacks,2024-06-04,2024-06-11,8,10.0,In-Store Display
6417,11,Modbury,South Australia,23,Muesli Bars 6pk,Snacks,2024-04-12,2024-04-23,12,20.0,Catalogue
6418,11,Modbury,South Australia,23,Muesli Bars 6pk,Snacks,2025-06-02,2025-06-09,8,30.0,Catalogue
6419,11,Modbury,South Australia,23,Muesli Bars 6pk,Snacks,2023-09-28,2023-10-06,9,15.0,In-Store Display
6420,11,Modbury,South Australia,23,Muesli Bars 6pk,Snacks,2024-12-10,2024-12-16,7,20.0,Catalogue
6421,11,Modbury,South Australia,23,Muesli Bars 6pk,Snacks,2024-03-20,2024-03-26,7,30.0,Catalogue
6422,11,Modbury,South Australia,23,Muesli Bars 6pk,Snacks,2024-11-05,2024-11-17,13,15.0,In-Store Display
6423,11,Modbury,South Australia,23,Muesli Bars 6pk,Snacks,2025-07-26,2025-07-31,6,20.0,Catalogue
6424,11,Modbury,South Australia,23,Muesli Bars 6pk,Snacks,2025-10-16,2025-10-23,8,30.0,Catalogue
6425,11,Modbury,South Australia,23,Muesli Bars 6pk,Snacks,2025-07-01,2025-07-06,6,15.0,In-Store Display
6426,11,Modbury,South Australia,23,Muesli Bars 6pk,Snacks,2023-09-03,2023-09-11,9,15.0,In-Store Display
6427,11,Modbury,South Australia,23,Muesli Bars 6pk,Snacks,2023-12-19,2023-12-24,6,25.0,Catalogue
6428,11,Modbury,South Australia,23,Muesli Bars 6pk,Snacks,2023-07-01,2023-07-10,10,20.0,Catalogue
6429,11,Modbury,South Australia,23,Muesli Bars 6pk,Snacks,2023-06-11,2023-06-16,6,20.0,Catalogue
6430,11,Modbury,South Australia,23,Muesli Bars 6pk,Snacks,2024-02-22,2024-03-05,13,20.0,Catalogue
6431,11,Modbury,South Australia,23,Muesli Bars 6pk,Snacks,2023-05-01,2023-05-14,14,10.0,In-Store Display
6432,11,Modbury,South Australia,23,Muesli Bars 6pk,Snacks,2023-01-12,2023-01-16,5,20.0,Catalogue
6433,11,Modbury,South Australia,23,Muesli Bars 6pk,Snacks,2023-10-21,2023-10-25,5,30.0,Catalogue
6434,11,Modbury,South Australia,23,Muesli Bars 6pk,Snacks,2025-02-26,2025-03-10,13,25.0,Catalogue
6435,11,Modbury,South Australia,24,Toilet Paper 12pk,Household,2024-10-17,2024-10-23,7,30.0,Catalogue
6436,11,Modbury,South Australia,24,Toilet Paper 12pk,Household,2024-04-08,2024-04-12,5,30.0,Catalogue
6437,11,Modbury,South Australia,24,Toilet Paper 12pk,Household,2023-12-07,2023-12-20,14,50.0,Clearance
6438,11,Modbury,South Australia,24,Toilet Paper 12pk,Household,2025-05-11,2025-05-16,6,20.0,Catalogue
6439,11,Modbury,South Australia,24,Toilet Paper 12pk,Household,2024-05-14,2024-05-22,9,10.0,In-Store Display
6440,11,Modbury,South Australia,24,Toilet Paper 12pk,Household,2023-09-24,2023-10-04,11,15.0,In-Store Display
6441,11,Modbury,South Australia,24,Toilet Paper 12pk,Household,2025-06-21,2025-06-30,10,30.0,Catalogue
6442,11,Modbury,South Australia,24,Toilet Paper 12pk,Household,2024-06-21,2024-06-26,6,30.0,Catalogue
6443,11,Modbury,South Australia,24,Toilet Paper 12pk,Household,2025-02-27,2025-03-03,5,20.0,Catalogue
6444,11,Modbury,South Australia,24,Toilet Paper 12pk,Household,2024-03-02,2024-03-06,5,20.0,Catalogue
6445,11,Modbury,South Australia,24,Toilet Paper 12pk,Household,2025-11-18,2025-11-23,6,15.0,In-Store Display
6446,11,Modbury,South Australia,24,Toilet Paper 12pk,Household,2023-10-24,2023-10-28,5,10.0,In-Store Display
6447,11,Modbury,South Australia,24,Toilet Paper 12pk,Household,2024-12-19,2024-12-25,7,10.0,In-Store Display
6448,11,Modbury,South Australia,24,Toilet Paper 12pk,Household,2023-05-17,2023-05-21,5,15.0,In-Store Display
6449,11,Modbury,South Australia,24,Toilet Paper 12pk,Household,2025-09-16,2025-09-25,10,15.0,In-Store Display
6450,11,Modbury,South Australia,24,Toilet Paper 12pk,Household,2023-06-16,2023-06-22,7,20.0,Catalogue
6451,11,Modbury,South Australia,24,Toilet Paper 12pk,Household,2025-08-07,2025-08-19,13,20.0,Catalogue
6452,11,Modbury,South Australia,24,Toilet Paper 12pk,Household,2025-12-22,2025-12-26,5,15.0,In-Store Display
6453,11,Modbury,South Australia,24,Toilet Paper 12pk,Household,2023-03-10,2023-03-20,11,30.0,Catalogue
6454,11,Modbury,South Australia,24,Toilet Paper 12pk,Household,2024-01-31,2024-02-11,12,10.0,In-Store Display
6455,11,Modbury,South Australia,24,Toilet Paper 12pk,Household,2025-03-18,2025-03-27,10,10.0,In-Store Display
6456,11,Modbury,South Australia,24,Toilet Paper 12pk,Household,2024-07-24,2024-07-30,7,10.0,In-Store Display
6457,11,Modbury,South Australia,24,Toilet Paper 12pk,Household,2023-07-16,2023-07-25,10,10.0,In-Store Display
6458,11,Modbury,South Australia,24,Toilet Paper 12pk,Household,2024-08-30,2024-09-06,8,10.0,In-Store Display
6459,11,Modbury,South Australia,24,Toilet Paper 12pk,Household,2025-01-31,2025-02-10,11,20.0,Catalogue
6460,11,Modbury,South Australia,25,Laundry Liquid 2L,Household,2024-09-21,2024-10-01,11,10.0,In-Store Display
6461,11,Modbury,South Australia,25,Laundry Liquid 2L,Household,2023-04-09,2023-04-15,7,30.0,Catalogue
6462,11,Modbury,South Australia,25,Laundry Liquid 2L,Household,2025-07-31,2025-08-05,6,25.0,Catalogue
6463,11,Modbury,South Australia,25,Laundry Liquid 2L,Household,2024-12-27,2025-01-01,6,30.0,Catalogue
6464,11,Modbury,South Australia,25,Laundry Liquid 2L,Household,2024-02-04,2024-02-11,8,15.0,In-Store Display
6465,11,Modbury,South Australia,25,Laundry Liquid 2L,Household,2023-01-18,2023-01-26,9,25.0,Catalogue
6466,11,Modbury,South Australia,25,Laundry Liquid 2L,Household,2023-09-28,2023-10-07,10,15.0,In-Store Display
6467,11,Modbury,South Australia,25,Laundry Liquid 2L,Household,2025-09-16,2025-09-22,7,10.0,In-Store Display
6468,11,Modbury,South Australia,25,Laundry Liquid 2L,Household,2023-08-05,2023-08-14,10,20.0,Catalogue
6469,11,Modbury,South Australia,25,Laundry Liquid 2L,Household,2024-08-18,2024-08-27,10,15.0,In-Store Display
6470,11,Modbury,South Australia,25,Laundry Liquid 2L,Household,2024-11-02,2024-11-13,12,15.0,In-Store Display
6471,11,Modbury,South Australia,25,Laundry Liquid 2L,Household,2025-12-11,2025-12-18,8,25.0,Catalogue
6472,11,Modbury,South Australia,25,Laundry Liquid 2L,Household,2024-04-25,2024-05-04,10,25.0,Catalogue
6473,11,Modbury,South Australia,25,Laundry Liquid 2L,Household,2023-11-20,2023-11-27,8,25.0,Catalogue
6474,11,Modbury,South Australia,25,Laundry Liquid 2L,Household,2023-12-13,2023-12-23,11,15.0,In-Store Display
6475,11,Modbury,South Australia,25,Laundry Liquid 2L,Household,2025-02-14,2025-02-26,13,20.0,Catalogue
6476,11,Modbury,South Australia,25,Laundry Liquid 2L,Household,2025-11-14,2025-11-22,9,15.0,In-Store Display
6477,11,Modbury,South Australia,25,Laundry Liquid 2L,Household,2023-02-22,2023-03-01,8,10.0,In-Store Display
6478,11,Modbury,South Australia,25,Laundry Liquid 2L,Household,2023-05-02,2023-05-10,9,20.0,Catalogue
6479,11,Modbury,South Australia,25,Laundry Liquid 2L,Household,2024-06-16,2024-06-26,11,25.0,Catalogue
6480,11,Modbury,South Australia,25,Laundry Liquid 2L,Household,2023-06-15,2023-06-23,9,20.0,Catalogue
6481,11,Modbury,South Australia,25,Laundry Liquid 2L,Household,2025-04-08,2025-04-14,7,20.0,Catalogue
6482,11,Modbury,South Australia,25,Laundry Liquid 2L,Household,2025-06-18,2025-06-28,11,20.0,Catalogue
6483,11,Modbury,South Australia,25,Laundry Liquid 2L,Household,2024-01-11,2024-01-17,7,10.0,In-Store Display
6484,11,Modbury,South Australia,25,Laundry Liquid 2L,Household,2024-03-20,2024-04-02,14,15.0,In-Store Display
6485,11,Modbury,South Australia,25,Laundry Liquid 2L,Household,2025-08-21,2025-08-28,8,25.0,Catalogue
6486,11,Modbury,South Australia,25,Laundry Liquid 2L,Household,2025-05-20,2025-05-27,8,15.0,In-Store Display
6487,11,Modbury,South Australia,26,Dishwashing Liquid 500ml,Household,2024-12-31,2025-01-06,7,15.0,In-Store Display
6488,11,Modbury,South Australia,26,Dishwashing Liquid 500ml,Household,2024-12-03,2024-12-08,6,30.0,Catalogue
6489,11,Modbury,South Australia,26,Dishwashing Liquid 500ml,Household,2023-12-20,2023-12-28,9,15.0,In-Store Display
6490,11,Modbury,South Australia,26,Dishwashing Liquid 500ml,Household,2023-06-19,2023-07-02,14,10.0,In-Store Display
6491,11,Modbury,South Australia,26,Dishwashing Liquid 500ml,Household,2024-03-08,2024-03-19,12,15.0,In-Store Display
6492,11,Modbury,South Australia,26,Dishwashing Liquid 500ml,Household,2025-10-23,2025-10-28,6,10.0,In-Store Display
6493,11,Modbury,South Australia,26,Dishwashing Liquid 500ml,Household,2024-10-04,2024-10-08,5,30.0,Catalogue
6494,11,Modbury,South Australia,26,Dishwashing Liquid 500ml,Household,2023-10-09,2023-10-14,6,15.0,In-Store Display
6495,11,Modbury,South Australia,26,Dishwashing Liquid 500ml,Household,2024-05-27,2024-06-04,9,25.0,Catalogue
6496,11,Modbury,South Australia,26,Dishwashing Liquid 500ml,Household,2023-08-24,2023-09-06,14,10.0,In-Store Display
6497,11,Modbury,South Australia,26,Dishwashing Liquid 500ml,Household,2025-04-29,2025-05-08,10,20.0,Catalogue
6498,11,Modbury,South Australia,26,Dishwashing Liquid 500ml,Household,2024-08-17,2024-08-27,11,15.0,In-Store Display
6499,11,Modbury,South Australia,26,Dishwashing Liquid 500ml,Household,2025-11-13,2025-11-25,13,20.0,Catalogue
6500,11,Modbury,South Australia,26,Dishwashing Liquid 500ml,Household,2024-07-15,2024-07-23,9,10.0,In-Store Display
6501,11,Modbury,South Australia,26,Dishwashing Liquid 500ml,Household,2025-04-03,2025-04-14,12,10.0,In-Store Display
6502,11,Modbury,South Australia,26,Dishwashing Liquid 500ml,Household,2025-12-20,2025-12-27,8,30.0,Catalogue
6503,11,Modbury,South Australia,26,Dishwashing Liquid 500ml,Household,2024-04-09,2024-04-18,10,20.0,Catalogue
6504,11,Modbury,South Australia,27,Paper Towel 4pk,Household,2025-01-29,2025-02-11,14,30.0,Catalogue
6505,11,Modbury,South Australia,27,Paper Towel 4pk,Household,2024-10-29,2024-11-05,8,30.0,Catalogue
6506,11,Modbury,South Australia,27,Paper Towel 4pk,Household,2024-11-26,2024-12-05,10,25.0,Catalogue
6507,11,Modbury,South Australia,27,Paper Towel 4pk,Household,2024-05-26,2024-06-04,10,10.0,In-Store Display
6508,11,Modbury,South Australia,27,Paper Towel 4pk,Household,2023-02-26,2023-03-05,8,15.0,In-Store Display
6509,11,Modbury,South Australia,27,Paper Towel 4pk,Household,2025-05-31,2025-06-05,6,20.0,Catalogue
6510,11,Modbury,South Australia,27,Paper Towel 4pk,Household,2023-12-31,2024-01-06,7,20.0,Catalogue
6511,11,Modbury,South Australia,27,Paper Towel 4pk,Household,2023-10-04,2023-10-13,10,30.0,Catalogue
6512,11,Modbury,South Australia,27,Paper Towel 4pk,Household,2024-09-05,2024-09-18,14,15.0,In-Store Display
6513,11,Modbury,South Australia,27,Paper Towel 4pk,Household,2023-07-01,2023-07-11,11,20.0,Catalogue
6514,11,Modbury,South Australia,27,Paper Towel 4pk,Household,2024-02-18,2024-02-26,9,10.0,In-Store Display
6515,11,Modbury,South Australia,27,Paper Towel 4pk,Household,2023-01-21,2023-02-01,12,20.0,Catalogue
6516,11,Modbury,South Australia,27,Paper Towel 4pk,Household,2024-03-14,2024-03-20,7,10.0,In-Store Display
6517,11,Modbury,South Australia,27,Paper Towel 4pk,Household,2025-07-31,2025-08-07,8,25.0,Catalogue
6518,11,Modbury,South Australia,27,Paper Towel 4pk,Household,2024-06-20,2024-06-27,8,20.0,Catalogue
6519,11,Modbury,South Australia,27,Paper Towel 4pk,Household,2025-04-28,2025-05-08,11,15.0,In-Store Display
6520,11,Modbury,South Australia,27,Paper Towel 4pk,Household,2025-04-02,2025-04-08,7,25.0,Catalogue
6521,11,Modbury,South Australia,27,Paper Towel 4pk,Household,2023-04-16,2023-04-26,11,20.0,Catalogue
6522,11,Modbury,South Australia,27,Paper Towel 4pk,Household,2023-11-10,2023-11-19,10,20.0,Catalogue
6523,11,Modbury,South Australia,28,Sunscreen SPF50+ 200ml,Household,2025-08-26,2025-09-07,13,25.0,Catalogue
6524,11,Modbury,South Australia,28,Sunscreen SPF50+ 200ml,Household,2024-06-15,2024-06-20,6,10.0,In-Store Display
6525,11,Modbury,South Australia,28,Sunscreen SPF50+ 200ml,Household,2025-10-18,2025-10-22,5,25.0,Catalogue
6526,11,Modbury,South Australia,28,Sunscreen SPF50+ 200ml,Household,2025-03-06,2025-03-17,12,25.0,Catalogue
6527,11,Modbury,South Australia,28,Sunscreen SPF50+ 200ml,Household,2023-11-09,2023-11-19,11,15.0,In-Store Display
6528,11,Modbury,South Australia,28,Sunscreen SPF50+ 200ml,Household,2023-02-12,2023-02-16,5,25.0,Catalogue
6529,11,Modbury,South Australia,28,Sunscreen SPF50+ 200ml,Household,2024-12-01,2024-12-09,9,20.0,Catalogue
6530,11,Modbury,South Australia,28,Sunscreen SPF50+ 200ml,Household,2024-10-20,2024-10-29,10,10.0,In-Store Display
6531,11,Modbury,South Australia,28,Sunscreen SPF50+ 200ml,Household,2023-09-27,2023-10-02,6,15.0,In-Store Display
6532,11,Modbury,South Australia,28,Sunscreen SPF50+ 200ml,Household,2025-11-29,2025-12-11,13,20.0,Catalogue
6533,11,Modbury,South Australia,28,Sunscreen SPF50+ 200ml,Household,2024-01-25,2024-02-01,8,10.0,In-Store Display
6534,11,Modbury,South Australia,28,Sunscreen SPF50+ 200ml,Household,2023-01-05,2023-01-17,13,30.0,Catalogue
6535,11,Modbury,South Australia,28,Sunscreen SPF50+ 200ml,Household,2024-09-27,2024-10-05,9,25.0,Catalogue
6536,11,Modbury,South Australia,28,Sunscreen SPF50+ 200ml,Household,2025-01-14,2025-01-24,11,20.0,Catalogue
6537,11,Modbury,South Australia,28,Sunscreen SPF50+ 200ml,Household,2025-05-30,2025-06-05,7,25.0,Catalogue
6538,11,Modbury,South Australia,28,Sunscreen SPF50+ 200ml,Household,2025-02-12,2025-02-18,7,15.0,In-Store Display
6539,11,Modbury,South Australia,28,Sunscreen SPF50+ 200ml,Household,2025-04-15,2025-04-28,14,25.0,Catalogue
6540,11,Modbury,South Australia,28,Sunscreen SPF50+ 200ml,Household,2024-05-04,2024-05-10,7,30.0,Catalogue
6541,11,Modbury,South Australia,28,Sunscreen SPF50+ 200ml,Household,2023-10-20,2023-10-24,5,50.0,Clearance
6542,11,Modbury,South Australia,28,Sunscreen SPF50+ 200ml,Household,2023-04-30,2023-05-10,11,50.0,Clearance
6543,11,Modbury,South Australia,28,Sunscreen SPF50+ 200ml,Household,2023-08-09,2023-08-22,14,15.0,In-Store Display
6544,11,Modbury,South Australia,28,Sunscreen SPF50+ 200ml,Household,2024-03-27,2024-04-02,7,20.0,Catalogue
6545,11,Modbury,South Australia,29,Insect Repellent 150ml,Household,2023-08-26,2023-09-08,14,25.0,Catalogue
6546,11,Modbury,South Australia,29,Insect Repellent 150ml,Household,2025-12-12,2025-12-17,6,20.0,Catalogue
6547,11,Modbury,South Australia,29,Insect Repellent 150ml,Household,2024-07-31,2024-08-09,10,20.0,Catalogue
6548,11,Modbury,South Australia,29,Insect Repellent 150ml,Household,2025-06-10,2025-06-16,7,15.0,In-Store Display
6549,11,Modbury,South Australia,29,Insect Repellent 150ml,Household,2023-07-24,2023-07-31,8,25.0,Catalogue
6550,11,Modbury,South Australia,29,Insect Repellent 150ml,Household,2023-12-06,2023-12-15,10,15.0,In-Store Display
6551,11,Modbury,South Australia,29,Insect Repellent 150ml,Household,2025-09-13,2025-09-17,5,15.0,In-Store Display
6552,11,Modbury,South Australia,29,Insect Repellent 150ml,Household,2023-11-14,2023-11-21,8,25.0,Catalogue
6553,11,Modbury,South Australia,29,Insect Repellent 150ml,Household,2024-09-16,2024-09-23,8,20.0,Catalogue
6554,11,Modbury,South Australia,29,Insect Repellent 150ml,Household,2025-05-01,2025-05-11,11,15.0,In-Store Display
6555,11,Modbury,South Australia,29,Insect Repellent 150ml,Household,2023-10-07,2023-10-15,9,15.0,In-Store Display
6556,11,Modbury,South Australia,29,Insect Repellent 150ml,Household,2024-01-19,2024-02-01,14,15.0,In-Store Display
6557,11,Modbury,South Australia,29,Insect Repellent 150ml,Household,2023-02-19,2023-03-02,12,15.0,In-Store Display
6558,11,Modbury,South Australia,29,Insect Repellent 150ml,Household,2025-08-09,2025-08-14,6,15.0,In-Store Display
6559,11,Modbury,South Australia,29,Insect Repellent 150ml,Household,2025-01-31,2025-02-08,9,10.0,In-Store Display
6560,11,Modbury,South Australia,29,Insect Repellent 150ml,Household,2023-06-26,2023-07-07,12,20.0,Catalogue
6561,11,Modbury,South Australia,29,Insect Repellent 150ml,Household,2024-06-11,2024-06-17,7,25.0,Catalogue
6562,11,Modbury,South Australia,30,Firelighters 24pk,Household,2023-02-12,2023-02-24,13,25.0,Catalogue
6563,11,Modbury,South Australia,30,Firelighters 24pk,Household,2025-01-31,2025-02-10,11,15.0,In-Store Display
6564,11,Modbury,South Australia,30,Firelighters 24pk,Household,2024-02-17,2024-02-23,7,10.0,In-Store Display
6565,11,Modbury,South Australia,30,Firelighters 24pk,Household,2023-11-04,2023-11-15,12,25.0,Catalogue
6566,11,Modbury,South Australia,30,Firelighters 24pk,Household,2024-04-12,2024-04-22,11,25.0,Catalogue
6567,11,Modbury,South Australia,30,Firelighters 24pk,Household,2025-06-10,2025-06-20,11,15.0,In-Store Display
6568,11,Modbury,South Australia,30,Firelighters 24pk,Household,2023-04-13,2023-04-24,12,10.0,In-Store Display
6569,11,Modbury,South Australia,30,Firelighters 24pk,Household,2024-12-14,2024-12-27,14,15.0,In-Store Display
6570,11,Modbury,South Australia,30,Firelighters 24pk,Household,2024-03-15,2024-03-24,10,10.0,In-Store Display
6571,11,Modbury,South Australia,30,Firelighters 24pk,Household,2024-07-25,2024-08-04,11,30.0,Catalogue
6572,12,Noarlunga,South Australia,1,Long Grain Rice 2kg,Staples,2025-04-19,2025-04-26,8,30.0,Catalogue
6573,12,Noarlunga,South Australia,1,Long Grain Rice 2kg,Staples,2023-03-07,2023-03-14,8,20.0,Catalogue
6574,12,Noarlunga,South Australia,1,Long Grain Rice 2kg,Staples,2024-03-08,2024-03-13,6,10.0,In-Store Display
6575,12,Noarlunga,South Australia,1,Long Grain Rice 2kg,Staples,2023-10-21,2023-10-31,11,20.0,Catalogue
6576,12,Noarlunga,South Australia,1,Long Grain Rice 2kg,Staples,2024-06-26,2024-07-09,14,25.0,Catalogue
6577,12,Noarlunga,South Australia,1,Long Grain Rice 2kg,Staples,2023-01-25,2023-02-01,8,30.0,Catalogue
6578,12,Noarlunga,South Australia,1,Long Grain Rice 2kg,Staples,2025-07-30,2025-08-08,10,30.0,Catalogue
6579,12,Noarlunga,South Australia,1,Long Grain Rice 2kg,Staples,2023-07-25,2023-08-03,10,20.0,Catalogue
6580,12,Noarlunga,South Australia,1,Long Grain Rice 2kg,Staples,2023-12-17,2023-12-21,5,15.0,In-Store Display
6581,12,Noarlunga,South Australia,1,Long Grain Rice 2kg,Staples,2025-11-13,2025-11-17,5,25.0,Catalogue
6582,12,Noarlunga,South Australia,1,Long Grain Rice 2kg,Staples,2024-10-30,2024-11-03,5,15.0,In-Store Display
6583,12,Noarlunga,South Australia,1,Long Grain Rice 2kg,Staples,2023-06-21,2023-06-30,10,10.0,In-Store Display
6584,12,Noarlunga,South Australia,1,Long Grain Rice 2kg,Staples,2024-08-28,2024-09-08,12,20.0,Catalogue
6585,12,Noarlunga,South Australia,2,Dried Pasta 500g,Staples,2025-02-08,2025-02-19,12,20.0,Catalogue
6586,12,Noarlunga,South Australia,2,Dried Pasta 500g,Staples,2025-05-30,2025-06-04,6,15.0,In-Store Display
6587,12,Noarlunga,South Australia,2,Dried Pasta 500g,Staples,2023-10-05,2023-10-17,13,20.0,Catalogue
6588,12,Noarlunga,South Australia,2,Dried Pasta 500g,Staples,2025-12-14,2025-12-27,14,20.0,Catalogue
6589,12,Noarlunga,South Australia,2,Dried Pasta 500g,Staples,2024-04-02,2024-04-11,10,15.0,In-Store Display
6590,12,Noarlunga,South Australia,2,Dried Pasta 500g,Staples,2025-04-13,2025-04-17,5,25.0,Catalogue
6591,12,Noarlunga,South Australia,2,Dried Pasta 500g,Staples,2024-07-03,2024-07-12,10,15.0,In-Store Display
6592,12,Noarlunga,South Australia,2,Dried Pasta 500g,Staples,2024-05-31,2024-06-13,14,15.0,In-Store Display
6593,12,Noarlunga,South Australia,2,Dried Pasta 500g,Staples,2023-01-28,2023-02-01,5,30.0,Catalogue
6594,12,Noarlunga,South Australia,2,Dried Pasta 500g,Staples,2024-08-02,2024-08-14,13,20.0,Catalogue
6595,12,Noarlunga,South Australia,2,Dried Pasta 500g,Staples,2024-11-06,2024-11-10,5,50.0,Clearance
6596,12,Noarlunga,South Australia,2,Dried Pasta 500g,Staples,2024-02-19,2024-03-02,13,10.0,In-Store Display
6597,12,Noarlunga,South Australia,2,Dried Pasta 500g,Staples,2024-01-06,2024-01-16,11,25.0,Catalogue
6598,12,Noarlunga,South Australia,2,Dried Pasta 500g,Staples,2025-01-12,2025-01-19,8,20.0,Catalogue
6599,12,Noarlunga,South Australia,2,Dried Pasta 500g,Staples,2025-06-28,2025-07-06,9,30.0,Catalogue
6600,12,Noarlunga,South Australia,2,Dried Pasta 500g,Staples,2023-07-20,2023-08-02,14,20.0,Catalogue
6601,12,Noarlunga,South Australia,3,White Bread Loaf,Staples,2025-12-21,2025-12-28,8,20.0,Catalogue
6602,12,Noarlunga,South Australia,3,White Bread Loaf,Staples,2025-01-26,2025-02-08,14,10.0,In-Store Display
6603,12,Noarlunga,South Australia,3,White Bread Loaf,Staples,2023-02-01,2023-02-09,9,20.0,Catalogue
6604,12,Noarlunga,South Australia,3,White Bread Loaf,Staples,2023-03-24,2023-03-29,6,10.0,In-Store Display
6605,12,Noarlunga,South Australia,3,White Bread Loaf,Staples,2024-08-11,2024-08-20,10,15.0,In-Store Display
6606,12,Noarlunga,South Australia,3,White Bread Loaf,Staples,2023-04-28,2023-05-10,13,15.0,In-Store Display
6607,12,Noarlunga,South Australia,3,White Bread Loaf,Staples,2025-04-20,2025-04-26,7,15.0,In-Store Display
6608,12,Noarlunga,South Australia,3,White Bread Loaf,Staples,2024-12-20,2025-01-01,13,20.0,Catalogue
6609,12,Noarlunga,South Australia,3,White Bread Loaf,Staples,2024-03-29,2024-04-11,14,10.0,In-Store Display
6610,12,Noarlunga,South Australia,4,Plain Flour 1kg,Staples,2024-10-09,2024-10-21,13,10.0,In-Store Display
6611,12,Noarlunga,South Australia,4,Plain Flour 1kg,Staples,2023-07-18,2023-07-30,13,25.0,Catalogue
6612,12,Noarlunga,South Australia,4,Plain Flour 1kg,Staples,2024-04-25,2024-05-08,14,10.0,In-Store Display
6613,12,Noarlunga,South Australia,4,Plain Flour 1kg,Staples,2023-09-25,2023-10-08,14,20.0,Catalogue
6614,12,Noarlunga,South Australia,4,Plain Flour 1kg,Staples,2023-05-17,2023-05-27,11,25.0,Catalogue
6615,12,Noarlunga,South Australia,4,Plain Flour 1kg,Staples,2023-08-19,2023-08-26,8,30.0,Catalogue
6616,12,Noarlunga,South Australia,4,Plain Flour 1kg,Staples,2025-01-12,2025-01-25,14,15.0,In-Store Display
6617,12,Noarlunga,South Australia,4,Plain Flour 1kg,Staples,2024-12-07,2024-12-15,9,10.0,In-Store Display
6618,12,Noarlunga,South Australia,4,Plain Flour 1kg,Staples,2025-06-02,2025-06-10,9,25.0,Catalogue
6619,12,Noarlunga,South Australia,4,Plain Flour 1kg,Staples,2024-06-25,2024-07-05,11,10.0,In-Store Display
6620,12,Noarlunga,South Australia,5,Breakfast Cereal 1kg,Staples,2023-03-26,2023-04-03,9,10.0,In-Store Display
6621,12,Noarlunga,South Australia,5,Breakfast Cereal 1kg,Staples,2023-08-07,2023-08-15,9,30.0,Catalogue
6622,12,Noarlunga,South Australia,5,Breakfast Cereal 1kg,Staples,2024-07-14,2024-07-20,7,20.0,Catalogue
6623,12,Noarlunga,South Australia,5,Breakfast Cereal 1kg,Staples,2024-04-29,2024-05-10,12,25.0,Catalogue
6624,12,Noarlunga,South Australia,5,Breakfast Cereal 1kg,Staples,2023-01-31,2023-02-10,11,20.0,Catalogue
6625,12,Noarlunga,South Australia,5,Breakfast Cereal 1kg,Staples,2025-04-07,2025-04-11,5,10.0,In-Store Display
6626,12,Noarlunga,South Australia,5,Breakfast Cereal 1kg,Staples,2024-12-30,2025-01-03,5,15.0,In-Store Display
6627,12,Noarlunga,South Australia,5,Breakfast Cereal 1kg,Staples,2023-06-21,2023-07-02,12,15.0,In-Store Display
6628,12,Noarlunga,South Australia,5,Breakfast Cereal 1kg,Staples,2024-05-31,2024-06-04,5,20.0,Catalogue
6629,12,Noarlunga,South Australia,5,Breakfast Cereal 1kg,Staples,2023-02-27,2023-03-04,6,15.0,In-Store Display
6630,12,Noarlunga,South Australia,5,Breakfast Cereal 1kg,Staples,2025-12-14,2025-12-26,13,30.0,Catalogue
6631,12,Noarlunga,South Australia,5,Breakfast Cereal 1kg,Staples,2023-11-29,2023-12-10,12,25.0,Catalogue
6632,12,Noarlunga,South Australia,5,Breakfast Cereal 1kg,Staples,2025-05-27,2025-06-04,9,20.0,Catalogue
6633,12,Noarlunga,South Australia,5,Breakfast Cereal 1kg,Staples,2023-09-29,2023-10-03,5,30.0,Catalogue
6634,12,Noarlunga,South Australia,5,Breakfast Cereal 1kg,Staples,2023-05-21,2023-05-26,6,20.0,Catalogue
6635,12,Noarlunga,South Australia,5,Breakfast Cereal 1kg,Staples,2025-05-08,2025-05-12,5,30.0,Catalogue
6636,12,Noarlunga,South Australia,5,Breakfast Cereal 1kg,Staples,2023-09-02,2023-09-14,13,10.0,In-Store Display
6637,12,Noarlunga,South Australia,5,Breakfast Cereal 1kg,Staples,2025-07-31,2025-08-08,9,20.0,Catalogue
6638,12,Noarlunga,South Australia,6,White Sugar 1kg,Staples,2025-09-09,2025-09-14,6,10.0,In-Store Display
6639,12,Noarlunga,South Australia,6,White Sugar 1kg,Staples,2024-12-26,2025-01-01,7,15.0,In-Store Display
6640,12,Noarlunga,South Australia,6,White Sugar 1kg,Staples,2023-05-13,2023-05-23,11,20.0,Catalogue
6641,12,Noarlunga,South Australia,6,White Sugar 1kg,Staples,2024-01-25,2024-02-01,8,10.0,In-Store Display
6642,12,Noarlunga,South Australia,6,White Sugar 1kg,Staples,2024-02-23,2024-02-29,7,10.0,In-Store Display
6643,12,Noarlunga,South Australia,6,White Sugar 1kg,Staples,2023-11-13,2023-11-26,14,20.0,Catalogue
6644,12,Noarlunga,South Australia,6,White Sugar 1kg,Staples,2025-04-29,2025-05-12,14,20.0,Catalogue
6645,12,Noarlunga,South Australia,6,White Sugar 1kg,Staples,2024-10-01,2024-10-11,11,20.0,Catalogue
6646,12,Noarlunga,South Australia,6,White Sugar 1kg,Staples,2024-04-09,2024-04-14,6,10.0,In-Store Display
6647,12,Noarlunga,South Australia,6,White Sugar 1kg,Staples,2025-01-29,2025-02-07,10,50.0,Clearance
6648,12,Noarlunga,South Australia,7,Full Cream Milk 2L,Dairy & Frozen,2024-04-25,2024-04-29,5,20.0,Catalogue
6649,12,Noarlunga,South Australia,7,Full Cream Milk 2L,Dairy & Frozen,2025-04-20,2025-05-02,13,15.0,In-Store Display
6650,12,Noarlunga,South Australia,7,Full Cream Milk 2L,Dairy & Frozen,2024-06-18,2024-06-30,13,15.0,In-Store Display
6651,12,Noarlunga,South Australia,7,Full Cream Milk 2L,Dairy & Frozen,2023-08-03,2023-08-10,8,20.0,Catalogue
6652,12,Noarlunga,South Australia,7,Full Cream Milk 2L,Dairy & Frozen,2024-01-11,2024-01-19,9,15.0,In-Store Display
6653,12,Noarlunga,South Australia,7,Full Cream Milk 2L,Dairy & Frozen,2023-06-18,2023-06-27,10,25.0,Catalogue
6654,12,Noarlunga,South Australia,7,Full Cream Milk 2L,Dairy & Frozen,2023-11-21,2023-11-25,5,10.0,In-Store Display
6655,12,Noarlunga,South Australia,7,Full Cream Milk 2L,Dairy & Frozen,2025-01-05,2025-01-11,7,25.0,Catalogue
6656,12,Noarlunga,South Australia,8,Tasty Cheese Block 500g,Dairy & Frozen,2025-10-28,2025-11-01,5,25.0,Catalogue
6657,12,Noarlunga,South Australia,8,Tasty Cheese Block 500g,Dairy & Frozen,2024-05-26,2024-05-30,5,20.0,Catalogue
6658,12,Noarlunga,South Australia,8,Tasty Cheese Block 500g,Dairy & Frozen,2023-02-22,2023-02-28,7,20.0,Catalogue
6659,12,Noarlunga,South Australia,8,Tasty Cheese Block 500g,Dairy & Frozen,2023-09-25,2023-10-02,8,10.0,In-Store Display
6660,12,Noarlunga,South Australia,8,Tasty Cheese Block 500g,Dairy & Frozen,2025-07-30,2025-08-07,9,20.0,Catalogue
6661,12,Noarlunga,South Australia,8,Tasty Cheese Block 500g,Dairy & Frozen,2023-11-06,2023-11-11,6,20.0,Catalogue
6662,12,Noarlunga,South Australia,8,Tasty Cheese Block 500g,Dairy & Frozen,2024-12-06,2024-12-12,7,10.0,In-Store Display
6663,12,Noarlunga,South Australia,8,Tasty Cheese Block 500g,Dairy & Frozen,2025-01-04,2025-01-08,5,15.0,In-Store Display
6664,12,Noarlunga,South Australia,8,Tasty Cheese Block 500g,Dairy & Frozen,2025-07-02,2025-07-12,11,10.0,In-Store Display
6665,12,Noarlunga,South Australia,8,Tasty Cheese Block 500g,Dairy & Frozen,2023-06-28,2023-07-02,5,30.0,Catalogue
6666,12,Noarlunga,South Australia,8,Tasty Cheese Block 500g,Dairy & Frozen,2024-02-05,2024-02-13,9,15.0,In-Store Display
6667,12,Noarlunga,South Australia,8,Tasty Cheese Block 500g,Dairy & Frozen,2023-01-21,2023-02-02,13,25.0,Catalogue
6668,12,Noarlunga,South Australia,8,Tasty Cheese Block 500g,Dairy & Frozen,2023-04-01,2023-04-14,14,30.0,Catalogue
6669,12,Noarlunga,South Australia,8,Tasty Cheese Block 500g,Dairy & Frozen,2025-12-15,2025-12-19,5,10.0,In-Store Display
6670,12,Noarlunga,South Australia,8,Tasty Cheese Block 500g,Dairy & Frozen,2024-10-03,2024-10-15,13,25.0,Catalogue
6671,12,Noarlunga,South Australia,8,Tasty Cheese Block 500g,Dairy & Frozen,2025-02-28,2025-03-09,10,20.0,Catalogue
6672,12,Noarlunga,South Australia,8,Tasty Cheese Block 500g,Dairy & Frozen,2024-04-13,2024-04-18,6,10.0,In-Store Display
6673,12,Noarlunga,South Australia,8,Tasty Cheese Block 500g,Dairy & Frozen,2023-12-13,2023-12-19,7,15.0,In-Store Display
6674,12,Noarlunga,South Australia,8,Tasty Cheese Block 500g,Dairy & Frozen,2025-04-02,2025-04-10,9,10.0,In-Store Display
6675,12,Noarlunga,South Australia,8,Tasty Cheese Block 500g,Dairy & Frozen,2024-08-01,2024-08-07,7,10.0,In-Store Display
6676,12,Noarlunga,South Australia,8,Tasty Cheese Block 500g,Dairy & Frozen,2024-01-13,2024-01-20,8,25.0,Catalogue
6677,12,Noarlunga,South Australia,8,Tasty Cheese Block 500g,Dairy & Frozen,2025-09-06,2025-09-15,10,15.0,In-Store Display
6678,12,Noarlunga,South Australia,8,Tasty Cheese Block 500g,Dairy & Frozen,2025-02-06,2025-02-13,8,10.0,In-Store Display
6679,12,Noarlunga,South Australia,8,Tasty Cheese Block 500g,Dairy & Frozen,2025-05-03,2025-05-09,7,20.0,Catalogue
6680,12,Noarlunga,South Australia,8,Tasty Cheese Block 500g,Dairy & Frozen,2023-08-24,2023-09-01,9,10.0,In-Store Display
6681,12,Noarlunga,South Australia,9,Greek Yoghurt 1kg,Dairy & Frozen,2025-03-01,2025-03-07,7,20.0,Catalogue
6682,12,Noarlunga,South Australia,9,Greek Yoghurt 1kg,Dairy & Frozen,2024-07-12,2024-07-16,5,10.0,In-Store Display
6683,12,Noarlunga,South Australia,9,Greek Yoghurt 1kg,Dairy & Frozen,2024-10-20,2024-10-24,5,20.0,Catalogue
6684,12,Noarlunga,South Australia,9,Greek Yoghurt 1kg,Dairy & Frozen,2023-05-16,2023-05-25,10,20.0,Catalogue
6685,12,Noarlunga,South Australia,9,Greek Yoghurt 1kg,Dairy & Frozen,2023-06-22,2023-07-01,10,20.0,Catalogue
6686,12,Noarlunga,South Australia,9,Greek Yoghurt 1kg,Dairy & Frozen,2023-02-05,2023-02-13,9,15.0,In-Store Display
6687,12,Noarlunga,South Australia,9,Greek Yoghurt 1kg,Dairy & Frozen,2024-08-19,2024-08-27,9,30.0,Catalogue
6688,12,Noarlunga,South Australia,9,Greek Yoghurt 1kg,Dairy & Frozen,2023-12-26,2023-12-31,6,10.0,In-Store Display
6689,12,Noarlunga,South Australia,9,Greek Yoghurt 1kg,Dairy & Frozen,2023-03-16,2023-03-22,7,30.0,Catalogue
6690,12,Noarlunga,South Australia,9,Greek Yoghurt 1kg,Dairy & Frozen,2024-11-24,2024-11-30,7,25.0,Catalogue
6691,12,Noarlunga,South Australia,9,Greek Yoghurt 1kg,Dairy & Frozen,2024-05-18,2024-05-24,7,10.0,In-Store Display
6692,12,Noarlunga,South Australia,9,Greek Yoghurt 1kg,Dairy & Frozen,2025-08-23,2025-09-04,13,10.0,In-Store Display
6693,12,Noarlunga,South Australia,9,Greek Yoghurt 1kg,Dairy & Frozen,2025-07-01,2025-07-12,12,15.0,In-Store Display
6694,12,Noarlunga,South Australia,9,Greek Yoghurt 1kg,Dairy & Frozen,2024-01-16,2024-01-21,6,10.0,In-Store Display
6695,12,Noarlunga,South Australia,9,Greek Yoghurt 1kg,Dairy & Frozen,2023-07-30,2023-08-08,10,20.0,Catalogue
6696,12,Noarlunga,South Australia,9,Greek Yoghurt 1kg,Dairy & Frozen,2023-10-07,2023-10-15,9,25.0,Catalogue
6697,12,Noarlunga,South Australia,9,Greek Yoghurt 1kg,Dairy & Frozen,2024-02-26,2024-03-04,8,20.0,Catalogue
6698,12,Noarlunga,South Australia,9,Greek Yoghurt 1kg,Dairy & Frozen,2025-01-27,2025-02-06,11,20.0,Catalogue
6699,12,Noarlunga,South Australia,9,Greek Yoghurt 1kg,Dairy & Frozen,2025-10-10,2025-10-15,6,10.0,In-Store Display
6700,12,Noarlunga,South Australia,9,Greek Yoghurt 1kg,Dairy & Frozen,2023-09-03,2023-09-11,9,30.0,Catalogue
6701,12,Noarlunga,South Australia,9,Greek Yoghurt 1kg,Dairy & Frozen,2024-09-29,2024-10-05,7,15.0,In-Store Display
6702,12,Noarlunga,South Australia,9,Greek Yoghurt 1kg,Dairy & Frozen,2025-11-01,2025-11-07,7,30.0,Catalogue
6703,12,Noarlunga,South Australia,10,Vanilla Ice Cream 2L,Dairy & Frozen,2023-11-20,2023-12-03,14,10.0,In-Store Display
6704,12,Noarlunga,South Australia,10,Vanilla Ice Cream 2L,Dairy & Frozen,2024-05-07,2024-05-14,8,25.0,Catalogue
6705,12,Noarlunga,South Australia,10,Vanilla Ice Cream 2L,Dairy & Frozen,2023-09-06,2023-09-18,13,25.0,Catalogue
6706,12,Noarlunga,South Australia,10,Vanilla Ice Cream 2L,Dairy & Frozen,2023-04-19,2023-04-29,11,20.0,Catalogue
6707,12,Noarlunga,South Australia,10,Vanilla Ice Cream 2L,Dairy & Frozen,2025-03-28,2025-04-01,5,20.0,Catalogue
6708,12,Noarlunga,South Australia,10,Vanilla Ice Cream 2L,Dairy & Frozen,2023-06-10,2023-06-14,5,15.0,In-Store Display
6709,12,Noarlunga,South Australia,10,Vanilla Ice Cream 2L,Dairy & Frozen,2023-10-11,2023-10-20,10,25.0,Catalogue
6710,12,Noarlunga,South Australia,10,Vanilla Ice Cream 2L,Dairy & Frozen,2024-12-25,2025-01-04,11,20.0,Catalogue
6711,12,Noarlunga,South Australia,10,Vanilla Ice Cream 2L,Dairy & Frozen,2024-09-24,2024-10-04,11,20.0,Catalogue
6712,12,Noarlunga,South Australia,10,Vanilla Ice Cream 2L,Dairy & Frozen,2023-05-22,2023-05-26,5,10.0,In-Store Display
6713,12,Noarlunga,South Australia,10,Vanilla Ice Cream 2L,Dairy & Frozen,2024-06-16,2024-06-23,8,10.0,In-Store Display
6714,12,Noarlunga,South Australia,10,Vanilla Ice Cream 2L,Dairy & Frozen,2023-07-11,2023-07-21,11,50.0,Clearance
6715,12,Noarlunga,South Australia,10,Vanilla Ice Cream 2L,Dairy & Frozen,2024-04-14,2024-04-21,8,10.0,In-Store Display
6716,12,Noarlunga,South Australia,10,Vanilla Ice Cream 2L,Dairy & Frozen,2024-01-08,2024-01-12,5,20.0,Catalogue
6717,12,Noarlunga,South Australia,10,Vanilla Ice Cream 2L,Dairy & Frozen,2024-08-25,2024-09-06,13,10.0,In-Store Display
6718,12,Noarlunga,South Australia,10,Vanilla Ice Cream 2L,Dairy & Frozen,2023-01-05,2023-01-16,12,20.0,Catalogue
6719,12,Noarlunga,South Australia,10,Vanilla Ice Cream 2L,Dairy & Frozen,2025-07-22,2025-07-31,10,10.0,In-Store Display
6720,12,Noarlunga,South Australia,10,Vanilla Ice Cream 2L,Dairy & Frozen,2025-02-19,2025-02-23,5,25.0,Catalogue
6721,12,Noarlunga,South Australia,10,Vanilla Ice Cream 2L,Dairy & Frozen,2025-10-17,2025-10-25,9,15.0,In-Store Display
6722,12,Noarlunga,South Australia,10,Vanilla Ice Cream 2L,Dairy & Frozen,2025-08-25,2025-09-06,13,10.0,In-Store Display
6723,12,Noarlunga,South Australia,10,Vanilla Ice Cream 2L,Dairy & Frozen,2025-12-15,2025-12-26,12,15.0,In-Store Display
6724,12,Noarlunga,South Australia,10,Vanilla Ice Cream 2L,Dairy & Frozen,2025-05-01,2025-05-12,12,15.0,In-Store Display
6725,12,Noarlunga,South Australia,10,Vanilla Ice Cream 2L,Dairy & Frozen,2023-02-25,2023-03-05,9,15.0,In-Store Display
6726,12,Noarlunga,South Australia,11,Frozen Mixed Vegetables 1kg,Dairy & Frozen,2023-02-17,2023-02-24,8,20.0,Catalogue
6727,12,Noarlunga,South Australia,11,Frozen Mixed Vegetables 1kg,Dairy & Frozen,2024-12-26,2025-01-03,9,25.0,Catalogue
6728,12,Noarlunga,South Australia,11,Frozen Mixed Vegetables 1kg,Dairy & Frozen,2025-06-22,2025-06-26,5,20.0,Catalogue
6729,12,Noarlunga,South Australia,11,Frozen Mixed Vegetables 1kg,Dairy & Frozen,2023-01-19,2023-01-30,12,20.0,Catalogue
6730,12,Noarlunga,South Australia,11,Frozen Mixed Vegetables 1kg,Dairy & Frozen,2023-07-12,2023-07-19,8,10.0,In-Store Display
6731,12,Noarlunga,South Australia,11,Frozen Mixed Vegetables 1kg,Dairy & Frozen,2024-02-12,2024-02-17,6,10.0,In-Store Display
6732,12,Noarlunga,South Australia,11,Frozen Mixed Vegetables 1kg,Dairy & Frozen,2025-03-30,2025-04-10,12,10.0,In-Store Display
6733,12,Noarlunga,South Australia,11,Frozen Mixed Vegetables 1kg,Dairy & Frozen,2025-07-14,2025-07-24,11,20.0,Catalogue
6734,12,Noarlunga,South Australia,11,Frozen Mixed Vegetables 1kg,Dairy & Frozen,2024-03-09,2024-03-18,10,30.0,Catalogue
6735,12,Noarlunga,South Australia,11,Frozen Mixed Vegetables 1kg,Dairy & Frozen,2023-09-17,2023-09-23,7,25.0,Catalogue
6736,12,Noarlunga,South Australia,11,Frozen Mixed Vegetables 1kg,Dairy & Frozen,2024-07-21,2024-08-02,13,30.0,Catalogue
6737,12,Noarlunga,South Australia,11,Frozen Mixed Vegetables 1kg,Dairy & Frozen,2024-06-19,2024-06-26,8,10.0,In-Store Display
6738,12,Noarlunga,South Australia,11,Frozen Mixed Vegetables 1kg,Dairy & Frozen,2024-12-05,2024-12-11,7,10.0,In-Store Display
6739,12,Noarlunga,South Australia,11,Frozen Mixed Vegetables 1kg,Dairy & Frozen,2025-05-07,2025-05-12,6,30.0,Catalogue
6740,12,Noarlunga,South Australia,11,Frozen Mixed Vegetables 1kg,Dairy & Frozen,2025-09-06,2025-09-13,8,10.0,In-Store Display
6741,12,Noarlunga,South Australia,11,Frozen Mixed Vegetables 1kg,Dairy & Frozen,2023-05-06,2023-05-10,5,25.0,Catalogue
6742,12,Noarlunga,South Australia,11,Frozen Mixed Vegetables 1kg,Dairy & Frozen,2025-03-04,2025-03-13,10,10.0,In-Store Display
6743,12,Noarlunga,South Australia,11,Frozen Mixed Vegetables 1kg,Dairy & Frozen,2024-11-05,2024-11-13,9,10.0,In-Store Display
6744,12,Noarlunga,South Australia,12,Frozen Meat Pies 4pk,Dairy & Frozen,2023-09-06,2023-09-14,9,10.0,In-Store Display
6745,12,Noarlunga,South Australia,12,Frozen Meat Pies 4pk,Dairy & Frozen,2024-03-28,2024-04-09,13,20.0,Catalogue
6746,12,Noarlunga,South Australia,12,Frozen Meat Pies 4pk,Dairy & Frozen,2024-06-14,2024-06-18,5,25.0,Catalogue
6747,12,Noarlunga,South Australia,12,Frozen Meat Pies 4pk,Dairy & Frozen,2025-02-16,2025-02-28,13,10.0,In-Store Display
6748,12,Noarlunga,South Australia,12,Frozen Meat Pies 4pk,Dairy & Frozen,2025-08-07,2025-08-20,14,20.0,Catalogue
6749,12,Noarlunga,South Australia,12,Frozen Meat Pies 4pk,Dairy & Frozen,2023-01-21,2023-01-26,6,10.0,In-Store Display
6750,12,Noarlunga,South Australia,12,Frozen Meat Pies 4pk,Dairy & Frozen,2024-10-05,2024-10-11,7,15.0,In-Store Display
6751,12,Noarlunga,South Australia,12,Frozen Meat Pies 4pk,Dairy & Frozen,2023-04-25,2023-05-06,12,10.0,In-Store Display
6752,12,Noarlunga,South Australia,12,Frozen Meat Pies 4pk,Dairy & Frozen,2023-06-07,2023-06-15,9,10.0,In-Store Display
6753,12,Noarlunga,South Australia,12,Frozen Meat Pies 4pk,Dairy & Frozen,2024-07-25,2024-07-31,7,30.0,Catalogue
6754,12,Noarlunga,South Australia,12,Frozen Meat Pies 4pk,Dairy & Frozen,2025-09-15,2025-09-27,13,20.0,Catalogue
6755,12,Noarlunga,South Australia,12,Frozen Meat Pies 4pk,Dairy & Frozen,2023-02-12,2023-02-19,8,15.0,In-Store Display
6756,12,Noarlunga,South Australia,12,Frozen Meat Pies 4pk,Dairy & Frozen,2025-11-12,2025-11-24,13,15.0,In-Store Display
6757,12,Noarlunga,South Australia,12,Frozen Meat Pies 4pk,Dairy & Frozen,2023-08-10,2023-08-16,7,15.0,In-Store Display
6758,12,Noarlunga,South Australia,12,Frozen Meat Pies 4pk,Dairy & Frozen,2024-09-09,2024-09-13,5,10.0,In-Store Display
6759,12,Noarlunga,South Australia,12,Frozen Meat Pies 4pk,Dairy & Frozen,2025-10-16,2025-10-20,5,20.0,Catalogue
6760,12,Noarlunga,South Australia,12,Frozen Meat Pies 4pk,Dairy & Frozen,2025-12-09,2025-12-15,7,15.0,In-Store Display
6761,12,Noarlunga,South Australia,12,Frozen Meat Pies 4pk,Dairy & Frozen,2023-11-29,2023-12-06,8,20.0,Catalogue
6762,12,Noarlunga,South Australia,12,Frozen Meat Pies 4pk,Dairy & Frozen,2024-02-17,2024-02-25,9,15.0,In-Store Display
6763,12,Noarlunga,South Australia,12,Frozen Meat Pies 4pk,Dairy & Frozen,2025-05-25,2025-05-30,6,25.0,Catalogue
6764,12,Noarlunga,South Australia,13,Cola Soft Drink 1.25L,Beverages,2025-12-01,2025-12-07,7,10.0,In-Store Display
6765,12,Noarlunga,South Australia,13,Cola Soft Drink 1.25L,Beverages,2025-08-24,2025-09-02,10,10.0,In-Store Display
6766,12,Noarlunga,South Australia,13,Cola Soft Drink 1.25L,Beverages,2024-12-23,2024-12-31,9,25.0,Catalogue
6767,12,Noarlunga,South Australia,13,Cola Soft Drink 1.25L,Beverages,2024-09-15,2024-09-28,14,50.0,Clearance
6768,12,Noarlunga,South Australia,13,Cola Soft Drink 1.25L,Beverages,2025-09-21,2025-09-28,8,15.0,In-Store Display
6769,12,Noarlunga,South Australia,13,Cola Soft Drink 1.25L,Beverages,2023-12-24,2024-01-04,12,30.0,Catalogue
6770,12,Noarlunga,South Australia,13,Cola Soft Drink 1.25L,Beverages,2023-03-27,2023-04-06,11,25.0,Catalogue
6771,12,Noarlunga,South Australia,13,Cola Soft Drink 1.25L,Beverages,2023-04-27,2023-05-06,10,25.0,Catalogue
6772,12,Noarlunga,South Australia,13,Cola Soft Drink 1.25L,Beverages,2024-02-14,2024-02-24,11,20.0,Catalogue
6773,12,Noarlunga,South Australia,13,Cola Soft Drink 1.25L,Beverages,2024-03-25,2024-03-30,6,30.0,Catalogue
6774,12,Noarlunga,South Australia,13,Cola Soft Drink 1.25L,Beverages,2023-01-21,2023-01-27,7,10.0,In-Store Display
6775,12,Noarlunga,South Australia,13,Cola Soft Drink 1.25L,Beverages,2023-11-15,2023-11-26,12,20.0,Catalogue
6776,12,Noarlunga,South Australia,13,Cola Soft Drink 1.25L,Beverages,2024-06-29,2024-07-04,6,10.0,In-Store Display
6777,12,Noarlunga,South Australia,13,Cola Soft Drink 1.25L,Beverages,2023-05-21,2023-05-27,7,10.0,In-Store Display
6778,12,Noarlunga,South Australia,13,Cola Soft Drink 1.25L,Beverages,2025-10-20,2025-11-01,13,20.0,Catalogue
6779,12,Noarlunga,South Australia,13,Cola Soft Drink 1.25L,Beverages,2024-11-25,2024-11-29,5,15.0,In-Store Display
6780,12,Noarlunga,South Australia,13,Cola Soft Drink 1.25L,Beverages,2025-06-12,2025-06-18,7,15.0,In-Store Display
6781,12,Noarlunga,South Australia,13,Cola Soft Drink 1.25L,Beverages,2023-10-23,2023-10-28,6,10.0,In-Store Display
6782,12,Noarlunga,South Australia,13,Cola Soft Drink 1.25L,Beverages,2025-01-31,2025-02-04,5,25.0,Catalogue
6783,12,Noarlunga,South Australia,13,Cola Soft Drink 1.25L,Beverages,2024-07-31,2024-08-07,8,20.0,Catalogue
6784,12,Noarlunga,South Australia,13,Cola Soft Drink 1.25L,Beverages,2025-07-09,2025-07-19,11,50.0,Clearance
6785,12,Noarlunga,South Australia,13,Cola Soft Drink 1.25L,Beverages,2024-10-20,2024-10-26,7,10.0,In-Store Display
6786,12,Noarlunga,South Australia,13,Cola Soft Drink 1.25L,Beverages,2024-05-20,2024-05-29,10,10.0,In-Store Display
6787,12,Noarlunga,South Australia,13,Cola Soft Drink 1.25L,Beverages,2024-01-24,2024-01-29,6,15.0,In-Store Display
6788,12,Noarlunga,South Australia,13,Cola Soft Drink 1.25L,Beverages,2025-02-25,2025-03-06,10,25.0,Catalogue
6789,12,Noarlunga,South Australia,13,Cola Soft Drink 1.25L,Beverages,2023-09-19,2023-09-28,10,20.0,Catalogue
6790,12,Noarlunga,South Australia,13,Cola Soft Drink 1.25L,Beverages,2023-08-09,2023-08-20,12,30.0,Catalogue
6791,12,Noarlunga,South Australia,13,Cola Soft Drink 1.25L,Beverages,2023-07-06,2023-07-12,7,20.0,Catalogue
6792,12,Noarlunga,South Australia,13,Cola Soft Drink 1.25L,Beverages,2025-03-21,2025-03-26,6,15.0,In-Store Display
6793,12,Noarlunga,South Australia,13,Cola Soft Drink 1.25L,Beverages,2025-04-17,2025-04-21,5,15.0,In-Store Display
6794,12,Noarlunga,South Australia,13,Cola Soft Drink 1.25L,Beverages,2024-04-19,2024-04-24,6,25.0,Catalogue
6795,12,Noarlunga,South Australia,14,Orange Juice 2L,Beverages,2023-12-16,2023-12-23,8,25.0,Catalogue
6796,12,Noarlunga,South Australia,14,Orange Juice 2L,Beverages,2024-11-02,2024-11-12,11,15.0,In-Store Display
6797,12,Noarlunga,South Australia,14,Orange Juice 2L,Beverages,2024-01-21,2024-01-26,6,30.0,Catalogue
6798,12,Noarlunga,South Australia,14,Orange Juice 2L,Beverages,2023-10-24,2023-11-06,14,15.0,In-Store Display
6799,12,Noarlunga,South Australia,14,Orange Juice 2L,Beverages,2024-02-29,2024-03-10,11,50.0,Clearance
6800,12,Noarlunga,South Australia,14,Orange Juice 2L,Beverages,2023-01-25,2023-02-01,8,15.0,In-Store Display
6801,12,Noarlunga,South Australia,14,Orange Juice 2L,Beverages,2024-04-30,2024-05-12,13,10.0,In-Store Display
6802,12,Noarlunga,South Australia,14,Orange Juice 2L,Beverages,2023-08-06,2023-08-12,7,25.0,Catalogue
6803,12,Noarlunga,South Australia,14,Orange Juice 2L,Beverages,2025-05-01,2025-05-05,5,20.0,Catalogue
6804,12,Noarlunga,South Australia,14,Orange Juice 2L,Beverages,2025-01-29,2025-02-02,5,15.0,In-Store Display
6805,12,Noarlunga,South Australia,14,Orange Juice 2L,Beverages,2025-11-14,2025-11-20,7,30.0,Catalogue
6806,12,Noarlunga,South Australia,14,Orange Juice 2L,Beverages,2024-08-02,2024-08-13,12,25.0,Catalogue
6807,12,Noarlunga,South Australia,14,Orange Juice 2L,Beverages,2023-09-11,2023-09-17,7,25.0,Catalogue
6808,12,Noarlunga,South Australia,14,Orange Juice 2L,Beverages,2023-03-04,2023-03-16,13,20.0,Catalogue
6809,12,Noarlunga,South Australia,14,Orange Juice 2L,Beverages,2024-09-07,2024-09-16,10,15.0,In-Store Display
6810,12,Noarlunga,South Australia,14,Orange Juice 2L,Beverages,2025-02-21,2025-03-01,9,20.0,Catalogue
6811,12,Noarlunga,South Australia,14,Orange Juice 2L,Beverages,2024-12-22,2024-12-29,8,15.0,In-Store Display
6812,12,Noarlunga,South Australia,14,Orange Juice 2L,Beverages,2023-04-14,2023-04-19,6,25.0,Catalogue
6813,12,Noarlunga,South Australia,14,Orange Juice 2L,Beverages,2025-10-17,2025-10-21,5,50.0,Clearance
6814,12,Noarlunga,South Australia,14,Orange Juice 2L,Beverages,2023-06-07,2023-06-19,13,30.0,Catalogue
6815,12,Noarlunga,South Australia,14,Orange Juice 2L,Beverages,2025-12-21,2025-12-30,10,25.0,Catalogue
6816,12,Noarlunga,South Australia,14,Orange Juice 2L,Beverages,2024-06-23,2024-07-05,13,20.0,Catalogue
6817,12,Noarlunga,South Australia,15,Spring Water 6L,Beverages,2024-05-15,2024-05-24,10,15.0,In-Store Display
6818,12,Noarlunga,South Australia,15,Spring Water 6L,Beverages,2024-12-15,2024-12-27,13,50.0,Clearance
6819,12,Noarlunga,South Australia,15,Spring Water 6L,Beverages,2025-09-10,2025-09-17,8,10.0,In-Store Display
6820,12,Noarlunga,South Australia,15,Spring Water 6L,Beverages,2024-03-06,2024-03-13,8,30.0,Catalogue
6821,12,Noarlunga,South Australia,15,Spring Water 6L,Beverages,2023-01-09,2023-01-19,11,25.0,Catalogue
6822,12,Noarlunga,South Australia,15,Spring Water 6L,Beverages,2023-11-10,2023-11-19,10,20.0,Catalogue
6823,12,Noarlunga,South Australia,15,Spring Water 6L,Beverages,2025-07-09,2025-07-13,5,10.0,In-Store Display
6824,12,Noarlunga,South Australia,15,Spring Water 6L,Beverages,2025-01-16,2025-01-25,10,20.0,Catalogue
6825,12,Noarlunga,South Australia,15,Spring Water 6L,Beverages,2024-11-04,2024-11-12,9,10.0,In-Store Display
6826,12,Noarlunga,South Australia,15,Spring Water 6L,Beverages,2025-03-11,2025-03-15,5,15.0,In-Store Display
6827,12,Noarlunga,South Australia,15,Spring Water 6L,Beverages,2025-05-16,2025-05-26,11,15.0,In-Store Display
6828,12,Noarlunga,South Australia,15,Spring Water 6L,Beverages,2023-02-09,2023-02-17,9,25.0,Catalogue
6829,12,Noarlunga,South Australia,15,Spring Water 6L,Beverages,2025-10-03,2025-10-16,14,20.0,Catalogue
6830,12,Noarlunga,South Australia,15,Spring Water 6L,Beverages,2024-09-09,2024-09-19,11,30.0,Catalogue
6831,12,Noarlunga,South Australia,15,Spring Water 6L,Beverages,2024-01-01,2024-01-13,13,25.0,Catalogue
6832,12,Noarlunga,South Australia,15,Spring Water 6L,Beverages,2023-08-14,2023-08-27,14,20.0,Catalogue
6833,12,Noarlunga,South Australia,15,Spring Water 6L,Beverages,2023-03-20,2023-04-02,14,10.0,In-Store Display
6834,12,Noarlunga,South Australia,15,Spring Water 6L,Beverages,2024-03-28,2024-04-10,14,20.0,Catalogue
6835,12,Noarlunga,South Australia,15,Spring Water 6L,Beverages,2025-12-17,2025-12-26,10,15.0,In-Store Display
6836,12,Noarlunga,South Australia,15,Spring Water 6L,Beverages,2023-05-20,2023-05-25,6,10.0,In-Store Display
6837,12,Noarlunga,South Australia,15,Spring Water 6L,Beverages,2024-07-27,2024-08-04,9,15.0,In-Store Display
6838,12,Noarlunga,South Australia,15,Spring Water 6L,Beverages,2025-08-02,2025-08-08,7,20.0,Catalogue
6839,12,Noarlunga,South Australia,16,Ground Coffee 1kg,Beverages,2023-07-18,2023-07-29,12,25.0,Catalogue
6840,12,Noarlunga,South Australia,16,Ground Coffee 1kg,Beverages,2025-08-05,2025-08-10,6,20.0,Catalogue
6841,12,Noarlunga,South Australia,16,Ground Coffee 1kg,Beverages,2025-05-23,2025-05-27,5,25.0,Catalogue
6842,12,Noarlunga,South Australia,16,Ground Coffee 1kg,Beverages,2023-05-31,2023-06-05,6,15.0,In-Store Display
6843,12,Noarlunga,South Australia,16,Ground Coffee 1kg,Beverages,2024-11-07,2024-11-15,9,50.0,Clearance
6844,12,Noarlunga,South Australia,16,Ground Coffee 1kg,Beverages,2024-12-25,2025-01-05,12,15.0,In-Store Display
6845,12,Noarlunga,South Australia,16,Ground Coffee 1kg,Beverages,2023-04-27,2023-05-09,13,10.0,In-Store Display
6846,12,Noarlunga,South Australia,16,Ground Coffee 1kg,Beverages,2025-03-09,2025-03-22,14,20.0,Catalogue
6847,12,Noarlunga,South Australia,16,Ground Coffee 1kg,Beverages,2024-08-05,2024-08-12,8,25.0,Catalogue
6848,12,Noarlunga,South Australia,16,Ground Coffee 1kg,Beverages,2025-11-20,2025-12-01,12,20.0,Catalogue
6849,12,Noarlunga,South Australia,16,Ground Coffee 1kg,Beverages,2024-01-03,2024-01-13,11,20.0,Catalogue
6850,12,Noarlunga,South Australia,16,Ground Coffee 1kg,Beverages,2024-09-01,2024-09-05,5,10.0,In-Store Display
6851,12,Noarlunga,South Australia,16,Ground Coffee 1kg,Beverages,2025-12-18,2025-12-25,8,30.0,Catalogue
6852,12,Noarlunga,South Australia,16,Ground Coffee 1kg,Beverages,2023-01-28,2023-02-08,12,15.0,In-Store Display
6853,12,Noarlunga,South Australia,16,Ground Coffee 1kg,Beverages,2025-10-23,2025-11-05,14,10.0,In-Store Display
6854,12,Noarlunga,South Australia,16,Ground Coffee 1kg,Beverages,2023-10-20,2023-10-25,6,10.0,In-Store Display
6855,12,Noarlunga,South Australia,16,Ground Coffee 1kg,Beverages,2023-09-16,2023-09-25,10,25.0,Catalogue
6856,12,Noarlunga,South Australia,16,Ground Coffee 1kg,Beverages,2025-09-09,2025-09-16,8,15.0,In-Store Display
6857,12,Noarlunga,South Australia,16,Ground Coffee 1kg,Beverages,2024-05-17,2024-05-21,5,10.0,In-Store Display
6858,12,Noarlunga,South Australia,16,Ground Coffee 1kg,Beverages,2024-03-28,2024-04-06,10,15.0,In-Store Display
6859,12,Noarlunga,South Australia,16,Ground Coffee 1kg,Beverages,2024-06-06,2024-06-10,5,30.0,Catalogue
6860,12,Noarlunga,South Australia,16,Ground Coffee 1kg,Beverages,2025-02-10,2025-02-18,9,30.0,Catalogue
6861,12,Noarlunga,South Australia,16,Ground Coffee 1kg,Beverages,2023-03-01,2023-03-14,14,20.0,Catalogue
6862,12,Noarlunga,South Australia,16,Ground Coffee 1kg,Beverages,2024-04-23,2024-04-30,8,25.0,Catalogue
6863,12,Noarlunga,South Australia,17,Black Tea Bags 100pk,Beverages,2023-07-31,2023-08-06,7,30.0,Catalogue
6864,12,Noarlunga,South Australia,17,Black Tea Bags 100pk,Beverages,2024-09-08,2024-09-16,9,15.0,In-Store Display
6865,12,Noarlunga,South Australia,17,Black Tea Bags 100pk,Beverages,2025-02-09,2025-02-13,5,15.0,In-Store Display
6866,12,Noarlunga,South Australia,17,Black Tea Bags 100pk,Beverages,2023-05-03,2023-05-11,9,30.0,Catalogue
6867,12,Noarlunga,South Australia,17,Black Tea Bags 100pk,Beverages,2023-10-08,2023-10-16,9,30.0,Catalogue
6868,12,Noarlunga,South Australia,17,Black Tea Bags 100pk,Beverages,2025-12-09,2025-12-20,12,30.0,Catalogue
6869,12,Noarlunga,South Australia,17,Black Tea Bags 100pk,Beverages,2023-06-02,2023-06-09,8,15.0,In-Store Display
6870,12,Noarlunga,South Australia,17,Black Tea Bags 100pk,Beverages,2025-10-12,2025-10-25,14,10.0,In-Store Display
6871,12,Noarlunga,South Australia,17,Black Tea Bags 100pk,Beverages,2023-03-05,2023-03-16,12,30.0,Catalogue
6872,12,Noarlunga,South Australia,17,Black Tea Bags 100pk,Beverages,2024-02-26,2024-03-07,11,20.0,Catalogue
6873,12,Noarlunga,South Australia,17,Black Tea Bags 100pk,Beverages,2025-09-19,2025-09-24,6,15.0,In-Store Display
6874,12,Noarlunga,South Australia,17,Black Tea Bags 100pk,Beverages,2025-03-06,2025-03-15,10,25.0,Catalogue
6875,12,Noarlunga,South Australia,17,Black Tea Bags 100pk,Beverages,2024-11-20,2024-11-30,11,10.0,In-Store Display
6876,12,Noarlunga,South Australia,17,Black Tea Bags 100pk,Beverages,2023-11-27,2023-12-10,14,15.0,In-Store Display
6877,12,Noarlunga,South Australia,17,Black Tea Bags 100pk,Beverages,2023-01-14,2023-01-20,7,10.0,In-Store Display
6878,12,Noarlunga,South Australia,17,Black Tea Bags 100pk,Beverages,2025-07-23,2025-08-01,10,10.0,In-Store Display
6879,12,Noarlunga,South Australia,18,Sports Drink 600ml,Beverages,2023-07-02,2023-07-11,10,20.0,Catalogue
6880,12,Noarlunga,South Australia,18,Sports Drink 600ml,Beverages,2025-07-23,2025-08-02,11,30.0,Catalogue
6881,12,Noarlunga,South Australia,18,Sports Drink 600ml,Beverages,2023-05-31,2023-06-07,8,15.0,In-Store Display
6882,12,Noarlunga,South Australia,18,Sports Drink 600ml,Beverages,2025-04-30,2025-05-09,10,20.0,Catalogue
6883,12,Noarlunga,South Australia,18,Sports Drink 600ml,Beverages,2024-01-19,2024-01-29,11,25.0,Catalogue
6884,12,Noarlunga,South Australia,18,Sports Drink 600ml,Beverages,2024-04-26,2024-05-06,11,10.0,In-Store Display
6885,12,Noarlunga,South Australia,18,Sports Drink 600ml,Beverages,2023-10-15,2023-10-26,12,20.0,Catalogue
6886,12,Noarlunga,South Australia,18,Sports Drink 600ml,Beverages,2025-03-01,2025-03-06,6,50.0,Clearance
6887,12,Noarlunga,South Australia,18,Sports Drink 600ml,Beverages,2025-06-21,2025-06-26,6,25.0,Catalogue
6888,12,Noarlunga,South Australia,18,Sports Drink 600ml,Beverages,2024-09-10,2024-09-19,10,10.0,In-Store Display
6889,12,Noarlunga,South Australia,18,Sports Drink 600ml,Beverages,2025-10-21,2025-11-01,12,10.0,In-Store Display
6890,12,Noarlunga,South Australia,18,Sports Drink 600ml,Beverages,2024-11-30,2024-12-10,11,20.0,Catalogue
6891,12,Noarlunga,South Australia,18,Sports Drink 600ml,Beverages,2025-01-22,2025-01-31,10,25.0,Catalogue
6892,12,Noarlunga,South Australia,18,Sports Drink 600ml,Beverages,2023-05-07,2023-05-13,7,20.0,Catalogue
6893,12,Noarlunga,South Australia,18,Sports Drink 600ml,Beverages,2024-06-28,2024-07-08,11,30.0,Catalogue
6894,12,Noarlunga,South Australia,18,Sports Drink 600ml,Beverages,2023-02-11,2023-02-15,5,10.0,In-Store Display
6895,12,Noarlunga,South Australia,18,Sports Drink 600ml,Beverages,2025-12-12,2025-12-21,10,20.0,Catalogue
6896,12,Noarlunga,South Australia,18,Sports Drink 600ml,Beverages,2023-04-09,2023-04-18,10,25.0,Catalogue
6897,12,Noarlunga,South Australia,18,Sports Drink 600ml,Beverages,2023-08-13,2023-08-25,13,20.0,Catalogue
6898,12,Noarlunga,South Australia,18,Sports Drink 600ml,Beverages,2023-09-20,2023-09-30,11,15.0,In-Store Display
6899,12,Noarlunga,South Australia,18,Sports Drink 600ml,Beverages,2024-03-24,2024-04-04,12,25.0,Catalogue
6900,12,Noarlunga,South Australia,18,Sports Drink 600ml,Beverages,2024-08-05,2024-08-18,14,10.0,In-Store Display
6901,12,Noarlunga,South Australia,18,Sports Drink 600ml,Beverages,2023-11-20,2023-11-25,6,10.0,In-Store Display
6902,12,Noarlunga,South Australia,18,Sports Drink 600ml,Beverages,2025-04-03,2025-04-10,8,20.0,Catalogue
6903,12,Noarlunga,South Australia,18,Sports Drink 600ml,Beverages,2023-01-02,2023-01-06,5,15.0,In-Store Display
6904,12,Noarlunga,South Australia,18,Sports Drink 600ml,Beverages,2025-09-03,2025-09-13,11,20.0,Catalogue
6905,12,Noarlunga,South Australia,19,Potato Chips 175g,Snacks,2023-04-21,2023-05-02,12,30.0,Catalogue
6906,12,Noarlunga,South Australia,19,Potato Chips 175g,Snacks,2025-06-08,2025-06-20,13,15.0,In-Store Display
6907,12,Noarlunga,South Australia,19,Potato Chips 175g,Snacks,2024-10-13,2024-10-26,14,30.0,Catalogue
6908,12,Noarlunga,South Australia,19,Potato Chips 175g,Snacks,2023-01-04,2023-01-17,14,10.0,In-Store Display
6909,12,Noarlunga,South Australia,19,Potato Chips 175g,Snacks,2025-11-29,2025-12-07,9,15.0,In-Store Display
6910,12,Noarlunga,South Australia,19,Potato Chips 175g,Snacks,2024-06-04,2024-06-16,13,10.0,In-Store Display
6911,12,Noarlunga,South Australia,19,Potato Chips 175g,Snacks,2024-05-08,2024-05-16,9,30.0,Catalogue
6912,12,Noarlunga,South Australia,19,Potato Chips 175g,Snacks,2025-03-06,2025-03-17,12,10.0,In-Store Display
6913,12,Noarlunga,South Australia,19,Potato Chips 175g,Snacks,2023-06-13,2023-06-24,12,20.0,Catalogue
6914,12,Noarlunga,South Australia,19,Potato Chips 175g,Snacks,2023-08-12,2023-08-16,5,20.0,Catalogue
6915,12,Noarlunga,South Australia,19,Potato Chips 175g,Snacks,2023-11-12,2023-11-25,14,50.0,Clearance
6916,12,Noarlunga,South Australia,19,Potato Chips 175g,Snacks,2023-07-09,2023-07-22,14,20.0,Catalogue
6917,12,Noarlunga,South Australia,19,Potato Chips 175g,Snacks,2024-07-01,2024-07-14,14,10.0,In-Store Display
6918,12,Noarlunga,South Australia,19,Potato Chips 175g,Snacks,2025-01-21,2025-01-25,5,50.0,Clearance
6919,12,Noarlunga,South Australia,19,Potato Chips 175g,Snacks,2023-03-02,2023-03-07,6,10.0,In-Store Display
6920,12,Noarlunga,South Australia,19,Potato Chips 175g,Snacks,2024-02-12,2024-02-25,14,30.0,Catalogue
6921,12,Noarlunga,South Australia,19,Potato Chips 175g,Snacks,2024-03-11,2024-03-24,14,25.0,Catalogue
6922,12,Noarlunga,South Australia,19,Potato Chips 175g,Snacks,2025-05-11,2025-05-21,11,50.0,Clearance
6923,12,Noarlunga,South Australia,19,Potato Chips 175g,Snacks,2024-08-20,2024-08-27,8,50.0,Clearance
6924,12,Noarlunga,South Australia,19,Potato Chips 175g,Snacks,2024-12-23,2025-01-05,14,50.0,Clearance
6925,12,Noarlunga,South Australia,19,Potato Chips 175g,Snacks,2023-12-23,2023-12-27,5,20.0,Catalogue
6926,12,Noarlunga,South Australia,19,Potato Chips 175g,Snacks,2025-08-24,2025-08-30,7,10.0,In-Store Display
6927,12,Noarlunga,South Australia,19,Potato Chips 175g,Snacks,2025-04-05,2025-04-15,11,25.0,Catalogue
6928,12,Noarlunga,South Australia,19,Potato Chips 175g,Snacks,2025-07-24,2025-08-03,11,10.0,In-Store Display
6929,12,Noarlunga,South Australia,19,Potato Chips 175g,Snacks,2024-09-15,2024-09-20,6,20.0,Catalogue
6930,12,Noarlunga,South Australia,19,Potato Chips 175g,Snacks,2023-10-18,2023-10-23,6,10.0,In-Store Display
6931,12,Noarlunga,South Australia,19,Potato Chips 175g,Snacks,2025-09-21,2025-09-28,8,30.0,Catalogue
6932,12,Noarlunga,South Australia,19,Potato Chips 175g,Snacks,2023-03-24,2023-04-04,12,15.0,In-Store Display
6933,12,Noarlunga,South Australia,20,Sweet Biscuits 250g,Snacks,2024-11-11,2024-11-19,9,15.0,In-Store Display
6934,12,Noarlunga,South Australia,20,Sweet Biscuits 250g,Snacks,2024-10-04,2024-10-13,10,10.0,In-Store Display
6935,12,Noarlunga,South Australia,20,Sweet Biscuits 250g,Snacks,2023-12-29,2024-01-07,10,10.0,In-Store Display
6936,12,Noarlunga,South Australia,20,Sweet Biscuits 250g,Snacks,2025-10-14,2025-10-23,10,25.0,Catalogue
6937,12,Noarlunga,South Australia,20,Sweet Biscuits 250g,Snacks,2024-03-24,2024-04-02,10,15.0,In-Store Display
6938,12,Noarlunga,South Australia,20,Sweet Biscuits 250g,Snacks,2025-02-08,2025-02-20,13,30.0,Catalogue
6939,12,Noarlunga,South Australia,20,Sweet Biscuits 250g,Snacks,2023-08-13,2023-08-22,10,30.0,Catalogue
6940,12,Noarlunga,South Australia,20,Sweet Biscuits 250g,Snacks,2023-05-09,2023-05-14,6,25.0,Catalogue
6941,12,Noarlunga,South Australia,20,Sweet Biscuits 250g,Snacks,2025-11-26,2025-12-04,9,10.0,In-Store Display
6942,12,Noarlunga,South Australia,20,Sweet Biscuits 250g,Snacks,2023-09-17,2023-09-23,7,20.0,Catalogue
6943,12,Noarlunga,South Australia,20,Sweet Biscuits 250g,Snacks,2025-06-10,2025-06-15,6,25.0,Catalogue
6944,12,Noarlunga,South Australia,20,Sweet Biscuits 250g,Snacks,2025-04-22,2025-05-01,10,25.0,Catalogue
6945,12,Noarlunga,South Australia,20,Sweet Biscuits 250g,Snacks,2024-12-20,2024-12-30,11,20.0,Catalogue
6946,12,Noarlunga,South Australia,20,Sweet Biscuits 250g,Snacks,2025-12-24,2025-12-29,6,20.0,Catalogue
6947,12,Noarlunga,South Australia,20,Sweet Biscuits 250g,Snacks,2023-06-03,2023-06-13,11,15.0,In-Store Display
6948,12,Noarlunga,South Australia,20,Sweet Biscuits 250g,Snacks,2024-05-12,2024-05-18,7,15.0,In-Store Display
6949,12,Noarlunga,South Australia,20,Sweet Biscuits 250g,Snacks,2024-07-10,2024-07-22,13,25.0,Catalogue
6950,12,Noarlunga,South Australia,20,Sweet Biscuits 250g,Snacks,2024-04-23,2024-04-27,5,30.0,Catalogue
6951,12,Noarlunga,South Australia,20,Sweet Biscuits 250g,Snacks,2023-11-16,2023-11-21,6,20.0,Catalogue
6952,12,Noarlunga,South Australia,20,Sweet Biscuits 250g,Snacks,2025-03-21,2025-03-25,5,15.0,In-Store Display
6953,12,Noarlunga,South Australia,20,Sweet Biscuits 250g,Snacks,2024-02-24,2024-03-03,9,15.0,In-Store Display
6954,12,Noarlunga,South Australia,20,Sweet Biscuits 250g,Snacks,2023-07-14,2023-07-22,9,50.0,Clearance
6955,12,Noarlunga,South Australia,20,Sweet Biscuits 250g,Snacks,2024-09-07,2024-09-18,12,15.0,In-Store Display
6956,12,Noarlunga,South Australia,20,Sweet Biscuits 250g,Snacks,2023-10-10,2023-10-15,6,25.0,Catalogue
6957,12,Noarlunga,South Australia,20,Sweet Biscuits 250g,Snacks,2023-03-16,2023-03-21,6,15.0,In-Store Display
6958,12,Noarlunga,South Australia,20,Sweet Biscuits 250g,Snacks,2024-06-04,2024-06-13,10,20.0,Catalogue
6959,12,Noarlunga,South Australia,20,Sweet Biscuits 250g,Snacks,2023-04-12,2023-04-20,9,15.0,In-Store Display
6960,12,Noarlunga,South Australia,20,Sweet Biscuits 250g,Snacks,2025-09-07,2025-09-18,12,25.0,Catalogue
6961,12,Noarlunga,South Australia,21,Chocolate Block 180g,Snacks,2023-09-28,2023-10-03,6,20.0,Catalogue
6962,12,Noarlunga,South Australia,21,Chocolate Block 180g,Snacks,2023-09-06,2023-09-10,5,15.0,In-Store Display
6963,12,Noarlunga,South Australia,21,Chocolate Block 180g,Snacks,2024-08-10,2024-08-16,7,10.0,In-Store Display
6964,12,Noarlunga,South Australia,21,Chocolate Block 180g,Snacks,2025-08-25,2025-08-30,6,15.0,In-Store Display
6965,12,Noarlunga,South Australia,21,Chocolate Block 180g,Snacks,2023-01-01,2023-01-08,8,10.0,In-Store Display
6966,12,Noarlunga,South Australia,21,Chocolate Block 180g,Snacks,2023-05-22,2023-06-02,12,25.0,Catalogue
6967,12,Noarlunga,South Australia,21,Chocolate Block 180g,Snacks,2023-08-15,2023-08-19,5,30.0,Catalogue
6968,12,Noarlunga,South Australia,21,Chocolate Block 180g,Snacks,2023-11-13,2023-11-22,10,10.0,In-Store Display
6969,12,Noarlunga,South Australia,21,Chocolate Block 180g,Snacks,2023-12-24,2023-12-31,8,15.0,In-Store Display
6970,12,Noarlunga,South Australia,21,Chocolate Block 180g,Snacks,2023-04-24,2023-05-07,14,10.0,In-Store Display
6971,12,Noarlunga,South Australia,21,Chocolate Block 180g,Snacks,2024-02-28,2024-03-07,9,25.0,Catalogue
6972,12,Noarlunga,South Australia,21,Chocolate Block 180g,Snacks,2023-10-19,2023-10-27,9,30.0,Catalogue
6973,12,Noarlunga,South Australia,21,Chocolate Block 180g,Snacks,2025-11-13,2025-11-25,13,15.0,In-Store Display
6974,12,Noarlunga,South Australia,21,Chocolate Block 180g,Snacks,2024-07-04,2024-07-10,7,15.0,In-Store Display
6975,12,Noarlunga,South Australia,21,Chocolate Block 180g,Snacks,2023-06-22,2023-07-01,10,25.0,Catalogue
6976,12,Noarlunga,South Australia,21,Chocolate Block 180g,Snacks,2024-04-07,2024-04-14,8,15.0,In-Store Display
6977,12,Noarlunga,South Australia,21,Chocolate Block 180g,Snacks,2025-09-24,2025-10-02,9,10.0,In-Store Display
6978,12,Noarlunga,South Australia,21,Chocolate Block 180g,Snacks,2025-01-05,2025-01-11,7,15.0,In-Store Display
6979,12,Noarlunga,South Australia,21,Chocolate Block 180g,Snacks,2024-01-20,2024-02-01,13,20.0,Catalogue
6980,12,Noarlunga,South Australia,21,Chocolate Block 180g,Snacks,2023-02-08,2023-02-16,9,20.0,Catalogue
6981,12,Noarlunga,South Australia,21,Chocolate Block 180g,Snacks,2024-10-02,2024-10-15,14,15.0,In-Store Display
6982,12,Noarlunga,South Australia,21,Chocolate Block 180g,Snacks,2025-05-10,2025-05-14,5,25.0,Catalogue
6983,12,Noarlunga,South Australia,21,Chocolate Block 180g,Snacks,2025-06-16,2025-06-20,5,25.0,Catalogue
6984,12,Noarlunga,South Australia,21,Chocolate Block 180g,Snacks,2024-11-30,2024-12-10,11,20.0,Catalogue
6985,12,Noarlunga,South Australia,21,Chocolate Block 180g,Snacks,2025-07-20,2025-07-28,9,15.0,In-Store Display
6986,12,Noarlunga,South Australia,21,Chocolate Block 180g,Snacks,2025-03-23,2025-04-04,13,15.0,In-Store Display
6987,12,Noarlunga,South Australia,21,Chocolate Block 180g,Snacks,2023-07-18,2023-07-27,10,20.0,Catalogue
6988,12,Noarlunga,South Australia,21,Chocolate Block 180g,Snacks,2023-03-17,2023-03-28,12,20.0,Catalogue
6989,12,Noarlunga,South Australia,21,Chocolate Block 180g,Snacks,2024-04-30,2024-05-10,11,15.0,In-Store Display
6990,12,Noarlunga,South Australia,21,Chocolate Block 180g,Snacks,2025-02-18,2025-02-22,5,25.0,Catalogue
6991,12,Noarlunga,South Australia,21,Chocolate Block 180g,Snacks,2025-10-18,2025-10-27,10,15.0,In-Store Display
6992,12,Noarlunga,South Australia,21,Chocolate Block 180g,Snacks,2024-09-07,2024-09-14,8,25.0,Catalogue
6993,12,Noarlunga,South Australia,21,Chocolate Block 180g,Snacks,2025-12-14,2025-12-23,10,20.0,Catalogue
6994,12,Noarlunga,South Australia,21,Chocolate Block 180g,Snacks,2024-11-07,2024-11-13,7,15.0,In-Store Display
6995,12,Noarlunga,South Australia,21,Chocolate Block 180g,Snacks,2025-01-27,2025-01-31,5,30.0,Catalogue
6996,12,Noarlunga,South Australia,22,Mixed Nuts 400g,Snacks,2023-06-21,2023-06-29,9,10.0,In-Store Display
6997,12,Noarlunga,South Australia,22,Mixed Nuts 400g,Snacks,2025-02-05,2025-02-16,12,15.0,In-Store Display
6998,12,Noarlunga,South Australia,22,Mixed Nuts 400g,Snacks,2024-03-04,2024-03-14,11,10.0,In-Store Display
6999,12,Noarlunga,South Australia,22,Mixed Nuts 400g,Snacks,2023-01-09,2023-01-21,13,25.0,Catalogue
7000,12,Noarlunga,South Australia,22,Mixed Nuts 400g,Snacks,2025-04-25,2025-05-05,11,10.0,In-Store Display
7001,12,Noarlunga,South Australia,22,Mixed Nuts 400g,Snacks,2023-02-14,2023-02-20,7,30.0,Catalogue
7002,12,Noarlunga,South Australia,22,Mixed Nuts 400g,Snacks,2023-09-23,2023-09-28,6,20.0,Catalogue
7003,12,Noarlunga,South Australia,22,Mixed Nuts 400g,Snacks,2024-09-23,2024-09-27,5,20.0,Catalogue
7004,12,Noarlunga,South Australia,22,Mixed Nuts 400g,Snacks,2025-10-08,2025-10-18,11,10.0,In-Store Display
7005,12,Noarlunga,South Australia,22,Mixed Nuts 400g,Snacks,2024-01-30,2024-02-10,12,15.0,In-Store Display
7006,12,Noarlunga,South Australia,22,Mixed Nuts 400g,Snacks,2023-10-20,2023-10-31,12,50.0,Clearance
7007,12,Noarlunga,South Australia,22,Mixed Nuts 400g,Snacks,2023-11-30,2023-12-08,9,15.0,In-Store Display
7008,12,Noarlunga,South Australia,22,Mixed Nuts 400g,Snacks,2025-07-01,2025-07-13,13,25.0,Catalogue
7009,12,Noarlunga,South Australia,22,Mixed Nuts 400g,Snacks,2023-03-15,2023-03-28,14,10.0,In-Store Display
7010,12,Noarlunga,South Australia,22,Mixed Nuts 400g,Snacks,2024-05-12,2024-05-16,5,25.0,Catalogue
7011,12,Noarlunga,South Australia,22,Mixed Nuts 400g,Snacks,2023-04-16,2023-04-25,10,25.0,Catalogue
7012,12,Noarlunga,South Australia,22,Mixed Nuts 400g,Snacks,2023-08-18,2023-08-29,12,25.0,Catalogue
7013,12,Noarlunga,South Australia,22,Mixed Nuts 400g,Snacks,2025-12-14,2025-12-25,12,25.0,Catalogue
7014,12,Noarlunga,South Australia,22,Mixed Nuts 400g,Snacks,2025-08-26,2025-08-30,5,20.0,Catalogue
7015,12,Noarlunga,South Australia,22,Mixed Nuts 400g,Snacks,2024-11-13,2024-11-19,7,10.0,In-Store Display
7016,12,Noarlunga,South Australia,22,Mixed Nuts 400g,Snacks,2025-11-10,2025-11-14,5,20.0,Catalogue
7017,12,Noarlunga,South Australia,22,Mixed Nuts 400g,Snacks,2024-07-19,2024-07-31,13,30.0,Catalogue
7018,12,Noarlunga,South Australia,22,Mixed Nuts 400g,Snacks,2024-06-09,2024-06-13,5,15.0,In-Store Display
7019,12,Noarlunga,South Australia,23,Muesli Bars 6pk,Snacks,2025-10-22,2025-10-29,8,20.0,Catalogue
7020,12,Noarlunga,South Australia,23,Muesli Bars 6pk,Snacks,2024-10-14,2024-10-22,9,20.0,Catalogue
7021,12,Noarlunga,South Australia,23,Muesli Bars 6pk,Snacks,2024-07-20,2024-08-01,13,30.0,Catalogue
7022,12,Noarlunga,South Australia,23,Muesli Bars 6pk,Snacks,2023-08-24,2023-09-05,13,20.0,Catalogue
7023,12,Noarlunga,South Australia,23,Muesli Bars 6pk,Snacks,2024-05-28,2024-06-07,11,10.0,In-Store Display
7024,12,Noarlunga,South Australia,23,Muesli Bars 6pk,Snacks,2025-01-05,2025-01-15,11,30.0,Catalogue
7025,12,Noarlunga,South Australia,23,Muesli Bars 6pk,Snacks,2025-04-11,2025-04-16,6,25.0,Catalogue
7026,12,Noarlunga,South Australia,23,Muesli Bars 6pk,Snacks,2024-11-27,2024-12-10,14,20.0,Catalogue
7027,12,Noarlunga,South Australia,23,Muesli Bars 6pk,Snacks,2023-04-14,2023-04-20,7,20.0,Catalogue
7028,12,Noarlunga,South Australia,23,Muesli Bars 6pk,Snacks,2025-02-09,2025-02-21,13,15.0,In-Store Display
7029,12,Noarlunga,South Australia,23,Muesli Bars 6pk,Snacks,2025-07-29,2025-08-04,7,15.0,In-Store Display
7030,12,Noarlunga,South Australia,23,Muesli Bars 6pk,Snacks,2023-11-01,2023-11-05,5,15.0,In-Store Display
7031,12,Noarlunga,South Australia,23,Muesli Bars 6pk,Snacks,2023-05-23,2023-06-03,12,25.0,Catalogue
7032,12,Noarlunga,South Australia,23,Muesli Bars 6pk,Snacks,2023-01-17,2023-01-22,6,10.0,In-Store Display
7033,12,Noarlunga,South Australia,23,Muesli Bars 6pk,Snacks,2025-08-21,2025-08-30,10,20.0,Catalogue
7034,12,Noarlunga,South Australia,23,Muesli Bars 6pk,Snacks,2023-10-02,2023-10-10,9,15.0,In-Store Display
7035,12,Noarlunga,South Australia,23,Muesli Bars 6pk,Snacks,2023-03-11,2023-03-18,8,30.0,Catalogue
7036,12,Noarlunga,South Australia,23,Muesli Bars 6pk,Snacks,2024-03-13,2024-03-17,5,15.0,In-Store Display
7037,12,Noarlunga,South Australia,23,Muesli Bars 6pk,Snacks,2024-05-06,2024-05-11,6,15.0,In-Store Display
7038,12,Noarlunga,South Australia,23,Muesli Bars 6pk,Snacks,2025-09-21,2025-10-01,11,15.0,In-Store Display
7039,12,Noarlunga,South Australia,23,Muesli Bars 6pk,Snacks,2025-05-04,2025-05-17,14,10.0,In-Store Display
7040,12,Noarlunga,South Australia,23,Muesli Bars 6pk,Snacks,2023-07-14,2023-07-23,10,15.0,In-Store Display
7041,12,Noarlunga,South Australia,23,Muesli Bars 6pk,Snacks,2024-08-19,2024-08-23,5,10.0,In-Store Display
7042,12,Noarlunga,South Australia,23,Muesli Bars 6pk,Snacks,2024-01-30,2024-02-03,5,10.0,In-Store Display
7043,12,Noarlunga,South Australia,23,Muesli Bars 6pk,Snacks,2023-06-21,2023-06-27,7,10.0,In-Store Display
7044,12,Noarlunga,South Australia,24,Toilet Paper 12pk,Household,2025-09-01,2025-09-06,6,15.0,In-Store Display
7045,12,Noarlunga,South Australia,24,Toilet Paper 12pk,Household,2024-11-10,2024-11-23,14,25.0,Catalogue
7046,12,Noarlunga,South Australia,24,Toilet Paper 12pk,Household,2025-05-04,2025-05-17,14,15.0,In-Store Display
7047,12,Noarlunga,South Australia,24,Toilet Paper 12pk,Household,2024-09-09,2024-09-15,7,20.0,Catalogue
7048,12,Noarlunga,South Australia,24,Toilet Paper 12pk,Household,2024-05-07,2024-05-16,10,10.0,In-Store Display
7049,12,Noarlunga,South Australia,24,Toilet Paper 12pk,Household,2024-01-26,2024-02-07,13,15.0,In-Store Display
7050,12,Noarlunga,South Australia,24,Toilet Paper 12pk,Household,2024-07-02,2024-07-13,12,20.0,Catalogue
7051,12,Noarlunga,South Australia,24,Toilet Paper 12pk,Household,2023-09-02,2023-09-06,5,10.0,In-Store Display
7052,12,Noarlunga,South Australia,24,Toilet Paper 12pk,Household,2025-11-14,2025-11-19,6,30.0,Catalogue
7053,12,Noarlunga,South Australia,24,Toilet Paper 12pk,Household,2023-02-27,2023-03-04,6,30.0,Catalogue
7054,12,Noarlunga,South Australia,24,Toilet Paper 12pk,Household,2025-10-21,2025-10-27,7,20.0,Catalogue
7055,12,Noarlunga,South Australia,24,Toilet Paper 12pk,Household,2025-04-01,2025-04-05,5,30.0,Catalogue
7056,12,Noarlunga,South Australia,24,Toilet Paper 12pk,Household,2023-01-07,2023-01-17,11,30.0,Catalogue
7057,12,Noarlunga,South Australia,24,Toilet Paper 12pk,Household,2024-04-02,2024-04-09,8,50.0,Clearance
7058,12,Noarlunga,South Australia,24,Toilet Paper 12pk,Household,2025-02-23,2025-03-07,13,15.0,In-Store Display
7059,12,Noarlunga,South Australia,24,Toilet Paper 12pk,Household,2025-07-13,2025-07-22,10,20.0,Catalogue
7060,12,Noarlunga,South Australia,24,Toilet Paper 12pk,Household,2025-01-04,2025-01-08,5,10.0,In-Store Display
7061,12,Noarlunga,South Australia,24,Toilet Paper 12pk,Household,2023-11-10,2023-11-23,14,25.0,Catalogue
7062,12,Noarlunga,South Australia,24,Toilet Paper 12pk,Household,2023-05-06,2023-05-12,7,10.0,In-Store Display
7063,12,Noarlunga,South Australia,24,Toilet Paper 12pk,Household,2024-02-29,2024-03-13,14,20.0,Catalogue
7064,12,Noarlunga,South Australia,24,Toilet Paper 12pk,Household,2025-01-28,2025-02-06,10,10.0,In-Store Display
7065,12,Noarlunga,South Australia,25,Laundry Liquid 2L,Household,2023-02-11,2023-02-16,6,30.0,Catalogue
7066,12,Noarlunga,South Australia,25,Laundry Liquid 2L,Household,2023-04-23,2023-05-04,12,15.0,In-Store Display
7067,12,Noarlunga,South Australia,25,Laundry Liquid 2L,Household,2024-12-23,2025-01-05,14,20.0,Catalogue
7068,12,Noarlunga,South Australia,25,Laundry Liquid 2L,Household,2024-09-18,2024-09-26,9,15.0,In-Store Display
7069,12,Noarlunga,South Australia,25,Laundry Liquid 2L,Household,2025-07-14,2025-07-23,10,20.0,Catalogue
7070,12,Noarlunga,South Australia,25,Laundry Liquid 2L,Household,2023-06-04,2023-06-12,9,10.0,In-Store Display
7071,12,Noarlunga,South Australia,25,Laundry Liquid 2L,Household,2023-11-14,2023-11-23,10,15.0,In-Store Display
7072,12,Noarlunga,South Australia,25,Laundry Liquid 2L,Household,2025-03-07,2025-03-12,6,15.0,In-Store Display
7073,12,Noarlunga,South Australia,25,Laundry Liquid 2L,Household,2024-04-28,2024-05-09,12,10.0,In-Store Display
7074,12,Noarlunga,South Australia,25,Laundry Liquid 2L,Household,2025-08-09,2025-08-14,6,20.0,Catalogue
7075,12,Noarlunga,South Australia,25,Laundry Liquid 2L,Household,2023-10-18,2023-10-26,9,15.0,In-Store Display
7076,12,Noarlunga,South Australia,25,Laundry Liquid 2L,Household,2025-10-07,2025-10-17,11,20.0,Catalogue
7077,12,Noarlunga,South Australia,25,Laundry Liquid 2L,Household,2023-07-24,2023-08-03,11,15.0,In-Store Display
7078,12,Noarlunga,South Australia,25,Laundry Liquid 2L,Household,2025-04-14,2025-04-23,10,15.0,In-Store Display
7079,12,Noarlunga,South Australia,25,Laundry Liquid 2L,Household,2024-01-08,2024-01-12,5,15.0,In-Store Display
7080,12,Noarlunga,South Australia,25,Laundry Liquid 2L,Household,2025-09-09,2025-09-18,10,15.0,In-Store Display
7081,12,Noarlunga,South Australia,25,Laundry Liquid 2L,Household,2023-03-04,2023-03-13,10,10.0,In-Store Display
7082,12,Noarlunga,South Australia,25,Laundry Liquid 2L,Household,2024-03-16,2024-03-20,5,20.0,Catalogue
7083,12,Noarlunga,South Australia,25,Laundry Liquid 2L,Household,2024-06-26,2024-07-08,13,25.0,Catalogue
7084,12,Noarlunga,South Australia,25,Laundry Liquid 2L,Household,2024-02-16,2024-02-26,11,15.0,In-Store Display
7085,12,Noarlunga,South Australia,25,Laundry Liquid 2L,Household,2023-12-17,2023-12-22,6,25.0,Catalogue
7086,12,Noarlunga,South Australia,25,Laundry Liquid 2L,Household,2023-09-17,2023-09-23,7,20.0,Catalogue
7087,12,Noarlunga,South Australia,25,Laundry Liquid 2L,Household,2025-11-03,2025-11-14,12,50.0,Clearance
7088,12,Noarlunga,South Australia,25,Laundry Liquid 2L,Household,2025-12-12,2025-12-16,5,20.0,Catalogue
7089,12,Noarlunga,South Australia,25,Laundry Liquid 2L,Household,2025-01-26,2025-02-06,12,10.0,In-Store Display
7090,12,Noarlunga,South Australia,25,Laundry Liquid 2L,Household,2024-07-25,2024-08-05,12,20.0,Catalogue
7091,12,Noarlunga,South Australia,26,Dishwashing Liquid 500ml,Household,2023-08-24,2023-08-31,8,15.0,In-Store Display
7092,12,Noarlunga,South Australia,26,Dishwashing Liquid 500ml,Household,2024-03-05,2024-03-15,11,10.0,In-Store Display
7093,12,Noarlunga,South Australia,26,Dishwashing Liquid 500ml,Household,2025-09-07,2025-09-12,6,25.0,Catalogue
7094,12,Noarlunga,South Australia,26,Dishwashing Liquid 500ml,Household,2023-06-27,2023-07-10,14,10.0,In-Store Display
7095,12,Noarlunga,South Australia,26,Dishwashing Liquid 500ml,Household,2023-11-06,2023-11-15,10,20.0,Catalogue
7096,12,Noarlunga,South Australia,26,Dishwashing Liquid 500ml,Household,2025-06-05,2025-06-09,5,20.0,Catalogue
7097,12,Noarlunga,South Australia,26,Dishwashing Liquid 500ml,Household,2025-05-07,2025-05-14,8,10.0,In-Store Display
7098,12,Noarlunga,South Australia,26,Dishwashing Liquid 500ml,Household,2023-01-05,2023-01-09,5,10.0,In-Store Display
7099,12,Noarlunga,South Australia,26,Dishwashing Liquid 500ml,Household,2025-01-07,2025-01-20,14,25.0,Catalogue
7100,12,Noarlunga,South Australia,26,Dishwashing Liquid 500ml,Household,2025-11-30,2025-12-05,6,20.0,Catalogue
7101,12,Noarlunga,South Australia,26,Dishwashing Liquid 500ml,Household,2024-02-08,2024-02-12,5,10.0,In-Store Display
7102,12,Noarlunga,South Australia,26,Dishwashing Liquid 500ml,Household,2023-05-19,2023-05-31,13,25.0,Catalogue
7103,12,Noarlunga,South Australia,26,Dishwashing Liquid 500ml,Household,2025-03-01,2025-03-13,13,25.0,Catalogue
7104,12,Noarlunga,South Australia,26,Dishwashing Liquid 500ml,Household,2023-03-07,2023-03-15,9,10.0,In-Store Display
7105,12,Noarlunga,South Australia,26,Dishwashing Liquid 500ml,Household,2025-12-23,2025-12-29,7,10.0,In-Store Display
7106,12,Noarlunga,South Australia,26,Dishwashing Liquid 500ml,Household,2024-06-18,2024-06-23,6,30.0,Catalogue
7107,12,Noarlunga,South Australia,26,Dishwashing Liquid 500ml,Household,2025-11-01,2025-11-12,12,15.0,In-Store Display
7108,12,Noarlunga,South Australia,26,Dishwashing Liquid 500ml,Household,2024-03-30,2024-04-06,8,15.0,In-Store Display
7109,12,Noarlunga,South Australia,27,Paper Towel 4pk,Household,2024-08-23,2024-08-29,7,20.0,Catalogue
7110,12,Noarlunga,South Australia,27,Paper Towel 4pk,Household,2025-10-10,2025-10-21,12,30.0,Catalogue
7111,12,Noarlunga,South Australia,27,Paper Towel 4pk,Household,2025-02-13,2025-02-22,10,20.0,Catalogue
7112,12,Noarlunga,South Australia,27,Paper Towel 4pk,Household,2023-07-16,2023-07-25,10,25.0,Catalogue
7113,12,Noarlunga,South Australia,27,Paper Towel 4pk,Household,2024-05-02,2024-05-12,11,15.0,In-Store Display
7114,12,Noarlunga,South Australia,27,Paper Towel 4pk,Household,2023-08-11,2023-08-22,12,20.0,Catalogue
7115,12,Noarlunga,South Australia,27,Paper Towel 4pk,Household,2025-03-14,2025-03-27,14,30.0,Catalogue
7116,12,Noarlunga,South Australia,27,Paper Towel 4pk,Household,2025-12-08,2025-12-18,11,25.0,Catalogue
7117,12,Noarlunga,South Australia,27,Paper Towel 4pk,Household,2024-12-09,2024-12-14,6,30.0,Catalogue
7118,12,Noarlunga,South Australia,27,Paper Towel 4pk,Household,2023-10-15,2023-10-21,7,10.0,In-Store Display
7119,12,Noarlunga,South Australia,27,Paper Towel 4pk,Household,2025-06-03,2025-06-13,11,15.0,In-Store Display
7120,12,Noarlunga,South Australia,27,Paper Towel 4pk,Household,2024-03-17,2024-03-24,8,25.0,Catalogue
7121,12,Noarlunga,South Australia,27,Paper Towel 4pk,Household,2024-06-16,2024-06-22,7,10.0,In-Store Display
7122,12,Noarlunga,South Australia,27,Paper Towel 4pk,Household,2023-02-20,2023-02-26,7,25.0,Catalogue
7123,12,Noarlunga,South Australia,27,Paper Towel 4pk,Household,2023-12-02,2023-12-15,14,20.0,Catalogue
7124,12,Noarlunga,South Australia,27,Paper Towel 4pk,Household,2025-04-20,2025-04-28,9,10.0,In-Store Display
7125,12,Noarlunga,South Australia,27,Paper Towel 4pk,Household,2023-11-05,2023-11-14,10,30.0,Catalogue
7126,12,Noarlunga,South Australia,27,Paper Towel 4pk,Household,2023-01-23,2023-02-01,10,15.0,In-Store Display
7127,12,Noarlunga,South Australia,28,Sunscreen SPF50+ 200ml,Household,2025-11-22,2025-12-05,14,10.0,In-Store Display
7128,12,Noarlunga,South Australia,28,Sunscreen SPF50+ 200ml,Household,2024-12-22,2025-01-02,12,15.0,In-Store Display
7129,12,Noarlunga,South Australia,28,Sunscreen SPF50+ 200ml,Household,2023-10-18,2023-10-22,5,15.0,In-Store Display
7130,12,Noarlunga,South Australia,28,Sunscreen SPF50+ 200ml,Household,2024-08-08,2024-08-18,11,25.0,Catalogue
7131,12,Noarlunga,South Australia,28,Sunscreen SPF50+ 200ml,Household,2023-07-10,2023-07-21,12,20.0,Catalogue
7132,12,Noarlunga,South Australia,28,Sunscreen SPF50+ 200ml,Household,2023-11-18,2023-12-01,14,15.0,In-Store Display
7133,12,Noarlunga,South Australia,28,Sunscreen SPF50+ 200ml,Household,2023-03-17,2023-03-23,7,15.0,In-Store Display
7134,12,Noarlunga,South Australia,28,Sunscreen SPF50+ 200ml,Household,2024-09-28,2024-10-08,11,20.0,Catalogue
7135,12,Noarlunga,South Australia,28,Sunscreen SPF50+ 200ml,Household,2025-07-18,2025-07-22,5,15.0,In-Store Display
7136,12,Noarlunga,South Australia,28,Sunscreen SPF50+ 200ml,Household,2023-04-26,2023-05-01,6,20.0,Catalogue
7137,12,Noarlunga,South Australia,28,Sunscreen SPF50+ 200ml,Household,2025-05-25,2025-05-29,5,25.0,Catalogue
7138,12,Noarlunga,South Australia,28,Sunscreen SPF50+ 200ml,Household,2024-05-29,2024-06-03,6,15.0,In-Store Display
7139,12,Noarlunga,South Australia,28,Sunscreen SPF50+ 200ml,Household,2025-08-19,2025-08-29,11,20.0,Catalogue
7140,12,Noarlunga,South Australia,28,Sunscreen SPF50+ 200ml,Household,2025-09-14,2025-09-24,11,20.0,Catalogue
7141,12,Noarlunga,South Australia,28,Sunscreen SPF50+ 200ml,Household,2023-08-14,2023-08-21,8,20.0,Catalogue
7142,12,Noarlunga,South Australia,28,Sunscreen SPF50+ 200ml,Household,2023-06-01,2023-06-08,8,15.0,In-Store Display
7143,12,Noarlunga,South Australia,28,Sunscreen SPF50+ 200ml,Household,2025-02-01,2025-02-13,13,20.0,Catalogue
7144,12,Noarlunga,South Australia,28,Sunscreen SPF50+ 200ml,Household,2025-10-21,2025-10-29,9,15.0,In-Store Display
7145,12,Noarlunga,South Australia,28,Sunscreen SPF50+ 200ml,Household,2025-03-07,2025-03-12,6,20.0,Catalogue
7146,12,Noarlunga,South Australia,28,Sunscreen SPF50+ 200ml,Household,2024-01-31,2024-02-07,8,15.0,In-Store Display
7147,12,Noarlunga,South Australia,28,Sunscreen SPF50+ 200ml,Household,2025-04-25,2025-05-02,8,15.0,In-Store Display
7148,12,Noarlunga,South Australia,28,Sunscreen SPF50+ 200ml,Household,2024-04-17,2024-04-24,8,25.0,Catalogue
7149,12,Noarlunga,South Australia,29,Insect Repellent 150ml,Household,2024-07-12,2024-07-21,10,25.0,Catalogue
7150,12,Noarlunga,South Australia,29,Insect Repellent 150ml,Household,2023-08-09,2023-08-21,13,10.0,In-Store Display
7151,12,Noarlunga,South Australia,29,Insect Repellent 150ml,Household,2025-06-29,2025-07-08,10,20.0,Catalogue
7152,12,Noarlunga,South Australia,29,Insect Repellent 150ml,Household,2025-09-19,2025-09-28,10,15.0,In-Store Display
7153,12,Noarlunga,South Australia,29,Insect Repellent 150ml,Household,2025-11-16,2025-11-23,8,25.0,Catalogue
7154,12,Noarlunga,South Australia,29,Insect Repellent 150ml,Household,2023-10-14,2023-10-27,14,15.0,In-Store Display
7155,12,Noarlunga,South Australia,29,Insect Repellent 150ml,Household,2025-03-15,2025-03-22,8,10.0,In-Store Display
7156,12,Noarlunga,South Australia,29,Insect Repellent 150ml,Household,2024-12-24,2024-12-31,8,20.0,Catalogue
7157,12,Noarlunga,South Australia,29,Insect Repellent 150ml,Household,2023-01-14,2023-01-24,11,10.0,In-Store Display
7158,12,Noarlunga,South Australia,29,Insect Repellent 150ml,Household,2024-10-08,2024-10-13,6,20.0,Catalogue
7159,12,Noarlunga,South Australia,29,Insect Repellent 150ml,Household,2025-07-27,2025-08-07,12,15.0,In-Store Display
7160,12,Noarlunga,South Australia,29,Insect Repellent 150ml,Household,2023-06-17,2023-06-22,6,25.0,Catalogue
7161,12,Noarlunga,South Australia,29,Insect Repellent 150ml,Household,2024-03-15,2024-03-20,6,30.0,Catalogue
7162,12,Noarlunga,South Australia,29,Insect Repellent 150ml,Household,2024-06-07,2024-06-14,8,50.0,Clearance
7163,12,Noarlunga,South Australia,29,Insect Repellent 150ml,Household,2024-04-10,2024-04-19,10,10.0,In-Store Display
7164,12,Noarlunga,South Australia,29,Insect Repellent 150ml,Household,2024-11-08,2024-11-12,5,15.0,In-Store Display
7165,12,Noarlunga,South Australia,29,Insect Repellent 150ml,Household,2023-09-10,2023-09-23,14,50.0,Clearance
7166,12,Noarlunga,South Australia,30,Firelighters 24pk,Household,2024-12-02,2024-12-09,8,10.0,In-Store Display
7167,12,Noarlunga,South Australia,30,Firelighters 24pk,Household,2023-08-02,2023-08-14,13,15.0,In-Store Display
7168,12,Noarlunga,South Australia,30,Firelighters 24pk,Household,2024-04-24,2024-05-06,13,50.0,Clearance
7169,12,Noarlunga,South Australia,30,Firelighters 24pk,Household,2024-03-13,2024-03-20,8,15.0,In-Store Display
7170,12,Noarlunga,South Australia,30,Firelighters 24pk,Household,2024-08-27,2024-09-01,6,10.0,In-Store Display
7171,12,Noarlunga,South Australia,30,Firelighters 24pk,Household,2023-10-08,2023-10-13,6,10.0,In-Store Display
7172,12,Noarlunga,South Australia,30,Firelighters 24pk,Household,2025-02-11,2025-02-22,12,20.0,Catalogue
7173,12,Noarlunga,South Australia,30,Firelighters 24pk,Household,2023-12-05,2023-12-11,7,10.0,In-Store Display
7174,12,Noarlunga,South Australia,30,Firelighters 24pk,Household,2023-01-01,2023-01-13,13,50.0,Clearance
7175,12,Noarlunga,South Australia,30,Firelighters 24pk,Household,2024-09-28,2024-10-06,9,30.0,Catalogue
7176,12,Noarlunga,South Australia,30,Firelighters 24pk,Household,2024-06-26,2024-07-06,11,50.0,Clearance
7177,12,Noarlunga,South Australia,30,Firelighters 24pk,Household,2025-12-07,2025-12-17,11,30.0,Catalogue
