date,city,province,temperature,humidity,season,month,temp_norm,temp_anomaly,is_humid
2023-01-01,Sydney,New South Wales,18.3,70.2,Summer,1,22.804301075268818,-4.5,0
2023-01-02,Sydney,New South Wales,18.5,63.2,Summer,1,22.804301075268818,-4.3,0
2023-01-03,Sydney,New South Wales,14.7,74.6,Summer,1,22.804301075268818,-8.1,0
2023-01-04,Sydney,New South Wales,15.6,71.6,Summer,1,22.804301075268818,-7.2,0
2023-01-05,Sydney,New South Wales,19.3,71.8,Summer,1,22.804301075268818,-3.5,0
2023-01-06,Sydney,New South Wales,20.0,74.0,Summer,1,22.804301075268818,-2.8,0
2023-01-07,Sydney,New South Wales,22.0,73.6,Summer,1,22.804301075268818,-0.8,0
2023-01-08,Sydney,New South Wales,18.8,67.6,Summer,1,22.804301075268818,-4.0,0
2023-01-09,Sydney,New South Wales,18.6,87.6,Summer,1,22.804301075268818,-4.2,1
2023-01-10,Sydney,New South Wales,18.5,77.5,Summer,1,22.804301075268818,-4.3,0
2023-01-11,Sydney,New South Wales,16.3,67.6,Summer,1,22.804301075268818,-6.5,0
2023-01-12,Sydney,New South Wales,15.2,71.2,Summer,1,22.804301075268818,-7.6,0
2023-01-13,Sydney,New South Wales,21.4,64.6,Summer,1,22.804301075268818,-1.4,0
2023-01-14,Sydney,New South Wales,23.6,74.6,Summer,1,22.804301075268818,0.8,0
2023-01-15,Sydney,New South Wales,24.8,68.6,Summer,1,22.804301075268818,2.0,0
2023-01-16,Sydney,New South Wales,23.9,70.8,Summer,1,22.804301075268818,1.1,0
2023-01-17,Sydney,New South Wales,24.1,70.9,Summer,1,22.804301075268818,1.3,0
2023-01-18,Sydney,New South Wales,25.4,69.2,Summer,1,22.804301075268818,2.6,0
2023-01-19,Sydney,New South Wales,25.9,71.8,Summer,1,22.804301075268818,3.1,0
2023-01-20,Sydney,New South Wales,22.6,64.5,Summer,1,22.804301075268818,-0.2,0
2023-01-21,Sydney,New South Wales,23.9,72.9,Summer,1,22.804301075268818,1.1,0
2023-01-22,Sydney,New South Wales,26.0,56.6,Summer,1,22.804301075268818,3.2,0
2023-01-23,Sydney,New South Wales,26.4,55.5,Summer,1,22.804301075268818,3.6,0
2023-01-24,Sydney,New South Wales,25.2,55.1,Summer,1,22.804301075268818,2.4,0
2023-01-25,Sydney,New South Wales,27.4,64.8,Summer,1,22.804301075268818,4.6,0
2023-01-26,Sydney,New South Wales,30.7,71.3,Summer,1,22.804301075268818,7.9,0
2023-01-27,Sydney,New South Wales,30.2,73.4,Summer,1,22.804301075268818,7.4,0
2023-01-28,Sydney,New South Wales,31.9,69.8,Summer,1,22.804301075268818,9.1,0
2023-01-29,Sydney,New South Wales,26.8,62.9,Summer,1,22.804301075268818,4.0,0
2023-01-30,Sydney,New South Wales,23.7,70.3,Summer,1,22.804301075268818,0.9,0
2023-01-31,Sydney,New South Wales,24.2,68.4,Summer,1,22.804301075268818,1.4,0
2023-02-01,Sydney,New South Wales,24.2,81.3,Summer,2,24.00941176470588,0.19,1
2023-02-02,Sydney,New South Wales,20.1,68.7,Summer,2,24.00941176470588,-3.91,0
2023-02-03,Sydney,New South Wales,23.1,65.6,Summer,2,24.00941176470588,-0.91,0
2023-02-04,Sydney,New South Wales,25.3,69.5,Summer,2,24.00941176470588,1.29,0
2023-02-05,Sydney,New South Wales,23.4,70.8,Summer,2,24.00941176470588,-0.61,0
2023-02-06,Sydney,New South Wales,23.6,70.0,Summer,2,24.00941176470588,-0.41,0
2023-02-07,Sydney,New South Wales,26.7,69.8,Summer,2,24.00941176470588,2.69,0
2023-02-08,Sydney,New South Wales,28.1,78.6,Summer,2,24.00941176470588,4.09,0
2023-02-09,Sydney,New South Wales,26.2,80.4,Summer,2,24.00941176470588,2.19,1
2023-02-10,Sydney,New South Wales,29.1,76.0,Summer,2,24.00941176470588,5.09,0
2023-02-11,Sydney,New South Wales,29.2,61.6,Summer,2,24.00941176470588,5.19,0
2023-02-12,Sydney,New South Wales,28.6,78.8,Summer,2,24.00941176470588,4.59,0
2023-02-13,Sydney,New South Wales,30.9,69.5,Summer,2,24.00941176470588,6.89,0
2023-02-14,Sydney,New South Wales,29.1,79.4,Summer,2,24.00941176470588,5.09,0
2023-02-15,Sydney,New South Wales,25.8,76.0,Summer,2,24.00941176470588,1.79,0
2023-02-16,Sydney,New South Wales,18.8,75.8,Summer,2,24.00941176470588,-5.21,0
2023-02-17,Sydney,New South Wales,16.6,62.1,Summer,2,24.00941176470588,-7.41,0
2023-02-18,Sydney,New South Wales,17.9,69.0,Summer,2,24.00941176470588,-6.11,0
2023-02-19,Sydney,New South Wales,19.4,56.8,Summer,2,24.00941176470588,-4.61,0
2023-02-20,Sydney,New South Wales,18.2,83.0,Summer,2,24.00941176470588,-5.81,1
2023-02-21,Sydney,New South Wales,19.6,65.6,Summer,2,24.00941176470588,-4.41,0
2023-02-22,Sydney,New South Wales,22.2,70.6,Summer,2,24.00941176470588,-1.81,0
2023-02-23,Sydney,New South Wales,24.1,69.9,Summer,2,24.00941176470588,0.09,0
2023-02-24,Sydney,New South Wales,27.8,73.2,Summer,2,24.00941176470588,3.79,0
2023-02-25,Sydney,New South Wales,27.1,61.1,Summer,2,24.00941176470588,3.09,0
2023-02-26,Sydney,New South Wales,23.9,78.3,Summer,2,24.00941176470588,-0.11,0
2023-02-27,Sydney,New South Wales,21.8,77.7,Summer,2,24.00941176470588,-2.21,0
2023-02-28,Sydney,New South Wales,18.5,71.3,Summer,2,24.00941176470588,-5.51,0
2023-03-01,Sydney,New South Wales,20.3,72.5,Autumn,3,21.366666666666667,-1.07,0
2023-03-02,Sydney,New South Wales,19.9,77.3,Autumn,3,21.366666666666667,-1.47,0
2023-03-03,Sydney,New South Wales,24.3,74.8,Autumn,3,21.366666666666667,2.93,0
2023-03-04,Sydney,New South Wales,26.8,78.0,Autumn,3,21.366666666666667,5.43,0
2023-03-05,Sydney,New South Wales,24.1,73.6,Autumn,3,21.366666666666667,2.73,0
2023-03-06,Sydney,New South Wales,26.6,64.8,Autumn,3,21.366666666666667,5.23,0
2023-03-07,Sydney,New South Wales,22.6,68.6,Autumn,3,21.366666666666667,1.23,0
2023-03-08,Sydney,New South Wales,17.4,71.0,Autumn,3,21.366666666666667,-3.97,0
2023-03-09,Sydney,New South Wales,20.3,72.4,Autumn,3,21.366666666666667,-1.07,0
2023-03-10,Sydney,New South Wales,17.3,58.5,Autumn,3,21.366666666666667,-4.07,0
2023-03-11,Sydney,New South Wales,19.1,76.2,Autumn,3,21.366666666666667,-2.27,0
2023-03-12,Sydney,New South Wales,22.4,70.3,Autumn,3,21.366666666666667,1.03,0
2023-03-13,Sydney,New South Wales,18.4,73.1,Autumn,3,21.366666666666667,-2.97,0
2023-03-14,Sydney,New South Wales,17.5,61.5,Autumn,3,21.366666666666667,-3.87,0
2023-03-15,Sydney,New South Wales,21.2,61.4,Autumn,3,21.366666666666667,-0.17,0
2023-03-16,Sydney,New South Wales,23.3,65.4,Autumn,3,21.366666666666667,1.93,0
2023-03-17,Sydney,New South Wales,23.6,75.8,Autumn,3,21.366666666666667,2.23,0
2023-03-18,Sydney,New South Wales,24.5,68.7,Autumn,3,21.366666666666667,3.13,0
2023-03-19,Sydney,New South Wales,25.2,61.4,Autumn,3,21.366666666666667,3.83,0
2023-03-20,Sydney,New South Wales,19.7,65.8,Autumn,3,21.366666666666667,-1.67,0
2023-03-21,Sydney,New South Wales,21.5,74.2,Autumn,3,21.366666666666667,0.13,0
2023-03-22,Sydney,New South Wales,22.1,73.9,Autumn,3,21.366666666666667,0.73,0
2023-03-23,Sydney,New South Wales,19.8,75.6,Autumn,3,21.366666666666667,-1.57,0
2023-03-24,Sydney,New South Wales,18.1,63.7,Autumn,3,21.366666666666667,-3.27,0
2023-03-25,Sydney,New South Wales,19.7,66.7,Autumn,3,21.366666666666667,-1.67,0
2023-03-26,Sydney,New South Wales,17.1,70.6,Autumn,3,21.366666666666667,-4.27,0
2023-03-27,Sydney,New South Wales,19.6,70.0,Autumn,3,21.366666666666667,-1.77,0
2023-03-28,Sydney,New South Wales,18.1,71.5,Autumn,3,21.366666666666667,-3.27,0
2023-03-29,Sydney,New South Wales,21.9,66.5,Autumn,3,21.366666666666667,0.53,0
2023-03-30,Sydney,New South Wales,22.6,67.1,Autumn,3,21.366666666666667,1.23,0
2023-03-31,Sydney,New South Wales,21.5,75.7,Autumn,3,21.366666666666667,0.13,0
2023-04-01,Sydney,New South Wales,18.3,72.0,Autumn,4,17.466666666666665,0.83,0
2023-04-02,Sydney,New South Wales,18.4,70.2,Autumn,4,17.466666666666665,0.93,0
2023-04-03,Sydney,New South Wales,19.8,79.2,Autumn,4,17.466666666666665,2.33,0
2023-04-04,Sydney,New South Wales,16.7,64.5,Autumn,4,17.466666666666665,-0.77,0
2023-04-05,Sydney,New South Wales,18.1,88.4,Autumn,4,17.466666666666665,0.63,1
2023-04-06,Sydney,New South Wales,19.8,80.8,Autumn,4,17.466666666666665,2.33,1
2023-04-07,Sydney,New South Wales,16.6,68.7,Autumn,4,17.466666666666665,-0.87,0
2023-04-08,Sydney,New South Wales,21.3,79.8,Autumn,4,17.466666666666665,3.83,0
2023-04-09,Sydney,New South Wales,20.8,71.5,Autumn,4,17.466666666666665,3.33,0
2023-04-10,Sydney,New South Wales,21.0,76.3,Autumn,4,17.466666666666665,3.53,0
2023-04-11,Sydney,New South Wales,22.0,71.8,Autumn,4,17.466666666666665,4.53,0
2023-04-12,Sydney,New South Wales,23.4,89.4,Autumn,4,17.466666666666665,5.93,1
2023-04-13,Sydney,New South Wales,20.1,67.0,Autumn,4,17.466666666666665,2.63,0
2023-04-14,Sydney,New South Wales,18.8,69.9,Autumn,4,17.466666666666665,1.33,0
2023-04-15,Sydney,New South Wales,17.9,56.7,Autumn,4,17.466666666666665,0.43,0
2023-04-16,Sydney,New South Wales,19.4,66.2,Autumn,4,17.466666666666665,1.93,0
2023-04-17,Sydney,New South Wales,15.5,62.3,Autumn,4,17.466666666666665,-1.97,0
2023-04-18,Sydney,New South Wales,14.1,61.8,Autumn,4,17.466666666666665,-3.37,0
2023-04-19,Sydney,New South Wales,14.7,77.1,Autumn,4,17.466666666666665,-2.77,0
2023-04-20,Sydney,New South Wales,16.8,67.6,Autumn,4,17.466666666666665,-0.67,0
2023-04-21,Sydney,New South Wales,20.7,66.4,Autumn,4,17.466666666666665,3.23,0
2023-04-22,Sydney,New South Wales,19.3,64.9,Autumn,4,17.466666666666665,1.83,0
2023-04-23,Sydney,New South Wales,18.8,73.4,Autumn,4,17.466666666666665,1.33,0
2023-04-24,Sydney,New South Wales,15.6,65.5,Autumn,4,17.466666666666665,-1.87,0
2023-04-25,Sydney,New South Wales,21.4,63.7,Autumn,4,17.466666666666665,3.93,0
2023-04-26,Sydney,New South Wales,21.4,68.9,Autumn,4,17.466666666666665,3.93,0
2023-04-27,Sydney,New South Wales,20.7,68.7,Autumn,4,17.466666666666665,3.23,0
2023-04-28,Sydney,New South Wales,18.8,71.1,Autumn,4,17.466666666666665,1.33,0
2023-04-29,Sydney,New South Wales,19.3,75.5,Autumn,4,17.466666666666665,1.83,0
2023-04-30,Sydney,New South Wales,24.4,68.1,Autumn,4,17.466666666666665,6.93,0
2023-05-01,Sydney,New South Wales,23.2,80.9,Autumn,5,16.79247311827957,6.41,1
2023-05-02,Sydney,New South Wales,21.6,64.2,Autumn,5,16.79247311827957,4.81,0
2023-05-03,Sydney,New South Wales,20.3,62.0,Autumn,5,16.79247311827957,3.51,0
2023-05-04,Sydney,New South Wales,18.7,66.1,Autumn,5,16.79247311827957,1.91,0
2023-05-05,Sydney,New South Wales,19.5,71.9,Autumn,5,16.79247311827957,2.71,0
2023-05-06,Sydney,New South Wales,14.3,73.8,Autumn,5,16.79247311827957,-2.49,0
2023-05-07,Sydney,New South Wales,16.8,58.6,Autumn,5,16.79247311827957,0.01,0
2023-05-08,Sydney,New South Wales,18.4,57.7,Autumn,5,16.79247311827957,1.61,0
2023-05-09,Sydney,New South Wales,16.3,70.5,Autumn,5,16.79247311827957,-0.49,0
2023-05-10,Sydney,New South Wales,16.6,70.2,Autumn,5,16.79247311827957,-0.19,0
2023-05-11,Sydney,New South Wales,19.2,76.0,Autumn,5,16.79247311827957,2.41,0
2023-05-12,Sydney,New South Wales,18.6,74.5,Autumn,5,16.79247311827957,1.81,0
2023-05-13,Sydney,New South Wales,15.5,70.7,Autumn,5,16.79247311827957,-1.29,0
2023-05-14,Sydney,New South Wales,15.0,79.5,Autumn,5,16.79247311827957,-1.79,0
2023-05-15,Sydney,New South Wales,14.8,75.1,Autumn,5,16.79247311827957,-1.99,0
2023-05-16,Sydney,New South Wales,14.3,62.9,Autumn,5,16.79247311827957,-2.49,0
2023-05-17,Sydney,New South Wales,15.9,74.1,Autumn,5,16.79247311827957,-0.89,0
2023-05-18,Sydney,New South Wales,15.4,55.7,Autumn,5,16.79247311827957,-1.39,0
2023-05-19,Sydney,New South Wales,13.5,78.8,Autumn,5,16.79247311827957,-3.29,0
2023-05-20,Sydney,New South Wales,16.0,75.5,Autumn,5,16.79247311827957,-0.79,0
2023-05-21,Sydney,New South Wales,17.3,71.6,Autumn,5,16.79247311827957,0.51,0
2023-05-22,Sydney,New South Wales,17.3,78.7,Autumn,5,16.79247311827957,0.51,0
2023-05-23,Sydney,New South Wales,14.9,78.8,Autumn,5,16.79247311827957,-1.89,0
2023-05-24,Sydney,New South Wales,16.5,64.5,Autumn,5,16.79247311827957,-0.29,0
2023-05-25,Sydney,New South Wales,16.8,74.1,Autumn,5,16.79247311827957,0.01,0
2023-05-26,Sydney,New South Wales,16.5,67.2,Autumn,5,16.79247311827957,-0.29,0
2023-05-27,Sydney,New South Wales,13.5,64.7,Autumn,5,16.79247311827957,-3.29,0
2023-05-28,Sydney,New South Wales,13.5,65.7,Autumn,5,16.79247311827957,-3.29,0
2023-05-29,Sydney,New South Wales,16.6,72.1,Autumn,5,16.79247311827957,-0.19,0
2023-05-30,Sydney,New South Wales,12.9,74.0,Autumn,5,16.79247311827957,-3.89,0
2023-05-31,Sydney,New South Wales,14.6,71.8,Autumn,5,16.79247311827957,-2.19,0
2023-06-01,Sydney,New South Wales,13.6,75.6,Winter,6,14.016666666666667,-0.42,0
2023-06-02,Sydney,New South Wales,15.2,76.7,Winter,6,14.016666666666667,1.18,0
2023-06-03,Sydney,New South Wales,16.5,75.3,Winter,6,14.016666666666667,2.48,0
2023-06-04,Sydney,New South Wales,16.8,68.8,Winter,6,14.016666666666667,2.78,0
2023-06-05,Sydney,New South Wales,16.6,72.9,Winter,6,14.016666666666667,2.58,0
2023-06-06,Sydney,New South Wales,12.5,64.9,Winter,6,14.016666666666667,-1.52,0
2023-06-07,Sydney,New South Wales,9.7,66.5,Winter,6,14.016666666666667,-4.32,0
2023-06-08,Sydney,New South Wales,12.5,72.7,Winter,6,14.016666666666667,-1.52,0
2023-06-09,Sydney,New South Wales,11.1,70.7,Winter,6,14.016666666666667,-2.92,0
2023-06-10,Sydney,New South Wales,11.8,68.4,Winter,6,14.016666666666667,-2.22,0
2023-06-11,Sydney,New South Wales,10.7,69.8,Winter,6,14.016666666666667,-3.32,0
2023-06-12,Sydney,New South Wales,12.7,71.2,Winter,6,14.016666666666667,-1.32,0
2023-06-13,Sydney,New South Wales,14.2,80.7,Winter,6,14.016666666666667,0.18,1
2023-06-14,Sydney,New South Wales,15.9,76.8,Winter,6,14.016666666666667,1.88,0
2023-06-15,Sydney,New South Wales,13.9,80.8,Winter,6,14.016666666666667,-0.12,1
2023-06-16,Sydney,New South Wales,13.9,72.8,Winter,6,14.016666666666667,-0.12,0
2023-06-17,Sydney,New South Wales,8.8,66.9,Winter,6,14.016666666666667,-5.22,0
2023-06-18,Sydney,New South Wales,10.6,65.7,Winter,6,14.016666666666667,-3.42,0
2023-06-19,Sydney,New South Wales,10.7,67.6,Winter,6,14.016666666666667,-3.32,0
2023-06-20,Sydney,New South Wales,14.8,68.1,Winter,6,14.016666666666667,0.78,0
2023-06-21,Sydney,New South Wales,12.4,73.3,Winter,6,14.016666666666667,-1.62,0
2023-06-22,Sydney,New South Wales,10.9,77.4,Winter,6,14.016666666666667,-3.12,0
2023-06-23,Sydney,New South Wales,9.6,72.5,Winter,6,14.016666666666667,-4.42,0
2023-06-24,Sydney,New South Wales,9.1,71.9,Winter,6,14.016666666666667,-4.92,0
2023-06-25,Sydney,New South Wales,12.4,68.2,Winter,6,14.016666666666667,-1.62,0
2023-06-26,Sydney,New South Wales,15.9,80.1,Winter,6,14.016666666666667,1.88,1
2023-06-27,Sydney,New South Wales,15.1,72.7,Winter,6,14.016666666666667,1.08,0
2023-06-28,Sydney,New South Wales,13.0,82.0,Winter,6,14.016666666666667,-1.02,1
2023-06-29,Sydney,New South Wales,17.3,75.3,Winter,6,14.016666666666667,3.28,0
2023-06-30,Sydney,New South Wales,19.4,72.9,Winter,6,14.016666666666667,5.38,0
2023-07-01,Sydney,New South Wales,16.1,74.9,Winter,7,13.541935483870969,2.56,0
2023-07-02,Sydney,New South Wales,11.4,63.9,Winter,7,13.541935483870969,-2.14,0
2023-07-03,Sydney,New South Wales,11.7,56.1,Winter,7,13.541935483870969,-1.84,0
2023-07-04,Sydney,New South Wales,13.6,72.4,Winter,7,13.541935483870969,0.06,0
2023-07-05,Sydney,New South Wales,12.8,67.2,Winter,7,13.541935483870969,-0.74,0
2023-07-06,Sydney,New South Wales,11.2,68.1,Winter,7,13.541935483870969,-2.34,0
2023-07-07,Sydney,New South Wales,10.7,72.4,Winter,7,13.541935483870969,-2.84,0
2023-07-08,Sydney,New South Wales,10.9,73.4,Winter,7,13.541935483870969,-2.64,0
2023-07-09,Sydney,New South Wales,5.9,60.5,Winter,7,13.541935483870969,-7.64,0
2023-07-10,Sydney,New South Wales,7.6,86.2,Winter,7,13.541935483870969,-5.94,1
2023-07-11,Sydney,New South Wales,6.3,80.9,Winter,7,13.541935483870969,-7.24,1
2023-07-12,Sydney,New South Wales,9.2,76.0,Winter,7,13.541935483870969,-4.34,0
2023-07-13,Sydney,New South Wales,9.1,70.9,Winter,7,13.541935483870969,-4.44,0
2023-07-14,Sydney,New South Wales,10.5,64.8,Winter,7,13.541935483870969,-3.04,0
2023-07-15,Sydney,New South Wales,10.3,68.1,Winter,7,13.541935483870969,-3.24,0
2023-07-16,Sydney,New South Wales,12.1,70.7,Winter,7,13.541935483870969,-1.44,0
2023-07-17,Sydney,New South Wales,10.4,70.3,Winter,7,13.541935483870969,-3.14,0
2023-07-18,Sydney,New South Wales,10.9,57.5,Winter,7,13.541935483870969,-2.64,0
2023-07-19,Sydney,New South Wales,14.5,70.2,Winter,7,13.541935483870969,0.96,0
2023-07-20,Sydney,New South Wales,15.0,72.4,Winter,7,13.541935483870969,1.46,0
2023-07-21,Sydney,New South Wales,13.9,63.1,Winter,7,13.541935483870969,0.36,0
2023-07-22,Sydney,New South Wales,13.8,65.3,Winter,7,13.541935483870969,0.26,0
2023-07-23,Sydney,New South Wales,15.2,63.9,Winter,7,13.541935483870969,1.66,0
2023-07-24,Sydney,New South Wales,16.7,58.9,Winter,7,13.541935483870969,3.16,0
2023-07-25,Sydney,New South Wales,16.7,67.8,Winter,7,13.541935483870969,3.16,0
2023-07-26,Sydney,New South Wales,17.2,73.1,Winter,7,13.541935483870969,3.66,0
2023-07-27,Sydney,New South Wales,15.7,72.1,Winter,7,13.541935483870969,2.16,0
2023-07-28,Sydney,New South Wales,15.4,80.4,Winter,7,13.541935483870969,1.86,1
2023-07-29,Sydney,New South Wales,13.8,67.6,Winter,7,13.541935483870969,0.26,0
2023-07-30,Sydney,New South Wales,14.9,73.4,Winter,7,13.541935483870969,1.36,0
2023-07-31,Sydney,New South Wales,11.9,59.1,Winter,7,13.541935483870969,-1.64,0
2023-08-01,Sydney,New South Wales,16.0,60.2,Winter,8,14.401075268817204,1.6,0
2023-08-02,Sydney,New South Wales,14.1,62.2,Winter,8,14.401075268817204,-0.3,0
2023-08-03,Sydney,New South Wales,12.3,57.0,Winter,8,14.401075268817204,-2.1,0
2023-08-04,Sydney,New South Wales,14.3,60.0,Winter,8,14.401075268817204,-0.1,0
2023-08-05,Sydney,New South Wales,14.3,54.9,Winter,8,14.401075268817204,-0.1,0
2023-08-06,Sydney,New South Wales,13.3,65.8,Winter,8,14.401075268817204,-1.1,0
2023-08-07,Sydney,New South Wales,10.7,61.3,Winter,8,14.401075268817204,-3.7,0
2023-08-08,Sydney,New South Wales,11.3,66.8,Winter,8,14.401075268817204,-3.1,0
2023-08-09,Sydney,New South Wales,12.2,58.7,Winter,8,14.401075268817204,-2.2,0
2023-08-10,Sydney,New South Wales,15.0,59.9,Winter,8,14.401075268817204,0.6,0
2023-08-11,Sydney,New South Wales,11.3,63.0,Winter,8,14.401075268817204,-3.1,0
2023-08-12,Sydney,New South Wales,11.4,65.7,Winter,8,14.401075268817204,-3.0,0
2023-08-13,Sydney,New South Wales,11.8,65.2,Winter,8,14.401075268817204,-2.6,0
2023-08-14,Sydney,New South Wales,9.1,60.6,Winter,8,14.401075268817204,-5.3,0
2023-08-15,Sydney,New South Wales,11.2,58.9,Winter,8,14.401075268817204,-3.2,0
2023-08-16,Sydney,New South Wales,14.0,53.9,Winter,8,14.401075268817204,-0.4,0
2023-08-17,Sydney,New South Wales,14.5,60.8,Winter,8,14.401075268817204,0.1,0
2023-08-18,Sydney,New South Wales,13.2,65.0,Winter,8,14.401075268817204,-1.2,0
2023-08-19,Sydney,New South Wales,13.0,61.2,Winter,8,14.401075268817204,-1.4,0
2023-08-20,Sydney,New South Wales,16.1,72.2,Winter,8,14.401075268817204,1.7,0
2023-08-21,Sydney,New South Wales,13.6,61.8,Winter,8,14.401075268817204,-0.8,0
2023-08-22,Sydney,New South Wales,11.6,56.2,Winter,8,14.401075268817204,-2.8,0
2023-08-23,Sydney,New South Wales,13.5,63.1,Winter,8,14.401075268817204,-0.9,0
2023-08-24,Sydney,New South Wales,15.0,57.8,Winter,8,14.401075268817204,0.6,0
2023-08-25,Sydney,New South Wales,16.4,63.2,Winter,8,14.401075268817204,2.0,0
2023-08-26,Sydney,New South Wales,13.6,59.7,Winter,8,14.401075268817204,-0.8,0
2023-08-27,Sydney,New South Wales,17.6,65.6,Winter,8,14.401075268817204,3.2,0
2023-08-28,Sydney,New South Wales,18.7,62.5,Winter,8,14.401075268817204,4.3,0
2023-08-29,Sydney,New South Wales,14.6,70.2,Winter,8,14.401075268817204,0.2,0
2023-08-30,Sydney,New South Wales,15.6,66.2,Winter,8,14.401075268817204,1.2,0
2023-08-31,Sydney,New South Wales,15.6,65.3,Winter,8,14.401075268817204,1.2,0
2023-09-01,Sydney,New South Wales,18.7,52.6,Spring,9,16.694444444444443,2.01,0
2023-09-02,Sydney,New South Wales,21.7,68.6,Spring,9,16.694444444444443,5.01,0
2023-09-03,Sydney,New South Wales,18.7,63.4,Spring,9,16.694444444444443,2.01,0
2023-09-04,Sydney,New South Wales,14.8,63.2,Spring,9,16.694444444444443,-1.89,0
2023-09-05,Sydney,New South Wales,16.1,69.7,Spring,9,16.694444444444443,-0.59,0
2023-09-06,Sydney,New South Wales,16.3,61.8,Spring,9,16.694444444444443,-0.39,0
2023-09-07,Sydney,New South Wales,15.7,63.2,Spring,9,16.694444444444443,-0.99,0
2023-09-08,Sydney,New South Wales,15.4,66.5,Spring,9,16.694444444444443,-1.29,0
2023-09-09,Sydney,New South Wales,16.4,64.4,Spring,9,16.694444444444443,-0.29,0
2023-09-10,Sydney,New South Wales,16.8,74.5,Spring,9,16.694444444444443,0.11,0
2023-09-11,Sydney,New South Wales,14.4,69.1,Spring,9,16.694444444444443,-2.29,0
2023-09-12,Sydney,New South Wales,12.3,82.3,Spring,9,16.694444444444443,-4.39,1
2023-09-13,Sydney,New South Wales,12.7,63.0,Spring,9,16.694444444444443,-3.99,0
2023-09-14,Sydney,New South Wales,14.4,66.4,Spring,9,16.694444444444443,-2.29,0
2023-09-15,Sydney,New South Wales,12.9,73.1,Spring,9,16.694444444444443,-3.79,0
2023-09-16,Sydney,New South Wales,13.7,66.0,Spring,9,16.694444444444443,-2.99,0
2023-09-17,Sydney,New South Wales,18.7,58.5,Spring,9,16.694444444444443,2.01,0
2023-09-18,Sydney,New South Wales,20.9,73.6,Spring,9,16.694444444444443,4.21,0
2023-09-19,Sydney,New South Wales,20.9,60.4,Spring,9,16.694444444444443,4.21,0
2023-09-20,Sydney,New South Wales,24.4,71.2,Spring,9,16.694444444444443,7.71,0
2023-09-21,Sydney,New South Wales,21.2,63.5,Spring,9,16.694444444444443,4.51,0
2023-09-22,Sydney,New South Wales,21.9,67.2,Spring,9,16.694444444444443,5.21,0
2023-09-23,Sydney,New South Wales,19.1,62.0,Spring,9,16.694444444444443,2.41,0
2023-09-24,Sydney,New South Wales,21.1,67.5,Spring,9,16.694444444444443,4.41,0
2023-09-25,Sydney,New South Wales,15.2,79.0,Spring,9,16.694444444444443,-1.49,0
2023-09-26,Sydney,New South Wales,16.4,61.8,Spring,9,16.694444444444443,-0.29,0
2023-09-27,Sydney,New South Wales,16.4,67.7,Spring,9,16.694444444444443,-0.29,0
2023-09-28,Sydney,New South Wales,14.9,63.3,Spring,9,16.694444444444443,-1.79,0
2023-09-29,Sydney,New South Wales,17.4,69.0,Spring,9,16.694444444444443,0.71,0
2023-09-30,Sydney,New South Wales,16.0,65.0,Spring,9,16.694444444444443,-0.69,0
2023-10-01,Sydney,New South Wales,20.1,63.5,Spring,10,18.123655913978496,1.98,0
2023-10-02,Sydney,New South Wales,24.0,71.7,Spring,10,18.123655913978496,5.88,0
2023-10-03,Sydney,New South Wales,20.9,62.6,Spring,10,18.123655913978496,2.78,0
2023-10-04,Sydney,New South Wales,18.6,66.0,Spring,10,18.123655913978496,0.48,0
2023-10-05,Sydney,New South Wales,19.2,65.1,Spring,10,18.123655913978496,1.08,0
2023-10-06,Sydney,New South Wales,19.4,66.1,Spring,10,18.123655913978496,1.28,0
2023-10-07,Sydney,New South Wales,16.8,77.3,Spring,10,18.123655913978496,-1.32,0
2023-10-08,Sydney,New South Wales,16.3,66.6,Spring,10,18.123655913978496,-1.82,0
2023-10-09,Sydney,New South Wales,14.4,69.0,Spring,10,18.123655913978496,-3.72,0
2023-10-10,Sydney,New South Wales,14.9,64.7,Spring,10,18.123655913978496,-3.22,0
2023-10-11,Sydney,New South Wales,17.8,63.5,Spring,10,18.123655913978496,-0.32,0
2023-10-12,Sydney,New South Wales,20.6,69.3,Spring,10,18.123655913978496,2.48,0
2023-10-13,Sydney,New South Wales,21.9,67.3,Spring,10,18.123655913978496,3.78,0
2023-10-14,Sydney,New South Wales,24.1,62.2,Spring,10,18.123655913978496,5.98,0
2023-10-15,Sydney,New South Wales,24.6,55.6,Spring,10,18.123655913978496,6.48,0
2023-10-16,Sydney,New South Wales,26.0,70.2,Spring,10,18.123655913978496,7.88,0
2023-10-17,Sydney,New South Wales,21.9,66.1,Spring,10,18.123655913978496,3.78,0
2023-10-18,Sydney,New South Wales,22.6,67.1,Spring,10,18.123655913978496,4.48,0
2023-10-19,Sydney,New South Wales,20.8,63.7,Spring,10,18.123655913978496,2.68,0
2023-10-20,Sydney,New South Wales,21.9,63.0,Spring,10,18.123655913978496,3.78,0
2023-10-21,Sydney,New South Wales,21.4,68.4,Spring,10,18.123655913978496,3.28,0
2023-10-22,Sydney,New South Wales,19.1,62.2,Spring,10,18.123655913978496,0.98,0
2023-10-23,Sydney,New South Wales,14.3,59.0,Spring,10,18.123655913978496,-3.82,0
2023-10-24,Sydney,New South Wales,11.1,66.8,Spring,10,18.123655913978496,-7.02,0
2023-10-25,Sydney,New South Wales,16.0,60.1,Spring,10,18.123655913978496,-2.12,0
2023-10-26,Sydney,New South Wales,15.7,50.8,Spring,10,18.123655913978496,-2.42,0
2023-10-27,Sydney,New South Wales,17.5,60.3,Spring,10,18.123655913978496,-0.62,0
2023-10-28,Sydney,New South Wales,16.6,64.6,Spring,10,18.123655913978496,-1.52,0
2023-10-29,Sydney,New South Wales,15.9,66.4,Spring,10,18.123655913978496,-2.22,0
2023-10-30,Sydney,New South Wales,17.0,63.7,Spring,10,18.123655913978496,-1.12,0
2023-10-31,Sydney,New South Wales,19.3,64.2,Spring,10,18.123655913978496,1.18,0
2023-11-01,Sydney,New South Wales,18.0,74.0,Spring,11,19.665555555555557,-1.67,0
2023-11-02,Sydney,New South Wales,20.2,68.9,Spring,11,19.665555555555557,0.53,0
2023-11-03,Sydney,New South Wales,18.2,62.5,Spring,11,19.665555555555557,-1.47,0
2023-11-04,Sydney,New South Wales,19.0,70.6,Spring,11,19.665555555555557,-0.67,0
2023-11-05,Sydney,New South Wales,16.3,80.3,Spring,11,19.665555555555557,-3.37,1
2023-11-06,Sydney,New South Wales,16.2,70.1,Spring,11,19.665555555555557,-3.47,0
2023-11-07,Sydney,New South Wales,17.9,76.7,Spring,11,19.665555555555557,-1.77,0
2023-11-08,Sydney,New South Wales,17.2,61.7,Spring,11,19.665555555555557,-2.47,0
2023-11-09,Sydney,New South Wales,17.0,58.2,Spring,11,19.665555555555557,-2.67,0
2023-11-10,Sydney,New South Wales,21.3,72.8,Spring,11,19.665555555555557,1.63,0
2023-11-11,Sydney,New South Wales,20.9,63.7,Spring,11,19.665555555555557,1.23,0
2023-11-12,Sydney,New South Wales,23.6,74.2,Spring,11,19.665555555555557,3.93,0
2023-11-13,Sydney,New South Wales,20.9,71.1,Spring,11,19.665555555555557,1.23,0
2023-11-14,Sydney,New South Wales,21.1,61.5,Spring,11,19.665555555555557,1.43,0
2023-11-15,Sydney,New South Wales,20.9,67.8,Spring,11,19.665555555555557,1.23,0
2023-11-16,Sydney,New South Wales,22.9,69.9,Spring,11,19.665555555555557,3.23,0
2023-11-17,Sydney,New South Wales,19.1,63.0,Spring,11,19.665555555555557,-0.57,0
2023-11-18,Sydney,New South Wales,19.9,59.0,Spring,11,19.665555555555557,0.23,0
2023-11-19,Sydney,New South Wales,22.3,62.4,Spring,11,19.665555555555557,2.63,0
2023-11-20,Sydney,New South Wales,19.9,65.2,Spring,11,19.665555555555557,0.23,0
2023-11-21,Sydney,New South Wales,17.9,61.7,Spring,11,19.665555555555557,-1.77,0
2023-11-22,Sydney,New South Wales,22.7,69.5,Spring,11,19.665555555555557,3.03,0
2023-11-23,Sydney,New South Wales,23.5,63.2,Spring,11,19.665555555555557,3.83,0
2023-11-24,Sydney,New South Wales,21.1,59.4,Spring,11,19.665555555555557,1.43,0
2023-11-25,Sydney,New South Wales,20.1,71.4,Spring,11,19.665555555555557,0.43,0
2023-11-26,Sydney,New South Wales,23.0,57.9,Spring,11,19.665555555555557,3.33,0
2023-11-27,Sydney,New South Wales,17.5,72.3,Spring,11,19.665555555555557,-2.17,0
2023-11-28,Sydney,New South Wales,16.9,69.4,Spring,11,19.665555555555557,-2.77,0
2023-11-29,Sydney,New South Wales,19.3,73.9,Spring,11,19.665555555555557,-0.37,0
2023-11-30,Sydney,New South Wales,19.2,67.9,Spring,11,19.665555555555557,-0.47,0
2023-12-01,Sydney,New South Wales,19.3,62.6,Summer,12,22.877419354838707,-3.58,0
2023-12-02,Sydney,New South Wales,19.6,58.6,Summer,12,22.877419354838707,-3.28,0
2023-12-03,Sydney,New South Wales,16.4,65.7,Summer,12,22.877419354838707,-6.48,0
2023-12-04,Sydney,New South Wales,20.1,70.9,Summer,12,22.877419354838707,-2.78,0
2023-12-05,Sydney,New South Wales,24.2,65.3,Summer,12,22.877419354838707,1.32,0
2023-12-06,Sydney,New South Wales,23.9,73.8,Summer,12,22.877419354838707,1.02,0
2023-12-07,Sydney,New South Wales,25.6,63.4,Summer,12,22.877419354838707,2.72,0
2023-12-08,Sydney,New South Wales,24.6,68.5,Summer,12,22.877419354838707,1.72,0
2023-12-09,Sydney,New South Wales,22.4,66.7,Summer,12,22.877419354838707,-0.48,0
2023-12-10,Sydney,New South Wales,21.2,62.6,Summer,12,22.877419354838707,-1.68,0
2023-12-11,Sydney,New South Wales,21.6,65.7,Summer,12,22.877419354838707,-1.28,0
2023-12-12,Sydney,New South Wales,23.5,70.2,Summer,12,22.877419354838707,0.62,0
2023-12-13,Sydney,New South Wales,23.6,69.3,Summer,12,22.877419354838707,0.72,0
2023-12-14,Sydney,New South Wales,21.7,71.2,Summer,12,22.877419354838707,-1.18,0
2023-12-15,Sydney,New South Wales,26.3,62.1,Summer,12,22.877419354838707,3.42,0
2023-12-16,Sydney,New South Wales,25.2,76.7,Summer,12,22.877419354838707,2.32,0
2023-12-17,Sydney,New South Wales,27.6,72.2,Summer,12,22.877419354838707,4.72,0
2023-12-18,Sydney,New South Wales,30.3,66.7,Summer,12,22.877419354838707,7.42,0
2023-12-19,Sydney,New South Wales,26.4,74.6,Summer,12,22.877419354838707,3.52,0
2023-12-20,Sydney,New South Wales,26.2,68.7,Summer,12,22.877419354838707,3.32,0
2023-12-21,Sydney,New South Wales,22.3,71.4,Summer,12,22.877419354838707,-0.58,0
2023-12-22,Sydney,New South Wales,24.6,58.3,Summer,12,22.877419354838707,1.72,0
2023-12-23,Sydney,New South Wales,25.4,67.3,Summer,12,22.877419354838707,2.52,0
2023-12-24,Sydney,New South Wales,26.2,72.8,Summer,12,22.877419354838707,3.32,0
2023-12-25,Sydney,New South Wales,22.9,75.0,Summer,12,22.877419354838707,0.02,0
2023-12-26,Sydney,New South Wales,21.3,71.2,Summer,12,22.877419354838707,-1.58,0
2023-12-27,Sydney,New South Wales,21.4,71.5,Summer,12,22.877419354838707,-1.48,0
2023-12-28,Sydney,New South Wales,21.2,60.7,Summer,12,22.877419354838707,-1.68,0
2023-12-29,Sydney,New South Wales,19.9,74.0,Summer,12,22.877419354838707,-2.98,0
2023-12-30,Sydney,New South Wales,18.1,58.5,Summer,12,22.877419354838707,-4.78,0
2023-12-31,Sydney,New South Wales,17.9,66.8,Summer,12,22.877419354838707,-4.98,0
2024-01-01,Sydney,New South Wales,24.5,62.3,Summer,1,22.804301075268818,1.7,0
2024-01-02,Sydney,New South Wales,22.3,72.9,Summer,1,22.804301075268818,-0.5,0
2024-01-03,Sydney,New South Wales,24.0,65.2,Summer,1,22.804301075268818,1.2,0
2024-01-04,Sydney,New South Wales,24.4,73.3,Summer,1,22.804301075268818,1.6,0
2024-01-05,Sydney,New South Wales,22.8,65.7,Summer,1,22.804301075268818,-0.0,0
2024-01-06,Sydney,New South Wales,24.0,65.6,Summer,1,22.804301075268818,1.2,0
2024-01-07,Sydney,New South Wales,21.3,65.2,Summer,1,22.804301075268818,-1.5,0
2024-01-08,Sydney,New South Wales,21.0,72.5,Summer,1,22.804301075268818,-1.8,0
2024-01-09,Sydney,New South Wales,21.8,72.0,Summer,1,22.804301075268818,-1.0,0
2024-01-10,Sydney,New South Wales,26.5,81.1,Summer,1,22.804301075268818,3.7,1
2024-01-11,Sydney,New South Wales,25.3,70.8,Summer,1,22.804301075268818,2.5,0
2024-01-12,Sydney,New South Wales,27.0,63.1,Summer,1,22.804301075268818,4.2,0
2024-01-13,Sydney,New South Wales,26.7,81.3,Summer,1,22.804301075268818,3.9,1
2024-01-14,Sydney,New South Wales,26.0,62.6,Summer,1,22.804301075268818,3.2,0
2024-01-15,Sydney,New South Wales,21.5,63.4,Summer,1,22.804301075268818,-1.3,0
2024-01-16,Sydney,New South Wales,22.0,65.4,Summer,1,22.804301075268818,-0.8,0
2024-01-17,Sydney,New South Wales,21.0,65.1,Summer,1,22.804301075268818,-1.8,0
2024-01-18,Sydney,New South Wales,20.3,73.2,Summer,1,22.804301075268818,-2.5,0
2024-01-19,Sydney,New South Wales,18.1,63.0,Summer,1,22.804301075268818,-4.7,0
2024-01-20,Sydney,New South Wales,18.4,70.7,Summer,1,22.804301075268818,-4.4,0
2024-01-21,Sydney,New South Wales,21.3,65.1,Summer,1,22.804301075268818,-1.5,0
2024-01-22,Sydney,New South Wales,19.7,70.9,Summer,1,22.804301075268818,-3.1,0
2024-01-23,Sydney,New South Wales,21.0,68.2,Summer,1,22.804301075268818,-1.8,0
2024-01-24,Sydney,New South Wales,22.2,73.8,Summer,1,22.804301075268818,-0.6,0
2024-01-25,Sydney,New South Wales,22.1,67.3,Summer,1,22.804301075268818,-0.7,0
2024-01-26,Sydney,New South Wales,21.1,71.5,Summer,1,22.804301075268818,-1.7,0
2024-01-27,Sydney,New South Wales,20.6,74.8,Summer,1,22.804301075268818,-2.2,0
2024-01-28,Sydney,New South Wales,21.1,67.3,Summer,1,22.804301075268818,-1.7,0
2024-01-29,Sydney,New South Wales,19.3,63.4,Summer,1,22.804301075268818,-3.5,0
2024-01-30,Sydney,New South Wales,20.2,69.9,Summer,1,22.804301075268818,-2.6,0
2024-01-31,Sydney,New South Wales,21.8,68.3,Summer,1,22.804301075268818,-1.0,0
2024-02-01,Sydney,New South Wales,23.5,63.6,Summer,2,24.00941176470588,-0.51,0
2024-02-02,Sydney,New South Wales,23.5,80.7,Summer,2,24.00941176470588,-0.51,1
2024-02-03,Sydney,New South Wales,26.0,83.1,Summer,2,24.00941176470588,1.99,1
2024-02-04,Sydney,New South Wales,28.4,77.4,Summer,2,24.00941176470588,4.39,0
2024-02-05,Sydney,New South Wales,26.7,74.6,Summer,2,24.00941176470588,2.69,0
2024-02-06,Sydney,New South Wales,25.1,79.5,Summer,2,24.00941176470588,1.09,0
2024-02-07,Sydney,New South Wales,24.7,64.7,Summer,2,24.00941176470588,0.69,0
2024-02-08,Sydney,New South Wales,25.7,76.1,Summer,2,24.00941176470588,1.69,0
2024-02-09,Sydney,New South Wales,24.4,68.7,Summer,2,24.00941176470588,0.39,0
2024-02-10,Sydney,New South Wales,25.6,84.2,Summer,2,24.00941176470588,1.59,1
2024-02-11,Sydney,New South Wales,19.9,76.7,Summer,2,24.00941176470588,-4.11,0
2024-02-12,Sydney,New South Wales,21.0,72.9,Summer,2,24.00941176470588,-3.01,0
2024-02-13,Sydney,New South Wales,21.1,69.3,Summer,2,24.00941176470588,-2.91,0
2024-02-14,Sydney,New South Wales,24.1,75.2,Summer,2,24.00941176470588,0.09,0
2024-02-15,Sydney,New South Wales,25.5,71.7,Summer,2,24.00941176470588,1.49,0
2024-02-16,Sydney,New South Wales,27.1,62.5,Summer,2,24.00941176470588,3.09,0
2024-02-17,Sydney,New South Wales,28.5,63.2,Summer,2,24.00941176470588,4.49,0
2024-02-18,Sydney,New South Wales,28.2,71.4,Summer,2,24.00941176470588,4.19,0
2024-02-19,Sydney,New South Wales,27.7,79.2,Summer,2,24.00941176470588,3.69,0
2024-02-20,Sydney,New South Wales,25.5,65.2,Summer,2,24.00941176470588,1.49,0
2024-02-21,Sydney,New South Wales,23.6,70.7,Summer,2,24.00941176470588,-0.41,0
2024-02-22,Sydney,New South Wales,22.5,65.5,Summer,2,24.00941176470588,-1.51,0
2024-02-23,Sydney,New South Wales,22.7,72.8,Summer,2,24.00941176470588,-1.31,0
2024-02-24,Sydney,New South Wales,20.9,78.0,Summer,2,24.00941176470588,-3.11,0
2024-02-25,Sydney,New South Wales,23.6,72.3,Summer,2,24.00941176470588,-0.41,0
2024-02-26,Sydney,New South Wales,22.3,74.8,Summer,2,24.00941176470588,-1.71,0
2024-02-27,Sydney,New South Wales,23.2,66.2,Summer,2,24.00941176470588,-0.81,0
2024-02-28,Sydney,New South Wales,21.1,69.5,Summer,2,24.00941176470588,-2.91,0
2024-02-29,Sydney,New South Wales,22.2,66.3,Summer,2,24.00941176470588,-1.81,0
2024-03-01,Sydney,New South Wales,22.3,76.6,Autumn,3,21.366666666666667,0.93,0
2024-03-02,Sydney,New South Wales,22.2,70.8,Autumn,3,21.366666666666667,0.83,0
2024-03-03,Sydney,New South Wales,24.2,76.2,Autumn,3,21.366666666666667,2.83,0
2024-03-04,Sydney,New South Wales,20.9,72.5,Autumn,3,21.366666666666667,-0.47,0
2024-03-05,Sydney,New South Wales,20.8,75.5,Autumn,3,21.366666666666667,-0.57,0
2024-03-06,Sydney,New South Wales,22.8,62.5,Autumn,3,21.366666666666667,1.43,0
2024-03-07,Sydney,New South Wales,26.8,57.6,Autumn,3,21.366666666666667,5.43,0
2024-03-08,Sydney,New South Wales,23.7,85.4,Autumn,3,21.366666666666667,2.33,1
2024-03-09,Sydney,New South Wales,23.9,81.3,Autumn,3,21.366666666666667,2.53,1
2024-03-10,Sydney,New South Wales,22.0,68.1,Autumn,3,21.366666666666667,0.63,0
2024-03-11,Sydney,New South Wales,22.8,62.8,Autumn,3,21.366666666666667,1.43,0
2024-03-12,Sydney,New South Wales,21.2,74.7,Autumn,3,21.366666666666667,-0.17,0
2024-03-13,Sydney,New South Wales,20.1,75.8,Autumn,3,21.366666666666667,-1.27,0
2024-03-14,Sydney,New South Wales,19.0,76.1,Autumn,3,21.366666666666667,-2.37,0
2024-03-15,Sydney,New South Wales,22.2,63.4,Autumn,3,21.366666666666667,0.83,0
2024-03-16,Sydney,New South Wales,21.5,66.5,Autumn,3,21.366666666666667,0.13,0
2024-03-17,Sydney,New South Wales,21.5,64.3,Autumn,3,21.366666666666667,0.13,0
2024-03-18,Sydney,New South Wales,23.0,71.8,Autumn,3,21.366666666666667,1.63,0
2024-03-19,Sydney,New South Wales,21.5,70.5,Autumn,3,21.366666666666667,0.13,0
2024-03-20,Sydney,New South Wales,21.9,57.7,Autumn,3,21.366666666666667,0.53,0
2024-03-21,Sydney,New South Wales,20.2,63.2,Autumn,3,21.366666666666667,-1.17,0
2024-03-22,Sydney,New South Wales,20.1,72.3,Autumn,3,21.366666666666667,-1.27,0
2024-03-23,Sydney,New South Wales,23.8,70.5,Autumn,3,21.366666666666667,2.43,0
2024-03-24,Sydney,New South Wales,19.9,77.8,Autumn,3,21.366666666666667,-1.47,0
2024-03-25,Sydney,New South Wales,19.3,72.6,Autumn,3,21.366666666666667,-2.07,0
2024-03-26,Sydney,New South Wales,22.9,66.1,Autumn,3,21.366666666666667,1.53,0
2024-03-27,Sydney,New South Wales,19.9,73.5,Autumn,3,21.366666666666667,-1.47,0
2024-03-28,Sydney,New South Wales,21.2,67.7,Autumn,3,21.366666666666667,-0.17,0
2024-03-29,Sydney,New South Wales,17.8,67.3,Autumn,3,21.366666666666667,-3.57,0
2024-03-30,Sydney,New South Wales,22.0,68.0,Autumn,3,21.366666666666667,0.63,0
2024-03-31,Sydney,New South Wales,21.0,65.4,Autumn,3,21.366666666666667,-0.37,0
2024-04-01,Sydney,New South Wales,20.3,62.9,Autumn,4,17.466666666666665,2.83,0
2024-04-02,Sydney,New South Wales,18.0,76.0,Autumn,4,17.466666666666665,0.53,0
2024-04-03,Sydney,New South Wales,14.5,70.7,Autumn,4,17.466666666666665,-2.97,0
2024-04-04,Sydney,New South Wales,16.7,77.8,Autumn,4,17.466666666666665,-0.77,0
2024-04-05,Sydney,New South Wales,15.9,64.8,Autumn,4,17.466666666666665,-1.57,0
2024-04-06,Sydney,New South Wales,16.3,77.4,Autumn,4,17.466666666666665,-1.17,0
2024-04-07,Sydney,New South Wales,19.1,65.2,Autumn,4,17.466666666666665,1.63,0
2024-04-08,Sydney,New South Wales,18.6,63.0,Autumn,4,17.466666666666665,1.13,0
2024-04-09,Sydney,New South Wales,15.3,82.7,Autumn,4,17.466666666666665,-2.17,1
2024-04-10,Sydney,New South Wales,14.9,71.9,Autumn,4,17.466666666666665,-2.57,0
2024-04-11,Sydney,New South Wales,16.6,76.9,Autumn,4,17.466666666666665,-0.87,0
2024-04-12,Sydney,New South Wales,18.6,80.2,Autumn,4,17.466666666666665,1.13,1
2024-04-13,Sydney,New South Wales,16.2,63.5,Autumn,4,17.466666666666665,-1.27,0
2024-04-14,Sydney,New South Wales,13.6,63.4,Autumn,4,17.466666666666665,-3.87,0
2024-04-15,Sydney,New South Wales,13.4,57.2,Autumn,4,17.466666666666665,-4.07,0
2024-04-16,Sydney,New South Wales,11.1,70.6,Autumn,4,17.466666666666665,-6.37,0
2024-04-17,Sydney,New South Wales,12.7,74.9,Autumn,4,17.466666666666665,-4.77,0
2024-04-18,Sydney,New South Wales,10.8,69.8,Autumn,4,17.466666666666665,-6.67,0
2024-04-19,Sydney,New South Wales,10.6,71.1,Autumn,4,17.466666666666665,-6.87,0
2024-04-20,Sydney,New South Wales,8.1,79.1,Autumn,4,17.466666666666665,-9.37,0
2024-04-21,Sydney,New South Wales,10.6,81.5,Autumn,4,17.466666666666665,-6.87,1
2024-04-22,Sydney,New South Wales,14.1,76.5,Autumn,4,17.466666666666665,-3.37,0
2024-04-23,Sydney,New South Wales,17.8,71.9,Autumn,4,17.466666666666665,0.33,0
2024-04-24,Sydney,New South Wales,18.3,66.0,Autumn,4,17.466666666666665,0.83,0
2024-04-25,Sydney,New South Wales,20.1,61.4,Autumn,4,17.466666666666665,2.63,0
2024-04-26,Sydney,New South Wales,17.3,71.0,Autumn,4,17.466666666666665,-0.17,0
2024-04-27,Sydney,New South Wales,17.0,66.2,Autumn,4,17.466666666666665,-0.47,0
2024-04-28,Sydney,New South Wales,16.8,72.9,Autumn,4,17.466666666666665,-0.67,0
2024-04-29,Sydney,New South Wales,15.3,75.9,Autumn,4,17.466666666666665,-2.17,0
2024-04-30,Sydney,New South Wales,15.3,70.8,Autumn,4,17.466666666666665,-2.17,0
2024-05-01,Sydney,New South Wales,15.5,68.2,Autumn,5,16.79247311827957,-1.29,0
2024-05-02,Sydney,New South Wales,17.3,72.5,Autumn,5,16.79247311827957,0.51,0
2024-05-03,Sydney,New South Wales,15.4,73.9,Autumn,5,16.79247311827957,-1.39,0
2024-05-04,Sydney,New South Wales,17.1,74.2,Autumn,5,16.79247311827957,0.31,0
2024-05-05,Sydney,New South Wales,21.5,79.4,Autumn,5,16.79247311827957,4.71,0
2024-05-06,Sydney,New South Wales,20.4,65.9,Autumn,5,16.79247311827957,3.61,0
2024-05-07,Sydney,New South Wales,17.0,68.7,Autumn,5,16.79247311827957,0.21,0
2024-05-08,Sydney,New South Wales,13.9,65.5,Autumn,5,16.79247311827957,-2.89,0
2024-05-09,Sydney,New South Wales,13.4,66.6,Autumn,5,16.79247311827957,-3.39,0
2024-05-10,Sydney,New South Wales,15.0,69.0,Autumn,5,16.79247311827957,-1.79,0
2024-05-11,Sydney,New South Wales,14.0,78.6,Autumn,5,16.79247311827957,-2.79,0
2024-05-12,Sydney,New South Wales,16.9,63.8,Autumn,5,16.79247311827957,0.11,0
2024-05-13,Sydney,New South Wales,16.3,64.4,Autumn,5,16.79247311827957,-0.49,0
2024-05-14,Sydney,New South Wales,11.8,71.3,Autumn,5,16.79247311827957,-4.99,0
2024-05-15,Sydney,New South Wales,12.0,78.4,Autumn,5,16.79247311827957,-4.79,0
2024-05-16,Sydney,New South Wales,12.7,73.0,Autumn,5,16.79247311827957,-4.09,0
2024-05-17,Sydney,New South Wales,13.7,68.2,Autumn,5,16.79247311827957,-3.09,0
2024-05-18,Sydney,New South Wales,14.0,68.8,Autumn,5,16.79247311827957,-2.79,0
2024-05-19,Sydney,New South Wales,13.7,71.2,Autumn,5,16.79247311827957,-3.09,0
2024-05-20,Sydney,New South Wales,14.7,68.8,Autumn,5,16.79247311827957,-2.09,0
2024-05-21,Sydney,New South Wales,12.1,70.6,Autumn,5,16.79247311827957,-4.69,0
2024-05-22,Sydney,New South Wales,12.2,69.6,Autumn,5,16.79247311827957,-4.59,0
2024-05-23,Sydney,New South Wales,17.1,68.7,Autumn,5,16.79247311827957,0.31,0
2024-05-24,Sydney,New South Wales,15.4,74.8,Autumn,5,16.79247311827957,-1.39,0
2024-05-25,Sydney,New South Wales,17.4,72.7,Autumn,5,16.79247311827957,0.61,0
2024-05-26,Sydney,New South Wales,17.3,76.9,Autumn,5,16.79247311827957,0.51,0
2024-05-27,Sydney,New South Wales,16.7,68.7,Autumn,5,16.79247311827957,-0.09,0
2024-05-28,Sydney,New South Wales,19.0,60.2,Autumn,5,16.79247311827957,2.21,0
2024-05-29,Sydney,New South Wales,16.5,70.0,Autumn,5,16.79247311827957,-0.29,0
2024-05-30,Sydney,New South Wales,15.1,61.6,Autumn,5,16.79247311827957,-1.69,0
2024-05-31,Sydney,New South Wales,14.1,75.0,Autumn,5,16.79247311827957,-2.69,0
2024-06-01,Sydney,New South Wales,8.5,48.3,Winter,6,14.016666666666667,-5.52,0
2024-06-02,Sydney,New South Wales,9.9,69.1,Winter,6,14.016666666666667,-4.12,0
2024-06-03,Sydney,New South Wales,8.7,59.8,Winter,6,14.016666666666667,-5.32,0
2024-06-04,Sydney,New South Wales,8.7,66.1,Winter,6,14.016666666666667,-5.32,0
2024-06-05,Sydney,New South Wales,12.2,66.4,Winter,6,14.016666666666667,-1.82,0
2024-06-06,Sydney,New South Wales,11.6,69.1,Winter,6,14.016666666666667,-2.42,0
2024-06-07,Sydney,New South Wales,12.3,70.6,Winter,6,14.016666666666667,-1.72,0
2024-06-08,Sydney,New South Wales,13.1,70.2,Winter,6,14.016666666666667,-0.92,0
2024-06-09,Sydney,New South Wales,14.4,75.1,Winter,6,14.016666666666667,0.38,0
2024-06-10,Sydney,New South Wales,14.4,65.1,Winter,6,14.016666666666667,0.38,0
2024-06-11,Sydney,New South Wales,14.1,66.4,Winter,6,14.016666666666667,0.08,0
2024-06-12,Sydney,New South Wales,18.0,60.8,Winter,6,14.016666666666667,3.98,0
2024-06-13,Sydney,New South Wales,19.2,76.0,Winter,6,14.016666666666667,5.18,0
2024-06-14,Sydney,New South Wales,16.9,78.4,Winter,6,14.016666666666667,2.88,0
2024-06-15,Sydney,New South Wales,19.2,71.8,Winter,6,14.016666666666667,5.18,0
2024-06-16,Sydney,New South Wales,22.3,75.8,Winter,6,14.016666666666667,8.28,0
2024-06-17,Sydney,New South Wales,15.5,63.1,Winter,6,14.016666666666667,1.48,0
2024-06-18,Sydney,New South Wales,15.7,69.2,Winter,6,14.016666666666667,1.68,0
2024-06-19,Sydney,New South Wales,16.1,68.8,Winter,6,14.016666666666667,2.08,0
2024-06-20,Sydney,New South Wales,13.6,74.5,Winter,6,14.016666666666667,-0.42,0
2024-06-21,Sydney,New South Wales,14.8,72.9,Winter,6,14.016666666666667,0.78,0
2024-06-22,Sydney,New South Wales,14.0,78.3,Winter,6,14.016666666666667,-0.02,0
2024-06-23,Sydney,New South Wales,14.4,71.9,Winter,6,14.016666666666667,0.38,0
2024-06-24,Sydney,New South Wales,21.3,55.5,Winter,6,14.016666666666667,7.28,0
2024-06-25,Sydney,New South Wales,15.8,55.4,Winter,6,14.016666666666667,1.78,0
2024-06-26,Sydney,New South Wales,15.2,57.9,Winter,6,14.016666666666667,1.18,0
2024-06-27,Sydney,New South Wales,14.2,80.0,Winter,6,14.016666666666667,0.18,0
2024-06-28,Sydney,New South Wales,16.3,67.3,Winter,6,14.016666666666667,2.28,0
2024-06-29,Sydney,New South Wales,14.0,70.4,Winter,6,14.016666666666667,-0.02,0
2024-06-30,Sydney,New South Wales,15.9,71.9,Winter,6,14.016666666666667,1.88,0
2024-07-01,Sydney,New South Wales,15.8,74.9,Winter,7,13.541935483870969,2.26,0
2024-07-02,Sydney,New South Wales,13.0,72.0,Winter,7,13.541935483870969,-0.54,0
2024-07-03,Sydney,New South Wales,14.7,65.7,Winter,7,13.541935483870969,1.16,0
2024-07-04,Sydney,New South Wales,17.0,68.0,Winter,7,13.541935483870969,3.46,0
2024-07-05,Sydney,New South Wales,16.6,68.1,Winter,7,13.541935483870969,3.06,0
2024-07-06,Sydney,New South Wales,16.7,64.2,Winter,7,13.541935483870969,3.16,0
2024-07-07,Sydney,New South Wales,13.1,66.7,Winter,7,13.541935483870969,-0.44,0
2024-07-08,Sydney,New South Wales,11.5,64.5,Winter,7,13.541935483870969,-2.04,0
2024-07-09,Sydney,New South Wales,12.5,73.4,Winter,7,13.541935483870969,-1.04,0
2024-07-10,Sydney,New South Wales,13.3,60.5,Winter,7,13.541935483870969,-0.24,0
2024-07-11,Sydney,New South Wales,13.2,74.2,Winter,7,13.541935483870969,-0.34,0
2024-07-12,Sydney,New South Wales,13.7,67.9,Winter,7,13.541935483870969,0.16,0
2024-07-13,Sydney,New South Wales,12.8,73.9,Winter,7,13.541935483870969,-0.74,0
2024-07-14,Sydney,New South Wales,11.6,64.9,Winter,7,13.541935483870969,-1.94,0
2024-07-15,Sydney,New South Wales,13.1,75.8,Winter,7,13.541935483870969,-0.44,0
2024-07-16,Sydney,New South Wales,10.1,70.1,Winter,7,13.541935483870969,-3.44,0
2024-07-17,Sydney,New South Wales,13.3,62.3,Winter,7,13.541935483870969,-0.24,0
2024-07-18,Sydney,New South Wales,11.8,70.1,Winter,7,13.541935483870969,-1.74,0
2024-07-19,Sydney,New South Wales,11.4,60.2,Winter,7,13.541935483870969,-2.14,0
2024-07-20,Sydney,New South Wales,8.8,64.5,Winter,7,13.541935483870969,-4.74,0
2024-07-21,Sydney,New South Wales,9.7,68.3,Winter,7,13.541935483870969,-3.84,0
2024-07-22,Sydney,New South Wales,9.2,58.9,Winter,7,13.541935483870969,-4.34,0
2024-07-23,Sydney,New South Wales,8.2,71.7,Winter,7,13.541935483870969,-5.34,0
2024-07-24,Sydney,New South Wales,9.3,59.4,Winter,7,13.541935483870969,-4.24,0
2024-07-25,Sydney,New South Wales,10.9,62.9,Winter,7,13.541935483870969,-2.64,0
2024-07-26,Sydney,New South Wales,11.9,66.1,Winter,7,13.541935483870969,-1.64,0
2024-07-27,Sydney,New South Wales,10.5,73.5,Winter,7,13.541935483870969,-3.04,0
2024-07-28,Sydney,New South Wales,12.0,77.1,Winter,7,13.541935483870969,-1.54,0
2024-07-29,Sydney,New South Wales,11.3,64.5,Winter,7,13.541935483870969,-2.24,0
2024-07-30,Sydney,New South Wales,13.6,68.8,Winter,7,13.541935483870969,0.06,0
2024-07-31,Sydney,New South Wales,12.9,71.0,Winter,7,13.541935483870969,-0.64,0
2024-08-01,Sydney,New South Wales,11.8,68.3,Winter,8,14.401075268817204,-2.6,0
2024-08-02,Sydney,New South Wales,16.7,59.2,Winter,8,14.401075268817204,2.3,0
2024-08-03,Sydney,New South Wales,12.8,55.2,Winter,8,14.401075268817204,-1.6,0
2024-08-04,Sydney,New South Wales,14.5,56.4,Winter,8,14.401075268817204,0.1,0
2024-08-05,Sydney,New South Wales,17.2,61.7,Winter,8,14.401075268817204,2.8,0
2024-08-06,Sydney,New South Wales,18.6,58.6,Winter,8,14.401075268817204,4.2,0
2024-08-07,Sydney,New South Wales,17.4,68.5,Winter,8,14.401075268817204,3.0,0
2024-08-08,Sydney,New South Wales,16.9,67.5,Winter,8,14.401075268817204,2.5,0
2024-08-09,Sydney,New South Wales,14.7,73.4,Winter,8,14.401075268817204,0.3,0
2024-08-10,Sydney,New South Wales,11.1,71.1,Winter,8,14.401075268817204,-3.3,0
2024-08-11,Sydney,New South Wales,10.7,70.5,Winter,8,14.401075268817204,-3.7,0
2024-08-12,Sydney,New South Wales,16.0,59.0,Winter,8,14.401075268817204,1.6,0
2024-08-13,Sydney,New South Wales,14.4,62.3,Winter,8,14.401075268817204,-0.0,0
2024-08-14,Sydney,New South Wales,11.0,53.6,Winter,8,14.401075268817204,-3.4,0
2024-08-15,Sydney,New South Wales,13.8,57.2,Winter,8,14.401075268817204,-0.6,0
2024-08-16,Sydney,New South Wales,14.0,65.5,Winter,8,14.401075268817204,-0.4,0
2024-08-17,Sydney,New South Wales,12.8,61.8,Winter,8,14.401075268817204,-1.6,0
2024-08-18,Sydney,New South Wales,12.5,60.3,Winter,8,14.401075268817204,-1.9,0
2024-08-19,Sydney,New South Wales,11.5,64.5,Winter,8,14.401075268817204,-2.9,0
2024-08-20,Sydney,New South Wales,13.3,66.0,Winter,8,14.401075268817204,-1.1,0
2024-08-21,Sydney,New South Wales,11.9,56.6,Winter,8,14.401075268817204,-2.5,0
2024-08-22,Sydney,New South Wales,10.7,64.3,Winter,8,14.401075268817204,-3.7,0
2024-08-23,Sydney,New South Wales,11.2,59.8,Winter,8,14.401075268817204,-3.2,0
2024-08-24,Sydney,New South Wales,11.9,65.9,Winter,8,14.401075268817204,-2.5,0
2024-08-25,Sydney,New South Wales,12.6,59.2,Winter,8,14.401075268817204,-1.8,0
2024-08-26,Sydney,New South Wales,11.9,63.7,Winter,8,14.401075268817204,-2.5,0
2024-08-27,Sydney,New South Wales,15.1,63.6,Winter,8,14.401075268817204,0.7,0
2024-08-28,Sydney,New South Wales,12.5,53.5,Winter,8,14.401075268817204,-1.9,0
2024-08-29,Sydney,New South Wales,11.6,67.4,Winter,8,14.401075268817204,-2.8,0
2024-08-30,Sydney,New South Wales,7.1,69.3,Winter,8,14.401075268817204,-7.3,0
2024-08-31,Sydney,New South Wales,9.5,68.0,Winter,8,14.401075268817204,-4.9,0
2024-09-01,Sydney,New South Wales,12.0,60.8,Spring,9,16.694444444444443,-4.69,0
2024-09-02,Sydney,New South Wales,13.4,55.6,Spring,9,16.694444444444443,-3.29,0
2024-09-03,Sydney,New South Wales,16.3,60.1,Spring,9,16.694444444444443,-0.39,0
2024-09-04,Sydney,New South Wales,19.2,71.5,Spring,9,16.694444444444443,2.51,0
2024-09-05,Sydney,New South Wales,15.9,60.2,Spring,9,16.694444444444443,-0.79,0
2024-09-06,Sydney,New South Wales,15.1,63.7,Spring,9,16.694444444444443,-1.59,0
2024-09-07,Sydney,New South Wales,13.3,58.3,Spring,9,16.694444444444443,-3.39,0
2024-09-08,Sydney,New South Wales,13.7,56.0,Spring,9,16.694444444444443,-2.99,0
2024-09-09,Sydney,New South Wales,13.6,68.7,Spring,9,16.694444444444443,-3.09,0
2024-09-10,Sydney,New South Wales,13.3,56.4,Spring,9,16.694444444444443,-3.39,0
2024-09-11,Sydney,New South Wales,17.5,61.5,Spring,9,16.694444444444443,0.81,0
2024-09-12,Sydney,New South Wales,17.1,65.5,Spring,9,16.694444444444443,0.41,0
2024-09-13,Sydney,New South Wales,16.8,55.2,Spring,9,16.694444444444443,0.11,0
2024-09-14,Sydney,New South Wales,13.8,65.8,Spring,9,16.694444444444443,-2.89,0
2024-09-15,Sydney,New South Wales,18.3,54.8,Spring,9,16.694444444444443,1.61,0
2024-09-16,Sydney,New South Wales,21.4,59.5,Spring,9,16.694444444444443,4.71,0
2024-09-17,Sydney,New South Wales,22.1,59.8,Spring,9,16.694444444444443,5.41,0
2024-09-18,Sydney,New South Wales,19.8,55.3,Spring,9,16.694444444444443,3.11,0
2024-09-19,Sydney,New South Wales,17.4,67.7,Spring,9,16.694444444444443,0.71,0
2024-09-20,Sydney,New South Wales,18.7,61.3,Spring,9,16.694444444444443,2.01,0
2024-09-21,Sydney,New South Wales,16.4,55.3,Spring,9,16.694444444444443,-0.29,0
2024-09-22,Sydney,New South Wales,17.6,65.5,Spring,9,16.694444444444443,0.91,0
2024-09-23,Sydney,New South Wales,18.3,61.0,Spring,9,16.694444444444443,1.61,0
2024-09-24,Sydney,New South Wales,20.4,56.8,Spring,9,16.694444444444443,3.71,0
2024-09-25,Sydney,New South Wales,17.2,52.9,Spring,9,16.694444444444443,0.51,0
2024-09-26,Sydney,New South Wales,16.8,63.3,Spring,9,16.694444444444443,0.11,0
2024-09-27,Sydney,New South Wales,15.6,62.6,Spring,9,16.694444444444443,-1.09,0
2024-09-28,Sydney,New South Wales,19.1,71.8,Spring,9,16.694444444444443,2.41,0
2024-09-29,Sydney,New South Wales,19.6,53.4,Spring,9,16.694444444444443,2.91,0
2024-09-30,Sydney,New South Wales,17.8,59.5,Spring,9,16.694444444444443,1.11,0
2024-10-01,Sydney,New South Wales,19.7,65.3,Spring,10,18.123655913978496,1.58,0
2024-10-02,Sydney,New South Wales,18.8,60.6,Spring,10,18.123655913978496,0.68,0
2024-10-03,Sydney,New South Wales,15.0,60.8,Spring,10,18.123655913978496,-3.12,0
2024-10-04,Sydney,New South Wales,17.1,63.4,Spring,10,18.123655913978496,-1.02,0
2024-10-05,Sydney,New South Wales,20.1,62.7,Spring,10,18.123655913978496,1.98,0
2024-10-06,Sydney,New South Wales,18.2,60.1,Spring,10,18.123655913978496,0.08,0
2024-10-07,Sydney,New South Wales,15.2,67.1,Spring,10,18.123655913978496,-2.92,0
2024-10-08,Sydney,New South Wales,13.3,73.9,Spring,10,18.123655913978496,-4.82,0
2024-10-09,Sydney,New South Wales,13.2,60.7,Spring,10,18.123655913978496,-4.92,0
2024-10-10,Sydney,New South Wales,13.6,66.8,Spring,10,18.123655913978496,-4.52,0
2024-10-11,Sydney,New South Wales,17.0,68.0,Spring,10,18.123655913978496,-1.12,0
2024-10-12,Sydney,New South Wales,21.1,59.0,Spring,10,18.123655913978496,2.98,0
2024-10-13,Sydney,New South Wales,22.4,71.4,Spring,10,18.123655913978496,4.28,0
2024-10-14,Sydney,New South Wales,20.3,66.4,Spring,10,18.123655913978496,2.18,0
2024-10-15,Sydney,New South Wales,21.3,49.6,Spring,10,18.123655913978496,3.18,0
2024-10-16,Sydney,New South Wales,20.2,64.5,Spring,10,18.123655913978496,2.08,0
2024-10-17,Sydney,New South Wales,18.4,56.1,Spring,10,18.123655913978496,0.28,0
2024-10-18,Sydney,New South Wales,16.2,66.0,Spring,10,18.123655913978496,-1.92,0
2024-10-19,Sydney,New South Wales,17.3,66.9,Spring,10,18.123655913978496,-0.82,0
2024-10-20,Sydney,New South Wales,17.2,62.7,Spring,10,18.123655913978496,-0.92,0
2024-10-21,Sydney,New South Wales,17.5,69.6,Spring,10,18.123655913978496,-0.62,0
2024-10-22,Sydney,New South Wales,18.0,71.6,Spring,10,18.123655913978496,-0.12,0
2024-10-23,Sydney,New South Wales,14.0,62.5,Spring,10,18.123655913978496,-4.12,0
2024-10-24,Sydney,New South Wales,20.8,59.6,Spring,10,18.123655913978496,2.68,0
2024-10-25,Sydney,New South Wales,17.0,59.4,Spring,10,18.123655913978496,-1.12,0
2024-10-26,Sydney,New South Wales,16.2,64.9,Spring,10,18.123655913978496,-1.92,0
2024-10-27,Sydney,New South Wales,17.9,55.1,Spring,10,18.123655913978496,-0.22,0
2024-10-28,Sydney,New South Wales,16.4,69.8,Spring,10,18.123655913978496,-1.72,0
2024-10-29,Sydney,New South Wales,16.0,52.4,Spring,10,18.123655913978496,-2.12,0
2024-10-30,Sydney,New South Wales,18.3,58.9,Spring,10,18.123655913978496,0.18,0
2024-10-31,Sydney,New South Wales,19.5,66.0,Spring,10,18.123655913978496,1.38,0
2024-11-01,Sydney,New South Wales,19.6,61.6,Spring,11,19.665555555555557,-0.07,0
2024-11-02,Sydney,New South Wales,17.8,65.5,Spring,11,19.665555555555557,-1.87,0
2024-11-03,Sydney,New South Wales,13.9,63.3,Spring,11,19.665555555555557,-5.77,0
2024-11-04,Sydney,New South Wales,14.8,66.8,Spring,11,19.665555555555557,-4.87,0
2024-11-05,Sydney,New South Wales,16.3,64.0,Spring,11,19.665555555555557,-3.37,0
2024-11-06,Sydney,New South Wales,19.2,73.7,Spring,11,19.665555555555557,-0.47,0
2024-11-07,Sydney,New South Wales,19.6,67.5,Spring,11,19.665555555555557,-0.07,0
2024-11-08,Sydney,New South Wales,18.0,68.9,Spring,11,19.665555555555557,-1.67,0
2024-11-09,Sydney,New South Wales,19.0,77.7,Spring,11,19.665555555555557,-0.67,0
2024-11-10,Sydney,New South Wales,18.2,67.0,Spring,11,19.665555555555557,-1.47,0
2024-11-11,Sydney,New South Wales,18.1,61.5,Spring,11,19.665555555555557,-1.57,0
2024-11-12,Sydney,New South Wales,18.9,66.4,Spring,11,19.665555555555557,-0.77,0
2024-11-13,Sydney,New South Wales,23.7,51.8,Spring,11,19.665555555555557,4.03,0
2024-11-14,Sydney,New South Wales,26.8,64.5,Spring,11,19.665555555555557,7.13,0
2024-11-15,Sydney,New South Wales,24.6,59.7,Spring,11,19.665555555555557,4.93,0
2024-11-16,Sydney,New South Wales,21.9,60.1,Spring,11,19.665555555555557,2.23,0
2024-11-17,Sydney,New South Wales,23.7,72.6,Spring,11,19.665555555555557,4.03,0
2024-11-18,Sydney,New South Wales,23.0,68.2,Spring,11,19.665555555555557,3.33,0
2024-11-19,Sydney,New South Wales,21.6,66.2,Spring,11,19.665555555555557,1.93,0
2024-11-20,Sydney,New South Wales,21.1,75.8,Spring,11,19.665555555555557,1.43,0
2024-11-21,Sydney,New South Wales,21.2,71.8,Spring,11,19.665555555555557,1.53,0
2024-11-22,Sydney,New South Wales,21.8,63.8,Spring,11,19.665555555555557,2.13,0
2024-11-23,Sydney,New South Wales,21.7,63.6,Spring,11,19.665555555555557,2.03,0
2024-11-24,Sydney,New South Wales,18.8,67.8,Spring,11,19.665555555555557,-0.87,0
2024-11-25,Sydney,New South Wales,19.9,65.9,Spring,11,19.665555555555557,0.23,0
2024-11-26,Sydney,New South Wales,16.6,77.5,Spring,11,19.665555555555557,-3.07,0
2024-11-27,Sydney,New South Wales,15.0,58.8,Spring,11,19.665555555555557,-4.67,0
2024-11-28,Sydney,New South Wales,14.8,61.8,Spring,11,19.665555555555557,-4.87,0
2024-11-29,Sydney,New South Wales,17.8,76.8,Spring,11,19.665555555555557,-1.87,0
2024-11-30,Sydney,New South Wales,18.5,65.9,Spring,11,19.665555555555557,-1.17,0
2024-12-01,Sydney,New South Wales,23.1,65.7,Summer,12,22.877419354838707,0.22,0
2024-12-02,Sydney,New South Wales,23.3,68.5,Summer,12,22.877419354838707,0.42,0
2024-12-03,Sydney,New South Wales,20.3,64.6,Summer,12,22.877419354838707,-2.58,0
2024-12-04,Sydney,New South Wales,24.1,56.3,Summer,12,22.877419354838707,1.22,0
2024-12-05,Sydney,New South Wales,24.5,74.4,Summer,12,22.877419354838707,1.62,0
2024-12-06,Sydney,New South Wales,25.2,62.4,Summer,12,22.877419354838707,2.32,0
2024-12-07,Sydney,New South Wales,26.3,74.0,Summer,12,22.877419354838707,3.42,0
2024-12-08,Sydney,New South Wales,24.6,65.1,Summer,12,22.877419354838707,1.72,0
2024-12-09,Sydney,New South Wales,25.0,65.1,Summer,12,22.877419354838707,2.12,0
2024-12-10,Sydney,New South Wales,22.5,71.2,Summer,12,22.877419354838707,-0.38,0
2024-12-11,Sydney,New South Wales,23.1,62.2,Summer,12,22.877419354838707,0.22,0
2024-12-12,Sydney,New South Wales,21.5,70.3,Summer,12,22.877419354838707,-1.38,0
2024-12-13,Sydney,New South Wales,18.6,67.0,Summer,12,22.877419354838707,-4.28,0
2024-12-14,Sydney,New South Wales,18.8,66.2,Summer,12,22.877419354838707,-4.08,0
2024-12-15,Sydney,New South Wales,22.7,72.0,Summer,12,22.877419354838707,-0.18,0
2024-12-16,Sydney,New South Wales,22.4,63.9,Summer,12,22.877419354838707,-0.48,0
2024-12-17,Sydney,New South Wales,22.6,72.2,Summer,12,22.877419354838707,-0.28,0
2024-12-18,Sydney,New South Wales,24.2,70.5,Summer,12,22.877419354838707,1.32,0
2024-12-19,Sydney,New South Wales,20.8,71.1,Summer,12,22.877419354838707,-2.08,0
2024-12-20,Sydney,New South Wales,23.9,77.3,Summer,12,22.877419354838707,1.02,0
2024-12-21,Sydney,New South Wales,25.7,69.5,Summer,12,22.877419354838707,2.82,0
2024-12-22,Sydney,New South Wales,24.4,67.8,Summer,12,22.877419354838707,1.52,0
2024-12-23,Sydney,New South Wales,27.8,63.6,Summer,12,22.877419354838707,4.92,0
2024-12-24,Sydney,New South Wales,25.2,63.9,Summer,12,22.877419354838707,2.32,0
2024-12-25,Sydney,New South Wales,22.2,65.4,Summer,12,22.877419354838707,-0.68,0
2024-12-26,Sydney,New South Wales,22.2,60.2,Summer,12,22.877419354838707,-0.68,0
2024-12-27,Sydney,New South Wales,21.6,68.7,Summer,12,22.877419354838707,-1.28,0
2024-12-28,Sydney,New South Wales,19.0,69.4,Summer,12,22.877419354838707,-3.88,0
2024-12-29,Sydney,New South Wales,20.4,74.4,Summer,12,22.877419354838707,-2.48,0
2024-12-30,Sydney,New South Wales,21.3,65.8,Summer,12,22.877419354838707,-1.58,0
2024-12-31,Sydney,New South Wales,21.0,72.1,Summer,12,22.877419354838707,-1.88,0
2025-01-01,Sydney,New South Wales,24.2,69.9,Summer,1,22.804301075268818,1.4,0
2025-01-02,Sydney,New South Wales,22.9,70.4,Summer,1,22.804301075268818,0.1,0
2025-01-03,Sydney,New South Wales,19.4,63.8,Summer,1,22.804301075268818,-3.4,0
2025-01-04,Sydney,New South Wales,21.5,80.1,Summer,1,22.804301075268818,-1.3,1
2025-01-05,Sydney,New South Wales,23.3,75.9,Summer,1,22.804301075268818,0.5,0
2025-01-06,Sydney,New South Wales,27.7,75.0,Summer,1,22.804301075268818,4.9,0
2025-01-07,Sydney,New South Wales,29.4,71.4,Summer,1,22.804301075268818,6.6,0
2025-01-08,Sydney,New South Wales,29.1,71.7,Summer,1,22.804301075268818,6.3,0
2025-01-09,Sydney,New South Wales,27.2,65.1,Summer,1,22.804301075268818,4.4,0
2025-01-10,Sydney,New South Wales,30.1,84.7,Summer,1,22.804301075268818,7.3,1
2025-01-11,Sydney,New South Wales,27.9,57.9,Summer,1,22.804301075268818,5.1,0
2025-01-12,Sydney,New South Wales,25.0,71.2,Summer,1,22.804301075268818,2.2,0
2025-01-13,Sydney,New South Wales,27.8,70.2,Summer,1,22.804301075268818,5.0,0
2025-01-14,Sydney,New South Wales,26.7,76.6,Summer,1,22.804301075268818,3.9,0
2025-01-15,Sydney,New South Wales,24.4,70.9,Summer,1,22.804301075268818,1.6,0
2025-01-16,Sydney,New South Wales,24.2,79.5,Summer,1,22.804301075268818,1.4,0
2025-01-17,Sydney,New South Wales,24.7,73.9,Summer,1,22.804301075268818,1.9,0
2025-01-18,Sydney,New South Wales,22.9,67.5,Summer,1,22.804301075268818,0.1,0
2025-01-19,Sydney,New South Wales,21.4,64.9,Summer,1,22.804301075268818,-1.4,0
2025-01-20,Sydney,New South Wales,23.1,74.3,Summer,1,22.804301075268818,0.3,0
2025-01-21,Sydney,New South Wales,19.9,78.1,Summer,1,22.804301075268818,-2.9,0
2025-01-22,Sydney,New South Wales,18.1,73.9,Summer,1,22.804301075268818,-4.7,0
2025-01-23,Sydney,New South Wales,19.5,73.7,Summer,1,22.804301075268818,-3.3,0
2025-01-24,Sydney,New South Wales,19.1,74.8,Summer,1,22.804301075268818,-3.7,0
2025-01-25,Sydney,New South Wales,21.5,72.9,Summer,1,22.804301075268818,-1.3,0
2025-01-26,Sydney,New South Wales,21.7,69.5,Summer,1,22.804301075268818,-1.1,0
2025-01-27,Sydney,New South Wales,20.7,57.7,Summer,1,22.804301075268818,-2.1,0
2025-01-28,Sydney,New South Wales,19.6,76.6,Summer,1,22.804301075268818,-3.2,0
2025-01-29,Sydney,New South Wales,22.9,64.6,Summer,1,22.804301075268818,0.1,0
2025-01-30,Sydney,New South Wales,20.4,62.7,Summer,1,22.804301075268818,-2.4,0
2025-01-31,Sydney,New South Wales,21.3,57.4,Summer,1,22.804301075268818,-1.5,0
2025-02-01,Sydney,New South Wales,24.8,68.0,Summer,2,24.00941176470588,0.79,0
2025-02-02,Sydney,New South Wales,23.3,72.8,Summer,2,24.00941176470588,-0.71,0
2025-02-03,Sydney,New South Wales,27.9,78.9,Summer,2,24.00941176470588,3.89,0
2025-02-04,Sydney,New South Wales,26.9,77.8,Summer,2,24.00941176470588,2.89,0
2025-02-05,Sydney,New South Wales,29.2,67.0,Summer,2,24.00941176470588,5.19,0
2025-02-06,Sydney,New South Wales,28.4,74.3,Summer,2,24.00941176470588,4.39,0
2025-02-07,Sydney,New South Wales,28.1,72.4,Summer,2,24.00941176470588,4.09,0
2025-02-08,Sydney,New South Wales,25.9,62.6,Summer,2,24.00941176470588,1.89,0
2025-02-09,Sydney,New South Wales,24.5,74.0,Summer,2,24.00941176470588,0.49,0
2025-02-10,Sydney,New South Wales,22.7,77.0,Summer,2,24.00941176470588,-1.31,0
2025-02-11,Sydney,New South Wales,24.3,73.6,Summer,2,24.00941176470588,0.29,0
2025-02-12,Sydney,New South Wales,22.4,67.4,Summer,2,24.00941176470588,-1.61,0
2025-02-13,Sydney,New South Wales,24.7,63.6,Summer,2,24.00941176470588,0.69,0
2025-02-14,Sydney,New South Wales,24.7,70.4,Summer,2,24.00941176470588,0.69,0
2025-02-15,Sydney,New South Wales,23.2,75.1,Summer,2,24.00941176470588,-0.81,0
2025-02-16,Sydney,New South Wales,25.0,62.5,Summer,2,24.00941176470588,0.99,0
2025-02-17,Sydney,New South Wales,20.3,75.4,Summer,2,24.00941176470588,-3.71,0
2025-02-18,Sydney,New South Wales,22.1,69.4,Summer,2,24.00941176470588,-1.91,0
2025-02-19,Sydney,New South Wales,17.3,74.7,Summer,2,24.00941176470588,-6.71,0
2025-02-20,Sydney,New South Wales,20.4,68.3,Summer,2,24.00941176470588,-3.61,0
2025-02-21,Sydney,New South Wales,24.9,72.8,Summer,2,24.00941176470588,0.89,0
2025-02-22,Sydney,New South Wales,21.1,81.2,Summer,2,24.00941176470588,-2.91,1
2025-02-23,Sydney,New South Wales,17.7,70.5,Summer,2,24.00941176470588,-6.31,0
2025-02-24,Sydney,New South Wales,18.8,69.4,Summer,2,24.00941176470588,-5.21,0
2025-02-25,Sydney,New South Wales,24.6,69.9,Summer,2,24.00941176470588,0.59,0
2025-02-26,Sydney,New South Wales,28.3,75.1,Summer,2,24.00941176470588,4.29,0
2025-02-27,Sydney,New South Wales,22.0,67.7,Summer,2,24.00941176470588,-2.01,0
2025-02-28,Sydney,New South Wales,23.7,64.8,Summer,2,24.00941176470588,-0.31,0
2025-03-01,Sydney,New South Wales,18.4,80.5,Autumn,3,21.366666666666667,-2.97,1
2025-03-02,Sydney,New South Wales,20.2,61.3,Autumn,3,21.366666666666667,-1.17,0
2025-03-03,Sydney,New South Wales,17.9,83.0,Autumn,3,21.366666666666667,-3.47,1
2025-03-04,Sydney,New South Wales,17.7,71.5,Autumn,3,21.366666666666667,-3.67,0
2025-03-05,Sydney,New South Wales,17.0,70.1,Autumn,3,21.366666666666667,-4.37,0
2025-03-06,Sydney,New South Wales,17.6,68.5,Autumn,3,21.366666666666667,-3.77,0
2025-03-07,Sydney,New South Wales,18.2,81.8,Autumn,3,21.366666666666667,-3.17,1
2025-03-08,Sydney,New South Wales,20.9,73.4,Autumn,3,21.366666666666667,-0.47,0
2025-03-09,Sydney,New South Wales,21.1,96.3,Autumn,3,21.366666666666667,-0.27,1
2025-03-10,Sydney,New South Wales,22.8,77.2,Autumn,3,21.366666666666667,1.43,0
2025-03-11,Sydney,New South Wales,23.5,76.6,Autumn,3,21.366666666666667,2.13,0
2025-03-12,Sydney,New South Wales,26.0,74.7,Autumn,3,21.366666666666667,4.63,0
2025-03-13,Sydney,New South Wales,23.2,64.0,Autumn,3,21.366666666666667,1.83,0
2025-03-14,Sydney,New South Wales,23.7,76.6,Autumn,3,21.366666666666667,2.33,0
2025-03-15,Sydney,New South Wales,18.9,73.7,Autumn,3,21.366666666666667,-2.47,0
2025-03-16,Sydney,New South Wales,19.9,73.4,Autumn,3,21.366666666666667,-1.47,0
2025-03-17,Sydney,New South Wales,17.4,80.2,Autumn,3,21.366666666666667,-3.97,1
2025-03-18,Sydney,New South Wales,19.2,72.9,Autumn,3,21.366666666666667,-2.17,0
2025-03-19,Sydney,New South Wales,19.8,69.7,Autumn,3,21.366666666666667,-1.57,0
2025-03-20,Sydney,New South Wales,18.8,84.4,Autumn,3,21.366666666666667,-2.57,1
2025-03-21,Sydney,New South Wales,23.0,87.6,Autumn,3,21.366666666666667,1.63,1
2025-03-22,Sydney,New South Wales,26.1,70.8,Autumn,3,21.366666666666667,4.73,0
2025-03-23,Sydney,New South Wales,25.5,75.8,Autumn,3,21.366666666666667,4.13,0
2025-03-24,Sydney,New South Wales,28.2,69.7,Autumn,3,21.366666666666667,6.83,0
2025-03-25,Sydney,New South Wales,24.1,65.7,Autumn,3,21.366666666666667,2.73,0
2025-03-26,Sydney,New South Wales,22.4,69.9,Autumn,3,21.366666666666667,1.03,0
2025-03-27,Sydney,New South Wales,22.3,65.2,Autumn,3,21.366666666666667,0.93,0
2025-03-28,Sydney,New South Wales,20.1,76.4,Autumn,3,21.366666666666667,-1.27,0
2025-03-29,Sydney,New South Wales,22.3,68.6,Autumn,3,21.366666666666667,0.93,0
2025-03-30,Sydney,New South Wales,21.7,78.5,Autumn,3,21.366666666666667,0.33,0
2025-03-31,Sydney,New South Wales,20.3,67.2,Autumn,3,21.366666666666667,-1.07,0
2025-04-01,Sydney,New South Wales,20.1,68.3,Autumn,4,17.466666666666665,2.63,0
2025-04-02,Sydney,New South Wales,18.8,60.9,Autumn,4,17.466666666666665,1.33,0
2025-04-03,Sydney,New South Wales,20.1,67.1,Autumn,4,17.466666666666665,2.63,0
2025-04-04,Sydney,New South Wales,21.4,57.0,Autumn,4,17.466666666666665,3.93,0
2025-04-05,Sydney,New South Wales,19.1,74.9,Autumn,4,17.466666666666665,1.63,0
2025-04-06,Sydney,New South Wales,18.1,62.8,Autumn,4,17.466666666666665,0.63,0
2025-04-07,Sydney,New South Wales,19.9,67.6,Autumn,4,17.466666666666665,2.43,0
2025-04-08,Sydney,New South Wales,19.1,57.3,Autumn,4,17.466666666666665,1.63,0
2025-04-09,Sydney,New South Wales,21.0,64.1,Autumn,4,17.466666666666665,3.53,0
2025-04-10,Sydney,New South Wales,17.1,59.0,Autumn,4,17.466666666666665,-0.37,0
2025-04-11,Sydney,New South Wales,16.3,76.5,Autumn,4,17.466666666666665,-1.17,0
2025-04-12,Sydney,New South Wales,15.2,55.1,Autumn,4,17.466666666666665,-2.27,0
2025-04-13,Sydney,New South Wales,12.1,67.5,Autumn,4,17.466666666666665,-5.37,0
2025-04-14,Sydney,New South Wales,13.9,66.9,Autumn,4,17.466666666666665,-3.57,0
2025-04-15,Sydney,New South Wales,13.5,70.8,Autumn,4,17.466666666666665,-3.97,0
2025-04-16,Sydney,New South Wales,12.9,70.2,Autumn,4,17.466666666666665,-4.57,0
2025-04-17,Sydney,New South Wales,14.6,64.8,Autumn,4,17.466666666666665,-2.87,0
2025-04-18,Sydney,New South Wales,18.4,63.5,Autumn,4,17.466666666666665,0.93,0
2025-04-19,Sydney,New South Wales,16.2,78.3,Autumn,4,17.466666666666665,-1.27,0
2025-04-20,Sydney,New South Wales,20.0,82.3,Autumn,4,17.466666666666665,2.53,1
2025-04-21,Sydney,New South Wales,19.1,71.3,Autumn,4,17.466666666666665,1.63,0
2025-04-22,Sydney,New South Wales,17.5,76.0,Autumn,4,17.466666666666665,0.03,0
2025-04-23,Sydney,New South Wales,18.3,59.0,Autumn,4,17.466666666666665,0.83,0
2025-04-24,Sydney,New South Wales,20.3,68.1,Autumn,4,17.466666666666665,2.83,0
2025-04-25,Sydney,New South Wales,18.7,67.4,Autumn,4,17.466666666666665,1.23,0
2025-04-26,Sydney,New South Wales,15.9,64.5,Autumn,4,17.466666666666665,-1.57,0
2025-04-27,Sydney,New South Wales,16.6,76.4,Autumn,4,17.466666666666665,-0.87,0
2025-04-28,Sydney,New South Wales,18.8,75.0,Autumn,4,17.466666666666665,1.33,0
2025-04-29,Sydney,New South Wales,21.2,71.2,Autumn,4,17.466666666666665,3.73,0
2025-04-30,Sydney,New South Wales,20.0,79.1,Autumn,4,17.466666666666665,2.53,0
2025-05-01,Sydney,New South Wales,14.4,74.1,Autumn,5,16.79247311827957,-2.39,0
2025-05-02,Sydney,New South Wales,16.0,71.1,Autumn,5,16.79247311827957,-0.79,0
2025-05-03,Sydney,New South Wales,22.0,72.9,Autumn,5,16.79247311827957,5.21,0
2025-05-04,Sydney,New South Wales,25.9,77.5,Autumn,5,16.79247311827957,9.11,0
2025-05-05,Sydney,New South Wales,24.9,63.6,Autumn,5,16.79247311827957,8.11,0
2025-05-06,Sydney,New South Wales,20.3,76.7,Autumn,5,16.79247311827957,3.51,0
2025-05-07,Sydney,New South Wales,18.0,57.4,Autumn,5,16.79247311827957,1.21,0
2025-05-08,Sydney,New South Wales,19.8,64.9,Autumn,5,16.79247311827957,3.01,0
2025-05-09,Sydney,New South Wales,17.7,69.7,Autumn,5,16.79247311827957,0.91,0
2025-05-10,Sydney,New South Wales,16.3,69.6,Autumn,5,16.79247311827957,-0.49,0
2025-05-11,Sydney,New South Wales,20.1,62.4,Autumn,5,16.79247311827957,3.31,0
2025-05-12,Sydney,New South Wales,18.0,67.2,Autumn,5,16.79247311827957,1.21,0
2025-05-13,Sydney,New South Wales,18.9,67.1,Autumn,5,16.79247311827957,2.11,0
2025-05-14,Sydney,New South Wales,17.4,60.5,Autumn,5,16.79247311827957,0.61,0
2025-05-15,Sydney,New South Wales,17.6,72.2,Autumn,5,16.79247311827957,0.81,0
2025-05-16,Sydney,New South Wales,18.8,70.4,Autumn,5,16.79247311827957,2.01,0
2025-05-17,Sydney,New South Wales,16.6,66.2,Autumn,5,16.79247311827957,-0.19,0
2025-05-18,Sydney,New South Wales,17.4,70.3,Autumn,5,16.79247311827957,0.61,0
2025-05-19,Sydney,New South Wales,21.9,60.9,Autumn,5,16.79247311827957,5.11,0
2025-05-20,Sydney,New South Wales,20.0,70.4,Autumn,5,16.79247311827957,3.21,0
2025-05-21,Sydney,New South Wales,20.4,75.9,Autumn,5,16.79247311827957,3.61,0
2025-05-22,Sydney,New South Wales,19.1,69.9,Autumn,5,16.79247311827957,2.31,0
2025-05-23,Sydney,New South Wales,16.4,77.5,Autumn,5,16.79247311827957,-0.39,0
2025-05-24,Sydney,New South Wales,18.0,65.4,Autumn,5,16.79247311827957,1.21,0
2025-05-25,Sydney,New South Wales,17.6,70.7,Autumn,5,16.79247311827957,0.81,0
2025-05-26,Sydney,New South Wales,18.4,72.6,Autumn,5,16.79247311827957,1.61,0
2025-05-27,Sydney,New South Wales,17.8,70.1,Autumn,5,16.79247311827957,1.01,0
2025-05-28,Sydney,New South Wales,16.4,74.6,Autumn,5,16.79247311827957,-0.39,0
2025-05-29,Sydney,New South Wales,13.3,67.2,Autumn,5,16.79247311827957,-3.49,0
2025-05-30,Sydney,New South Wales,11.7,68.4,Autumn,5,16.79247311827957,-5.09,0
2025-05-31,Sydney,New South Wales,17.1,74.9,Autumn,5,16.79247311827957,0.31,0
2025-06-01,Sydney,New South Wales,15.1,63.7,Winter,6,14.016666666666667,1.08,0
2025-06-02,Sydney,New South Wales,12.7,65.3,Winter,6,14.016666666666667,-1.32,0
2025-06-03,Sydney,New South Wales,14.1,68.0,Winter,6,14.016666666666667,0.08,0
2025-06-04,Sydney,New South Wales,13.5,59.7,Winter,6,14.016666666666667,-0.52,0
2025-06-05,Sydney,New South Wales,13.8,74.5,Winter,6,14.016666666666667,-0.22,0
2025-06-06,Sydney,New South Wales,13.4,78.5,Winter,6,14.016666666666667,-0.62,0
2025-06-07,Sydney,New South Wales,11.6,69.7,Winter,6,14.016666666666667,-2.42,0
2025-06-08,Sydney,New South Wales,14.6,70.0,Winter,6,14.016666666666667,0.58,0
2025-06-09,Sydney,New South Wales,12.5,79.0,Winter,6,14.016666666666667,-1.52,0
2025-06-10,Sydney,New South Wales,13.1,76.2,Winter,6,14.016666666666667,-0.92,0
2025-06-11,Sydney,New South Wales,15.9,66.5,Winter,6,14.016666666666667,1.88,0
2025-06-12,Sydney,New South Wales,14.2,73.0,Winter,6,14.016666666666667,0.18,0
2025-06-13,Sydney,New South Wales,11.5,72.7,Winter,6,14.016666666666667,-2.52,0
2025-06-14,Sydney,New South Wales,11.6,66.4,Winter,6,14.016666666666667,-2.42,0
2025-06-15,Sydney,New South Wales,9.3,72.0,Winter,6,14.016666666666667,-4.72,0
2025-06-16,Sydney,New South Wales,9.1,74.4,Winter,6,14.016666666666667,-4.92,0
2025-06-17,Sydney,New South Wales,11.6,63.4,Winter,6,14.016666666666667,-2.42,0
2025-06-18,Sydney,New South Wales,11.8,63.1,Winter,6,14.016666666666667,-2.22,0
2025-06-19,Sydney,New South Wales,14.4,69.1,Winter,6,14.016666666666667,0.38,0
2025-06-20,Sydney,New South Wales,12.8,75.9,Winter,6,14.016666666666667,-1.22,0
2025-06-21,Sydney,New South Wales,12.9,81.1,Winter,6,14.016666666666667,-1.12,1
2025-06-22,Sydney,New South Wales,13.8,78.3,Winter,6,14.016666666666667,-0.22,0
2025-06-23,Sydney,New South Wales,13.0,71.6,Winter,6,14.016666666666667,-1.02,0
2025-06-24,Sydney,New South Wales,16.2,69.7,Winter,6,14.016666666666667,2.18,0
2025-06-25,Sydney,New South Wales,19.8,67.8,Winter,6,14.016666666666667,5.78,0
2025-06-26,Sydney,New South Wales,20.6,72.6,Winter,6,14.016666666666667,6.58,0
2025-06-27,Sydney,New South Wales,20.5,65.4,Winter,6,14.016666666666667,6.48,0
2025-06-28,Sydney,New South Wales,19.1,73.4,Winter,6,14.016666666666667,5.08,0
2025-06-29,Sydney,New South Wales,14.9,66.9,Winter,6,14.016666666666667,0.88,0
2025-06-30,Sydney,New South Wales,16.2,74.3,Winter,6,14.016666666666667,2.18,0
2025-07-01,Sydney,New South Wales,18.3,72.5,Winter,7,13.541935483870969,4.76,0
2025-07-02,Sydney,New South Wales,15.9,57.8,Winter,7,13.541935483870969,2.36,0
2025-07-03,Sydney,New South Wales,13.9,66.3,Winter,7,13.541935483870969,0.36,0
2025-07-04,Sydney,New South Wales,16.4,78.8,Winter,7,13.541935483870969,2.86,0
2025-07-05,Sydney,New South Wales,16.7,75.9,Winter,7,13.541935483870969,3.16,0
2025-07-06,Sydney,New South Wales,17.7,61.1,Winter,7,13.541935483870969,4.16,0
2025-07-07,Sydney,New South Wales,17.3,58.5,Winter,7,13.541935483870969,3.76,0
2025-07-08,Sydney,New South Wales,18.8,63.9,Winter,7,13.541935483870969,5.26,0
2025-07-09,Sydney,New South Wales,14.5,58.3,Winter,7,13.541935483870969,0.96,0
2025-07-10,Sydney,New South Wales,13.2,71.5,Winter,7,13.541935483870969,-0.34,0
2025-07-11,Sydney,New South Wales,15.4,61.3,Winter,7,13.541935483870969,1.86,0
2025-07-12,Sydney,New South Wales,15.0,72.3,Winter,7,13.541935483870969,1.46,0
2025-07-13,Sydney,New South Wales,16.0,70.3,Winter,7,13.541935483870969,2.46,0
2025-07-14,Sydney,New South Wales,15.2,67.6,Winter,7,13.541935483870969,1.66,0
2025-07-15,Sydney,New South Wales,12.2,68.5,Winter,7,13.541935483870969,-1.34,0
2025-07-16,Sydney,New South Wales,13.6,59.9,Winter,7,13.541935483870969,0.06,0
2025-07-17,Sydney,New South Wales,16.5,68.7,Winter,7,13.541935483870969,2.96,0
2025-07-18,Sydney,New South Wales,17.3,67.0,Winter,7,13.541935483870969,3.76,0
2025-07-19,Sydney,New South Wales,18.5,63.1,Winter,7,13.541935483870969,4.96,0
2025-07-20,Sydney,New South Wales,17.4,50.8,Winter,7,13.541935483870969,3.86,0
2025-07-21,Sydney,New South Wales,18.7,73.5,Winter,7,13.541935483870969,5.16,0
2025-07-22,Sydney,New South Wales,18.8,63.8,Winter,7,13.541935483870969,5.26,0
2025-07-23,Sydney,New South Wales,17.6,69.3,Winter,7,13.541935483870969,4.06,0
2025-07-24,Sydney,New South Wales,16.1,58.7,Winter,7,13.541935483870969,2.56,0
2025-07-25,Sydney,New South Wales,17.5,59.7,Winter,7,13.541935483870969,3.96,0
2025-07-26,Sydney,New South Wales,9.7,65.6,Winter,7,13.541935483870969,-3.84,0
2025-07-27,Sydney,New South Wales,11.9,65.2,Winter,7,13.541935483870969,-1.64,0
2025-07-28,Sydney,New South Wales,15.8,74.5,Winter,7,13.541935483870969,2.26,0
2025-07-29,Sydney,New South Wales,15.3,79.7,Winter,7,13.541935483870969,1.76,0
2025-07-30,Sydney,New South Wales,15.4,69.5,Winter,7,13.541935483870969,1.86,0
2025-07-31,Sydney,New South Wales,13.9,60.4,Winter,7,13.541935483870969,0.36,0
2025-08-01,Sydney,New South Wales,17.8,54.6,Winter,8,14.401075268817204,3.4,0
2025-08-02,Sydney,New South Wales,17.9,54.0,Winter,8,14.401075268817204,3.5,0
2025-08-03,Sydney,New South Wales,18.3,60.6,Winter,8,14.401075268817204,3.9,0
2025-08-04,Sydney,New South Wales,15.3,61.7,Winter,8,14.401075268817204,0.9,0
2025-08-05,Sydney,New South Wales,15.4,64.0,Winter,8,14.401075268817204,1.0,0
2025-08-06,Sydney,New South Wales,16.4,64.0,Winter,8,14.401075268817204,2.0,0
2025-08-07,Sydney,New South Wales,18.5,66.9,Winter,8,14.401075268817204,4.1,0
2025-08-08,Sydney,New South Wales,17.3,62.1,Winter,8,14.401075268817204,2.9,0
2025-08-09,Sydney,New South Wales,13.1,75.0,Winter,8,14.401075268817204,-1.3,0
2025-08-10,Sydney,New South Wales,16.1,57.1,Winter,8,14.401075268817204,1.7,0
2025-08-11,Sydney,New South Wales,19.8,60.4,Winter,8,14.401075268817204,5.4,0
2025-08-12,Sydney,New South Wales,16.0,71.2,Winter,8,14.401075268817204,1.6,0
2025-08-13,Sydney,New South Wales,17.5,60.8,Winter,8,14.401075268817204,3.1,0
2025-08-14,Sydney,New South Wales,18.2,69.2,Winter,8,14.401075268817204,3.8,0
2025-08-15,Sydney,New South Wales,15.0,54.7,Winter,8,14.401075268817204,0.6,0
2025-08-16,Sydney,New South Wales,14.5,66.7,Winter,8,14.401075268817204,0.1,0
2025-08-17,Sydney,New South Wales,13.7,71.3,Winter,8,14.401075268817204,-0.7,0
2025-08-18,Sydney,New South Wales,13.0,68.9,Winter,8,14.401075268817204,-1.4,0
2025-08-19,Sydney,New South Wales,13.0,57.9,Winter,8,14.401075268817204,-1.4,0
2025-08-20,Sydney,New South Wales,16.0,71.3,Winter,8,14.401075268817204,1.6,0
2025-08-21,Sydney,New South Wales,15.4,57.9,Winter,8,14.401075268817204,1.0,0
2025-08-22,Sydney,New South Wales,19.8,63.5,Winter,8,14.401075268817204,5.4,0
2025-08-23,Sydney,New South Wales,19.0,66.9,Winter,8,14.401075268817204,4.6,0
2025-08-24,Sydney,New South Wales,24.0,59.3,Winter,8,14.401075268817204,9.6,0
2025-08-25,Sydney,New South Wales,20.3,64.8,Winter,8,14.401075268817204,5.9,0
2025-08-26,Sydney,New South Wales,16.1,54.6,Winter,8,14.401075268817204,1.7,0
2025-08-27,Sydney,New South Wales,15.2,56.2,Winter,8,14.401075268817204,0.8,0
2025-08-28,Sydney,New South Wales,11.0,68.2,Winter,8,14.401075268817204,-3.4,0
2025-08-29,Sydney,New South Wales,14.5,58.8,Winter,8,14.401075268817204,0.1,0
2025-08-30,Sydney,New South Wales,14.1,54.5,Winter,8,14.401075268817204,-0.3,0
2025-08-31,Sydney,New South Wales,14.5,54.7,Winter,8,14.401075268817204,0.1,0
2025-09-01,Sydney,New South Wales,16.1,62.2,Spring,9,16.694444444444443,-0.59,0
2025-09-02,Sydney,New South Wales,13.4,61.3,Spring,9,16.694444444444443,-3.29,0
2025-09-03,Sydney,New South Wales,17.4,63.5,Spring,9,16.694444444444443,0.71,0
2025-09-04,Sydney,New South Wales,14.1,74.7,Spring,9,16.694444444444443,-2.59,0
2025-09-05,Sydney,New South Wales,15.1,49.0,Spring,9,16.694444444444443,-1.59,0
2025-09-06,Sydney,New South Wales,11.6,69.3,Spring,9,16.694444444444443,-5.09,0
2025-09-07,Sydney,New South Wales,14.8,62.6,Spring,9,16.694444444444443,-1.89,0
2025-09-08,Sydney,New South Wales,17.6,54.3,Spring,9,16.694444444444443,0.91,0
2025-09-09,Sydney,New South Wales,17.3,60.8,Spring,9,16.694444444444443,0.61,0
2025-09-10,Sydney,New South Wales,17.8,56.7,Spring,9,16.694444444444443,1.11,0
2025-09-11,Sydney,New South Wales,19.5,58.0,Spring,9,16.694444444444443,2.81,0
2025-09-12,Sydney,New South Wales,14.8,65.2,Spring,9,16.694444444444443,-1.89,0
2025-09-13,Sydney,New South Wales,19.0,57.1,Spring,9,16.694444444444443,2.31,0
2025-09-14,Sydney,New South Wales,15.6,62.1,Spring,9,16.694444444444443,-1.09,0
2025-09-15,Sydney,New South Wales,13.9,61.8,Spring,9,16.694444444444443,-2.79,0
2025-09-16,Sydney,New South Wales,15.9,52.6,Spring,9,16.694444444444443,-0.79,0
2025-09-17,Sydney,New South Wales,14.9,54.5,Spring,9,16.694444444444443,-1.79,0
2025-09-18,Sydney,New South Wales,16.3,65.4,Spring,9,16.694444444444443,-0.39,0
2025-09-19,Sydney,New South Wales,19.8,59.6,Spring,9,16.694444444444443,3.11,0
2025-09-20,Sydney,New South Wales,19.9,59.4,Spring,9,16.694444444444443,3.21,0
2025-09-21,Sydney,New South Wales,16.2,60.8,Spring,9,16.694444444444443,-0.49,0
2025-09-22,Sydney,New South Wales,16.8,72.0,Spring,9,16.694444444444443,0.11,0
2025-09-23,Sydney,New South Wales,16.2,55.6,Spring,9,16.694444444444443,-0.49,0
2025-09-24,Sydney,New South Wales,17.6,57.2,Spring,9,16.694444444444443,0.91,0
2025-09-25,Sydney,New South Wales,12.0,63.6,Spring,9,16.694444444444443,-4.69,0
2025-09-26,Sydney,New South Wales,15.5,67.3,Spring,9,16.694444444444443,-1.19,0
2025-09-27,Sydney,New South Wales,15.9,56.3,Spring,9,16.694444444444443,-0.79,0
2025-09-28,Sydney,New South Wales,17.2,66.7,Spring,9,16.694444444444443,0.51,0
2025-09-29,Sydney,New South Wales,13.6,67.5,Spring,9,16.694444444444443,-3.09,0
2025-09-30,Sydney,New South Wales,13.7,55.6,Spring,9,16.694444444444443,-2.99,0
2025-10-01,Sydney,New South Wales,17.7,63.7,Spring,10,18.123655913978496,-0.42,0
2025-10-02,Sydney,New South Wales,18.3,74.8,Spring,10,18.123655913978496,0.18,0
2025-10-03,Sydney,New South Wales,15.8,66.9,Spring,10,18.123655913978496,-2.32,0
2025-10-04,Sydney,New South Wales,16.4,65.1,Spring,10,18.123655913978496,-1.72,0
2025-10-05,Sydney,New South Wales,14.7,51.5,Spring,10,18.123655913978496,-3.42,0
2025-10-06,Sydney,New South Wales,10.6,61.1,Spring,10,18.123655913978496,-7.52,0
2025-10-07,Sydney,New South Wales,9.7,47.7,Spring,10,18.123655913978496,-8.42,0
2025-10-08,Sydney,New South Wales,11.2,58.2,Spring,10,18.123655913978496,-6.92,0
2025-10-09,Sydney,New South Wales,12.5,58.1,Spring,10,18.123655913978496,-5.62,0
2025-10-10,Sydney,New South Wales,12.7,58.8,Spring,10,18.123655913978496,-5.42,0
2025-10-11,Sydney,New South Wales,13.2,52.3,Spring,10,18.123655913978496,-4.92,0
2025-10-12,Sydney,New South Wales,14.0,57.4,Spring,10,18.123655913978496,-4.12,0
2025-10-13,Sydney,New South Wales,12.2,58.5,Spring,10,18.123655913978496,-5.92,0
2025-10-14,Sydney,New South Wales,15.3,61.8,Spring,10,18.123655913978496,-2.82,0
2025-10-15,Sydney,New South Wales,16.2,64.9,Spring,10,18.123655913978496,-1.92,0
2025-10-16,Sydney,New South Wales,19.3,65.5,Spring,10,18.123655913978496,1.18,0
2025-10-17,Sydney,New South Wales,22.6,63.2,Spring,10,18.123655913978496,4.48,0
2025-10-18,Sydney,New South Wales,25.9,66.7,Spring,10,18.123655913978496,7.78,0
2025-10-19,Sydney,New South Wales,24.9,69.6,Spring,10,18.123655913978496,6.78,0
2025-10-20,Sydney,New South Wales,23.1,67.3,Spring,10,18.123655913978496,4.98,0
2025-10-21,Sydney,New South Wales,23.3,64.4,Spring,10,18.123655913978496,5.18,0
2025-10-22,Sydney,New South Wales,23.9,64.2,Spring,10,18.123655913978496,5.78,0
2025-10-23,Sydney,New South Wales,21.4,60.0,Spring,10,18.123655913978496,3.28,0
2025-10-24,Sydney,New South Wales,22.0,66.9,Spring,10,18.123655913978496,3.88,0
2025-10-25,Sydney,New South Wales,18.3,58.6,Spring,10,18.123655913978496,0.18,0
2025-10-26,Sydney,New South Wales,16.2,70.3,Spring,10,18.123655913978496,-1.92,0
2025-10-27,Sydney,New South Wales,19.5,64.5,Spring,10,18.123655913978496,1.38,0
2025-10-28,Sydney,New South Wales,17.5,65.5,Spring,10,18.123655913978496,-0.62,0
2025-10-29,Sydney,New South Wales,20.8,63.1,Spring,10,18.123655913978496,2.68,0
2025-10-30,Sydney,New South Wales,21.0,58.5,Spring,10,18.123655913978496,2.88,0
2025-10-31,Sydney,New South Wales,17.4,64.3,Spring,10,18.123655913978496,-0.72,0
2025-11-01,Sydney,New South Wales,19.4,67.9,Spring,11,19.665555555555557,-0.27,0
2025-11-02,Sydney,New South Wales,14.4,72.3,Spring,11,19.665555555555557,-5.27,0
2025-11-03,Sydney,New South Wales,17.7,76.1,Spring,11,19.665555555555557,-1.97,0
2025-11-04,Sydney,New South Wales,18.8,72.4,Spring,11,19.665555555555557,-0.87,0
2025-11-05,Sydney,New South Wales,13.1,65.5,Spring,11,19.665555555555557,-6.57,0
2025-11-06,Sydney,New South Wales,14.9,56.0,Spring,11,19.665555555555557,-4.77,0
2025-11-07,Sydney,New South Wales,16.3,66.7,Spring,11,19.665555555555557,-3.37,0
2025-11-08,Sydney,New South Wales,17.5,74.4,Spring,11,19.665555555555557,-2.17,0
2025-11-09,Sydney,New South Wales,16.5,60.2,Spring,11,19.665555555555557,-3.17,0
2025-11-10,Sydney,New South Wales,16.1,63.9,Spring,11,19.665555555555557,-3.57,0
2025-11-11,Sydney,New South Wales,17.0,68.5,Spring,11,19.665555555555557,-2.67,0
2025-11-12,Sydney,New South Wales,16.5,74.3,Spring,11,19.665555555555557,-3.17,0
2025-11-13,Sydney,New South Wales,18.7,73.8,Spring,11,19.665555555555557,-0.97,0
2025-11-14,Sydney,New South Wales,22.9,66.4,Spring,11,19.665555555555557,3.23,0
2025-11-15,Sydney,New South Wales,22.7,67.7,Spring,11,19.665555555555557,3.03,0
2025-11-16,Sydney,New South Wales,19.7,64.5,Spring,11,19.665555555555557,0.03,0
2025-11-17,Sydney,New South Wales,20.7,71.9,Spring,11,19.665555555555557,1.03,0
2025-11-18,Sydney,New South Wales,19.0,71.2,Spring,11,19.665555555555557,-0.67,0
2025-11-19,Sydney,New South Wales,18.9,68.5,Spring,11,19.665555555555557,-0.77,0
2025-11-20,Sydney,New South Wales,18.0,70.1,Spring,11,19.665555555555557,-1.67,0
2025-11-21,Sydney,New South Wales,19.4,76.1,Spring,11,19.665555555555557,-0.27,0
2025-11-22,Sydney,New South Wales,23.6,61.2,Spring,11,19.665555555555557,3.93,0
2025-11-23,Sydney,New South Wales,20.9,54.5,Spring,11,19.665555555555557,1.23,0
2025-11-24,Sydney,New South Wales,22.5,69.7,Spring,11,19.665555555555557,2.83,0
2025-11-25,Sydney,New South Wales,24.4,52.3,Spring,11,19.665555555555557,4.73,0
2025-11-26,Sydney,New South Wales,23.5,64.9,Spring,11,19.665555555555557,3.83,0
2025-11-27,Sydney,New South Wales,23.8,68.9,Spring,11,19.665555555555557,4.13,0
2025-11-28,Sydney,New South Wales,25.3,58.6,Spring,11,19.665555555555557,5.63,0
2025-11-29,Sydney,New South Wales,23.4,66.0,Spring,11,19.665555555555557,3.73,0
2025-11-30,Sydney,New South Wales,24.4,66.5,Spring,11,19.665555555555557,4.73,0
2025-12-01,Sydney,New South Wales,27.8,68.6,Summer,12,22.877419354838707,4.92,0
2025-12-02,Sydney,New South Wales,26.6,72.9,Summer,12,22.877419354838707,3.72,0
2025-12-03,Sydney,New South Wales,24.4,70.8,Summer,12,22.877419354838707,1.52,0
2025-12-04,Sydney,New South Wales,22.8,66.6,Summer,12,22.877419354838707,-0.08,0
2025-12-05,Sydney,New South Wales,18.7,69.0,Summer,12,22.877419354838707,-4.18,0
2025-12-06,Sydney,New South Wales,19.0,73.2,Summer,12,22.877419354838707,-3.88,0
2025-12-07,Sydney,New South Wales,23.5,69.2,Summer,12,22.877419354838707,0.62,0
2025-12-08,Sydney,New South Wales,24.2,66.5,Summer,12,22.877419354838707,1.32,0
2025-12-09,Sydney,New South Wales,23.0,66.4,Summer,12,22.877419354838707,0.12,0
2025-12-10,Sydney,New South Wales,22.6,71.3,Summer,12,22.877419354838707,-0.28,0
2025-12-11,Sydney,New South Wales,26.2,74.7,Summer,12,22.877419354838707,3.32,0
2025-12-12,Sydney,New South Wales,25.1,69.4,Summer,12,22.877419354838707,2.22,0
2025-12-13,Sydney,New South Wales,19.7,77.8,Summer,12,22.877419354838707,-3.18,0
2025-12-14,Sydney,New South Wales,24.9,69.2,Summer,12,22.877419354838707,2.02,0
2025-12-15,Sydney,New South Wales,24.5,56.5,Summer,12,22.877419354838707,1.62,0
2025-12-16,Sydney,New South Wales,23.0,62.9,Summer,12,22.877419354838707,0.12,0
2025-12-17,Sydney,New South Wales,20.9,65.2,Summer,12,22.877419354838707,-1.98,0
2025-12-18,Sydney,New South Wales,21.1,74.3,Summer,12,22.877419354838707,-1.78,0
2025-12-19,Sydney,New South Wales,23.1,67.4,Summer,12,22.877419354838707,0.22,0
2025-12-20,Sydney,New South Wales,21.9,65.6,Summer,12,22.877419354838707,-0.98,0
2025-12-21,Sydney,New South Wales,23.6,66.9,Summer,12,22.877419354838707,0.72,0
2025-12-22,Sydney,New South Wales,19.5,54.2,Summer,12,22.877419354838707,-3.38,0
2025-12-23,Sydney,New South Wales,21.3,70.5,Summer,12,22.877419354838707,-1.58,0
2025-12-24,Sydney,New South Wales,19.9,71.8,Summer,12,22.877419354838707,-2.98,0
2025-12-25,Sydney,New South Wales,21.7,70.5,Summer,12,22.877419354838707,-1.18,0
2025-12-26,Sydney,New South Wales,22.5,73.8,Summer,12,22.877419354838707,-0.38,0
2025-12-27,Sydney,New South Wales,21.3,78.4,Summer,12,22.877419354838707,-1.58,0
2025-12-28,Sydney,New South Wales,21.6,78.0,Summer,12,22.877419354838707,-1.28,0
2025-12-29,Sydney,New South Wales,23.3,68.1,Summer,12,22.877419354838707,0.42,0
2025-12-30,Sydney,New South Wales,27.6,65.2,Summer,12,22.877419354838707,4.72,0
2025-12-31,Sydney,New South Wales,23.1,71.2,Summer,12,22.877419354838707,0.22,0
2023-01-01,Melbourne,Victoria,18.9,57.3,Summer,1,19.00215053763441,-0.1,0
2023-01-02,Melbourne,Victoria,17.5,64.6,Summer,1,19.00215053763441,-1.5,0
2023-01-03,Melbourne,Victoria,20.1,59.0,Summer,1,19.00215053763441,1.1,0
2023-01-04,Melbourne,Victoria,13.6,65.9,Summer,1,19.00215053763441,-5.4,0
2023-01-05,Melbourne,Victoria,16.5,49.6,Summer,1,19.00215053763441,-2.5,0
2023-01-06,Melbourne,Victoria,15.4,53.9,Summer,1,19.00215053763441,-3.6,0
2023-01-07,Melbourne,Victoria,18.3,51.9,Summer,1,19.00215053763441,-0.7,0
2023-01-08,Melbourne,Victoria,19.8,59.4,Summer,1,19.00215053763441,0.8,0
2023-01-09,Melbourne,Victoria,14.2,52.8,Summer,1,19.00215053763441,-4.8,0
2023-01-10,Melbourne,Victoria,18.0,61.6,Summer,1,19.00215053763441,-1.0,0
2023-01-11,Melbourne,Victoria,20.7,57.1,Summer,1,19.00215053763441,1.7,0
2023-01-12,Melbourne,Victoria,23.5,51.9,Summer,1,19.00215053763441,4.5,0
2023-01-13,Melbourne,Victoria,20.1,67.7,Summer,1,19.00215053763441,1.1,0
2023-01-14,Melbourne,Victoria,19.8,54.2,Summer,1,19.00215053763441,0.8,0
2023-01-15,Melbourne,Victoria,15.7,59.8,Summer,1,19.00215053763441,-3.3,0
2023-01-16,Melbourne,Victoria,20.4,47.8,Summer,1,19.00215053763441,1.4,0
2023-01-17,Melbourne,Victoria,21.4,61.7,Summer,1,19.00215053763441,2.4,0
2023-01-18,Melbourne,Victoria,23.7,59.8,Summer,1,19.00215053763441,4.7,0
2023-01-19,Melbourne,Victoria,24.2,62.1,Summer,1,19.00215053763441,5.2,0
2023-01-20,Melbourne,Victoria,27.0,64.2,Summer,1,19.00215053763441,8.0,0
2023-01-21,Melbourne,Victoria,24.5,54.1,Summer,1,19.00215053763441,5.5,0
2023-01-22,Melbourne,Victoria,16.8,63.5,Summer,1,19.00215053763441,-2.2,0
2023-01-23,Melbourne,Victoria,11.7,56.8,Summer,1,19.00215053763441,-7.3,0
2023-01-24,Melbourne,Victoria,16.7,56.8,Summer,1,19.00215053763441,-2.3,0
2023-01-25,Melbourne,Victoria,15.4,58.9,Summer,1,19.00215053763441,-3.6,0
2023-01-26,Melbourne,Victoria,17.7,57.9,Summer,1,19.00215053763441,-1.3,0
2023-01-27,Melbourne,Victoria,16.9,69.9,Summer,1,19.00215053763441,-2.1,0
2023-01-28,Melbourne,Victoria,20.2,49.9,Summer,1,19.00215053763441,1.2,0
2023-01-29,Melbourne,Victoria,18.6,47.5,Summer,1,19.00215053763441,-0.4,0
2023-01-30,Melbourne,Victoria,20.5,54.9,Summer,1,19.00215053763441,1.5,0
2023-01-31,Melbourne,Victoria,19.2,57.3,Summer,1,19.00215053763441,0.2,0
2023-02-01,Melbourne,Victoria,19.3,71.1,Summer,2,20.403529411764705,-1.1,0
2023-02-02,Melbourne,Victoria,23.1,59.5,Summer,2,20.403529411764705,2.7,0
2023-02-03,Melbourne,Victoria,15.9,73.2,Summer,2,20.403529411764705,-4.5,0
2023-02-04,Melbourne,Victoria,17.1,65.1,Summer,2,20.403529411764705,-3.3,0
2023-02-05,Melbourne,Victoria,17.9,63.4,Summer,2,20.403529411764705,-2.5,0
2023-02-06,Melbourne,Victoria,23.8,69.7,Summer,2,20.403529411764705,3.4,0
2023-02-07,Melbourne,Victoria,20.2,66.1,Summer,2,20.403529411764705,-0.2,0
2023-02-08,Melbourne,Victoria,20.9,65.8,Summer,2,20.403529411764705,0.5,0
2023-02-09,Melbourne,Victoria,17.7,50.5,Summer,2,20.403529411764705,-2.7,0
2023-02-10,Melbourne,Victoria,20.7,58.9,Summer,2,20.403529411764705,0.3,0
2023-02-11,Melbourne,Victoria,18.9,63.9,Summer,2,20.403529411764705,-1.5,0
2023-02-12,Melbourne,Victoria,16.5,54.5,Summer,2,20.403529411764705,-3.9,0
2023-02-13,Melbourne,Victoria,17.9,62.1,Summer,2,20.403529411764705,-2.5,0
2023-02-14,Melbourne,Victoria,20.6,58.5,Summer,2,20.403529411764705,0.2,0
2023-02-15,Melbourne,Victoria,20.7,57.8,Summer,2,20.403529411764705,0.3,0
2023-02-16,Melbourne,Victoria,22.0,64.5,Summer,2,20.403529411764705,1.6,0
2023-02-17,Melbourne,Victoria,25.3,64.2,Summer,2,20.403529411764705,4.9,0
2023-02-18,Melbourne,Victoria,23.2,69.4,Summer,2,20.403529411764705,2.8,0
2023-02-19,Melbourne,Victoria,20.7,61.6,Summer,2,20.403529411764705,0.3,0
2023-02-20,Melbourne,Victoria,18.2,63.0,Summer,2,20.403529411764705,-2.2,0
2023-02-21,Melbourne,Victoria,13.8,56.6,Summer,2,20.403529411764705,-6.6,0
2023-02-22,Melbourne,Victoria,14.3,66.0,Summer,2,20.403529411764705,-6.1,0
2023-02-23,Melbourne,Victoria,17.6,57.4,Summer,2,20.403529411764705,-2.8,0
2023-02-24,Melbourne,Victoria,17.3,59.8,Summer,2,20.403529411764705,-3.1,0
2023-02-25,Melbourne,Victoria,19.8,61.4,Summer,2,20.403529411764705,-0.6,0
2023-02-26,Melbourne,Victoria,17.9,59.7,Summer,2,20.403529411764705,-2.5,0
2023-02-27,Melbourne,Victoria,31.1,57.8,Summer,2,20.403529411764705,10.7,0
2023-02-28,Melbourne,Victoria,29.2,59.1,Summer,2,20.403529411764705,8.8,0
2023-03-01,Melbourne,Victoria,28.0,65.2,Autumn,3,18.633333333333333,9.37,0
2023-03-02,Melbourne,Victoria,24.3,69.8,Autumn,3,18.633333333333333,5.67,0
2023-03-03,Melbourne,Victoria,20.1,61.4,Autumn,3,18.633333333333333,1.47,0
2023-03-04,Melbourne,Victoria,25.8,57.2,Autumn,3,18.633333333333333,7.17,0
2023-03-05,Melbourne,Victoria,25.7,56.3,Autumn,3,18.633333333333333,7.07,0
2023-03-06,Melbourne,Victoria,26.1,64.6,Autumn,3,18.633333333333333,7.47,0
2023-03-07,Melbourne,Victoria,22.0,59.7,Autumn,3,18.633333333333333,3.37,0
2023-03-08,Melbourne,Victoria,16.9,58.2,Autumn,3,18.633333333333333,-1.73,0
2023-03-09,Melbourne,Victoria,20.6,59.7,Autumn,3,18.633333333333333,1.97,0
2023-03-10,Melbourne,Victoria,21.1,59.1,Autumn,3,18.633333333333333,2.47,0
2023-03-11,Melbourne,Victoria,17.3,57.7,Autumn,3,18.633333333333333,-1.33,0
2023-03-12,Melbourne,Victoria,20.4,68.1,Autumn,3,18.633333333333333,1.77,0
2023-03-13,Melbourne,Victoria,16.5,63.4,Autumn,3,18.633333333333333,-2.13,0
2023-03-14,Melbourne,Victoria,11.6,69.7,Autumn,3,18.633333333333333,-7.03,0
2023-03-15,Melbourne,Victoria,16.3,60.4,Autumn,3,18.633333333333333,-2.33,0
2023-03-16,Melbourne,Victoria,23.1,55.4,Autumn,3,18.633333333333333,4.47,0
2023-03-17,Melbourne,Victoria,19.6,66.2,Autumn,3,18.633333333333333,0.97,0
2023-03-18,Melbourne,Victoria,11.3,61.1,Autumn,3,18.633333333333333,-7.33,0
2023-03-19,Melbourne,Victoria,9.8,65.9,Autumn,3,18.633333333333333,-8.83,0
2023-03-20,Melbourne,Victoria,11.2,60.1,Autumn,3,18.633333333333333,-7.43,0
2023-03-21,Melbourne,Victoria,9.7,48.9,Autumn,3,18.633333333333333,-8.93,0
2023-03-22,Melbourne,Victoria,14.0,74.4,Autumn,3,18.633333333333333,-4.63,0
2023-03-23,Melbourne,Victoria,6.8,64.3,Autumn,3,18.633333333333333,-11.83,0
2023-03-24,Melbourne,Victoria,11.7,61.9,Autumn,3,18.633333333333333,-6.93,0
2023-03-25,Melbourne,Victoria,15.1,61.8,Autumn,3,18.633333333333333,-3.53,0
2023-03-26,Melbourne,Victoria,17.3,61.6,Autumn,3,18.633333333333333,-1.33,0
2023-03-27,Melbourne,Victoria,20.6,61.9,Autumn,3,18.633333333333333,1.97,0
2023-03-28,Melbourne,Victoria,24.8,66.2,Autumn,3,18.633333333333333,6.17,0
2023-03-29,Melbourne,Victoria,18.2,63.0,Autumn,3,18.633333333333333,-0.43,0
2023-03-30,Melbourne,Victoria,16.3,57.3,Autumn,3,18.633333333333333,-2.33,0
2023-03-31,Melbourne,Victoria,10.3,65.2,Autumn,3,18.633333333333333,-8.33,0
2023-04-01,Melbourne,Victoria,8.6,72.9,Autumn,4,16.34888888888889,-7.75,0
2023-04-02,Melbourne,Victoria,8.9,54.3,Autumn,4,16.34888888888889,-7.45,0
2023-04-03,Melbourne,Victoria,5.0,67.8,Autumn,4,16.34888888888889,-11.35,0
2023-04-04,Melbourne,Victoria,5.8,56.5,Autumn,4,16.34888888888889,-10.55,0
2023-04-05,Melbourne,Victoria,9.6,58.4,Autumn,4,16.34888888888889,-6.75,0
2023-04-06,Melbourne,Victoria,10.0,72.7,Autumn,4,16.34888888888889,-6.35,0
2023-04-07,Melbourne,Victoria,12.2,71.5,Autumn,4,16.34888888888889,-4.15,0
2023-04-08,Melbourne,Victoria,14.7,71.2,Autumn,4,16.34888888888889,-1.65,0
2023-04-09,Melbourne,Victoria,17.2,64.6,Autumn,4,16.34888888888889,0.85,0
2023-04-10,Melbourne,Victoria,13.7,70.6,Autumn,4,16.34888888888889,-2.65,0
2023-04-11,Melbourne,Victoria,15.4,66.0,Autumn,4,16.34888888888889,-0.95,0
2023-04-12,Melbourne,Victoria,19.2,81.2,Autumn,4,16.34888888888889,2.85,1
2023-04-13,Melbourne,Victoria,15.0,60.4,Autumn,4,16.34888888888889,-1.35,0
2023-04-14,Melbourne,Victoria,22.9,57.6,Autumn,4,16.34888888888889,6.55,0
2023-04-15,Melbourne,Victoria,18.9,72.3,Autumn,4,16.34888888888889,2.55,0
2023-04-16,Melbourne,Victoria,11.2,67.0,Autumn,4,16.34888888888889,-5.15,0
2023-04-17,Melbourne,Victoria,11.8,77.0,Autumn,4,16.34888888888889,-4.55,0
2023-04-18,Melbourne,Victoria,13.3,48.8,Autumn,4,16.34888888888889,-3.05,0
2023-04-19,Melbourne,Victoria,11.9,63.3,Autumn,4,16.34888888888889,-4.45,0
2023-04-20,Melbourne,Victoria,13.9,56.3,Autumn,4,16.34888888888889,-2.45,0
2023-04-21,Melbourne,Victoria,16.3,67.4,Autumn,4,16.34888888888889,-0.05,0
2023-04-22,Melbourne,Victoria,18.0,68.7,Autumn,4,16.34888888888889,1.65,0
2023-04-23,Melbourne,Victoria,18.5,73.0,Autumn,4,16.34888888888889,2.15,0
2023-04-24,Melbourne,Victoria,16.9,68.3,Autumn,4,16.34888888888889,0.55,0
2023-04-25,Melbourne,Victoria,11.0,66.7,Autumn,4,16.34888888888889,-5.35,0
2023-04-26,Melbourne,Victoria,16.1,73.5,Autumn,4,16.34888888888889,-0.25,0
2023-04-27,Melbourne,Victoria,15.1,73.1,Autumn,4,16.34888888888889,-1.25,0
2023-04-28,Melbourne,Victoria,15.8,49.8,Autumn,4,16.34888888888889,-0.55,0
2023-04-29,Melbourne,Victoria,16.1,55.4,Autumn,4,16.34888888888889,-0.25,0
2023-04-30,Melbourne,Victoria,16.7,63.7,Autumn,4,16.34888888888889,0.35,0
2023-05-01,Melbourne,Victoria,8.7,85.6,Autumn,5,12.574193548387099,-3.87,1
2023-05-02,Melbourne,Victoria,10.1,69.9,Autumn,5,12.574193548387099,-2.47,0
2023-05-03,Melbourne,Victoria,5.8,78.5,Autumn,5,12.574193548387099,-6.77,0
2023-05-04,Melbourne,Victoria,10.7,68.4,Autumn,5,12.574193548387099,-1.87,0
2023-05-05,Melbourne,Victoria,11.0,69.8,Autumn,5,12.574193548387099,-1.57,0
2023-05-06,Melbourne,Victoria,15.1,75.5,Autumn,5,12.574193548387099,2.53,0
2023-05-07,Melbourne,Victoria,14.8,81.3,Autumn,5,12.574193548387099,2.23,1
2023-05-08,Melbourne,Victoria,19.8,79.7,Autumn,5,12.574193548387099,7.23,0
2023-05-09,Melbourne,Victoria,21.7,71.3,Autumn,5,12.574193548387099,9.13,0
2023-05-10,Melbourne,Victoria,20.5,72.7,Autumn,5,12.574193548387099,7.93,0
2023-05-11,Melbourne,Victoria,24.0,63.5,Autumn,5,12.574193548387099,11.43,0
2023-05-12,Melbourne,Victoria,19.6,72.8,Autumn,5,12.574193548387099,7.03,0
2023-05-13,Melbourne,Victoria,24.1,73.7,Autumn,5,12.574193548387099,11.53,0
2023-05-14,Melbourne,Victoria,23.3,73.4,Autumn,5,12.574193548387099,10.73,0
2023-05-15,Melbourne,Victoria,20.9,66.1,Autumn,5,12.574193548387099,8.33,0
2023-05-16,Melbourne,Victoria,20.9,79.7,Autumn,5,12.574193548387099,8.33,0
2023-05-17,Melbourne,Victoria,18.2,68.8,Autumn,5,12.574193548387099,5.63,0
2023-05-18,Melbourne,Victoria,18.9,72.5,Autumn,5,12.574193548387099,6.33,0
2023-05-19,Melbourne,Victoria,17.5,81.1,Autumn,5,12.574193548387099,4.93,1
2023-05-20,Melbourne,Victoria,17.5,69.3,Autumn,5,12.574193548387099,4.93,0
2023-05-21,Melbourne,Victoria,23.0,63.0,Autumn,5,12.574193548387099,10.43,0
2023-05-22,Melbourne,Victoria,20.5,80.7,Autumn,5,12.574193548387099,7.93,1
2023-05-23,Melbourne,Victoria,11.2,79.7,Autumn,5,12.574193548387099,-1.37,0
2023-05-24,Melbourne,Victoria,14.3,62.9,Autumn,5,12.574193548387099,1.73,0
2023-05-25,Melbourne,Victoria,12.9,69.4,Autumn,5,12.574193548387099,0.33,0
2023-05-26,Melbourne,Victoria,9.9,73.6,Autumn,5,12.574193548387099,-2.67,0
2023-05-27,Melbourne,Victoria,10.6,82.3,Autumn,5,12.574193548387099,-1.97,1
2023-05-28,Melbourne,Victoria,7.6,78.5,Autumn,5,12.574193548387099,-4.97,0
2023-05-29,Melbourne,Victoria,11.1,69.4,Autumn,5,12.574193548387099,-1.47,0
2023-05-30,Melbourne,Victoria,10.7,71.7,Autumn,5,12.574193548387099,-1.87,0
2023-05-31,Melbourne,Victoria,14.9,74.8,Autumn,5,12.574193548387099,2.33,0
2023-06-01,Melbourne,Victoria,11.8,83.2,Winter,6,10.273333333333333,1.53,1
2023-06-02,Melbourne,Victoria,13.2,83.5,Winter,6,10.273333333333333,2.93,1
2023-06-03,Melbourne,Victoria,10.4,79.6,Winter,6,10.273333333333333,0.13,0
2023-06-04,Melbourne,Victoria,7.4,93.7,Winter,6,10.273333333333333,-2.87,1
2023-06-05,Melbourne,Victoria,12.4,88.4,Winter,6,10.273333333333333,2.13,1
2023-06-06,Melbourne,Victoria,6.3,71.6,Winter,6,10.273333333333333,-3.97,0
2023-06-07,Melbourne,Victoria,10.2,83.3,Winter,6,10.273333333333333,-0.07,1
2023-06-08,Melbourne,Victoria,8.1,75.9,Winter,6,10.273333333333333,-2.17,0
2023-06-09,Melbourne,Victoria,5.0,82.2,Winter,6,10.273333333333333,-5.27,1
2023-06-10,Melbourne,Victoria,9.9,79.8,Winter,6,10.273333333333333,-0.37,0
2023-06-11,Melbourne,Victoria,11.0,52.8,Winter,6,10.273333333333333,0.73,0
2023-06-12,Melbourne,Victoria,11.2,62.4,Winter,6,10.273333333333333,0.93,0
2023-06-13,Melbourne,Victoria,14.3,77.6,Winter,6,10.273333333333333,4.03,0
2023-06-14,Melbourne,Victoria,13.0,69.1,Winter,6,10.273333333333333,2.73,0
2023-06-15,Melbourne,Victoria,11.7,82.7,Winter,6,10.273333333333333,1.43,1
2023-06-16,Melbourne,Victoria,9.3,72.1,Winter,6,10.273333333333333,-0.97,0
2023-06-17,Melbourne,Victoria,12.2,69.8,Winter,6,10.273333333333333,1.93,0
2023-06-18,Melbourne,Victoria,9.1,84.5,Winter,6,10.273333333333333,-1.17,1
2023-06-19,Melbourne,Victoria,9.7,70.8,Winter,6,10.273333333333333,-0.57,0
2023-06-20,Melbourne,Victoria,7.5,81.4,Winter,6,10.273333333333333,-2.77,1
2023-06-21,Melbourne,Victoria,8.0,74.7,Winter,6,10.273333333333333,-2.27,0
2023-06-22,Melbourne,Victoria,6.4,76.6,Winter,6,10.273333333333333,-3.87,0
2023-06-23,Melbourne,Victoria,8.7,67.5,Winter,6,10.273333333333333,-1.57,0
2023-06-24,Melbourne,Victoria,14.8,84.3,Winter,6,10.273333333333333,4.53,1
2023-06-25,Melbourne,Victoria,14.7,81.9,Winter,6,10.273333333333333,4.43,1
2023-06-26,Melbourne,Victoria,7.2,77.3,Winter,6,10.273333333333333,-3.07,0
2023-06-27,Melbourne,Victoria,9.8,77.5,Winter,6,10.273333333333333,-0.47,0
2023-06-28,Melbourne,Victoria,13.5,76.9,Winter,6,10.273333333333333,3.23,0
2023-06-29,Melbourne,Victoria,14.8,80.4,Winter,6,10.273333333333333,4.53,1
2023-06-30,Melbourne,Victoria,15.9,82.5,Winter,6,10.273333333333333,5.63,1
2023-07-01,Melbourne,Victoria,14.0,74.1,Winter,7,10.786021505376345,3.21,0
2023-07-02,Melbourne,Victoria,12.3,85.1,Winter,7,10.786021505376345,1.51,1
2023-07-03,Melbourne,Victoria,7.8,69.9,Winter,7,10.786021505376345,-2.99,0
2023-07-04,Melbourne,Victoria,4.2,73.2,Winter,7,10.786021505376345,-6.59,0
2023-07-05,Melbourne,Victoria,7.7,70.6,Winter,7,10.786021505376345,-3.09,0
2023-07-06,Melbourne,Victoria,12.0,80.0,Winter,7,10.786021505376345,1.21,0
2023-07-07,Melbourne,Victoria,17.0,73.8,Winter,7,10.786021505376345,6.21,0
2023-07-08,Melbourne,Victoria,16.2,76.5,Winter,7,10.786021505376345,5.41,0
2023-07-09,Melbourne,Victoria,17.4,64.7,Winter,7,10.786021505376345,6.61,0
2023-07-10,Melbourne,Victoria,13.9,72.1,Winter,7,10.786021505376345,3.11,0
2023-07-11,Melbourne,Victoria,12.8,80.3,Winter,7,10.786021505376345,2.01,1
2023-07-12,Melbourne,Victoria,9.7,72.4,Winter,7,10.786021505376345,-1.09,0
2023-07-13,Melbourne,Victoria,10.0,78.6,Winter,7,10.786021505376345,-0.79,0
2023-07-14,Melbourne,Victoria,7.3,91.2,Winter,7,10.786021505376345,-3.49,1
2023-07-15,Melbourne,Victoria,3.6,76.8,Winter,7,10.786021505376345,-7.19,0
2023-07-16,Melbourne,Victoria,1.5,67.2,Winter,7,10.786021505376345,-9.29,0
2023-07-17,Melbourne,Victoria,6.9,75.5,Winter,7,10.786021505376345,-3.89,0
2023-07-18,Melbourne,Victoria,5.3,76.8,Winter,7,10.786021505376345,-5.49,0
2023-07-19,Melbourne,Victoria,14.7,80.6,Winter,7,10.786021505376345,3.91,1
2023-07-20,Melbourne,Victoria,16.9,85.7,Winter,7,10.786021505376345,6.11,1
2023-07-21,Melbourne,Victoria,19.5,71.2,Winter,7,10.786021505376345,8.71,0
2023-07-22,Melbourne,Victoria,17.9,66.2,Winter,7,10.786021505376345,7.11,0
2023-07-23,Melbourne,Victoria,16.6,74.9,Winter,7,10.786021505376345,5.81,0
2023-07-24,Melbourne,Victoria,13.4,79.3,Winter,7,10.786021505376345,2.61,0
2023-07-25,Melbourne,Victoria,8.9,72.8,Winter,7,10.786021505376345,-1.89,0
2023-07-26,Melbourne,Victoria,9.7,74.6,Winter,7,10.786021505376345,-1.09,0
2023-07-27,Melbourne,Victoria,5.9,67.9,Winter,7,10.786021505376345,-4.89,0
2023-07-28,Melbourne,Victoria,5.6,74.2,Winter,7,10.786021505376345,-5.19,0
2023-07-29,Melbourne,Victoria,7.9,68.1,Winter,7,10.786021505376345,-2.89,0
2023-07-30,Melbourne,Victoria,10.1,60.6,Winter,7,10.786021505376345,-0.69,0
2023-07-31,Melbourne,Victoria,7.8,70.1,Winter,7,10.786021505376345,-2.99,0
2023-08-01,Melbourne,Victoria,5.5,78.2,Winter,8,10.667741935483871,-5.17,0
2023-08-02,Melbourne,Victoria,0.5,75.0,Winter,8,10.667741935483871,-10.17,0
2023-08-03,Melbourne,Victoria,5.8,67.3,Winter,8,10.667741935483871,-4.87,0
2023-08-04,Melbourne,Victoria,4.6,76.1,Winter,8,10.667741935483871,-6.07,0
2023-08-05,Melbourne,Victoria,9.0,78.1,Winter,8,10.667741935483871,-1.67,0
2023-08-06,Melbourne,Victoria,12.6,75.2,Winter,8,10.667741935483871,1.93,0
2023-08-07,Melbourne,Victoria,4.3,78.2,Winter,8,10.667741935483871,-6.37,0
2023-08-08,Melbourne,Victoria,3.1,70.6,Winter,8,10.667741935483871,-7.57,0
2023-08-09,Melbourne,Victoria,2.0,72.0,Winter,8,10.667741935483871,-8.67,0
2023-08-10,Melbourne,Victoria,6.5,69.0,Winter,8,10.667741935483871,-4.17,0
2023-08-11,Melbourne,Victoria,12.9,78.5,Winter,8,10.667741935483871,2.23,0
2023-08-12,Melbourne,Victoria,13.2,65.5,Winter,8,10.667741935483871,2.53,0
2023-08-13,Melbourne,Victoria,17.3,69.9,Winter,8,10.667741935483871,6.63,0
2023-08-14,Melbourne,Victoria,13.9,72.3,Winter,8,10.667741935483871,3.23,0
2023-08-15,Melbourne,Victoria,5.7,73.1,Winter,8,10.667741935483871,-4.97,0
2023-08-16,Melbourne,Victoria,8.8,69.5,Winter,8,10.667741935483871,-1.87,0
2023-08-17,Melbourne,Victoria,8.1,71.9,Winter,8,10.667741935483871,-2.57,0
2023-08-18,Melbourne,Victoria,9.8,76.2,Winter,8,10.667741935483871,-0.87,0
2023-08-19,Melbourne,Victoria,9.0,63.9,Winter,8,10.667741935483871,-1.67,0
2023-08-20,Melbourne,Victoria,11.6,81.0,Winter,8,10.667741935483871,0.93,1
2023-08-21,Melbourne,Victoria,13.7,69.4,Winter,8,10.667741935483871,3.03,0
2023-08-22,Melbourne,Victoria,9.2,68.9,Winter,8,10.667741935483871,-1.47,0
2023-08-23,Melbourne,Victoria,11.3,69.4,Winter,8,10.667741935483871,0.63,0
2023-08-24,Melbourne,Victoria,11.3,73.4,Winter,8,10.667741935483871,0.63,0
2023-08-25,Melbourne,Victoria,11.2,77.3,Winter,8,10.667741935483871,0.53,0
2023-08-26,Melbourne,Victoria,9.7,75.5,Winter,8,10.667741935483871,-0.97,0
2023-08-27,Melbourne,Victoria,11.0,72.9,Winter,8,10.667741935483871,0.33,0
2023-08-28,Melbourne,Victoria,9.6,66.4,Winter,8,10.667741935483871,-1.07,0
2023-08-29,Melbourne,Victoria,0.1,72.7,Winter,8,10.667741935483871,-10.57,0
2023-08-30,Melbourne,Victoria,9.2,66.4,Winter,8,10.667741935483871,-1.47,0
2023-08-31,Melbourne,Victoria,8.9,63.1,Winter,8,10.667741935483871,-1.77,0
2023-09-01,Melbourne,Victoria,12.6,75.4,Spring,9,13.554444444444446,-0.95,0
2023-09-02,Melbourne,Victoria,15.0,69.4,Spring,9,13.554444444444446,1.45,0
2023-09-03,Melbourne,Victoria,19.9,66.4,Spring,9,13.554444444444446,6.35,0
2023-09-04,Melbourne,Victoria,18.0,74.7,Spring,9,13.554444444444446,4.45,0
2023-09-05,Melbourne,Victoria,16.9,73.7,Spring,9,13.554444444444446,3.35,0
2023-09-06,Melbourne,Victoria,21.8,67.8,Spring,9,13.554444444444446,8.25,0
2023-09-07,Melbourne,Victoria,17.0,63.3,Spring,9,13.554444444444446,3.45,0
2023-09-08,Melbourne,Victoria,16.1,72.6,Spring,9,13.554444444444446,2.55,0
2023-09-09,Melbourne,Victoria,10.5,69.1,Spring,9,13.554444444444446,-3.05,0
2023-09-10,Melbourne,Victoria,18.5,63.2,Spring,9,13.554444444444446,4.95,0
2023-09-11,Melbourne,Victoria,17.4,52.3,Spring,9,13.554444444444446,3.85,0
2023-09-12,Melbourne,Victoria,14.5,62.4,Spring,9,13.554444444444446,0.95,0
2023-09-13,Melbourne,Victoria,15.6,61.7,Spring,9,13.554444444444446,2.05,0
2023-09-14,Melbourne,Victoria,15.3,66.5,Spring,9,13.554444444444446,1.75,0
2023-09-15,Melbourne,Victoria,13.9,68.6,Spring,9,13.554444444444446,0.35,0
2023-09-16,Melbourne,Victoria,10.7,75.6,Spring,9,13.554444444444446,-2.85,0
2023-09-17,Melbourne,Victoria,5.3,68.3,Spring,9,13.554444444444446,-8.25,0
2023-09-18,Melbourne,Victoria,8.0,84.6,Spring,9,13.554444444444446,-5.55,1
2023-09-19,Melbourne,Victoria,10.3,73.3,Spring,9,13.554444444444446,-3.25,0
2023-09-20,Melbourne,Victoria,4.9,63.6,Spring,9,13.554444444444446,-8.65,0
2023-09-21,Melbourne,Victoria,8.4,66.9,Spring,9,13.554444444444446,-5.15,0
2023-09-22,Melbourne,Victoria,11.5,69.6,Spring,9,13.554444444444446,-2.05,0
2023-09-23,Melbourne,Victoria,9.5,68.5,Spring,9,13.554444444444446,-4.05,0
2023-09-24,Melbourne,Victoria,13.1,73.0,Spring,9,13.554444444444446,-0.45,0
2023-09-25,Melbourne,Victoria,15.3,73.8,Spring,9,13.554444444444446,1.75,0
2023-09-26,Melbourne,Victoria,18.7,60.3,Spring,9,13.554444444444446,5.15,0
2023-09-27,Melbourne,Victoria,24.5,69.6,Spring,9,13.554444444444446,10.95,0
2023-09-28,Melbourne,Victoria,19.7,58.3,Spring,9,13.554444444444446,6.15,0
2023-09-29,Melbourne,Victoria,18.6,60.4,Spring,9,13.554444444444446,5.05,0
2023-09-30,Melbourne,Victoria,14.8,59.9,Spring,9,13.554444444444446,1.25,0
2023-10-01,Melbourne,Victoria,16.7,72.1,Spring,10,14.203225806451615,2.5,0
2023-10-02,Melbourne,Victoria,13.4,70.3,Spring,10,14.203225806451615,-0.8,0
2023-10-03,Melbourne,Victoria,18.6,60.4,Spring,10,14.203225806451615,4.4,0
2023-10-04,Melbourne,Victoria,19.3,73.5,Spring,10,14.203225806451615,5.1,0
2023-10-05,Melbourne,Victoria,16.1,55.7,Spring,10,14.203225806451615,1.9,0
2023-10-06,Melbourne,Victoria,10.8,68.6,Spring,10,14.203225806451615,-3.4,0
2023-10-07,Melbourne,Victoria,14.6,63.2,Spring,10,14.203225806451615,0.4,0
2023-10-08,Melbourne,Victoria,11.6,60.1,Spring,10,14.203225806451615,-2.6,0
2023-10-09,Melbourne,Victoria,8.4,57.3,Spring,10,14.203225806451615,-5.8,0
2023-10-10,Melbourne,Victoria,8.9,54.8,Spring,10,14.203225806451615,-5.3,0
2023-10-11,Melbourne,Victoria,11.3,65.1,Spring,10,14.203225806451615,-2.9,0
2023-10-12,Melbourne,Victoria,16.6,64.0,Spring,10,14.203225806451615,2.4,0
2023-10-13,Melbourne,Victoria,25.3,55.1,Spring,10,14.203225806451615,11.1,0
2023-10-14,Melbourne,Victoria,24.7,61.0,Spring,10,14.203225806451615,10.5,0
2023-10-15,Melbourne,Victoria,21.2,57.1,Spring,10,14.203225806451615,7.0,0
2023-10-16,Melbourne,Victoria,15.7,58.7,Spring,10,14.203225806451615,1.5,0
2023-10-17,Melbourne,Victoria,15.4,54.0,Spring,10,14.203225806451615,1.2,0
2023-10-18,Melbourne,Victoria,14.7,69.7,Spring,10,14.203225806451615,0.5,0
2023-10-19,Melbourne,Victoria,11.6,64.9,Spring,10,14.203225806451615,-2.6,0
2023-10-20,Melbourne,Victoria,8.7,56.1,Spring,10,14.203225806451615,-5.5,0
2023-10-21,Melbourne,Victoria,7.4,68.8,Spring,10,14.203225806451615,-6.8,0
2023-10-22,Melbourne,Victoria,8.8,59.2,Spring,10,14.203225806451615,-5.4,0
2023-10-23,Melbourne,Victoria,12.9,53.6,Spring,10,14.203225806451615,-1.3,0
2023-10-24,Melbourne,Victoria,13.2,58.2,Spring,10,14.203225806451615,-1.0,0
2023-10-25,Melbourne,Victoria,12.0,62.0,Spring,10,14.203225806451615,-2.2,0
2023-10-26,Melbourne,Victoria,8.0,66.1,Spring,10,14.203225806451615,-6.2,0
2023-10-27,Melbourne,Victoria,6.9,67.2,Spring,10,14.203225806451615,-7.3,0
2023-10-28,Melbourne,Victoria,6.6,62.8,Spring,10,14.203225806451615,-7.6,0
2023-10-29,Melbourne,Victoria,12.0,62.1,Spring,10,14.203225806451615,-2.2,0
2023-10-30,Melbourne,Victoria,8.7,62.9,Spring,10,14.203225806451615,-5.5,0
2023-10-31,Melbourne,Victoria,7.9,59.9,Spring,10,14.203225806451615,-6.3,0
2023-11-01,Melbourne,Victoria,13.6,53.0,Spring,11,16.355555555555554,-2.76,0
2023-11-02,Melbourne,Victoria,20.3,65.4,Spring,11,16.355555555555554,3.94,0
2023-11-03,Melbourne,Victoria,18.9,82.3,Spring,11,16.355555555555554,2.54,1
2023-11-04,Melbourne,Victoria,18.2,61.7,Spring,11,16.355555555555554,1.84,0
2023-11-05,Melbourne,Victoria,17.5,62.6,Spring,11,16.355555555555554,1.14,0
2023-11-06,Melbourne,Victoria,20.4,67.5,Spring,11,16.355555555555554,4.04,0
2023-11-07,Melbourne,Victoria,23.5,62.1,Spring,11,16.355555555555554,7.14,0
2023-11-08,Melbourne,Victoria,23.6,63.1,Spring,11,16.355555555555554,7.24,0
2023-11-09,Melbourne,Victoria,19.5,67.9,Spring,11,16.355555555555554,3.14,0
2023-11-10,Melbourne,Victoria,19.7,55.6,Spring,11,16.355555555555554,3.34,0
2023-11-11,Melbourne,Victoria,17.7,57.0,Spring,11,16.355555555555554,1.34,0
2023-11-12,Melbourne,Victoria,14.7,51.2,Spring,11,16.355555555555554,-1.66,0
2023-11-13,Melbourne,Victoria,9.0,61.1,Spring,11,16.355555555555554,-7.36,0
2023-11-14,Melbourne,Victoria,11.2,49.2,Spring,11,16.355555555555554,-5.16,0
2023-11-15,Melbourne,Victoria,11.3,54.3,Spring,11,16.355555555555554,-5.06,0
2023-11-16,Melbourne,Victoria,10.4,56.5,Spring,11,16.355555555555554,-5.96,0
2023-11-17,Melbourne,Victoria,13.9,66.9,Spring,11,16.355555555555554,-2.46,0
2023-11-18,Melbourne,Victoria,17.7,50.3,Spring,11,16.355555555555554,1.34,0
2023-11-19,Melbourne,Victoria,18.1,53.7,Spring,11,16.355555555555554,1.74,0
2023-11-20,Melbourne,Victoria,14.0,64.3,Spring,11,16.355555555555554,-2.36,0
2023-11-21,Melbourne,Victoria,17.0,56.7,Spring,11,16.355555555555554,0.64,0
2023-11-22,Melbourne,Victoria,17.1,73.4,Spring,11,16.355555555555554,0.74,0
2023-11-23,Melbourne,Victoria,18.0,54.5,Spring,11,16.355555555555554,1.64,0
2023-11-24,Melbourne,Victoria,13.6,59.4,Spring,11,16.355555555555554,-2.76,0
2023-11-25,Melbourne,Victoria,14.8,56.9,Spring,11,16.355555555555554,-1.56,0
2023-11-26,Melbourne,Victoria,17.9,63.7,Spring,11,16.355555555555554,1.54,0
2023-11-27,Melbourne,Victoria,16.4,63.4,Spring,11,16.355555555555554,0.04,0
2023-11-28,Melbourne,Victoria,15.3,68.1,Spring,11,16.355555555555554,-1.06,0
2023-11-29,Melbourne,Victoria,17.4,60.4,Spring,11,16.355555555555554,1.04,0
2023-11-30,Melbourne,Victoria,10.8,65.5,Spring,11,16.355555555555554,-5.56,0
2023-12-01,Melbourne,Victoria,14.7,65.0,Summer,12,18.478494623655912,-3.78,0
2023-12-02,Melbourne,Victoria,16.0,66.5,Summer,12,18.478494623655912,-2.48,0
2023-12-03,Melbourne,Victoria,17.5,60.1,Summer,12,18.478494623655912,-0.98,0
2023-12-04,Melbourne,Victoria,12.4,60.7,Summer,12,18.478494623655912,-6.08,0
2023-12-05,Melbourne,Victoria,17.5,64.4,Summer,12,18.478494623655912,-0.98,0
2023-12-06,Melbourne,Victoria,22.7,53.6,Summer,12,18.478494623655912,4.22,0
2023-12-07,Melbourne,Victoria,20.3,61.3,Summer,12,18.478494623655912,1.82,0
2023-12-08,Melbourne,Victoria,19.0,54.0,Summer,12,18.478494623655912,0.52,0
2023-12-09,Melbourne,Victoria,14.2,53.7,Summer,12,18.478494623655912,-4.28,0
2023-12-10,Melbourne,Victoria,18.6,66.7,Summer,12,18.478494623655912,0.12,0
2023-12-11,Melbourne,Victoria,17.5,62.1,Summer,12,18.478494623655912,-0.98,0
2023-12-12,Melbourne,Victoria,11.3,61.8,Summer,12,18.478494623655912,-7.18,0
2023-12-13,Melbourne,Victoria,15.4,54.6,Summer,12,18.478494623655912,-3.08,0
2023-12-14,Melbourne,Victoria,18.6,64.7,Summer,12,18.478494623655912,0.12,0
2023-12-15,Melbourne,Victoria,24.2,62.1,Summer,12,18.478494623655912,5.72,0
2023-12-16,Melbourne,Victoria,20.4,67.1,Summer,12,18.478494623655912,1.92,0
2023-12-17,Melbourne,Victoria,26.4,41.6,Summer,12,18.478494623655912,7.92,0
2023-12-18,Melbourne,Victoria,27.7,55.3,Summer,12,18.478494623655912,9.22,0
2023-12-19,Melbourne,Victoria,26.7,67.3,Summer,12,18.478494623655912,8.22,0
2023-12-20,Melbourne,Victoria,23.8,54.4,Summer,12,18.478494623655912,5.32,0
2023-12-21,Melbourne,Victoria,20.9,60.2,Summer,12,18.478494623655912,2.42,0
2023-12-22,Melbourne,Victoria,23.5,64.3,Summer,12,18.478494623655912,5.02,0
2023-12-23,Melbourne,Victoria,23.5,66.1,Summer,12,18.478494623655912,5.02,0
2023-12-24,Melbourne,Victoria,16.7,52.3,Summer,12,18.478494623655912,-1.78,0
2023-12-25,Melbourne,Victoria,15.9,59.0,Summer,12,18.478494623655912,-2.58,0
2023-12-26,Melbourne,Victoria,19.6,55.4,Summer,12,18.478494623655912,1.12,0
2023-12-27,Melbourne,Victoria,24.4,62.0,Summer,12,18.478494623655912,5.92,0
2023-12-28,Melbourne,Victoria,16.3,59.5,Summer,12,18.478494623655912,-2.18,0
2023-12-29,Melbourne,Victoria,16.4,61.7,Summer,12,18.478494623655912,-2.08,0
2023-12-30,Melbourne,Victoria,14.9,67.7,Summer,12,18.478494623655912,-3.58,0
2023-12-31,Melbourne,Victoria,15.4,55.2,Summer,12,18.478494623655912,-3.08,0
2024-01-01,Melbourne,Victoria,19.2,52.5,Summer,1,19.00215053763441,0.2,0
2024-01-02,Melbourne,Victoria,22.1,61.2,Summer,1,19.00215053763441,3.1,0
2024-01-03,Melbourne,Victoria,24.6,65.8,Summer,1,19.00215053763441,5.6,0
2024-01-04,Melbourne,Victoria,26.0,53.7,Summer,1,19.00215053763441,7.0,0
2024-01-05,Melbourne,Victoria,25.1,68.7,Summer,1,19.00215053763441,6.1,0
2024-01-06,Melbourne,Victoria,30.8,73.3,Summer,1,19.00215053763441,11.8,0
2024-01-07,Melbourne,Victoria,26.4,65.5,Summer,1,19.00215053763441,7.4,0
2024-01-08,Melbourne,Victoria,26.5,72.3,Summer,1,19.00215053763441,7.5,0
2024-01-09,Melbourne,Victoria,24.8,46.0,Summer,1,19.00215053763441,5.8,0
2024-01-10,Melbourne,Victoria,27.7,66.2,Summer,1,19.00215053763441,8.7,0
2024-01-11,Melbourne,Victoria,18.2,56.4,Summer,1,19.00215053763441,-0.8,0
2024-01-12,Melbourne,Victoria,22.5,64.0,Summer,1,19.00215053763441,3.5,0
2024-01-13,Melbourne,Victoria,18.6,60.5,Summer,1,19.00215053763441,-0.4,0
2024-01-14,Melbourne,Victoria,18.6,51.8,Summer,1,19.00215053763441,-0.4,0
2024-01-15,Melbourne,Victoria,18.1,64.8,Summer,1,19.00215053763441,-0.9,0
2024-01-16,Melbourne,Victoria,15.4,59.5,Summer,1,19.00215053763441,-3.6,0
2024-01-17,Melbourne,Victoria,11.5,57.1,Summer,1,19.00215053763441,-7.5,0
2024-01-18,Melbourne,Victoria,15.5,60.1,Summer,1,19.00215053763441,-3.5,0
2024-01-19,Melbourne,Victoria,14.5,54.1,Summer,1,19.00215053763441,-4.5,0
2024-01-20,Melbourne,Victoria,16.4,54.4,Summer,1,19.00215053763441,-2.6,0
2024-01-21,Melbourne,Victoria,19.4,65.2,Summer,1,19.00215053763441,0.4,0
2024-01-22,Melbourne,Victoria,20.4,67.3,Summer,1,19.00215053763441,1.4,0
2024-01-23,Melbourne,Victoria,18.1,53.8,Summer,1,19.00215053763441,-0.9,0
2024-01-24,Melbourne,Victoria,14.6,48.0,Summer,1,19.00215053763441,-4.4,0
2024-01-25,Melbourne,Victoria,15.3,69.5,Summer,1,19.00215053763441,-3.7,0
2024-01-26,Melbourne,Victoria,17.1,56.9,Summer,1,19.00215053763441,-1.9,0
2024-01-27,Melbourne,Victoria,15.6,63.2,Summer,1,19.00215053763441,-3.4,0
2024-01-28,Melbourne,Victoria,15.8,54.6,Summer,1,19.00215053763441,-3.2,0
2024-01-29,Melbourne,Victoria,15.2,56.0,Summer,1,19.00215053763441,-3.8,0
2024-01-30,Melbourne,Victoria,12.8,68.5,Summer,1,19.00215053763441,-6.2,0
2024-01-31,Melbourne,Victoria,14.2,59.6,Summer,1,19.00215053763441,-4.8,0
2024-02-01,Melbourne,Victoria,19.4,62.8,Summer,2,20.403529411764705,-1.0,0
2024-02-02,Melbourne,Victoria,17.9,59.0,Summer,2,20.403529411764705,-2.5,0
2024-02-03,Melbourne,Victoria,20.4,66.1,Summer,2,20.403529411764705,-0.0,0
2024-02-04,Melbourne,Victoria,22.0,60.7,Summer,2,20.403529411764705,1.6,0
2024-02-05,Melbourne,Victoria,25.0,59.5,Summer,2,20.403529411764705,4.6,0
2024-02-06,Melbourne,Victoria,28.2,68.5,Summer,2,20.403529411764705,7.8,0
2024-02-07,Melbourne,Victoria,21.0,63.1,Summer,2,20.403529411764705,0.6,0
2024-02-08,Melbourne,Victoria,24.9,69.3,Summer,2,20.403529411764705,4.5,0
2024-02-09,Melbourne,Victoria,21.4,63.3,Summer,2,20.403529411764705,1.0,0
2024-02-10,Melbourne,Victoria,22.4,59.9,Summer,2,20.403529411764705,2.0,0
2024-02-11,Melbourne,Victoria,23.4,64.1,Summer,2,20.403529411764705,3.0,0
2024-02-12,Melbourne,Victoria,27.8,67.2,Summer,2,20.403529411764705,7.4,0
2024-02-13,Melbourne,Victoria,24.4,71.1,Summer,2,20.403529411764705,4.0,0
2024-02-14,Melbourne,Victoria,31.2,66.5,Summer,2,20.403529411764705,10.8,0
2024-02-15,Melbourne,Victoria,31.0,63.8,Summer,2,20.403529411764705,10.6,0
2024-02-16,Melbourne,Victoria,28.2,64.8,Summer,2,20.403529411764705,7.8,0
2024-02-17,Melbourne,Victoria,23.5,65.1,Summer,2,20.403529411764705,3.1,0
2024-02-18,Melbourne,Victoria,18.5,60.9,Summer,2,20.403529411764705,-1.9,0
2024-02-19,Melbourne,Victoria,23.7,73.0,Summer,2,20.403529411764705,3.3,0
2024-02-20,Melbourne,Victoria,22.0,64.0,Summer,2,20.403529411764705,1.6,0
2024-02-21,Melbourne,Victoria,17.8,60.6,Summer,2,20.403529411764705,-2.6,0
2024-02-22,Melbourne,Victoria,18.8,64.7,Summer,2,20.403529411764705,-1.6,0
2024-02-23,Melbourne,Victoria,19.0,66.2,Summer,2,20.403529411764705,-1.4,0
2024-02-24,Melbourne,Victoria,18.2,55.9,Summer,2,20.403529411764705,-2.2,0
2024-02-25,Melbourne,Victoria,19.4,66.1,Summer,2,20.403529411764705,-1.0,0
2024-02-26,Melbourne,Victoria,18.4,63.9,Summer,2,20.403529411764705,-2.0,0
2024-02-27,Melbourne,Victoria,22.4,57.4,Summer,2,20.403529411764705,2.0,0
2024-02-28,Melbourne,Victoria,20.4,63.8,Summer,2,20.403529411764705,-0.0,0
2024-02-29,Melbourne,Victoria,13.5,64.0,Summer,2,20.403529411764705,-6.9,0
2024-03-01,Melbourne,Victoria,13.3,60.7,Autumn,3,18.633333333333333,-5.33,0
2024-03-02,Melbourne,Victoria,19.8,59.4,Autumn,3,18.633333333333333,1.17,0
2024-03-03,Melbourne,Victoria,21.6,58.8,Autumn,3,18.633333333333333,2.97,0
2024-03-04,Melbourne,Victoria,24.3,60.3,Autumn,3,18.633333333333333,5.67,0
2024-03-05,Melbourne,Victoria,27.3,62.8,Autumn,3,18.633333333333333,8.67,0
2024-03-06,Melbourne,Victoria,21.8,64.8,Autumn,3,18.633333333333333,3.17,0
2024-03-07,Melbourne,Victoria,20.0,67.3,Autumn,3,18.633333333333333,1.37,0
2024-03-08,Melbourne,Victoria,24.8,75.2,Autumn,3,18.633333333333333,6.17,0
2024-03-09,Melbourne,Victoria,23.9,67.1,Autumn,3,18.633333333333333,5.27,0
2024-03-10,Melbourne,Victoria,26.1,61.2,Autumn,3,18.633333333333333,7.47,0
2024-03-11,Melbourne,Victoria,28.1,57.0,Autumn,3,18.633333333333333,9.47,0
2024-03-12,Melbourne,Victoria,31.0,64.0,Autumn,3,18.633333333333333,12.37,0
2024-03-13,Melbourne,Victoria,26.4,58.4,Autumn,3,18.633333333333333,7.77,0
2024-03-14,Melbourne,Victoria,22.7,52.2,Autumn,3,18.633333333333333,4.07,0
2024-03-15,Melbourne,Victoria,18.6,61.0,Autumn,3,18.633333333333333,-0.03,0
2024-03-16,Melbourne,Victoria,19.0,55.2,Autumn,3,18.633333333333333,0.37,0
2024-03-17,Melbourne,Victoria,17.5,72.7,Autumn,3,18.633333333333333,-1.13,0
2024-03-18,Melbourne,Victoria,20.3,61.0,Autumn,3,18.633333333333333,1.67,0
2024-03-19,Melbourne,Victoria,17.9,64.0,Autumn,3,18.633333333333333,-0.73,0
2024-03-20,Melbourne,Victoria,20.5,75.1,Autumn,3,18.633333333333333,1.87,0
2024-03-21,Melbourne,Victoria,24.7,59.8,Autumn,3,18.633333333333333,6.07,0
2024-03-22,Melbourne,Victoria,22.1,76.3,Autumn,3,18.633333333333333,3.47,0
2024-03-23,Melbourne,Victoria,22.6,64.7,Autumn,3,18.633333333333333,3.97,0
2024-03-24,Melbourne,Victoria,15.7,57.0,Autumn,3,18.633333333333333,-2.93,0
2024-03-25,Melbourne,Victoria,15.7,56.5,Autumn,3,18.633333333333333,-2.93,0
2024-03-26,Melbourne,Victoria,17.7,59.5,Autumn,3,18.633333333333333,-0.93,0
2024-03-27,Melbourne,Victoria,17.7,63.8,Autumn,3,18.633333333333333,-0.93,0
2024-03-28,Melbourne,Victoria,17.2,59.1,Autumn,3,18.633333333333333,-1.43,0
2024-03-29,Melbourne,Victoria,15.1,65.7,Autumn,3,18.633333333333333,-3.53,0
2024-03-30,Melbourne,Victoria,20.3,60.6,Autumn,3,18.633333333333333,1.67,0
2024-03-31,Melbourne,Victoria,22.5,67.9,Autumn,3,18.633333333333333,3.87,0
2024-04-01,Melbourne,Victoria,21.6,65.5,Autumn,4,16.34888888888889,5.25,0
2024-04-02,Melbourne,Victoria,21.7,71.0,Autumn,4,16.34888888888889,5.35,0
2024-04-03,Melbourne,Victoria,26.0,66.3,Autumn,4,16.34888888888889,9.65,0
2024-04-04,Melbourne,Victoria,26.8,76.7,Autumn,4,16.34888888888889,10.45,0
2024-04-05,Melbourne,Victoria,23.2,62.0,Autumn,4,16.34888888888889,6.85,0
2024-04-06,Melbourne,Victoria,20.1,71.6,Autumn,4,16.34888888888889,3.75,0
2024-04-07,Melbourne,Victoria,18.1,61.2,Autumn,4,16.34888888888889,1.75,0
2024-04-08,Melbourne,Victoria,16.1,58.3,Autumn,4,16.34888888888889,-0.25,0
2024-04-09,Melbourne,Victoria,19.3,64.1,Autumn,4,16.34888888888889,2.95,0
2024-04-10,Melbourne,Victoria,15.7,65.2,Autumn,4,16.34888888888889,-0.65,0
2024-04-11,Melbourne,Victoria,17.1,73.9,Autumn,4,16.34888888888889,0.75,0
2024-04-12,Melbourne,Victoria,24.0,70.3,Autumn,4,16.34888888888889,7.65,0
2024-04-13,Melbourne,Victoria,17.2,60.8,Autumn,4,16.34888888888889,0.85,0
2024-04-14,Melbourne,Victoria,15.1,69.8,Autumn,4,16.34888888888889,-1.25,0
2024-04-15,Melbourne,Victoria,14.4,73.4,Autumn,4,16.34888888888889,-1.95,0
2024-04-16,Melbourne,Victoria,13.3,47.0,Autumn,4,16.34888888888889,-3.05,0
2024-04-17,Melbourne,Victoria,11.3,71.1,Autumn,4,16.34888888888889,-5.05,0
2024-04-18,Melbourne,Victoria,17.3,64.4,Autumn,4,16.34888888888889,0.95,0
2024-04-19,Melbourne,Victoria,20.9,66.6,Autumn,4,16.34888888888889,4.55,0
2024-04-20,Melbourne,Victoria,13.8,67.0,Autumn,4,16.34888888888889,-2.55,0
2024-04-21,Melbourne,Victoria,12.2,65.5,Autumn,4,16.34888888888889,-4.15,0
2024-04-22,Melbourne,Victoria,12.9,60.0,Autumn,4,16.34888888888889,-3.45,0
2024-04-23,Melbourne,Victoria,18.9,66.4,Autumn,4,16.34888888888889,2.55,0
2024-04-24,Melbourne,Victoria,14.3,68.2,Autumn,4,16.34888888888889,-2.05,0
2024-04-25,Melbourne,Victoria,19.3,63.8,Autumn,4,16.34888888888889,2.95,0
2024-04-26,Melbourne,Victoria,21.1,72.7,Autumn,4,16.34888888888889,4.75,0
2024-04-27,Melbourne,Victoria,18.7,65.2,Autumn,4,16.34888888888889,2.35,0
2024-04-28,Melbourne,Victoria,21.5,70.3,Autumn,4,16.34888888888889,5.15,0
2024-04-29,Melbourne,Victoria,22.3,60.6,Autumn,4,16.34888888888889,5.95,0
2024-04-30,Melbourne,Victoria,22.9,80.0,Autumn,4,16.34888888888889,6.55,0
2024-05-01,Melbourne,Victoria,17.1,71.1,Autumn,5,12.574193548387099,4.53,0
2024-05-02,Melbourne,Victoria,10.0,77.4,Autumn,5,12.574193548387099,-2.57,0
2024-05-03,Melbourne,Victoria,7.5,78.9,Autumn,5,12.574193548387099,-5.07,0
2024-05-04,Melbourne,Victoria,9.8,68.6,Autumn,5,12.574193548387099,-2.77,0
2024-05-05,Melbourne,Victoria,11.8,72.2,Autumn,5,12.574193548387099,-0.77,0
2024-05-06,Melbourne,Victoria,10.3,76.6,Autumn,5,12.574193548387099,-2.27,0
2024-05-07,Melbourne,Victoria,11.3,77.7,Autumn,5,12.574193548387099,-1.27,0
2024-05-08,Melbourne,Victoria,14.3,63.2,Autumn,5,12.574193548387099,1.73,0
2024-05-09,Melbourne,Victoria,16.4,71.5,Autumn,5,12.574193548387099,3.83,0
2024-05-10,Melbourne,Victoria,17.4,79.4,Autumn,5,12.574193548387099,4.83,0
2024-05-11,Melbourne,Victoria,13.8,85.5,Autumn,5,12.574193548387099,1.23,1
2024-05-12,Melbourne,Victoria,9.4,79.0,Autumn,5,12.574193548387099,-3.17,0
2024-05-13,Melbourne,Victoria,9.0,81.2,Autumn,5,12.574193548387099,-3.57,1
2024-05-14,Melbourne,Victoria,7.0,75.1,Autumn,5,12.574193548387099,-5.57,0
2024-05-15,Melbourne,Victoria,9.0,76.0,Autumn,5,12.574193548387099,-3.57,0
2024-05-16,Melbourne,Victoria,8.6,69.1,Autumn,5,12.574193548387099,-3.97,0
2024-05-17,Melbourne,Victoria,7.4,69.0,Autumn,5,12.574193548387099,-5.17,0
2024-05-18,Melbourne,Victoria,6.9,75.1,Autumn,5,12.574193548387099,-5.67,0
2024-05-19,Melbourne,Victoria,5.4,62.1,Autumn,5,12.574193548387099,-7.17,0
2024-05-20,Melbourne,Victoria,1.3,72.7,Autumn,5,12.574193548387099,-11.27,0
2024-05-21,Melbourne,Victoria,5.8,65.6,Autumn,5,12.574193548387099,-6.77,0
2024-05-22,Melbourne,Victoria,5.2,68.7,Autumn,5,12.574193548387099,-7.37,0
2024-05-23,Melbourne,Victoria,11.0,70.0,Autumn,5,12.574193548387099,-1.57,0
2024-05-24,Melbourne,Victoria,14.6,70.3,Autumn,5,12.574193548387099,2.03,0
2024-05-25,Melbourne,Victoria,13.2,73.6,Autumn,5,12.574193548387099,0.63,0
2024-05-26,Melbourne,Victoria,7.1,74.5,Autumn,5,12.574193548387099,-5.47,0
2024-05-27,Melbourne,Victoria,8.5,75.3,Autumn,5,12.574193548387099,-4.07,0
2024-05-28,Melbourne,Victoria,8.1,68.1,Autumn,5,12.574193548387099,-4.47,0
2024-05-29,Melbourne,Victoria,4.8,73.7,Autumn,5,12.574193548387099,-7.77,0
2024-05-30,Melbourne,Victoria,9.1,73.3,Autumn,5,12.574193548387099,-3.47,0
2024-05-31,Melbourne,Victoria,7.8,64.7,Autumn,5,12.574193548387099,-4.77,0
2024-06-01,Melbourne,Victoria,8.6,73.6,Winter,6,10.273333333333333,-1.67,0
2024-06-02,Melbourne,Victoria,7.0,75.1,Winter,6,10.273333333333333,-3.27,0
2024-06-03,Melbourne,Victoria,7.2,83.1,Winter,6,10.273333333333333,-3.07,1
2024-06-04,Melbourne,Victoria,8.2,82.6,Winter,6,10.273333333333333,-2.07,1
2024-06-05,Melbourne,Victoria,8.1,83.8,Winter,6,10.273333333333333,-2.17,1
2024-06-06,Melbourne,Victoria,4.6,78.4,Winter,6,10.273333333333333,-5.67,0
2024-06-07,Melbourne,Victoria,9.4,81.1,Winter,6,10.273333333333333,-0.87,1
2024-06-08,Melbourne,Victoria,8.6,73.7,Winter,6,10.273333333333333,-1.67,0
2024-06-09,Melbourne,Victoria,12.4,68.0,Winter,6,10.273333333333333,2.13,0
2024-06-10,Melbourne,Victoria,9.7,96.1,Winter,6,10.273333333333333,-0.57,1
2024-06-11,Melbourne,Victoria,12.3,79.2,Winter,6,10.273333333333333,2.03,0
2024-06-12,Melbourne,Victoria,14.1,79.6,Winter,6,10.273333333333333,3.83,0
2024-06-13,Melbourne,Victoria,12.9,65.4,Winter,6,10.273333333333333,2.63,0
2024-06-14,Melbourne,Victoria,14.0,80.0,Winter,6,10.273333333333333,3.73,0
2024-06-15,Melbourne,Victoria,1.9,84.7,Winter,6,10.273333333333333,-8.37,1
2024-06-16,Melbourne,Victoria,3.8,77.3,Winter,6,10.273333333333333,-6.47,0
2024-06-17,Melbourne,Victoria,5.9,79.5,Winter,6,10.273333333333333,-4.37,0
2024-06-18,Melbourne,Victoria,9.6,78.2,Winter,6,10.273333333333333,-0.67,0
2024-06-19,Melbourne,Victoria,6.1,90.7,Winter,6,10.273333333333333,-4.17,1
2024-06-20,Melbourne,Victoria,14.2,77.4,Winter,6,10.273333333333333,3.93,0
2024-06-21,Melbourne,Victoria,12.6,78.4,Winter,6,10.273333333333333,2.33,0
2024-06-22,Melbourne,Victoria,14.3,81.8,Winter,6,10.273333333333333,4.03,1
2024-06-23,Melbourne,Victoria,17.3,63.2,Winter,6,10.273333333333333,7.03,0
2024-06-24,Melbourne,Victoria,12.4,80.8,Winter,6,10.273333333333333,2.13,1
2024-06-25,Melbourne,Victoria,8.1,64.4,Winter,6,10.273333333333333,-2.17,0
2024-06-26,Melbourne,Victoria,7.0,82.8,Winter,6,10.273333333333333,-3.27,1
2024-06-27,Melbourne,Victoria,13.4,84.0,Winter,6,10.273333333333333,3.13,1
2024-06-28,Melbourne,Victoria,10.4,72.4,Winter,6,10.273333333333333,0.13,0
2024-06-29,Melbourne,Victoria,12.5,74.6,Winter,6,10.273333333333333,2.23,0
2024-06-30,Melbourne,Victoria,11.0,82.0,Winter,6,10.273333333333333,0.73,1
2024-07-01,Melbourne,Victoria,12.7,74.2,Winter,7,10.786021505376345,1.91,0
2024-07-02,Melbourne,Victoria,11.2,78.7,Winter,7,10.786021505376345,0.41,0
2024-07-03,Melbourne,Victoria,13.2,70.9,Winter,7,10.786021505376345,2.41,0
2024-07-04,Melbourne,Victoria,10.3,69.2,Winter,7,10.786021505376345,-0.49,0
2024-07-05,Melbourne,Victoria,5.9,79.4,Winter,7,10.786021505376345,-4.89,0
2024-07-06,Melbourne,Victoria,9.1,72.9,Winter,7,10.786021505376345,-1.69,0
2024-07-07,Melbourne,Victoria,9.8,81.7,Winter,7,10.786021505376345,-0.99,1
2024-07-08,Melbourne,Victoria,15.2,79.2,Winter,7,10.786021505376345,4.41,0
2024-07-09,Melbourne,Victoria,18.8,64.5,Winter,7,10.786021505376345,8.01,0
2024-07-10,Melbourne,Victoria,17.3,83.3,Winter,7,10.786021505376345,6.51,1
2024-07-11,Melbourne,Victoria,17.4,82.2,Winter,7,10.786021505376345,6.61,1
2024-07-12,Melbourne,Victoria,16.3,69.9,Winter,7,10.786021505376345,5.51,0
2024-07-13,Melbourne,Victoria,14.3,80.9,Winter,7,10.786021505376345,3.51,1
2024-07-14,Melbourne,Victoria,14.2,75.4,Winter,7,10.786021505376345,3.41,0
2024-07-15,Melbourne,Victoria,15.5,76.3,Winter,7,10.786021505376345,4.71,0
2024-07-16,Melbourne,Victoria,16.8,78.9,Winter,7,10.786021505376345,6.01,0
2024-07-17,Melbourne,Victoria,18.1,86.8,Winter,7,10.786021505376345,7.31,1
2024-07-18,Melbourne,Victoria,16.7,81.6,Winter,7,10.786021505376345,5.91,1
2024-07-19,Melbourne,Victoria,11.8,73.5,Winter,7,10.786021505376345,1.01,0
2024-07-20,Melbourne,Victoria,7.5,83.1,Winter,7,10.786021505376345,-3.29,1
2024-07-21,Melbourne,Victoria,5.8,86.8,Winter,7,10.786021505376345,-4.99,1
2024-07-22,Melbourne,Victoria,12.1,62.3,Winter,7,10.786021505376345,1.31,0
2024-07-23,Melbourne,Victoria,7.5,80.3,Winter,7,10.786021505376345,-3.29,1
2024-07-24,Melbourne,Victoria,3.2,72.5,Winter,7,10.786021505376345,-7.59,0
2024-07-25,Melbourne,Victoria,8.4,85.9,Winter,7,10.786021505376345,-2.39,1
2024-07-26,Melbourne,Victoria,6.7,76.5,Winter,7,10.786021505376345,-4.09,0
2024-07-27,Melbourne,Victoria,6.6,74.8,Winter,7,10.786021505376345,-4.19,0
2024-07-28,Melbourne,Victoria,9.4,80.2,Winter,7,10.786021505376345,-1.39,1
2024-07-29,Melbourne,Victoria,3.6,68.1,Winter,7,10.786021505376345,-7.19,0
2024-07-30,Melbourne,Victoria,5.7,75.9,Winter,7,10.786021505376345,-5.09,0
2024-07-31,Melbourne,Victoria,5.1,78.1,Winter,7,10.786021505376345,-5.69,0
2024-08-01,Melbourne,Victoria,7.9,77.1,Winter,8,10.667741935483871,-2.77,0
2024-08-02,Melbourne,Victoria,8.4,71.3,Winter,8,10.667741935483871,-2.27,0
2024-08-03,Melbourne,Victoria,9.4,75.9,Winter,8,10.667741935483871,-1.27,0
2024-08-04,Melbourne,Victoria,11.3,72.5,Winter,8,10.667741935483871,0.63,0
2024-08-05,Melbourne,Victoria,17.1,74.9,Winter,8,10.667741935483871,6.43,0
2024-08-06,Melbourne,Victoria,13.7,61.1,Winter,8,10.667741935483871,3.03,0
2024-08-07,Melbourne,Victoria,13.9,70.6,Winter,8,10.667741935483871,3.23,0
2024-08-08,Melbourne,Victoria,18.6,63.7,Winter,8,10.667741935483871,7.93,0
2024-08-09,Melbourne,Victoria,18.8,66.2,Winter,8,10.667741935483871,8.13,0
2024-08-10,Melbourne,Victoria,17.6,70.7,Winter,8,10.667741935483871,6.93,0
2024-08-11,Melbourne,Victoria,19.1,81.0,Winter,8,10.667741935483871,8.43,1
2024-08-12,Melbourne,Victoria,19.1,66.5,Winter,8,10.667741935483871,8.43,0
2024-08-13,Melbourne,Victoria,14.4,71.9,Winter,8,10.667741935483871,3.73,0
2024-08-14,Melbourne,Victoria,10.8,75.5,Winter,8,10.667741935483871,0.13,0
2024-08-15,Melbourne,Victoria,12.6,80.3,Winter,8,10.667741935483871,1.93,1
2024-08-16,Melbourne,Victoria,15.0,77.7,Winter,8,10.667741935483871,4.33,0
2024-08-17,Melbourne,Victoria,14.6,64.0,Winter,8,10.667741935483871,3.93,0
2024-08-18,Melbourne,Victoria,13.4,75.0,Winter,8,10.667741935483871,2.73,0
2024-08-19,Melbourne,Victoria,12.0,72.8,Winter,8,10.667741935483871,1.33,0
2024-08-20,Melbourne,Victoria,15.9,77.7,Winter,8,10.667741935483871,5.23,0
2024-08-21,Melbourne,Victoria,17.5,68.4,Winter,8,10.667741935483871,6.83,0
2024-08-22,Melbourne,Victoria,11.0,72.6,Winter,8,10.667741935483871,0.33,0
2024-08-23,Melbourne,Victoria,16.8,66.2,Winter,8,10.667741935483871,6.13,0
2024-08-24,Melbourne,Victoria,12.1,68.9,Winter,8,10.667741935483871,1.43,0
2024-08-25,Melbourne,Victoria,9.1,64.5,Winter,8,10.667741935483871,-1.57,0
2024-08-26,Melbourne,Victoria,2.8,71.6,Winter,8,10.667741935483871,-7.87,0
2024-08-27,Melbourne,Victoria,10.0,73.3,Winter,8,10.667741935483871,-0.67,0
2024-08-28,Melbourne,Victoria,8.1,68.1,Winter,8,10.667741935483871,-2.57,0
2024-08-29,Melbourne,Victoria,8.7,66.3,Winter,8,10.667741935483871,-1.97,0
2024-08-30,Melbourne,Victoria,7.3,64.8,Winter,8,10.667741935483871,-3.37,0
2024-08-31,Melbourne,Victoria,8.2,72.6,Winter,8,10.667741935483871,-2.47,0
2024-09-01,Melbourne,Victoria,18.0,60.3,Spring,9,13.554444444444446,4.45,0
2024-09-02,Melbourne,Victoria,14.7,61.9,Spring,9,13.554444444444446,1.15,0
2024-09-03,Melbourne,Victoria,14.8,60.6,Spring,9,13.554444444444446,1.25,0
2024-09-04,Melbourne,Victoria,9.7,66.2,Spring,9,13.554444444444446,-3.85,0
2024-09-05,Melbourne,Victoria,11.8,71.3,Spring,9,13.554444444444446,-1.75,0
2024-09-06,Melbourne,Victoria,10.9,68.5,Spring,9,13.554444444444446,-2.65,0
2024-09-07,Melbourne,Victoria,8.2,57.8,Spring,9,13.554444444444446,-5.35,0
2024-09-08,Melbourne,Victoria,10.7,70.4,Spring,9,13.554444444444446,-2.85,0
2024-09-09,Melbourne,Victoria,10.8,69.4,Spring,9,13.554444444444446,-2.75,0
2024-09-10,Melbourne,Victoria,16.2,65.2,Spring,9,13.554444444444446,2.65,0
2024-09-11,Melbourne,Victoria,15.4,60.6,Spring,9,13.554444444444446,1.85,0
2024-09-12,Melbourne,Victoria,11.7,64.8,Spring,9,13.554444444444446,-1.85,0
2024-09-13,Melbourne,Victoria,8.6,68.3,Spring,9,13.554444444444446,-4.95,0
2024-09-14,Melbourne,Victoria,10.4,67.0,Spring,9,13.554444444444446,-3.15,0
2024-09-15,Melbourne,Victoria,13.8,63.8,Spring,9,13.554444444444446,0.25,0
2024-09-16,Melbourne,Victoria,13.5,59.6,Spring,9,13.554444444444446,-0.05,0
2024-09-17,Melbourne,Victoria,17.4,69.0,Spring,9,13.554444444444446,3.85,0
2024-09-18,Melbourne,Victoria,16.0,64.7,Spring,9,13.554444444444446,2.45,0
2024-09-19,Melbourne,Victoria,11.8,69.1,Spring,9,13.554444444444446,-1.75,0
2024-09-20,Melbourne,Victoria,14.0,64.7,Spring,9,13.554444444444446,0.45,0
2024-09-21,Melbourne,Victoria,13.6,64.3,Spring,9,13.554444444444446,0.05,0
2024-09-22,Melbourne,Victoria,14.2,67.4,Spring,9,13.554444444444446,0.65,0
2024-09-23,Melbourne,Victoria,11.5,62.5,Spring,9,13.554444444444446,-2.05,0
2024-09-24,Melbourne,Victoria,14.0,71.9,Spring,9,13.554444444444446,0.45,0
2024-09-25,Melbourne,Victoria,18.3,65.1,Spring,9,13.554444444444446,4.75,0
2024-09-26,Melbourne,Victoria,15.5,66.2,Spring,9,13.554444444444446,1.95,0
2024-09-27,Melbourne,Victoria,14.3,71.7,Spring,9,13.554444444444446,0.75,0
2024-09-28,Melbourne,Victoria,16.8,66.7,Spring,9,13.554444444444446,3.25,0
2024-09-29,Melbourne,Victoria,21.8,63.1,Spring,9,13.554444444444446,8.25,0
2024-09-30,Melbourne,Victoria,18.2,53.1,Spring,9,13.554444444444446,4.65,0
2024-10-01,Melbourne,Victoria,14.4,58.8,Spring,10,14.203225806451615,0.2,0
2024-10-02,Melbourne,Victoria,9.9,62.5,Spring,10,14.203225806451615,-4.3,0
2024-10-03,Melbourne,Victoria,15.1,58.8,Spring,10,14.203225806451615,0.9,0
2024-10-04,Melbourne,Victoria,20.1,57.0,Spring,10,14.203225806451615,5.9,0
2024-10-05,Melbourne,Victoria,18.8,58.5,Spring,10,14.203225806451615,4.6,0
2024-10-06,Melbourne,Victoria,17.3,59.1,Spring,10,14.203225806451615,3.1,0
2024-10-07,Melbourne,Victoria,17.2,67.0,Spring,10,14.203225806451615,3.0,0
2024-10-08,Melbourne,Victoria,19.9,65.8,Spring,10,14.203225806451615,5.7,0
2024-10-09,Melbourne,Victoria,22.9,63.9,Spring,10,14.203225806451615,8.7,0
2024-10-10,Melbourne,Victoria,20.8,55.4,Spring,10,14.203225806451615,6.6,0
2024-10-11,Melbourne,Victoria,20.6,63.8,Spring,10,14.203225806451615,6.4,0
2024-10-12,Melbourne,Victoria,22.4,52.6,Spring,10,14.203225806451615,8.2,0
2024-10-13,Melbourne,Victoria,19.5,65.6,Spring,10,14.203225806451615,5.3,0
2024-10-14,Melbourne,Victoria,18.6,58.1,Spring,10,14.203225806451615,4.4,0
2024-10-15,Melbourne,Victoria,20.6,57.5,Spring,10,14.203225806451615,6.4,0
2024-10-16,Melbourne,Victoria,16.8,59.1,Spring,10,14.203225806451615,2.6,0
2024-10-17,Melbourne,Victoria,21.3,57.7,Spring,10,14.203225806451615,7.1,0
2024-10-18,Melbourne,Victoria,16.7,46.1,Spring,10,14.203225806451615,2.5,0
2024-10-19,Melbourne,Victoria,16.9,57.0,Spring,10,14.203225806451615,2.7,0
2024-10-20,Melbourne,Victoria,14.5,68.1,Spring,10,14.203225806451615,0.3,0
2024-10-21,Melbourne,Victoria,10.5,67.4,Spring,10,14.203225806451615,-3.7,0
2024-10-22,Melbourne,Victoria,11.4,63.7,Spring,10,14.203225806451615,-2.8,0
2024-10-23,Melbourne,Victoria,11.6,55.3,Spring,10,14.203225806451615,-2.6,0
2024-10-24,Melbourne,Victoria,10.8,58.5,Spring,10,14.203225806451615,-3.4,0
2024-10-25,Melbourne,Victoria,12.0,61.0,Spring,10,14.203225806451615,-2.2,0
2024-10-26,Melbourne,Victoria,13.5,70.4,Spring,10,14.203225806451615,-0.7,0
2024-10-27,Melbourne,Victoria,10.9,65.2,Spring,10,14.203225806451615,-3.3,0
2024-10-28,Melbourne,Victoria,13.3,64.3,Spring,10,14.203225806451615,-0.9,0
2024-10-29,Melbourne,Victoria,16.1,67.2,Spring,10,14.203225806451615,1.9,0
2024-10-30,Melbourne,Victoria,11.9,66.0,Spring,10,14.203225806451615,-2.3,0
2024-10-31,Melbourne,Victoria,8.0,64.2,Spring,10,14.203225806451615,-6.2,0
2024-11-01,Melbourne,Victoria,15.9,55.8,Spring,11,16.355555555555554,-0.46,0
2024-11-02,Melbourne,Victoria,15.8,62.2,Spring,11,16.355555555555554,-0.56,0
2024-11-03,Melbourne,Victoria,18.8,76.1,Spring,11,16.355555555555554,2.44,0
2024-11-04,Melbourne,Victoria,17.7,64.0,Spring,11,16.355555555555554,1.34,0
2024-11-05,Melbourne,Victoria,19.2,65.2,Spring,11,16.355555555555554,2.84,0
2024-11-06,Melbourne,Victoria,19.2,59.8,Spring,11,16.355555555555554,2.84,0
2024-11-07,Melbourne,Victoria,19.4,60.2,Spring,11,16.355555555555554,3.04,0
2024-11-08,Melbourne,Victoria,18.2,63.3,Spring,11,16.355555555555554,1.84,0
2024-11-09,Melbourne,Victoria,19.5,62.1,Spring,11,16.355555555555554,3.14,0
2024-11-10,Melbourne,Victoria,23.6,43.8,Spring,11,16.355555555555554,7.24,0
2024-11-11,Melbourne,Victoria,17.9,59.5,Spring,11,16.355555555555554,1.54,0
2024-11-12,Melbourne,Victoria,15.0,60.5,Spring,11,16.355555555555554,-1.36,0
2024-11-13,Melbourne,Victoria,15.7,70.5,Spring,11,16.355555555555554,-0.66,0
2024-11-14,Melbourne,Victoria,10.9,56.6,Spring,11,16.355555555555554,-5.46,0
2024-11-15,Melbourne,Victoria,11.3,55.6,Spring,11,16.355555555555554,-5.06,0
2024-11-16,Melbourne,Victoria,14.5,64.4,Spring,11,16.355555555555554,-1.86,0
2024-11-17,Melbourne,Victoria,19.0,59.7,Spring,11,16.355555555555554,2.64,0
2024-11-18,Melbourne,Victoria,17.9,62.3,Spring,11,16.355555555555554,1.54,0
2024-11-19,Melbourne,Victoria,18.0,59.2,Spring,11,16.355555555555554,1.64,0
2024-11-20,Melbourne,Victoria,19.3,57.6,Spring,11,16.355555555555554,2.94,0
2024-11-21,Melbourne,Victoria,15.1,55.0,Spring,11,16.355555555555554,-1.26,0
2024-11-22,Melbourne,Victoria,4.9,54.1,Spring,11,16.355555555555554,-11.46,0
2024-11-23,Melbourne,Victoria,9.5,66.2,Spring,11,16.355555555555554,-6.86,0
2024-11-24,Melbourne,Victoria,11.3,53.8,Spring,11,16.355555555555554,-5.06,0
2024-11-25,Melbourne,Victoria,13.7,54.2,Spring,11,16.355555555555554,-2.66,0
2024-11-26,Melbourne,Victoria,11.4,59.3,Spring,11,16.355555555555554,-4.96,0
2024-11-27,Melbourne,Victoria,15.0,66.8,Spring,11,16.355555555555554,-1.36,0
2024-11-28,Melbourne,Victoria,21.9,64.0,Spring,11,16.355555555555554,5.54,0
2024-11-29,Melbourne,Victoria,22.8,54.5,Spring,11,16.355555555555554,6.44,0
2024-11-30,Melbourne,Victoria,23.3,57.4,Spring,11,16.355555555555554,6.94,0
2024-12-01,Melbourne,Victoria,19.7,53.0,Summer,12,18.478494623655912,1.22,0
2024-12-02,Melbourne,Victoria,22.3,76.2,Summer,12,18.478494623655912,3.82,0
2024-12-03,Melbourne,Victoria,21.6,59.7,Summer,12,18.478494623655912,3.12,0
2024-12-04,Melbourne,Victoria,19.1,47.8,Summer,12,18.478494623655912,0.62,0
2024-12-05,Melbourne,Victoria,23.4,48.4,Summer,12,18.478494623655912,4.92,0
2024-12-06,Melbourne,Victoria,21.8,65.3,Summer,12,18.478494623655912,3.32,0
2024-12-07,Melbourne,Victoria,22.8,67.0,Summer,12,18.478494623655912,4.32,0
2024-12-08,Melbourne,Victoria,20.9,62.7,Summer,12,18.478494623655912,2.42,0
2024-12-09,Melbourne,Victoria,16.0,60.1,Summer,12,18.478494623655912,-2.48,0
2024-12-10,Melbourne,Victoria,12.2,54.5,Summer,12,18.478494623655912,-6.28,0
2024-12-11,Melbourne,Victoria,18.5,51.9,Summer,12,18.478494623655912,0.02,0
2024-12-12,Melbourne,Victoria,21.7,57.4,Summer,12,18.478494623655912,3.22,0
2024-12-13,Melbourne,Victoria,20.2,53.7,Summer,12,18.478494623655912,1.72,0
2024-12-14,Melbourne,Victoria,17.5,55.2,Summer,12,18.478494623655912,-0.98,0
2024-12-15,Melbourne,Victoria,19.0,52.3,Summer,12,18.478494623655912,0.52,0
2024-12-16,Melbourne,Victoria,13.9,52.1,Summer,12,18.478494623655912,-4.58,0
2024-12-17,Melbourne,Victoria,10.9,49.8,Summer,12,18.478494623655912,-7.58,0
2024-12-18,Melbourne,Victoria,18.1,59.9,Summer,12,18.478494623655912,-0.38,0
2024-12-19,Melbourne,Victoria,18.6,59.3,Summer,12,18.478494623655912,0.12,0
2024-12-20,Melbourne,Victoria,14.8,56.4,Summer,12,18.478494623655912,-3.68,0
2024-12-21,Melbourne,Victoria,19.7,56.7,Summer,12,18.478494623655912,1.22,0
2024-12-22,Melbourne,Victoria,15.3,55.2,Summer,12,18.478494623655912,-3.18,0
2024-12-23,Melbourne,Victoria,19.7,64.7,Summer,12,18.478494623655912,1.22,0
2024-12-24,Melbourne,Victoria,21.7,61.2,Summer,12,18.478494623655912,3.22,0
2024-12-25,Melbourne,Victoria,19.8,59.6,Summer,12,18.478494623655912,1.32,0
2024-12-26,Melbourne,Victoria,19.9,56.8,Summer,12,18.478494623655912,1.42,0
2024-12-27,Melbourne,Victoria,21.7,61.5,Summer,12,18.478494623655912,3.22,0
2024-12-28,Melbourne,Victoria,22.0,56.0,Summer,12,18.478494623655912,3.52,0
2024-12-29,Melbourne,Victoria,21.4,46.8,Summer,12,18.478494623655912,2.92,0
2024-12-30,Melbourne,Victoria,18.4,60.2,Summer,12,18.478494623655912,-0.08,0
2024-12-31,Melbourne,Victoria,12.7,52.3,Summer,12,18.478494623655912,-5.78,0
2025-01-01,Melbourne,Victoria,11.0,56.4,Summer,1,19.00215053763441,-8.0,0
2025-01-02,Melbourne,Victoria,11.3,65.4,Summer,1,19.00215053763441,-7.7,0
2025-01-03,Melbourne,Victoria,15.3,59.4,Summer,1,19.00215053763441,-3.7,0
2025-01-04,Melbourne,Victoria,21.2,65.5,Summer,1,19.00215053763441,2.2,0
2025-01-05,Melbourne,Victoria,22.5,63.4,Summer,1,19.00215053763441,3.5,0
2025-01-06,Melbourne,Victoria,18.6,57.2,Summer,1,19.00215053763441,-0.4,0
2025-01-07,Melbourne,Victoria,16.4,55.8,Summer,1,19.00215053763441,-2.6,0
2025-01-08,Melbourne,Victoria,8.3,64.2,Summer,1,19.00215053763441,-10.7,0
2025-01-09,Melbourne,Victoria,10.8,60.8,Summer,1,19.00215053763441,-8.2,0
2025-01-10,Melbourne,Victoria,13.3,52.3,Summer,1,19.00215053763441,-5.7,0
2025-01-11,Melbourne,Victoria,18.1,52.7,Summer,1,19.00215053763441,-0.9,0
2025-01-12,Melbourne,Victoria,23.9,53.2,Summer,1,19.00215053763441,4.9,0
2025-01-13,Melbourne,Victoria,19.1,60.3,Summer,1,19.00215053763441,0.1,0
2025-01-14,Melbourne,Victoria,18.7,67.9,Summer,1,19.00215053763441,-0.3,0
2025-01-15,Melbourne,Victoria,19.6,64.3,Summer,1,19.00215053763441,0.6,0
2025-01-16,Melbourne,Victoria,19.3,58.0,Summer,1,19.00215053763441,0.3,0
2025-01-17,Melbourne,Victoria,21.3,63.4,Summer,1,19.00215053763441,2.3,0
2025-01-18,Melbourne,Victoria,24.6,64.5,Summer,1,19.00215053763441,5.6,0
2025-01-19,Melbourne,Victoria,20.2,64.1,Summer,1,19.00215053763441,1.2,0
2025-01-20,Melbourne,Victoria,22.0,55.3,Summer,1,19.00215053763441,3.0,0
2025-01-21,Melbourne,Victoria,23.0,61.1,Summer,1,19.00215053763441,4.0,0
2025-01-22,Melbourne,Victoria,25.7,59.4,Summer,1,19.00215053763441,6.7,0
2025-01-23,Melbourne,Victoria,18.9,49.1,Summer,1,19.00215053763441,-0.1,0
2025-01-24,Melbourne,Victoria,17.1,53.6,Summer,1,19.00215053763441,-1.9,0
2025-01-25,Melbourne,Victoria,17.8,57.2,Summer,1,19.00215053763441,-1.2,0
2025-01-26,Melbourne,Victoria,17.7,65.4,Summer,1,19.00215053763441,-1.3,0
2025-01-27,Melbourne,Victoria,20.2,51.0,Summer,1,19.00215053763441,1.2,0
2025-01-28,Melbourne,Victoria,25.6,69.5,Summer,1,19.00215053763441,6.6,0
2025-01-29,Melbourne,Victoria,19.0,62.2,Summer,1,19.00215053763441,-0.0,0
2025-01-30,Melbourne,Victoria,22.6,66.2,Summer,1,19.00215053763441,3.6,0
2025-01-31,Melbourne,Victoria,16.1,58.4,Summer,1,19.00215053763441,-2.9,0
2025-02-01,Melbourne,Victoria,16.4,61.8,Summer,2,20.403529411764705,-4.0,0
2025-02-02,Melbourne,Victoria,14.7,49.0,Summer,2,20.403529411764705,-5.7,0
2025-02-03,Melbourne,Victoria,14.0,53.7,Summer,2,20.403529411764705,-6.4,0
2025-02-04,Melbourne,Victoria,15.0,61.1,Summer,2,20.403529411764705,-5.4,0
2025-02-05,Melbourne,Victoria,15.2,57.0,Summer,2,20.403529411764705,-5.2,0
2025-02-06,Melbourne,Victoria,17.7,61.1,Summer,2,20.403529411764705,-2.7,0
2025-02-07,Melbourne,Victoria,14.5,67.6,Summer,2,20.403529411764705,-5.9,0
2025-02-08,Melbourne,Victoria,16.0,68.3,Summer,2,20.403529411764705,-4.4,0
2025-02-09,Melbourne,Victoria,15.3,72.2,Summer,2,20.403529411764705,-5.1,0
2025-02-10,Melbourne,Victoria,15.3,57.8,Summer,2,20.403529411764705,-5.1,0
2025-02-11,Melbourne,Victoria,19.0,56.1,Summer,2,20.403529411764705,-1.4,0
2025-02-12,Melbourne,Victoria,19.7,69.2,Summer,2,20.403529411764705,-0.7,0
2025-02-13,Melbourne,Victoria,16.1,77.3,Summer,2,20.403529411764705,-4.3,0
2025-02-14,Melbourne,Victoria,19.9,58.2,Summer,2,20.403529411764705,-0.5,0
2025-02-15,Melbourne,Victoria,15.4,61.9,Summer,2,20.403529411764705,-5.0,0
2025-02-16,Melbourne,Victoria,15.1,64.8,Summer,2,20.403529411764705,-5.3,0
2025-02-17,Melbourne,Victoria,16.7,69.5,Summer,2,20.403529411764705,-3.7,0
2025-02-18,Melbourne,Victoria,22.6,57.9,Summer,2,20.403529411764705,2.2,0
2025-02-19,Melbourne,Victoria,22.5,59.1,Summer,2,20.403529411764705,2.1,0
2025-02-20,Melbourne,Victoria,24.6,63.1,Summer,2,20.403529411764705,4.2,0
2025-02-21,Melbourne,Victoria,22.5,59.0,Summer,2,20.403529411764705,2.1,0
2025-02-22,Melbourne,Victoria,22.4,57.2,Summer,2,20.403529411764705,2.0,0
2025-02-23,Melbourne,Victoria,23.5,63.8,Summer,2,20.403529411764705,3.1,0
2025-02-24,Melbourne,Victoria,16.8,60.5,Summer,2,20.403529411764705,-3.6,0
2025-02-25,Melbourne,Victoria,22.1,58.1,Summer,2,20.403529411764705,1.7,0
2025-02-26,Melbourne,Victoria,24.9,57.9,Summer,2,20.403529411764705,4.5,0
2025-02-27,Melbourne,Victoria,25.5,60.0,Summer,2,20.403529411764705,5.1,0
2025-02-28,Melbourne,Victoria,25.1,61.8,Summer,2,20.403529411764705,4.7,0
2025-03-01,Melbourne,Victoria,20.0,62.1,Autumn,3,18.633333333333333,1.37,0
2025-03-02,Melbourne,Victoria,18.6,66.2,Autumn,3,18.633333333333333,-0.03,0
2025-03-03,Melbourne,Victoria,12.1,54.8,Autumn,3,18.633333333333333,-6.53,0
2025-03-04,Melbourne,Victoria,12.4,63.6,Autumn,3,18.633333333333333,-6.23,0
2025-03-05,Melbourne,Victoria,15.9,69.9,Autumn,3,18.633333333333333,-2.73,0
2025-03-06,Melbourne,Victoria,11.8,71.9,Autumn,3,18.633333333333333,-6.83,0
2025-03-07,Melbourne,Victoria,9.8,61.2,Autumn,3,18.633333333333333,-8.83,0
2025-03-08,Melbourne,Victoria,14.5,75.7,Autumn,3,18.633333333333333,-4.13,0
2025-03-09,Melbourne,Victoria,14.8,62.0,Autumn,3,18.633333333333333,-3.83,0
2025-03-10,Melbourne,Victoria,17.0,67.1,Autumn,3,18.633333333333333,-1.63,0
2025-03-11,Melbourne,Victoria,15.3,69.5,Autumn,3,18.633333333333333,-3.33,0
2025-03-12,Melbourne,Victoria,11.0,65.6,Autumn,3,18.633333333333333,-7.63,0
2025-03-13,Melbourne,Victoria,13.9,63.6,Autumn,3,18.633333333333333,-4.73,0
2025-03-14,Melbourne,Victoria,20.3,64.7,Autumn,3,18.633333333333333,1.67,0
2025-03-15,Melbourne,Victoria,19.6,69.8,Autumn,3,18.633333333333333,0.97,0
2025-03-16,Melbourne,Victoria,23.8,64.2,Autumn,3,18.633333333333333,5.17,0
2025-03-17,Melbourne,Victoria,22.5,57.8,Autumn,3,18.633333333333333,3.87,0
2025-03-18,Melbourne,Victoria,21.8,67.2,Autumn,3,18.633333333333333,3.17,0
2025-03-19,Melbourne,Victoria,21.0,54.5,Autumn,3,18.633333333333333,2.37,0
2025-03-20,Melbourne,Victoria,17.8,55.4,Autumn,3,18.633333333333333,-0.83,0
2025-03-21,Melbourne,Victoria,20.3,65.5,Autumn,3,18.633333333333333,1.67,0
2025-03-22,Melbourne,Victoria,15.6,70.8,Autumn,3,18.633333333333333,-3.03,0
2025-03-23,Melbourne,Victoria,17.8,62.6,Autumn,3,18.633333333333333,-0.83,0
2025-03-24,Melbourne,Victoria,13.6,63.1,Autumn,3,18.633333333333333,-5.03,0
2025-03-25,Melbourne,Victoria,18.6,66.7,Autumn,3,18.633333333333333,-0.03,0
2025-03-26,Melbourne,Victoria,10.6,61.2,Autumn,3,18.633333333333333,-8.03,0
2025-03-27,Melbourne,Victoria,13.6,57.8,Autumn,3,18.633333333333333,-5.03,0
2025-03-28,Melbourne,Victoria,13.4,66.5,Autumn,3,18.633333333333333,-5.23,0
2025-03-29,Melbourne,Victoria,19.5,68.0,Autumn,3,18.633333333333333,0.87,0
2025-03-30,Melbourne,Victoria,24.3,62.6,Autumn,3,18.633333333333333,5.67,0
2025-03-31,Melbourne,Victoria,23.0,53.1,Autumn,3,18.633333333333333,4.37,0
2025-04-01,Melbourne,Victoria,19.9,69.3,Autumn,4,16.34888888888889,3.55,0
2025-04-02,Melbourne,Victoria,19.6,65.7,Autumn,4,16.34888888888889,3.25,0
2025-04-03,Melbourne,Victoria,16.6,67.0,Autumn,4,16.34888888888889,0.25,0
2025-04-04,Melbourne,Victoria,20.2,58.6,Autumn,4,16.34888888888889,3.85,0
2025-04-05,Melbourne,Victoria,18.8,73.4,Autumn,4,16.34888888888889,2.45,0
2025-04-06,Melbourne,Victoria,15.6,68.0,Autumn,4,16.34888888888889,-0.75,0
2025-04-07,Melbourne,Victoria,16.5,56.9,Autumn,4,16.34888888888889,0.15,0
2025-04-08,Melbourne,Victoria,19.9,77.2,Autumn,4,16.34888888888889,3.55,0
2025-04-09,Melbourne,Victoria,26.3,60.3,Autumn,4,16.34888888888889,9.95,0
2025-04-10,Melbourne,Victoria,23.1,68.3,Autumn,4,16.34888888888889,6.75,0
2025-04-11,Melbourne,Victoria,21.7,60.4,Autumn,4,16.34888888888889,5.35,0
2025-04-12,Melbourne,Victoria,15.1,65.8,Autumn,4,16.34888888888889,-1.25,0
2025-04-13,Melbourne,Victoria,12.6,68.5,Autumn,4,16.34888888888889,-3.75,0
2025-04-14,Melbourne,Victoria,12.5,68.2,Autumn,4,16.34888888888889,-3.85,0
2025-04-15,Melbourne,Victoria,18.0,65.3,Autumn,4,16.34888888888889,1.65,0
2025-04-16,Melbourne,Victoria,17.9,66.8,Autumn,4,16.34888888888889,1.55,0
2025-04-17,Melbourne,Victoria,14.9,76.1,Autumn,4,16.34888888888889,-1.45,0
2025-04-18,Melbourne,Victoria,14.2,55.5,Autumn,4,16.34888888888889,-2.15,0
2025-04-19,Melbourne,Victoria,12.7,63.8,Autumn,4,16.34888888888889,-3.65,0
2025-04-20,Melbourne,Victoria,7.9,58.3,Autumn,4,16.34888888888889,-8.45,0
2025-04-21,Melbourne,Victoria,9.2,81.9,Autumn,4,16.34888888888889,-7.15,1
2025-04-22,Melbourne,Victoria,15.3,66.7,Autumn,4,16.34888888888889,-1.05,0
2025-04-23,Melbourne,Victoria,13.4,59.4,Autumn,4,16.34888888888889,-2.95,0
2025-04-24,Melbourne,Victoria,18.0,67.3,Autumn,4,16.34888888888889,1.65,0
2025-04-25,Melbourne,Victoria,15.0,67.9,Autumn,4,16.34888888888889,-1.35,0
2025-04-26,Melbourne,Victoria,15.8,77.0,Autumn,4,16.34888888888889,-0.55,0
2025-04-27,Melbourne,Victoria,14.2,58.1,Autumn,4,16.34888888888889,-2.15,0
2025-04-28,Melbourne,Victoria,16.8,63.1,Autumn,4,16.34888888888889,0.45,0
2025-04-29,Melbourne,Victoria,15.5,73.9,Autumn,4,16.34888888888889,-0.85,0
2025-04-30,Melbourne,Victoria,17.4,62.5,Autumn,4,16.34888888888889,1.05,0
2025-05-01,Melbourne,Victoria,14.9,68.5,Autumn,5,12.574193548387099,2.33,0
2025-05-02,Melbourne,Victoria,14.5,70.4,Autumn,5,12.574193548387099,1.93,0
2025-05-03,Melbourne,Victoria,12.4,68.6,Autumn,5,12.574193548387099,-0.17,0
2025-05-04,Melbourne,Victoria,7.8,73.0,Autumn,5,12.574193548387099,-4.77,0
2025-05-05,Melbourne,Victoria,10.7,78.4,Autumn,5,12.574193548387099,-1.87,0
2025-05-06,Melbourne,Victoria,20.3,65.9,Autumn,5,12.574193548387099,7.73,0
2025-05-07,Melbourne,Victoria,13.3,68.9,Autumn,5,12.574193548387099,0.73,0
2025-05-08,Melbourne,Victoria,11.8,67.8,Autumn,5,12.574193548387099,-0.77,0
2025-05-09,Melbourne,Victoria,9.8,76.0,Autumn,5,12.574193548387099,-2.77,0
2025-05-10,Melbourne,Victoria,13.4,76.1,Autumn,5,12.574193548387099,0.83,0
2025-05-11,Melbourne,Victoria,14.8,75.3,Autumn,5,12.574193548387099,2.23,0
2025-05-12,Melbourne,Victoria,12.1,76.5,Autumn,5,12.574193548387099,-0.47,0
2025-05-13,Melbourne,Victoria,8.9,69.4,Autumn,5,12.574193548387099,-3.67,0
2025-05-14,Melbourne,Victoria,9.5,78.4,Autumn,5,12.574193548387099,-3.07,0
2025-05-15,Melbourne,Victoria,8.6,65.4,Autumn,5,12.574193548387099,-3.97,0
2025-05-16,Melbourne,Victoria,15.9,77.7,Autumn,5,12.574193548387099,3.33,0
2025-05-17,Melbourne,Victoria,16.4,70.9,Autumn,5,12.574193548387099,3.83,0
2025-05-18,Melbourne,Victoria,19.7,81.0,Autumn,5,12.574193548387099,7.13,1
2025-05-19,Melbourne,Victoria,18.6,75.3,Autumn,5,12.574193548387099,6.03,0
2025-05-20,Melbourne,Victoria,20.2,79.8,Autumn,5,12.574193548387099,7.63,0
2025-05-21,Melbourne,Victoria,18.6,70.4,Autumn,5,12.574193548387099,6.03,0
2025-05-22,Melbourne,Victoria,14.1,83.9,Autumn,5,12.574193548387099,1.53,1
2025-05-23,Melbourne,Victoria,15.2,76.8,Autumn,5,12.574193548387099,2.63,0
2025-05-24,Melbourne,Victoria,12.0,83.1,Autumn,5,12.574193548387099,-0.57,1
2025-05-25,Melbourne,Victoria,15.3,74.6,Autumn,5,12.574193548387099,2.73,0
2025-05-26,Melbourne,Victoria,6.4,81.4,Autumn,5,12.574193548387099,-6.17,1
2025-05-27,Melbourne,Victoria,4.5,73.4,Autumn,5,12.574193548387099,-8.07,0
2025-05-28,Melbourne,Victoria,2.7,70.1,Autumn,5,12.574193548387099,-9.87,0
2025-05-29,Melbourne,Victoria,2.4,72.4,Autumn,5,12.574193548387099,-10.17,0
2025-05-30,Melbourne,Victoria,3.2,83.0,Autumn,5,12.574193548387099,-9.37,1
2025-05-31,Melbourne,Victoria,12.7,67.7,Autumn,5,12.574193548387099,0.13,0
2025-06-01,Melbourne,Victoria,11.8,88.1,Winter,6,10.273333333333333,1.53,1
2025-06-02,Melbourne,Victoria,11.3,85.0,Winter,6,10.273333333333333,1.03,1
2025-06-03,Melbourne,Victoria,7.6,75.4,Winter,6,10.273333333333333,-2.67,0
2025-06-04,Melbourne,Victoria,6.9,78.6,Winter,6,10.273333333333333,-3.37,0
2025-06-05,Melbourne,Victoria,10.3,74.0,Winter,6,10.273333333333333,0.03,0
2025-06-06,Melbourne,Victoria,10.8,70.9,Winter,6,10.273333333333333,0.53,0
2025-06-07,Melbourne,Victoria,5.2,78.4,Winter,6,10.273333333333333,-5.07,0
2025-06-08,Melbourne,Victoria,1.6,75.1,Winter,6,10.273333333333333,-8.67,0
2025-06-09,Melbourne,Victoria,3.9,80.4,Winter,6,10.273333333333333,-6.37,1
2025-06-10,Melbourne,Victoria,2.0,79.6,Winter,6,10.273333333333333,-8.27,0
2025-06-11,Melbourne,Victoria,6.6,76.3,Winter,6,10.273333333333333,-3.67,0
2025-06-12,Melbourne,Victoria,11.7,64.8,Winter,6,10.273333333333333,1.43,0
2025-06-13,Melbourne,Victoria,7.8,76.2,Winter,6,10.273333333333333,-2.47,0
2025-06-14,Melbourne,Victoria,6.6,73.3,Winter,6,10.273333333333333,-3.67,0
2025-06-15,Melbourne,Victoria,10.3,82.3,Winter,6,10.273333333333333,0.03,1
2025-06-16,Melbourne,Victoria,13.5,71.8,Winter,6,10.273333333333333,3.23,0
2025-06-17,Melbourne,Victoria,14.3,69.1,Winter,6,10.273333333333333,4.03,0
2025-06-18,Melbourne,Victoria,11.5,76.6,Winter,6,10.273333333333333,1.23,0
2025-06-19,Melbourne,Victoria,11.4,75.9,Winter,6,10.273333333333333,1.13,0
2025-06-20,Melbourne,Victoria,13.2,82.3,Winter,6,10.273333333333333,2.93,1
2025-06-21,Melbourne,Victoria,11.8,70.6,Winter,6,10.273333333333333,1.53,0
2025-06-22,Melbourne,Victoria,7.6,74.0,Winter,6,10.273333333333333,-2.67,0
2025-06-23,Melbourne,Victoria,10.6,76.4,Winter,6,10.273333333333333,0.33,0
2025-06-24,Melbourne,Victoria,7.0,85.5,Winter,6,10.273333333333333,-3.27,1
2025-06-25,Melbourne,Victoria,7.5,69.9,Winter,6,10.273333333333333,-2.77,0
2025-06-26,Melbourne,Victoria,13.3,73.7,Winter,6,10.273333333333333,3.03,0
2025-06-27,Melbourne,Victoria,17.3,80.3,Winter,6,10.273333333333333,7.03,1
2025-06-28,Melbourne,Victoria,20.5,85.1,Winter,6,10.273333333333333,10.23,1
2025-06-29,Melbourne,Victoria,20.9,71.9,Winter,6,10.273333333333333,10.63,0
2025-06-30,Melbourne,Victoria,14.7,89.1,Winter,6,10.273333333333333,4.43,1
2025-07-01,Melbourne,Victoria,11.3,78.6,Winter,7,10.786021505376345,0.51,0
2025-07-02,Melbourne,Victoria,9.6,86.7,Winter,7,10.786021505376345,-1.19,1
2025-07-03,Melbourne,Victoria,12.8,67.0,Winter,7,10.786021505376345,2.01,0
2025-07-04,Melbourne,Victoria,14.1,77.5,Winter,7,10.786021505376345,3.31,0
2025-07-05,Melbourne,Victoria,13.6,69.9,Winter,7,10.786021505376345,2.81,0
2025-07-06,Melbourne,Victoria,14.9,80.6,Winter,7,10.786021505376345,4.11,1
2025-07-07,Melbourne,Victoria,16.3,70.3,Winter,7,10.786021505376345,5.51,0
2025-07-08,Melbourne,Victoria,5.1,83.9,Winter,7,10.786021505376345,-5.69,1
2025-07-09,Melbourne,Victoria,9.2,89.4,Winter,7,10.786021505376345,-1.59,1
2025-07-10,Melbourne,Victoria,6.8,83.1,Winter,7,10.786021505376345,-3.99,1
2025-07-11,Melbourne,Victoria,7.9,84.5,Winter,7,10.786021505376345,-2.89,1
2025-07-12,Melbourne,Victoria,10.4,82.0,Winter,7,10.786021505376345,-0.39,1
2025-07-13,Melbourne,Victoria,6.1,66.6,Winter,7,10.786021505376345,-4.69,0
2025-07-14,Melbourne,Victoria,5.6,71.3,Winter,7,10.786021505376345,-5.19,0
2025-07-15,Melbourne,Victoria,9.9,68.3,Winter,7,10.786021505376345,-0.89,0
2025-07-16,Melbourne,Victoria,18.1,82.3,Winter,7,10.786021505376345,7.31,1
2025-07-17,Melbourne,Victoria,15.0,71.0,Winter,7,10.786021505376345,4.21,0
2025-07-18,Melbourne,Victoria,17.1,81.1,Winter,7,10.786021505376345,6.31,1
2025-07-19,Melbourne,Victoria,15.2,70.4,Winter,7,10.786021505376345,4.41,0
2025-07-20,Melbourne,Victoria,14.2,63.2,Winter,7,10.786021505376345,3.41,0
2025-07-21,Melbourne,Victoria,12.3,72.8,Winter,7,10.786021505376345,1.51,0
2025-07-22,Melbourne,Victoria,8.1,72.4,Winter,7,10.786021505376345,-2.69,0
2025-07-23,Melbourne,Victoria,7.2,69.6,Winter,7,10.786021505376345,-3.59,0
2025-07-24,Melbourne,Victoria,13.5,71.5,Winter,7,10.786021505376345,2.71,0
2025-07-25,Melbourne,Victoria,8.8,79.3,Winter,7,10.786021505376345,-1.99,0
2025-07-26,Melbourne,Victoria,6.3,69.4,Winter,7,10.786021505376345,-4.49,0
2025-07-27,Melbourne,Victoria,10.2,78.8,Winter,7,10.786021505376345,-0.59,0
2025-07-28,Melbourne,Victoria,5.9,82.2,Winter,7,10.786021505376345,-4.89,1
2025-07-29,Melbourne,Victoria,6.9,70.9,Winter,7,10.786021505376345,-3.89,0
2025-07-30,Melbourne,Victoria,4.1,83.0,Winter,7,10.786021505376345,-6.69,1
2025-07-31,Melbourne,Victoria,5.9,82.1,Winter,7,10.786021505376345,-4.89,1
2025-08-01,Melbourne,Victoria,8.8,70.0,Winter,8,10.667741935483871,-1.87,0
2025-08-02,Melbourne,Victoria,7.0,70.1,Winter,8,10.667741935483871,-3.67,0
2025-08-03,Melbourne,Victoria,9.0,68.2,Winter,8,10.667741935483871,-1.67,0
2025-08-04,Melbourne,Victoria,8.9,64.2,Winter,8,10.667741935483871,-1.77,0
2025-08-05,Melbourne,Victoria,7.2,75.6,Winter,8,10.667741935483871,-3.47,0
2025-08-06,Melbourne,Victoria,6.6,75.1,Winter,8,10.667741935483871,-4.07,0
2025-08-07,Melbourne,Victoria,6.8,71.7,Winter,8,10.667741935483871,-3.87,0
2025-08-08,Melbourne,Victoria,6.9,66.2,Winter,8,10.667741935483871,-3.77,0
2025-08-09,Melbourne,Victoria,8.5,70.6,Winter,8,10.667741935483871,-2.17,0
2025-08-10,Melbourne,Victoria,14.9,67.8,Winter,8,10.667741935483871,4.23,0
2025-08-11,Melbourne,Victoria,3.7,76.5,Winter,8,10.667741935483871,-6.97,0
2025-08-12,Melbourne,Victoria,7.7,83.1,Winter,8,10.667741935483871,-2.97,1
2025-08-13,Melbourne,Victoria,11.2,70.6,Winter,8,10.667741935483871,0.53,0
2025-08-14,Melbourne,Victoria,5.0,69.1,Winter,8,10.667741935483871,-5.67,0
2025-08-15,Melbourne,Victoria,10.1,65.8,Winter,8,10.667741935483871,-0.57,0
2025-08-16,Melbourne,Victoria,13.5,80.5,Winter,8,10.667741935483871,2.83,1
2025-08-17,Melbourne,Victoria,14.7,68.9,Winter,8,10.667741935483871,4.03,0
2025-08-18,Melbourne,Victoria,12.0,75.0,Winter,8,10.667741935483871,1.33,0
2025-08-19,Melbourne,Victoria,16.6,80.7,Winter,8,10.667741935483871,5.93,1
2025-08-20,Melbourne,Victoria,15.8,80.2,Winter,8,10.667741935483871,5.13,1
2025-08-21,Melbourne,Victoria,13.8,68.3,Winter,8,10.667741935483871,3.13,0
2025-08-22,Melbourne,Victoria,12.1,66.4,Winter,8,10.667741935483871,1.43,0
2025-08-23,Melbourne,Victoria,10.2,67.5,Winter,8,10.667741935483871,-0.47,0
2025-08-24,Melbourne,Victoria,9.1,67.1,Winter,8,10.667741935483871,-1.57,0
2025-08-25,Melbourne,Victoria,12.0,74.5,Winter,8,10.667741935483871,1.33,0
2025-08-26,Melbourne,Victoria,10.7,76.0,Winter,8,10.667741935483871,0.03,0
2025-08-27,Melbourne,Victoria,10.2,59.3,Winter,8,10.667741935483871,-0.47,0
2025-08-28,Melbourne,Victoria,13.2,64.8,Winter,8,10.667741935483871,2.53,0
2025-08-29,Melbourne,Victoria,14.8,66.7,Winter,8,10.667741935483871,4.13,0
2025-08-30,Melbourne,Victoria,13.4,71.8,Winter,8,10.667741935483871,2.73,0
2025-08-31,Melbourne,Victoria,13.1,73.3,Winter,8,10.667741935483871,2.43,0
2025-09-01,Melbourne,Victoria,13.8,63.6,Spring,9,13.554444444444446,0.25,0
2025-09-02,Melbourne,Victoria,16.0,72.9,Spring,9,13.554444444444446,2.45,0
2025-09-03,Melbourne,Victoria,12.7,60.3,Spring,9,13.554444444444446,-0.85,0
2025-09-04,Melbourne,Victoria,7.9,72.7,Spring,9,13.554444444444446,-5.65,0
2025-09-05,Melbourne,Victoria,10.4,63.0,Spring,9,13.554444444444446,-3.15,0
2025-09-06,Melbourne,Victoria,9.3,65.2,Spring,9,13.554444444444446,-4.25,0
2025-09-07,Melbourne,Victoria,7.7,79.1,Spring,9,13.554444444444446,-5.85,0
2025-09-08,Melbourne,Victoria,8.4,66.8,Spring,9,13.554444444444446,-5.15,0
2025-09-09,Melbourne,Victoria,8.8,60.8,Spring,9,13.554444444444446,-4.75,0
2025-09-10,Melbourne,Victoria,5.2,60.9,Spring,9,13.554444444444446,-8.35,0
2025-09-11,Melbourne,Victoria,4.5,68.0,Spring,9,13.554444444444446,-9.05,0
2025-09-12,Melbourne,Victoria,4.4,64.6,Spring,9,13.554444444444446,-9.15,0
2025-09-13,Melbourne,Victoria,7.5,62.5,Spring,9,13.554444444444446,-6.05,0
2025-09-14,Melbourne,Victoria,9.0,60.1,Spring,9,13.554444444444446,-4.55,0
2025-09-15,Melbourne,Victoria,15.4,59.0,Spring,9,13.554444444444446,1.85,0
2025-09-16,Melbourne,Victoria,9.4,66.5,Spring,9,13.554444444444446,-4.15,0
2025-09-17,Melbourne,Victoria,9.6,59.8,Spring,9,13.554444444444446,-3.95,0
2025-09-18,Melbourne,Victoria,17.5,65.0,Spring,9,13.554444444444446,3.95,0
2025-09-19,Melbourne,Victoria,13.7,54.0,Spring,9,13.554444444444446,0.15,0
2025-09-20,Melbourne,Victoria,14.3,73.3,Spring,9,13.554444444444446,0.75,0
2025-09-21,Melbourne,Victoria,15.6,63.7,Spring,9,13.554444444444446,2.05,0
2025-09-22,Melbourne,Victoria,16.2,51.4,Spring,9,13.554444444444446,2.65,0
2025-09-23,Melbourne,Victoria,16.0,65.6,Spring,9,13.554444444444446,2.45,0
2025-09-24,Melbourne,Victoria,16.6,71.9,Spring,9,13.554444444444446,3.05,0
2025-09-25,Melbourne,Victoria,21.0,77.0,Spring,9,13.554444444444446,7.45,0
2025-09-26,Melbourne,Victoria,15.1,67.4,Spring,9,13.554444444444446,1.55,0
2025-09-27,Melbourne,Victoria,17.2,54.8,Spring,9,13.554444444444446,3.65,0
2025-09-28,Melbourne,Victoria,17.6,70.4,Spring,9,13.554444444444446,4.05,0
2025-09-29,Melbourne,Victoria,12.7,66.3,Spring,9,13.554444444444446,-0.85,0
2025-09-30,Melbourne,Victoria,13.5,60.8,Spring,9,13.554444444444446,-0.05,0
2025-10-01,Melbourne,Victoria,17.6,64.2,Spring,10,14.203225806451615,3.4,0
2025-10-02,Melbourne,Victoria,17.6,59.1,Spring,10,14.203225806451615,3.4,0
2025-10-03,Melbourne,Victoria,16.7,53.5,Spring,10,14.203225806451615,2.5,0
2025-10-04,Melbourne,Victoria,10.5,58.8,Spring,10,14.203225806451615,-3.7,0
2025-10-05,Melbourne,Victoria,16.3,61.7,Spring,10,14.203225806451615,2.1,0
2025-10-06,Melbourne,Victoria,13.5,52.5,Spring,10,14.203225806451615,-0.7,0
2025-10-07,Melbourne,Victoria,10.4,62.0,Spring,10,14.203225806451615,-3.8,0
2025-10-08,Melbourne,Victoria,17.1,53.2,Spring,10,14.203225806451615,2.9,0
2025-10-09,Melbourne,Victoria,21.1,72.5,Spring,10,14.203225806451615,6.9,0
2025-10-10,Melbourne,Victoria,23.9,71.1,Spring,10,14.203225806451615,9.7,0
2025-10-11,Melbourne,Victoria,22.1,59.2,Spring,10,14.203225806451615,7.9,0
2025-10-12,Melbourne,Victoria,23.7,59.6,Spring,10,14.203225806451615,9.5,0
2025-10-13,Melbourne,Victoria,15.6,59.1,Spring,10,14.203225806451615,1.4,0
2025-10-14,Melbourne,Victoria,16.1,71.5,Spring,10,14.203225806451615,1.9,0
2025-10-15,Melbourne,Victoria,12.9,72.1,Spring,10,14.203225806451615,-1.3,0
2025-10-16,Melbourne,Victoria,6.6,66.7,Spring,10,14.203225806451615,-7.6,0
2025-10-17,Melbourne,Victoria,-1.0,63.3,Spring,10,14.203225806451615,-15.2,0
2025-10-18,Melbourne,Victoria,3.8,53.7,Spring,10,14.203225806451615,-10.4,0
2025-10-19,Melbourne,Victoria,7.1,60.5,Spring,10,14.203225806451615,-7.1,0
2025-10-20,Melbourne,Victoria,4.3,57.7,Spring,10,14.203225806451615,-9.9,0
2025-10-21,Melbourne,Victoria,9.7,69.9,Spring,10,14.203225806451615,-4.5,0
2025-10-22,Melbourne,Victoria,12.5,57.7,Spring,10,14.203225806451615,-1.7,0
2025-10-23,Melbourne,Victoria,15.2,62.8,Spring,10,14.203225806451615,1.0,0
2025-10-24,Melbourne,Victoria,12.2,65.5,Spring,10,14.203225806451615,-2.0,0
2025-10-25,Melbourne,Victoria,15.5,67.0,Spring,10,14.203225806451615,1.3,0
2025-10-26,Melbourne,Victoria,11.4,64.5,Spring,10,14.203225806451615,-2.8,0
2025-10-27,Melbourne,Victoria,16.2,60.6,Spring,10,14.203225806451615,2.0,0
2025-10-28,Melbourne,Victoria,15.8,67.9,Spring,10,14.203225806451615,1.6,0
2025-10-29,Melbourne,Victoria,13.8,63.5,Spring,10,14.203225806451615,-0.4,0
2025-10-30,Melbourne,Victoria,13.1,64.0,Spring,10,14.203225806451615,-1.1,0
2025-10-31,Melbourne,Victoria,7.3,62.1,Spring,10,14.203225806451615,-6.9,0
2025-11-01,Melbourne,Victoria,9.6,58.6,Spring,11,16.355555555555554,-6.76,0
2025-11-02,Melbourne,Victoria,11.6,55.2,Spring,11,16.355555555555554,-4.76,0
2025-11-03,Melbourne,Victoria,11.7,56.2,Spring,11,16.355555555555554,-4.66,0
2025-11-04,Melbourne,Victoria,11.0,65.7,Spring,11,16.355555555555554,-5.36,0
2025-11-05,Melbourne,Victoria,12.2,62.4,Spring,11,16.355555555555554,-4.16,0
2025-11-06,Melbourne,Victoria,10.0,54.9,Spring,11,16.355555555555554,-6.36,0
2025-11-07,Melbourne,Victoria,10.9,57.0,Spring,11,16.355555555555554,-5.46,0
2025-11-08,Melbourne,Victoria,16.3,60.4,Spring,11,16.355555555555554,-0.06,0
2025-11-09,Melbourne,Victoria,20.8,58.6,Spring,11,16.355555555555554,4.44,0
2025-11-10,Melbourne,Victoria,23.5,54.2,Spring,11,16.355555555555554,7.14,0
2025-11-11,Melbourne,Victoria,16.5,61.8,Spring,11,16.355555555555554,0.14,0
2025-11-12,Melbourne,Victoria,17.0,70.0,Spring,11,16.355555555555554,0.64,0
2025-11-13,Melbourne,Victoria,20.1,73.1,Spring,11,16.355555555555554,3.74,0
2025-11-14,Melbourne,Victoria,18.7,55.9,Spring,11,16.355555555555554,2.34,0
2025-11-15,Melbourne,Victoria,13.5,59.6,Spring,11,16.355555555555554,-2.86,0
2025-11-16,Melbourne,Victoria,14.3,49.8,Spring,11,16.355555555555554,-2.06,0
2025-11-17,Melbourne,Victoria,18.2,68.0,Spring,11,16.355555555555554,1.84,0
2025-11-18,Melbourne,Victoria,12.0,56.3,Spring,11,16.355555555555554,-4.36,0
2025-11-19,Melbourne,Victoria,13.1,57.8,Spring,11,16.355555555555554,-3.26,0
2025-11-20,Melbourne,Victoria,12.4,58.6,Spring,11,16.355555555555554,-3.96,0
2025-11-21,Melbourne,Victoria,14.1,58.1,Spring,11,16.355555555555554,-2.26,0
2025-11-22,Melbourne,Victoria,18.9,65.2,Spring,11,16.355555555555554,2.54,0
2025-11-23,Melbourne,Victoria,19.0,75.2,Spring,11,16.355555555555554,2.64,0
2025-11-24,Melbourne,Victoria,20.6,51.5,Spring,11,16.355555555555554,4.24,0
2025-11-25,Melbourne,Victoria,18.1,66.9,Spring,11,16.355555555555554,1.74,0
2025-11-26,Melbourne,Victoria,17.5,61.5,Spring,11,16.355555555555554,1.14,0
2025-11-27,Melbourne,Victoria,18.6,60.4,Spring,11,16.355555555555554,2.24,0
2025-11-28,Melbourne,Victoria,25.2,63.0,Spring,11,16.355555555555554,8.84,0
2025-11-29,Melbourne,Victoria,19.8,58.3,Spring,11,16.355555555555554,3.44,0
2025-11-30,Melbourne,Victoria,19.6,64.4,Spring,11,16.355555555555554,3.24,0
2025-12-01,Melbourne,Victoria,16.3,56.4,Summer,12,18.478494623655912,-2.18,0
2025-12-02,Melbourne,Victoria,16.0,59.7,Summer,12,18.478494623655912,-2.48,0
2025-12-03,Melbourne,Victoria,20.6,60.4,Summer,12,18.478494623655912,2.12,0
2025-12-04,Melbourne,Victoria,17.5,65.4,Summer,12,18.478494623655912,-0.98,0
2025-12-05,Melbourne,Victoria,15.8,69.3,Summer,12,18.478494623655912,-2.68,0
2025-12-06,Melbourne,Victoria,19.0,57.3,Summer,12,18.478494623655912,0.52,0
2025-12-07,Melbourne,Victoria,15.4,61.1,Summer,12,18.478494623655912,-3.08,0
2025-12-08,Melbourne,Victoria,16.1,58.2,Summer,12,18.478494623655912,-2.38,0
2025-12-09,Melbourne,Victoria,21.6,55.6,Summer,12,18.478494623655912,3.12,0
2025-12-10,Melbourne,Victoria,23.0,65.6,Summer,12,18.478494623655912,4.52,0
2025-12-11,Melbourne,Victoria,17.4,53.6,Summer,12,18.478494623655912,-1.08,0
2025-12-12,Melbourne,Victoria,13.4,49.7,Summer,12,18.478494623655912,-5.08,0
2025-12-13,Melbourne,Victoria,19.5,52.3,Summer,12,18.478494623655912,1.02,0
2025-12-14,Melbourne,Victoria,18.3,61.0,Summer,12,18.478494623655912,-0.18,0
2025-12-15,Melbourne,Victoria,15.1,75.1,Summer,12,18.478494623655912,-3.38,0
2025-12-16,Melbourne,Victoria,15.7,43.5,Summer,12,18.478494623655912,-2.78,0
2025-12-17,Melbourne,Victoria,17.6,62.4,Summer,12,18.478494623655912,-0.88,0
2025-12-18,Melbourne,Victoria,21.6,49.0,Summer,12,18.478494623655912,3.12,0
2025-12-19,Melbourne,Victoria,18.8,53.9,Summer,12,18.478494623655912,0.32,0
2025-12-20,Melbourne,Victoria,19.4,60.9,Summer,12,18.478494623655912,0.92,0
2025-12-21,Melbourne,Victoria,17.1,59.2,Summer,12,18.478494623655912,-1.38,0
2025-12-22,Melbourne,Victoria,19.3,61.5,Summer,12,18.478494623655912,0.82,0
2025-12-23,Melbourne,Victoria,11.2,53.5,Summer,12,18.478494623655912,-7.28,0
2025-12-24,Melbourne,Victoria,18.7,57.4,Summer,12,18.478494623655912,0.22,0
2025-12-25,Melbourne,Victoria,18.6,58.7,Summer,12,18.478494623655912,0.12,0
2025-12-26,Melbourne,Victoria,20.2,59.0,Summer,12,18.478494623655912,1.72,0
2025-12-27,Melbourne,Victoria,13.7,59.3,Summer,12,18.478494623655912,-4.78,0
2025-12-28,Melbourne,Victoria,17.9,59.9,Summer,12,18.478494623655912,-0.58,0
2025-12-29,Melbourne,Victoria,16.2,57.4,Summer,12,18.478494623655912,-2.28,0
2025-12-30,Melbourne,Victoria,14.1,68.7,Summer,12,18.478494623655912,-4.38,0
2025-12-31,Melbourne,Victoria,15.7,55.2,Summer,12,18.478494623655912,-2.78,0
2023-01-01,Brisbane,Queensland,23.6,75.6,Summer,1,25.73010752688172,-2.13,0
2023-01-02,Brisbane,Queensland,24.1,60.0,Summer,1,25.73010752688172,-1.63,0
2023-01-03,Brisbane,Queensland,26.0,64.1,Summer,1,25.73010752688172,0.27,0
2023-01-04,Brisbane,Queensland,28.8,64.2,Summer,1,25.73010752688172,3.07,0
2023-01-05,Brisbane,Queensland,29.6,70.8,Summer,1,25.73010752688172,3.87,0
2023-01-06,Brisbane,Queensland,31.5,64.7,Summer,1,25.73010752688172,5.77,0
2023-01-07,Brisbane,Queensland,27.3,71.6,Summer,1,25.73010752688172,1.57,0
2023-01-08,Brisbane,Queensland,27.3,72.8,Summer,1,25.73010752688172,1.57,0
2023-01-09,Brisbane,Queensland,28.8,61.5,Summer,1,25.73010752688172,3.07,0
2023-01-10,Brisbane,Queensland,28.1,76.5,Summer,1,25.73010752688172,2.37,0
2023-01-11,Brisbane,Queensland,24.6,82.8,Summer,1,25.73010752688172,-1.13,1
2023-01-12,Brisbane,Queensland,24.4,73.5,Summer,1,25.73010752688172,-1.33,0
2023-01-13,Brisbane,Queensland,21.4,62.9,Summer,1,25.73010752688172,-4.33,0
2023-01-14,Brisbane,Queensland,25.0,65.9,Summer,1,25.73010752688172,-0.73,0
2023-01-15,Brisbane,Queensland,27.8,66.7,Summer,1,25.73010752688172,2.07,0
2023-01-16,Brisbane,Queensland,28.3,70.4,Summer,1,25.73010752688172,2.57,0
2023-01-17,Brisbane,Queensland,26.9,67.8,Summer,1,25.73010752688172,1.17,0
2023-01-18,Brisbane,Queensland,26.1,66.7,Summer,1,25.73010752688172,0.37,0
2023-01-19,Brisbane,Queensland,25.9,72.0,Summer,1,25.73010752688172,0.17,0
2023-01-20,Brisbane,Queensland,24.9,66.0,Summer,1,25.73010752688172,-0.83,0
2023-01-21,Brisbane,Queensland,24.1,83.7,Summer,1,25.73010752688172,-1.63,1
2023-01-22,Brisbane,Queensland,24.2,56.6,Summer,1,25.73010752688172,-1.53,0
2023-01-23,Brisbane,Queensland,25.9,76.7,Summer,1,25.73010752688172,0.17,0
2023-01-24,Brisbane,Queensland,27.7,74.1,Summer,1,25.73010752688172,1.97,0
2023-01-25,Brisbane,Queensland,30.4,75.7,Summer,1,25.73010752688172,4.67,0
2023-01-26,Brisbane,Queensland,28.8,66.1,Summer,1,25.73010752688172,3.07,0
2023-01-27,Brisbane,Queensland,29.1,74.6,Summer,1,25.73010752688172,3.37,0
2023-01-28,Brisbane,Queensland,25.7,62.5,Summer,1,25.73010752688172,-0.03,0
2023-01-29,Brisbane,Queensland,26.1,70.8,Summer,1,25.73010752688172,0.37,0
2023-01-30,Brisbane,Queensland,27.5,69.2,Summer,1,25.73010752688172,1.77,0
2023-01-31,Brisbane,Queensland,28.9,66.8,Summer,1,25.73010752688172,3.17,0
2023-02-01,Brisbane,Queensland,27.3,70.4,Summer,2,25.54705882352941,1.75,0
2023-02-02,Brisbane,Queensland,26.1,68.7,Summer,2,25.54705882352941,0.55,0
2023-02-03,Brisbane,Queensland,26.0,71.9,Summer,2,25.54705882352941,0.45,0
2023-02-04,Brisbane,Queensland,25.7,68.1,Summer,2,25.54705882352941,0.15,0
2023-02-05,Brisbane,Queensland,23.4,70.7,Summer,2,25.54705882352941,-2.15,0
2023-02-06,Brisbane,Queensland,22.7,68.1,Summer,2,25.54705882352941,-2.85,0
2023-02-07,Brisbane,Queensland,26.7,72.8,Summer,2,25.54705882352941,1.15,0
2023-02-08,Brisbane,Queensland,27.3,67.3,Summer,2,25.54705882352941,1.75,0
2023-02-09,Brisbane,Queensland,24.6,66.9,Summer,2,25.54705882352941,-0.95,0
2023-02-10,Brisbane,Queensland,25.0,62.4,Summer,2,25.54705882352941,-0.55,0
2023-02-11,Brisbane,Queensland,24.5,73.2,Summer,2,25.54705882352941,-1.05,0
2023-02-12,Brisbane,Queensland,28.5,66.0,Summer,2,25.54705882352941,2.95,0
2023-02-13,Brisbane,Queensland,29.4,76.0,Summer,2,25.54705882352941,3.85,0
2023-02-14,Brisbane,Queensland,29.5,79.9,Summer,2,25.54705882352941,3.95,0
2023-02-15,Brisbane,Queensland,30.0,68.3,Summer,2,25.54705882352941,4.45,0
2023-02-16,Brisbane,Queensland,29.4,80.3,Summer,2,25.54705882352941,3.85,1
2023-02-17,Brisbane,Queensland,27.4,68.6,Summer,2,25.54705882352941,1.85,0
2023-02-18,Brisbane,Queensland,25.9,80.1,Summer,2,25.54705882352941,0.35,1
2023-02-19,Brisbane,Queensland,23.3,65.1,Summer,2,25.54705882352941,-2.25,0
2023-02-20,Brisbane,Queensland,25.1,68.6,Summer,2,25.54705882352941,-0.45,0
2023-02-21,Brisbane,Queensland,24.5,70.8,Summer,2,25.54705882352941,-1.05,0
2023-02-22,Brisbane,Queensland,27.9,67.8,Summer,2,25.54705882352941,2.35,0
2023-02-23,Brisbane,Queensland,28.2,65.8,Summer,2,25.54705882352941,2.65,0
2023-02-24,Brisbane,Queensland,24.2,66.3,Summer,2,25.54705882352941,-1.35,0
2023-02-25,Brisbane,Queensland,26.4,71.7,Summer,2,25.54705882352941,0.85,0
2023-02-26,Brisbane,Queensland,27.6,80.2,Summer,2,25.54705882352941,2.05,1
2023-02-27,Brisbane,Queensland,25.5,71.9,Summer,2,25.54705882352941,-0.05,0
2023-02-28,Brisbane,Queensland,23.9,65.0,Summer,2,25.54705882352941,-1.65,0
2023-03-01,Brisbane,Queensland,24.0,75.3,Autumn,3,24.043010752688172,-0.04,0
2023-03-02,Brisbane,Queensland,21.4,72.0,Autumn,3,24.043010752688172,-2.64,0
2023-03-03,Brisbane,Queensland,20.4,75.7,Autumn,3,24.043010752688172,-3.64,0
2023-03-04,Brisbane,Queensland,22.4,77.1,Autumn,3,24.043010752688172,-1.64,0
2023-03-05,Brisbane,Queensland,25.4,69.4,Autumn,3,24.043010752688172,1.36,0
2023-03-06,Brisbane,Queensland,26.5,64.0,Autumn,3,24.043010752688172,2.46,0
2023-03-07,Brisbane,Queensland,25.0,77.2,Autumn,3,24.043010752688172,0.96,0
2023-03-08,Brisbane,Queensland,24.7,70.5,Autumn,3,24.043010752688172,0.66,0
2023-03-09,Brisbane,Queensland,26.2,67.3,Autumn,3,24.043010752688172,2.16,0
2023-03-10,Brisbane,Queensland,27.5,77.4,Autumn,3,24.043010752688172,3.46,0
2023-03-11,Brisbane,Queensland,23.3,61.2,Autumn,3,24.043010752688172,-0.74,0
2023-03-12,Brisbane,Queensland,24.3,67.6,Autumn,3,24.043010752688172,0.26,0
2023-03-13,Brisbane,Queensland,27.2,58.0,Autumn,3,24.043010752688172,3.16,0
2023-03-14,Brisbane,Queensland,25.4,68.4,Autumn,3,24.043010752688172,1.36,0
2023-03-15,Brisbane,Queensland,22.0,64.4,Autumn,3,24.043010752688172,-2.04,0
2023-03-16,Brisbane,Queensland,21.8,69.7,Autumn,3,24.043010752688172,-2.24,0
2023-03-17,Brisbane,Queensland,20.7,75.7,Autumn,3,24.043010752688172,-3.34,0
2023-03-18,Brisbane,Queensland,21.9,67.1,Autumn,3,24.043010752688172,-2.14,0
2023-03-19,Brisbane,Queensland,21.5,79.8,Autumn,3,24.043010752688172,-2.54,0
2023-03-20,Brisbane,Queensland,22.9,66.9,Autumn,3,24.043010752688172,-1.14,0
2023-03-21,Brisbane,Queensland,23.3,76.7,Autumn,3,24.043010752688172,-0.74,0
2023-03-22,Brisbane,Queensland,20.8,60.2,Autumn,3,24.043010752688172,-3.24,0
2023-03-23,Brisbane,Queensland,22.4,62.0,Autumn,3,24.043010752688172,-1.64,0
2023-03-24,Brisbane,Queensland,24.1,70.5,Autumn,3,24.043010752688172,0.06,0
2023-03-25,Brisbane,Queensland,24.6,71.6,Autumn,3,24.043010752688172,0.56,0
2023-03-26,Brisbane,Queensland,23.8,61.2,Autumn,3,24.043010752688172,-0.24,0
2023-03-27,Brisbane,Queensland,23.8,73.1,Autumn,3,24.043010752688172,-0.24,0
2023-03-28,Brisbane,Queensland,22.1,64.5,Autumn,3,24.043010752688172,-1.94,0
2023-03-29,Brisbane,Queensland,23.7,65.6,Autumn,3,24.043010752688172,-0.34,0
2023-03-30,Brisbane,Queensland,24.2,61.3,Autumn,3,24.043010752688172,0.16,0
2023-03-31,Brisbane,Queensland,23.4,75.5,Autumn,3,24.043010752688172,-0.64,0
2023-04-01,Brisbane,Queensland,19.7,65.1,Autumn,4,22.761111111111113,-3.06,0
2023-04-02,Brisbane,Queensland,19.8,63.4,Autumn,4,22.761111111111113,-2.96,0
2023-04-03,Brisbane,Queensland,20.6,64.0,Autumn,4,22.761111111111113,-2.16,0
2023-04-04,Brisbane,Queensland,20.4,69.1,Autumn,4,22.761111111111113,-2.36,0
2023-04-05,Brisbane,Queensland,19.0,71.8,Autumn,4,22.761111111111113,-3.76,0
2023-04-06,Brisbane,Queensland,17.6,65.8,Autumn,4,22.761111111111113,-5.16,0
2023-04-07,Brisbane,Queensland,21.7,80.7,Autumn,4,22.761111111111113,-1.06,1
2023-04-08,Brisbane,Queensland,22.0,74.0,Autumn,4,22.761111111111113,-0.76,0
2023-04-09,Brisbane,Queensland,25.4,57.4,Autumn,4,22.761111111111113,2.64,0
2023-04-10,Brisbane,Queensland,24.6,72.3,Autumn,4,22.761111111111113,1.84,0
2023-04-11,Brisbane,Queensland,23.2,76.6,Autumn,4,22.761111111111113,0.44,0
2023-04-12,Brisbane,Queensland,25.7,66.0,Autumn,4,22.761111111111113,2.94,0
2023-04-13,Brisbane,Queensland,22.5,61.5,Autumn,4,22.761111111111113,-0.26,0
2023-04-14,Brisbane,Queensland,21.1,73.5,Autumn,4,22.761111111111113,-1.66,0
2023-04-15,Brisbane,Queensland,19.8,75.9,Autumn,4,22.761111111111113,-2.96,0
2023-04-16,Brisbane,Queensland,23.3,66.1,Autumn,4,22.761111111111113,0.54,0
2023-04-17,Brisbane,Queensland,24.9,67.1,Autumn,4,22.761111111111113,2.14,0
2023-04-18,Brisbane,Queensland,22.1,64.8,Autumn,4,22.761111111111113,-0.66,0
2023-04-19,Brisbane,Queensland,22.3,60.7,Autumn,4,22.761111111111113,-0.46,0
2023-04-20,Brisbane,Queensland,23.5,75.1,Autumn,4,22.761111111111113,0.74,0
2023-04-21,Brisbane,Queensland,22.4,66.9,Autumn,4,22.761111111111113,-0.36,0
2023-04-22,Brisbane,Queensland,21.9,72.6,Autumn,4,22.761111111111113,-0.86,0
2023-04-23,Brisbane,Queensland,22.2,70.7,Autumn,4,22.761111111111113,-0.56,0
2023-04-24,Brisbane,Queensland,20.2,74.7,Autumn,4,22.761111111111113,-2.56,0
2023-04-25,Brisbane,Queensland,22.6,62.0,Autumn,4,22.761111111111113,-0.16,0
2023-04-26,Brisbane,Queensland,25.1,68.5,Autumn,4,22.761111111111113,2.34,0
2023-04-27,Brisbane,Queensland,20.6,75.8,Autumn,4,22.761111111111113,-2.16,0
2023-04-28,Brisbane,Queensland,21.4,75.6,Autumn,4,22.761111111111113,-1.36,0
2023-04-29,Brisbane,Queensland,24.1,68.9,Autumn,4,22.761111111111113,1.34,0
2023-04-30,Brisbane,Queensland,21.0,75.5,Autumn,4,22.761111111111113,-1.76,0
2023-05-01,Brisbane,Queensland,16.9,65.0,Autumn,5,19.323655913978495,-2.42,0
2023-05-02,Brisbane,Queensland,15.4,75.0,Autumn,5,19.323655913978495,-3.92,0
2023-05-03,Brisbane,Queensland,15.4,78.9,Autumn,5,19.323655913978495,-3.92,0
2023-05-04,Brisbane,Queensland,17.9,75.8,Autumn,5,19.323655913978495,-1.42,0
2023-05-05,Brisbane,Queensland,18.0,69.3,Autumn,5,19.323655913978495,-1.32,0
2023-05-06,Brisbane,Queensland,20.6,65.4,Autumn,5,19.323655913978495,1.28,0
2023-05-07,Brisbane,Queensland,19.3,64.2,Autumn,5,19.323655913978495,-0.02,0
2023-05-08,Brisbane,Queensland,22.0,58.4,Autumn,5,19.323655913978495,2.68,0
2023-05-09,Brisbane,Queensland,22.2,66.5,Autumn,5,19.323655913978495,2.88,0
2023-05-10,Brisbane,Queensland,19.6,63.4,Autumn,5,19.323655913978495,0.28,0
2023-05-11,Brisbane,Queensland,20.6,64.9,Autumn,5,19.323655913978495,1.28,0
2023-05-12,Brisbane,Queensland,20.2,77.2,Autumn,5,19.323655913978495,0.88,0
2023-05-13,Brisbane,Queensland,18.4,65.9,Autumn,5,19.323655913978495,-0.92,0
2023-05-14,Brisbane,Queensland,16.1,68.3,Autumn,5,19.323655913978495,-3.22,0
2023-05-15,Brisbane,Queensland,19.3,80.5,Autumn,5,19.323655913978495,-0.02,1
2023-05-16,Brisbane,Queensland,19.3,67.3,Autumn,5,19.323655913978495,-0.02,0
2023-05-17,Brisbane,Queensland,17.5,59.5,Autumn,5,19.323655913978495,-1.82,0
2023-05-18,Brisbane,Queensland,19.1,72.6,Autumn,5,19.323655913978495,-0.22,0
2023-05-19,Brisbane,Queensland,18.5,67.7,Autumn,5,19.323655913978495,-0.82,0
2023-05-20,Brisbane,Queensland,20.8,70.1,Autumn,5,19.323655913978495,1.48,0
2023-05-21,Brisbane,Queensland,20.0,68.4,Autumn,5,19.323655913978495,0.68,0
2023-05-22,Brisbane,Queensland,19.7,68.9,Autumn,5,19.323655913978495,0.38,0
2023-05-23,Brisbane,Queensland,18.7,74.2,Autumn,5,19.323655913978495,-0.62,0
2023-05-24,Brisbane,Queensland,19.9,69.8,Autumn,5,19.323655913978495,0.58,0
2023-05-25,Brisbane,Queensland,16.2,75.1,Autumn,5,19.323655913978495,-3.12,0
2023-05-26,Brisbane,Queensland,17.2,74.0,Autumn,5,19.323655913978495,-2.12,0
2023-05-27,Brisbane,Queensland,19.6,71.0,Autumn,5,19.323655913978495,0.28,0
2023-05-28,Brisbane,Queensland,19.9,68.6,Autumn,5,19.323655913978495,0.58,0
2023-05-29,Brisbane,Queensland,21.9,61.8,Autumn,5,19.323655913978495,2.58,0
2023-05-30,Brisbane,Queensland,25.2,69.8,Autumn,5,19.323655913978495,5.88,0
2023-05-31,Brisbane,Queensland,24.7,68.3,Autumn,5,19.323655913978495,5.38,0
2023-06-01,Brisbane,Queensland,19.1,67.8,Winter,6,17.127777777777776,1.97,0
2023-06-02,Brisbane,Queensland,18.6,67.3,Winter,6,17.127777777777776,1.47,0
2023-06-03,Brisbane,Queensland,19.6,65.9,Winter,6,17.127777777777776,2.47,0
2023-06-04,Brisbane,Queensland,17.6,70.2,Winter,6,17.127777777777776,0.47,0
2023-06-05,Brisbane,Queensland,14.5,64.9,Winter,6,17.127777777777776,-2.63,0
2023-06-06,Brisbane,Queensland,15.2,66.7,Winter,6,17.127777777777776,-1.93,0
2023-06-07,Brisbane,Queensland,15.0,70.6,Winter,6,17.127777777777776,-2.13,0
2023-06-08,Brisbane,Queensland,15.2,71.8,Winter,6,17.127777777777776,-1.93,0
2023-06-09,Brisbane,Queensland,17.5,60.6,Winter,6,17.127777777777776,0.37,0
2023-06-10,Brisbane,Queensland,15.2,60.6,Winter,6,17.127777777777776,-1.93,0
2023-06-11,Brisbane,Queensland,15.5,57.8,Winter,6,17.127777777777776,-1.63,0
2023-06-12,Brisbane,Queensland,17.0,66.0,Winter,6,17.127777777777776,-0.13,0
2023-06-13,Brisbane,Queensland,14.9,59.3,Winter,6,17.127777777777776,-2.23,0
2023-06-14,Brisbane,Queensland,13.3,71.9,Winter,6,17.127777777777776,-3.83,0
2023-06-15,Brisbane,Queensland,14.6,72.9,Winter,6,17.127777777777776,-2.53,0
2023-06-16,Brisbane,Queensland,17.8,63.5,Winter,6,17.127777777777776,0.67,0
2023-06-17,Brisbane,Queensland,17.1,73.4,Winter,6,17.127777777777776,-0.03,0
2023-06-18,Brisbane,Queensland,16.1,71.3,Winter,6,17.127777777777776,-1.03,0
2023-06-19,Brisbane,Queensland,15.4,68.6,Winter,6,17.127777777777776,-1.73,0
2023-06-20,Brisbane,Queensland,15.0,61.3,Winter,6,17.127777777777776,-2.13,0
2023-06-21,Brisbane,Queensland,16.4,73.2,Winter,6,17.127777777777776,-0.73,0
2023-06-22,Brisbane,Queensland,15.2,71.9,Winter,6,17.127777777777776,-1.93,0
2023-06-23,Brisbane,Queensland,17.5,74.7,Winter,6,17.127777777777776,0.37,0
2023-06-24,Brisbane,Queensland,20.2,66.2,Winter,6,17.127777777777776,3.07,0
2023-06-25,Brisbane,Queensland,20.6,61.2,Winter,6,17.127777777777776,3.47,0
2023-06-26,Brisbane,Queensland,19.5,67.8,Winter,6,17.127777777777776,2.37,0
2023-06-27,Brisbane,Queensland,16.8,64.5,Winter,6,17.127777777777776,-0.33,0
2023-06-28,Brisbane,Queensland,17.5,74.4,Winter,6,17.127777777777776,0.37,0
2023-06-29,Brisbane,Queensland,17.1,63.7,Winter,6,17.127777777777776,-0.03,0
2023-06-30,Brisbane,Queensland,14.6,69.2,Winter,6,17.127777777777776,-2.53,0
2023-07-01,Brisbane,Queensland,11.2,54.1,Winter,7,16.093548387096774,-4.89,0
2023-07-02,Brisbane,Queensland,13.2,57.5,Winter,7,16.093548387096774,-2.89,0
2023-07-03,Brisbane,Queensland,14.1,61.8,Winter,7,16.093548387096774,-1.99,0
2023-07-04,Brisbane,Queensland,13.8,59.3,Winter,7,16.093548387096774,-2.29,0
2023-07-05,Brisbane,Queensland,16.2,61.8,Winter,7,16.093548387096774,0.11,0
2023-07-06,Brisbane,Queensland,16.8,68.9,Winter,7,16.093548387096774,0.71,0
2023-07-07,Brisbane,Queensland,18.7,70.7,Winter,7,16.093548387096774,2.61,0
2023-07-08,Brisbane,Queensland,17.5,64.3,Winter,7,16.093548387096774,1.41,0
2023-07-09,Brisbane,Queensland,17.3,72.4,Winter,7,16.093548387096774,1.21,0
2023-07-10,Brisbane,Queensland,19.3,56.1,Winter,7,16.093548387096774,3.21,0
2023-07-11,Brisbane,Queensland,15.9,60.1,Winter,7,16.093548387096774,-0.19,0
2023-07-12,Brisbane,Queensland,14.4,57.3,Winter,7,16.093548387096774,-1.69,0
2023-07-13,Brisbane,Queensland,9.9,66.5,Winter,7,16.093548387096774,-6.19,0
2023-07-14,Brisbane,Queensland,10.7,50.6,Winter,7,16.093548387096774,-5.39,0
2023-07-15,Brisbane,Queensland,13.3,50.0,Winter,7,16.093548387096774,-2.79,0
2023-07-16,Brisbane,Queensland,12.7,69.0,Winter,7,16.093548387096774,-3.39,0
2023-07-17,Brisbane,Queensland,15.2,60.5,Winter,7,16.093548387096774,-0.89,0
2023-07-18,Brisbane,Queensland,14.0,65.0,Winter,7,16.093548387096774,-2.09,0
2023-07-19,Brisbane,Queensland,15.5,67.8,Winter,7,16.093548387096774,-0.59,0
2023-07-20,Brisbane,Queensland,18.2,61.7,Winter,7,16.093548387096774,2.11,0
2023-07-21,Brisbane,Queensland,18.0,55.8,Winter,7,16.093548387096774,1.91,0
2023-07-22,Brisbane,Queensland,18.9,59.9,Winter,7,16.093548387096774,2.81,0
2023-07-23,Brisbane,Queensland,17.8,65.2,Winter,7,16.093548387096774,1.71,0
2023-07-24,Brisbane,Queensland,18.8,76.0,Winter,7,16.093548387096774,2.71,0
2023-07-25,Brisbane,Queensland,16.9,54.5,Winter,7,16.093548387096774,0.81,0
2023-07-26,Brisbane,Queensland,17.0,60.0,Winter,7,16.093548387096774,0.91,0
2023-07-27,Brisbane,Queensland,18.8,71.0,Winter,7,16.093548387096774,2.71,0
2023-07-28,Brisbane,Queensland,16.3,60.7,Winter,7,16.093548387096774,0.21,0
2023-07-29,Brisbane,Queensland,15.6,47.0,Winter,7,16.093548387096774,-0.49,0
2023-07-30,Brisbane,Queensland,16.9,67.7,Winter,7,16.093548387096774,0.81,0
2023-07-31,Brisbane,Queensland,20.5,57.1,Winter,7,16.093548387096774,4.41,0
2023-08-01,Brisbane,Queensland,21.4,60.6,Winter,8,16.89354838709677,4.51,0
2023-08-02,Brisbane,Queensland,16.4,67.6,Winter,8,16.89354838709677,-0.49,0
2023-08-03,Brisbane,Queensland,18.8,51.4,Winter,8,16.89354838709677,1.91,0
2023-08-04,Brisbane,Queensland,17.8,55.4,Winter,8,16.89354838709677,0.91,0
2023-08-05,Brisbane,Queensland,17.6,53.3,Winter,8,16.89354838709677,0.71,0
2023-08-06,Brisbane,Queensland,12.1,53.3,Winter,8,16.89354838709677,-4.79,0
2023-08-07,Brisbane,Queensland,14.1,54.1,Winter,8,16.89354838709677,-2.79,0
2023-08-08,Brisbane,Queensland,12.8,69.1,Winter,8,16.89354838709677,-4.09,0
2023-08-09,Brisbane,Queensland,11.9,51.1,Winter,8,16.89354838709677,-4.99,0
2023-08-10,Brisbane,Queensland,11.4,71.0,Winter,8,16.89354838709677,-5.49,0
2023-08-11,Brisbane,Queensland,14.6,60.3,Winter,8,16.89354838709677,-2.29,0
2023-08-12,Brisbane,Queensland,14.0,53.2,Winter,8,16.89354838709677,-2.89,0
2023-08-13,Brisbane,Queensland,18.6,68.9,Winter,8,16.89354838709677,1.71,0
2023-08-14,Brisbane,Queensland,18.8,68.0,Winter,8,16.89354838709677,1.91,0
2023-08-15,Brisbane,Queensland,17.6,54.7,Winter,8,16.89354838709677,0.71,0
2023-08-16,Brisbane,Queensland,15.5,60.5,Winter,8,16.89354838709677,-1.39,0
2023-08-17,Brisbane,Queensland,15.4,76.9,Winter,8,16.89354838709677,-1.49,0
2023-08-18,Brisbane,Queensland,16.1,62.6,Winter,8,16.89354838709677,-0.79,0
2023-08-19,Brisbane,Queensland,14.6,65.3,Winter,8,16.89354838709677,-2.29,0
2023-08-20,Brisbane,Queensland,16.7,65.1,Winter,8,16.89354838709677,-0.19,0
2023-08-21,Brisbane,Queensland,15.5,60.9,Winter,8,16.89354838709677,-1.39,0
2023-08-22,Brisbane,Queensland,14.8,57.7,Winter,8,16.89354838709677,-2.09,0
2023-08-23,Brisbane,Queensland,19.1,61.9,Winter,8,16.89354838709677,2.21,0
2023-08-24,Brisbane,Queensland,18.0,57.8,Winter,8,16.89354838709677,1.11,0
2023-08-25,Brisbane,Queensland,18.6,64.6,Winter,8,16.89354838709677,1.71,0
2023-08-26,Brisbane,Queensland,19.3,50.5,Winter,8,16.89354838709677,2.41,0
2023-08-27,Brisbane,Queensland,16.2,75.4,Winter,8,16.89354838709677,-0.69,0
2023-08-28,Brisbane,Queensland,12.0,70.9,Winter,8,16.89354838709677,-4.89,0
2023-08-29,Brisbane,Queensland,13.6,67.5,Winter,8,16.89354838709677,-3.29,0
2023-08-30,Brisbane,Queensland,13.7,70.4,Winter,8,16.89354838709677,-3.19,0
2023-08-31,Brisbane,Queensland,15.2,60.3,Winter,8,16.89354838709677,-1.69,0
2023-09-01,Brisbane,Queensland,14.8,61.1,Spring,9,18.795555555555556,-4.0,0
2023-09-02,Brisbane,Queensland,15.0,59.6,Spring,9,18.795555555555556,-3.8,0
2023-09-03,Brisbane,Queensland,17.2,55.5,Spring,9,18.795555555555556,-1.6,0
2023-09-04,Brisbane,Queensland,17.5,52.8,Spring,9,18.795555555555556,-1.3,0
2023-09-05,Brisbane,Queensland,17.1,59.5,Spring,9,18.795555555555556,-1.7,0
2023-09-06,Brisbane,Queensland,14.8,45.9,Spring,9,18.795555555555556,-4.0,0
2023-09-07,Brisbane,Queensland,14.8,63.9,Spring,9,18.795555555555556,-4.0,0
2023-09-08,Brisbane,Queensland,15.3,57.6,Spring,9,18.795555555555556,-3.5,0
2023-09-09,Brisbane,Queensland,17.3,58.9,Spring,9,18.795555555555556,-1.5,0
2023-09-10,Brisbane,Queensland,15.8,61.2,Spring,9,18.795555555555556,-3.0,0
2023-09-11,Brisbane,Queensland,16.2,63.9,Spring,9,18.795555555555556,-2.6,0
2023-09-12,Brisbane,Queensland,16.9,58.5,Spring,9,18.795555555555556,-1.9,0
2023-09-13,Brisbane,Queensland,17.5,62.0,Spring,9,18.795555555555556,-1.3,0
2023-09-14,Brisbane,Queensland,19.0,64.6,Spring,9,18.795555555555556,0.2,0
2023-09-15,Brisbane,Queensland,19.4,53.4,Spring,9,18.795555555555556,0.6,0
2023-09-16,Brisbane,Queensland,19.4,63.7,Spring,9,18.795555555555556,0.6,0
2023-09-17,Brisbane,Queensland,19.9,62.1,Spring,9,18.795555555555556,1.1,0
2023-09-18,Brisbane,Queensland,16.6,57.3,Spring,9,18.795555555555556,-2.2,0
2023-09-19,Brisbane,Queensland,13.8,74.6,Spring,9,18.795555555555556,-5.0,0
2023-09-20,Brisbane,Queensland,16.5,66.2,Spring,9,18.795555555555556,-2.3,0
2023-09-21,Brisbane,Queensland,18.4,50.6,Spring,9,18.795555555555556,-0.4,0
2023-09-22,Brisbane,Queensland,19.5,58.8,Spring,9,18.795555555555556,0.7,0
2023-09-23,Brisbane,Queensland,17.3,55.1,Spring,9,18.795555555555556,-1.5,0
2023-09-24,Brisbane,Queensland,21.1,58.2,Spring,9,18.795555555555556,2.3,0
2023-09-25,Brisbane,Queensland,20.7,65.8,Spring,9,18.795555555555556,1.9,0
2023-09-26,Brisbane,Queensland,21.3,63.0,Spring,9,18.795555555555556,2.5,0
2023-09-27,Brisbane,Queensland,20.8,72.4,Spring,9,18.795555555555556,2.0,0
2023-09-28,Brisbane,Queensland,20.5,56.1,Spring,9,18.795555555555556,1.7,0
2023-09-29,Brisbane,Queensland,19.4,62.0,Spring,9,18.795555555555556,0.6,0
2023-09-30,Brisbane,Queensland,20.5,57.2,Spring,9,18.795555555555556,1.7,0
2023-10-01,Brisbane,Queensland,22.8,61.6,Spring,10,22.94301075268817,-0.14,0
2023-10-02,Brisbane,Queensland,19.5,54.1,Spring,10,22.94301075268817,-3.44,0
2023-10-03,Brisbane,Queensland,24.1,71.0,Spring,10,22.94301075268817,1.16,0
2023-10-04,Brisbane,Queensland,22.4,60.4,Spring,10,22.94301075268817,-0.54,0
2023-10-05,Brisbane,Queensland,23.3,69.6,Spring,10,22.94301075268817,0.36,0
2023-10-06,Brisbane,Queensland,23.4,62.6,Spring,10,22.94301075268817,0.46,0
2023-10-07,Brisbane,Queensland,19.4,61.7,Spring,10,22.94301075268817,-3.54,0
2023-10-08,Brisbane,Queensland,22.9,64.4,Spring,10,22.94301075268817,-0.04,0
2023-10-09,Brisbane,Queensland,22.6,73.7,Spring,10,22.94301075268817,-0.34,0
2023-10-10,Brisbane,Queensland,24.7,52.5,Spring,10,22.94301075268817,1.76,0
2023-10-11,Brisbane,Queensland,23.9,61.0,Spring,10,22.94301075268817,0.96,0
2023-10-12,Brisbane,Queensland,25.1,53.9,Spring,10,22.94301075268817,2.16,0
2023-10-13,Brisbane,Queensland,24.7,53.6,Spring,10,22.94301075268817,1.76,0
2023-10-14,Brisbane,Queensland,23.8,65.8,Spring,10,22.94301075268817,0.86,0
2023-10-15,Brisbane,Queensland,22.6,63.7,Spring,10,22.94301075268817,-0.34,0
2023-10-16,Brisbane,Queensland,24.2,64.0,Spring,10,22.94301075268817,1.26,0
2023-10-17,Brisbane,Queensland,21.3,55.4,Spring,10,22.94301075268817,-1.64,0
2023-10-18,Brisbane,Queensland,20.7,67.7,Spring,10,22.94301075268817,-2.24,0
2023-10-19,Brisbane,Queensland,20.6,58.8,Spring,10,22.94301075268817,-2.34,0
2023-10-20,Brisbane,Queensland,20.8,65.7,Spring,10,22.94301075268817,-2.14,0
2023-10-21,Brisbane,Queensland,20.1,64.8,Spring,10,22.94301075268817,-2.84,0
2023-10-22,Brisbane,Queensland,22.6,70.3,Spring,10,22.94301075268817,-0.34,0
2023-10-23,Brisbane,Queensland,23.0,66.1,Spring,10,22.94301075268817,0.06,0
2023-10-24,Brisbane,Queensland,20.3,66.0,Spring,10,22.94301075268817,-2.64,0
2023-10-25,Brisbane,Queensland,22.4,60.3,Spring,10,22.94301075268817,-0.54,0
2023-10-26,Brisbane,Queensland,23.6,70.4,Spring,10,22.94301075268817,0.66,0
2023-10-27,Brisbane,Queensland,19.6,71.2,Spring,10,22.94301075268817,-3.34,0
2023-10-28,Brisbane,Queensland,20.8,65.4,Spring,10,22.94301075268817,-2.14,0
2023-10-29,Brisbane,Queensland,20.6,68.1,Spring,10,22.94301075268817,-2.34,0
2023-10-30,Brisbane,Queensland,20.8,61.2,Spring,10,22.94301075268817,-2.14,0
2023-10-31,Brisbane,Queensland,22.1,51.3,Spring,10,22.94301075268817,-0.84,0
2023-11-01,Brisbane,Queensland,23.6,55.6,Spring,11,23.137777777777778,0.46,0
2023-11-02,Brisbane,Queensland,20.3,71.7,Spring,11,23.137777777777778,-2.84,0
2023-11-03,Brisbane,Queensland,19.3,71.3,Spring,11,23.137777777777778,-3.84,0
2023-11-04,Brisbane,Queensland,21.1,57.5,Spring,11,23.137777777777778,-2.04,0
2023-11-05,Brisbane,Queensland,19.4,72.2,Spring,11,23.137777777777778,-3.74,0
2023-11-06,Brisbane,Queensland,22.0,68.3,Spring,11,23.137777777777778,-1.14,0
2023-11-07,Brisbane,Queensland,23.8,70.0,Spring,11,23.137777777777778,0.66,0
2023-11-08,Brisbane,Queensland,25.2,66.6,Spring,11,23.137777777777778,2.06,0
2023-11-09,Brisbane,Queensland,23.4,58.9,Spring,11,23.137777777777778,0.26,0
2023-11-10,Brisbane,Queensland,25.8,67.4,Spring,11,23.137777777777778,2.66,0
2023-11-11,Brisbane,Queensland,26.2,65.9,Spring,11,23.137777777777778,3.06,0
2023-11-12,Brisbane,Queensland,26.0,68.5,Spring,11,23.137777777777778,2.86,0
2023-11-13,Brisbane,Queensland,24.3,68.1,Spring,11,23.137777777777778,1.16,0
2023-11-14,Brisbane,Queensland,22.1,54.6,Spring,11,23.137777777777778,-1.04,0
2023-11-15,Brisbane,Queensland,20.3,69.7,Spring,11,23.137777777777778,-2.84,0
2023-11-16,Brisbane,Queensland,21.6,63.0,Spring,11,23.137777777777778,-1.54,0
2023-11-17,Brisbane,Queensland,20.4,71.1,Spring,11,23.137777777777778,-2.74,0
2023-11-18,Brisbane,Queensland,17.4,65.5,Spring,11,23.137777777777778,-5.74,0
2023-11-19,Brisbane,Queensland,20.8,72.2,Spring,11,23.137777777777778,-2.34,0
2023-11-20,Brisbane,Queensland,21.3,66.4,Spring,11,23.137777777777778,-1.84,0
2023-11-21,Brisbane,Queensland,21.3,64.1,Spring,11,23.137777777777778,-1.84,0
2023-11-22,Brisbane,Queensland,21.7,62.9,Spring,11,23.137777777777778,-1.44,0
2023-11-23,Brisbane,Queensland,20.2,58.5,Spring,11,23.137777777777778,-2.94,0
2023-11-24,Brisbane,Queensland,19.6,58.2,Spring,11,23.137777777777778,-3.54,0
2023-11-25,Brisbane,Queensland,22.9,71.6,Spring,11,23.137777777777778,-0.24,0
2023-11-26,Brisbane,Queensland,20.5,55.3,Spring,11,23.137777777777778,-2.64,0
2023-11-27,Brisbane,Queensland,23.0,65.6,Spring,11,23.137777777777778,-0.14,0
2023-11-28,Brisbane,Queensland,25.4,64.3,Spring,11,23.137777777777778,2.26,0
2023-11-29,Brisbane,Queensland,23.3,64.2,Spring,11,23.137777777777778,0.16,0
2023-11-30,Brisbane,Queensland,26.1,62.1,Spring,11,23.137777777777778,2.96,0
2023-12-01,Brisbane,Queensland,31.9,66.6,Summer,12,24.513978494623657,7.39,0
2023-12-02,Brisbane,Queensland,26.9,68.4,Summer,12,24.513978494623657,2.39,0
2023-12-03,Brisbane,Queensland,27.3,59.6,Summer,12,24.513978494623657,2.79,0
2023-12-04,Brisbane,Queensland,24.7,64.6,Summer,12,24.513978494623657,0.19,0
2023-12-05,Brisbane,Queensland,24.0,67.7,Summer,12,24.513978494623657,-0.51,0
2023-12-06,Brisbane,Queensland,23.3,63.8,Summer,12,24.513978494623657,-1.21,0
2023-12-07,Brisbane,Queensland,23.0,66.2,Summer,12,24.513978494623657,-1.51,0
2023-12-08,Brisbane,Queensland,20.9,65.1,Summer,12,24.513978494623657,-3.61,0
2023-12-09,Brisbane,Queensland,21.7,70.0,Summer,12,24.513978494623657,-2.81,0
2023-12-10,Brisbane,Queensland,22.6,57.3,Summer,12,24.513978494623657,-1.91,0
2023-12-11,Brisbane,Queensland,23.2,65.8,Summer,12,24.513978494623657,-1.31,0
2023-12-12,Brisbane,Queensland,23.4,69.9,Summer,12,24.513978494623657,-1.11,0
2023-12-13,Brisbane,Queensland,23.0,58.2,Summer,12,24.513978494623657,-1.51,0
2023-12-14,Brisbane,Queensland,23.1,61.7,Summer,12,24.513978494623657,-1.41,0
2023-12-15,Brisbane,Queensland,22.9,59.8,Summer,12,24.513978494623657,-1.61,0
2023-12-16,Brisbane,Queensland,23.1,73.7,Summer,12,24.513978494623657,-1.41,0
2023-12-17,Brisbane,Queensland,23.5,61.6,Summer,12,24.513978494623657,-1.01,0
2023-12-18,Brisbane,Queensland,24.4,59.8,Summer,12,24.513978494623657,-0.11,0
2023-12-19,Brisbane,Queensland,24.4,77.4,Summer,12,24.513978494623657,-0.11,0
2023-12-20,Brisbane,Queensland,23.5,60.8,Summer,12,24.513978494623657,-1.01,0
2023-12-21,Brisbane,Queensland,23.7,59.6,Summer,12,24.513978494623657,-0.81,0
2023-12-22,Brisbane,Queensland,23.8,68.3,Summer,12,24.513978494623657,-0.71,0
2023-12-23,Brisbane,Queensland,23.2,79.8,Summer,12,24.513978494623657,-1.31,0
2023-12-24,Brisbane,Queensland,25.6,66.5,Summer,12,24.513978494623657,1.09,0
2023-12-25,Brisbane,Queensland,23.3,62.8,Summer,12,24.513978494623657,-1.21,0
2023-12-26,Brisbane,Queensland,18.9,64.7,Summer,12,24.513978494623657,-5.61,0
2023-12-27,Brisbane,Queensland,22.5,67.3,Summer,12,24.513978494623657,-2.01,0
2023-12-28,Brisbane,Queensland,27.0,71.1,Summer,12,24.513978494623657,2.49,0
2023-12-29,Brisbane,Queensland,27.0,72.4,Summer,12,24.513978494623657,2.49,0
2023-12-30,Brisbane,Queensland,25.1,65.5,Summer,12,24.513978494623657,0.59,0
2023-12-31,Brisbane,Queensland,27.1,69.0,Summer,12,24.513978494623657,2.59,0
2024-01-01,Brisbane,Queensland,24.6,67.4,Summer,1,25.73010752688172,-1.13,0
2024-01-02,Brisbane,Queensland,23.2,66.8,Summer,1,25.73010752688172,-2.53,0
2024-01-03,Brisbane,Queensland,26.1,65.3,Summer,1,25.73010752688172,0.37,0
2024-01-04,Brisbane,Queensland,27.4,74.5,Summer,1,25.73010752688172,1.67,0
2024-01-05,Brisbane,Queensland,25.9,57.6,Summer,1,25.73010752688172,0.17,0
2024-01-06,Brisbane,Queensland,25.4,63.4,Summer,1,25.73010752688172,-0.33,0
2024-01-07,Brisbane,Queensland,26.2,62.6,Summer,1,25.73010752688172,0.47,0
2024-01-08,Brisbane,Queensland,27.3,74.0,Summer,1,25.73010752688172,1.57,0
2024-01-09,Brisbane,Queensland,26.7,84.5,Summer,1,25.73010752688172,0.97,1
2024-01-10,Brisbane,Queensland,28.0,67.0,Summer,1,25.73010752688172,2.27,0
2024-01-11,Brisbane,Queensland,28.7,67.8,Summer,1,25.73010752688172,2.97,0
2024-01-12,Brisbane,Queensland,29.4,68.3,Summer,1,25.73010752688172,3.67,0
2024-01-13,Brisbane,Queensland,30.5,63.3,Summer,1,25.73010752688172,4.77,0
2024-01-14,Brisbane,Queensland,26.2,53.0,Summer,1,25.73010752688172,0.47,0
2024-01-15,Brisbane,Queensland,24.5,62.1,Summer,1,25.73010752688172,-1.23,0
2024-01-16,Brisbane,Queensland,22.9,67.3,Summer,1,25.73010752688172,-2.83,0
2024-01-17,Brisbane,Queensland,24.8,69.6,Summer,1,25.73010752688172,-0.93,0
2024-01-18,Brisbane,Queensland,24.4,68.8,Summer,1,25.73010752688172,-1.33,0
2024-01-19,Brisbane,Queensland,24.2,73.3,Summer,1,25.73010752688172,-1.53,0
2024-01-20,Brisbane,Queensland,26.2,84.0,Summer,1,25.73010752688172,0.47,1
2024-01-21,Brisbane,Queensland,26.7,82.6,Summer,1,25.73010752688172,0.97,1
2024-01-22,Brisbane,Queensland,25.4,68.8,Summer,1,25.73010752688172,-0.33,0
2024-01-23,Brisbane,Queensland,26.2,71.3,Summer,1,25.73010752688172,0.47,0
2024-01-24,Brisbane,Queensland,23.1,75.2,Summer,1,25.73010752688172,-2.63,0
2024-01-25,Brisbane,Queensland,22.0,63.7,Summer,1,25.73010752688172,-3.73,0
2024-01-26,Brisbane,Queensland,26.6,54.8,Summer,1,25.73010752688172,0.87,0
2024-01-27,Brisbane,Queensland,22.9,69.9,Summer,1,25.73010752688172,-2.83,0
2024-01-28,Brisbane,Queensland,19.6,73.9,Summer,1,25.73010752688172,-6.13,0
2024-01-29,Brisbane,Queensland,22.9,85.5,Summer,1,25.73010752688172,-2.83,1
2024-01-30,Brisbane,Queensland,22.9,70.6,Summer,1,25.73010752688172,-2.83,0
2024-01-31,Brisbane,Queensland,23.2,74.4,Summer,1,25.73010752688172,-2.53,0
2024-02-01,Brisbane,Queensland,23.3,79.4,Summer,2,25.54705882352941,-2.25,0
2024-02-02,Brisbane,Queensland,27.2,62.9,Summer,2,25.54705882352941,1.65,0
2024-02-03,Brisbane,Queensland,27.4,76.6,Summer,2,25.54705882352941,1.85,0
2024-02-04,Brisbane,Queensland,25.6,76.1,Summer,2,25.54705882352941,0.05,0
2024-02-05,Brisbane,Queensland,28.4,79.7,Summer,2,25.54705882352941,2.85,0
2024-02-06,Brisbane,Queensland,28.5,77.2,Summer,2,25.54705882352941,2.95,0
2024-02-07,Brisbane,Queensland,26.6,68.7,Summer,2,25.54705882352941,1.05,0
2024-02-08,Brisbane,Queensland,28.1,74.7,Summer,2,25.54705882352941,2.55,0
2024-02-09,Brisbane,Queensland,29.2,70.1,Summer,2,25.54705882352941,3.65,0
2024-02-10,Brisbane,Queensland,31.0,69.8,Summer,2,25.54705882352941,5.45,0
2024-02-11,Brisbane,Queensland,28.5,87.8,Summer,2,25.54705882352941,2.95,1
2024-02-12,Brisbane,Queensland,26.0,66.2,Summer,2,25.54705882352941,0.45,0
2024-02-13,Brisbane,Queensland,23.2,68.2,Summer,2,25.54705882352941,-2.35,0
2024-02-14,Brisbane,Queensland,24.9,72.2,Summer,2,25.54705882352941,-0.65,0
2024-02-15,Brisbane,Queensland,25.4,66.1,Summer,2,25.54705882352941,-0.15,0
2024-02-16,Brisbane,Queensland,26.2,68.8,Summer,2,25.54705882352941,0.65,0
2024-02-17,Brisbane,Queensland,24.2,71.0,Summer,2,25.54705882352941,-1.35,0
2024-02-18,Brisbane,Queensland,23.5,82.1,Summer,2,25.54705882352941,-2.05,1
2024-02-19,Brisbane,Queensland,24.0,64.9,Summer,2,25.54705882352941,-1.55,0
2024-02-20,Brisbane,Queensland,26.6,74.0,Summer,2,25.54705882352941,1.05,0
2024-02-21,Brisbane,Queensland,26.4,65.5,Summer,2,25.54705882352941,0.85,0
2024-02-22,Brisbane,Queensland,27.6,61.5,Summer,2,25.54705882352941,2.05,0
2024-02-23,Brisbane,Queensland,24.7,77.9,Summer,2,25.54705882352941,-0.85,0
2024-02-24,Brisbane,Queensland,25.3,79.0,Summer,2,25.54705882352941,-0.25,0
2024-02-25,Brisbane,Queensland,24.9,74.2,Summer,2,25.54705882352941,-0.65,0
2024-02-26,Brisbane,Queensland,27.7,73.6,Summer,2,25.54705882352941,2.15,0
2024-02-27,Brisbane,Queensland,24.8,78.7,Summer,2,25.54705882352941,-0.75,0
2024-02-28,Brisbane,Queensland,28.1,72.8,Summer,2,25.54705882352941,2.55,0
2024-02-29,Brisbane,Queensland,27.5,63.8,Summer,2,25.54705882352941,1.95,0
2024-03-01,Brisbane,Queensland,27.6,63.6,Autumn,3,24.043010752688172,3.56,0
2024-03-02,Brisbane,Queensland,23.5,72.9,Autumn,3,24.043010752688172,-0.54,0
2024-03-03,Brisbane,Queensland,24.9,64.7,Autumn,3,24.043010752688172,0.86,0
2024-03-04,Brisbane,Queensland,24.9,63.0,Autumn,3,24.043010752688172,0.86,0
2024-03-05,Brisbane,Queensland,26.7,65.7,Autumn,3,24.043010752688172,2.66,0
2024-03-06,Brisbane,Queensland,28.7,61.0,Autumn,3,24.043010752688172,4.66,0
2024-03-07,Brisbane,Queensland,27.0,70.8,Autumn,3,24.043010752688172,2.96,0
2024-03-08,Brisbane,Queensland,25.7,76.1,Autumn,3,24.043010752688172,1.66,0
2024-03-09,Brisbane,Queensland,23.1,71.8,Autumn,3,24.043010752688172,-0.94,0
2024-03-10,Brisbane,Queensland,23.7,71.5,Autumn,3,24.043010752688172,-0.34,0
2024-03-11,Brisbane,Queensland,23.8,68.2,Autumn,3,24.043010752688172,-0.24,0
2024-03-12,Brisbane,Queensland,24.3,73.4,Autumn,3,24.043010752688172,0.26,0
2024-03-13,Brisbane,Queensland,23.7,74.1,Autumn,3,24.043010752688172,-0.34,0
2024-03-14,Brisbane,Queensland,20.4,86.4,Autumn,3,24.043010752688172,-3.64,1
2024-03-15,Brisbane,Queensland,21.8,66.8,Autumn,3,24.043010752688172,-2.24,0
2024-03-16,Brisbane,Queensland,24.1,66.1,Autumn,3,24.043010752688172,0.06,0
2024-03-17,Brisbane,Queensland,25.4,77.9,Autumn,3,24.043010752688172,1.36,0
2024-03-18,Brisbane,Queensland,26.6,66.9,Autumn,3,24.043010752688172,2.56,0
2024-03-19,Brisbane,Queensland,27.8,79.4,Autumn,3,24.043010752688172,3.76,0
2024-03-20,Brisbane,Queensland,27.4,63.5,Autumn,3,24.043010752688172,3.36,0
2024-03-21,Brisbane,Queensland,26.6,64.9,Autumn,3,24.043010752688172,2.56,0
2024-03-22,Brisbane,Queensland,25.4,63.7,Autumn,3,24.043010752688172,1.36,0
2024-03-23,Brisbane,Queensland,24.3,61.5,Autumn,3,24.043010752688172,0.26,0
2024-03-24,Brisbane,Queensland,20.8,76.6,Autumn,3,24.043010752688172,-3.24,0
2024-03-25,Brisbane,Queensland,19.2,75.4,Autumn,3,24.043010752688172,-4.84,0
2024-03-26,Brisbane,Queensland,21.3,78.1,Autumn,3,24.043010752688172,-2.74,0
2024-03-27,Brisbane,Queensland,22.1,80.0,Autumn,3,24.043010752688172,-1.94,0
2024-03-28,Brisbane,Queensland,24.5,72.3,Autumn,3,24.043010752688172,0.46,0
2024-03-29,Brisbane,Queensland,24.4,76.3,Autumn,3,24.043010752688172,0.36,0
2024-03-30,Brisbane,Queensland,25.6,60.7,Autumn,3,24.043010752688172,1.56,0
2024-03-31,Brisbane,Queensland,25.9,72.9,Autumn,3,24.043010752688172,1.86,0
2024-04-01,Brisbane,Queensland,21.5,74.2,Autumn,4,22.761111111111113,-1.26,0
2024-04-02,Brisbane,Queensland,22.5,81.5,Autumn,4,22.761111111111113,-0.26,1
2024-04-03,Brisbane,Queensland,20.5,68.4,Autumn,4,22.761111111111113,-2.26,0
2024-04-04,Brisbane,Queensland,20.3,72.0,Autumn,4,22.761111111111113,-2.46,0
2024-04-05,Brisbane,Queensland,23.0,62.9,Autumn,4,22.761111111111113,0.24,0
2024-04-06,Brisbane,Queensland,21.0,69.0,Autumn,4,22.761111111111113,-1.76,0
2024-04-07,Brisbane,Queensland,22.1,69.4,Autumn,4,22.761111111111113,-0.66,0
2024-04-08,Brisbane,Queensland,23.2,65.5,Autumn,4,22.761111111111113,0.44,0
2024-04-09,Brisbane,Queensland,20.0,63.0,Autumn,4,22.761111111111113,-2.76,0
2024-04-10,Brisbane,Queensland,21.3,65.0,Autumn,4,22.761111111111113,-1.46,0
2024-04-11,Brisbane,Queensland,20.5,70.3,Autumn,4,22.761111111111113,-2.26,0
2024-04-12,Brisbane,Queensland,21.7,79.3,Autumn,4,22.761111111111113,-1.06,0
2024-04-13,Brisbane,Queensland,23.3,66.7,Autumn,4,22.761111111111113,0.54,0
2024-04-14,Brisbane,Queensland,24.2,56.6,Autumn,4,22.761111111111113,1.44,0
2024-04-15,Brisbane,Queensland,27.2,69.7,Autumn,4,22.761111111111113,4.44,0
2024-04-16,Brisbane,Queensland,25.3,63.4,Autumn,4,22.761111111111113,2.54,0
2024-04-17,Brisbane,Queensland,25.2,71.9,Autumn,4,22.761111111111113,2.44,0
2024-04-18,Brisbane,Queensland,24.8,67.8,Autumn,4,22.761111111111113,2.04,0
2024-04-19,Brisbane,Queensland,26.9,62.6,Autumn,4,22.761111111111113,4.14,0
2024-04-20,Brisbane,Queensland,27.1,72.6,Autumn,4,22.761111111111113,4.34,0
2024-04-21,Brisbane,Queensland,24.4,66.2,Autumn,4,22.761111111111113,1.64,0
2024-04-22,Brisbane,Queensland,23.5,72.3,Autumn,4,22.761111111111113,0.74,0
2024-04-23,Brisbane,Queensland,24.8,74.2,Autumn,4,22.761111111111113,2.04,0
2024-04-24,Brisbane,Queensland,23.6,79.8,Autumn,4,22.761111111111113,0.84,0
2024-04-25,Brisbane,Queensland,25.0,68.7,Autumn,4,22.761111111111113,2.24,0
2024-04-26,Brisbane,Queensland,23.9,76.7,Autumn,4,22.761111111111113,1.14,0
2024-04-27,Brisbane,Queensland,23.2,66.2,Autumn,4,22.761111111111113,0.44,0
2024-04-28,Brisbane,Queensland,24.2,77.0,Autumn,4,22.761111111111113,1.44,0
2024-04-29,Brisbane,Queensland,25.6,68.2,Autumn,4,22.761111111111113,2.84,0
2024-04-30,Brisbane,Queensland,25.0,74.6,Autumn,4,22.761111111111113,2.24,0
2024-05-01,Brisbane,Queensland,21.1,73.8,Autumn,5,19.323655913978495,1.78,0
2024-05-02,Brisbane,Queensland,19.3,69.1,Autumn,5,19.323655913978495,-0.02,0
2024-05-03,Brisbane,Queensland,18.4,74.2,Autumn,5,19.323655913978495,-0.92,0
2024-05-04,Brisbane,Queensland,21.1,71.1,Autumn,5,19.323655913978495,1.78,0
2024-05-05,Brisbane,Queensland,24.4,72.4,Autumn,5,19.323655913978495,5.08,0
2024-05-06,Brisbane,Queensland,25.7,64.6,Autumn,5,19.323655913978495,6.38,0
2024-05-07,Brisbane,Queensland,23.7,64.0,Autumn,5,19.323655913978495,4.38,0
2024-05-08,Brisbane,Queensland,21.9,70.3,Autumn,5,19.323655913978495,2.58,0
2024-05-09,Brisbane,Queensland,22.1,71.6,Autumn,5,19.323655913978495,2.78,0
2024-05-10,Brisbane,Queensland,20.9,63.8,Autumn,5,19.323655913978495,1.58,0
2024-05-11,Brisbane,Queensland,17.7,71.9,Autumn,5,19.323655913978495,-1.62,0
2024-05-12,Brisbane,Queensland,17.1,71.7,Autumn,5,19.323655913978495,-2.22,0
2024-05-13,Brisbane,Queensland,20.0,62.4,Autumn,5,19.323655913978495,0.68,0
2024-05-14,Brisbane,Queensland,19.4,78.8,Autumn,5,19.323655913978495,0.08,0
2024-05-15,Brisbane,Queensland,22.6,63.6,Autumn,5,19.323655913978495,3.28,0
2024-05-16,Brisbane,Queensland,23.1,61.4,Autumn,5,19.323655913978495,3.78,0
2024-05-17,Brisbane,Queensland,24.1,65.3,Autumn,5,19.323655913978495,4.78,0
2024-05-18,Brisbane,Queensland,23.8,70.3,Autumn,5,19.323655913978495,4.48,0
2024-05-19,Brisbane,Queensland,22.6,72.8,Autumn,5,19.323655913978495,3.28,0
2024-05-20,Brisbane,Queensland,22.4,65.8,Autumn,5,19.323655913978495,3.08,0
2024-05-21,Brisbane,Queensland,21.1,75.8,Autumn,5,19.323655913978495,1.78,0
2024-05-22,Brisbane,Queensland,15.8,68.9,Autumn,5,19.323655913978495,-3.52,0
2024-05-23,Brisbane,Queensland,17.5,69.3,Autumn,5,19.323655913978495,-1.82,0
2024-05-24,Brisbane,Queensland,16.7,79.1,Autumn,5,19.323655913978495,-2.62,0
2024-05-25,Brisbane,Queensland,16.9,74.2,Autumn,5,19.323655913978495,-2.42,0
2024-05-26,Brisbane,Queensland,17.8,72.3,Autumn,5,19.323655913978495,-1.52,0
2024-05-27,Brisbane,Queensland,17.8,75.0,Autumn,5,19.323655913978495,-1.52,0
2024-05-28,Brisbane,Queensland,16.9,73.3,Autumn,5,19.323655913978495,-2.42,0
2024-05-29,Brisbane,Queensland,18.7,70.2,Autumn,5,19.323655913978495,-0.62,0
2024-05-30,Brisbane,Queensland,17.9,65.6,Autumn,5,19.323655913978495,-1.42,0
2024-05-31,Brisbane,Queensland,13.6,70.2,Autumn,5,19.323655913978495,-5.72,0
2024-06-01,Brisbane,Queensland,14.3,65.9,Winter,6,17.127777777777776,-2.83,0
2024-06-02,Brisbane,Queensland,16.1,59.0,Winter,6,17.127777777777776,-1.03,0
2024-06-03,Brisbane,Queensland,15.7,64.2,Winter,6,17.127777777777776,-1.43,0
2024-06-04,Brisbane,Queensland,12.7,66.8,Winter,6,17.127777777777776,-4.43,0
2024-06-05,Brisbane,Queensland,12.2,59.2,Winter,6,17.127777777777776,-4.93,0
2024-06-06,Brisbane,Queensland,15.9,51.4,Winter,6,17.127777777777776,-1.23,0
2024-06-07,Brisbane,Queensland,15.3,66.3,Winter,6,17.127777777777776,-1.83,0
2024-06-08,Brisbane,Queensland,17.7,68.0,Winter,6,17.127777777777776,0.57,0
2024-06-09,Brisbane,Queensland,17.6,70.4,Winter,6,17.127777777777776,0.47,0
2024-06-10,Brisbane,Queensland,16.2,62.5,Winter,6,17.127777777777776,-0.93,0
2024-06-11,Brisbane,Queensland,16.8,63.0,Winter,6,17.127777777777776,-0.33,0
2024-06-12,Brisbane,Queensland,16.9,64.3,Winter,6,17.127777777777776,-0.23,0
2024-06-13,Brisbane,Queensland,14.6,70.7,Winter,6,17.127777777777776,-2.53,0
2024-06-14,Brisbane,Queensland,20.2,61.4,Winter,6,17.127777777777776,3.07,0
2024-06-15,Brisbane,Queensland,20.8,67.4,Winter,6,17.127777777777776,3.67,0
2024-06-16,Brisbane,Queensland,18.9,66.3,Winter,6,17.127777777777776,1.77,0
2024-06-17,Brisbane,Queensland,21.0,75.3,Winter,6,17.127777777777776,3.87,0
2024-06-18,Brisbane,Queensland,19.8,64.5,Winter,6,17.127777777777776,2.67,0
2024-06-19,Brisbane,Queensland,17.0,59.2,Winter,6,17.127777777777776,-0.13,0
2024-06-20,Brisbane,Queensland,16.1,70.3,Winter,6,17.127777777777776,-1.03,0
2024-06-21,Brisbane,Queensland,15.8,70.7,Winter,6,17.127777777777776,-1.33,0
2024-06-22,Brisbane,Queensland,18.2,54.1,Winter,6,17.127777777777776,1.07,0
2024-06-23,Brisbane,Queensland,18.2,66.2,Winter,6,17.127777777777776,1.07,0
2024-06-24,Brisbane,Queensland,18.5,62.2,Winter,6,17.127777777777776,1.37,0
2024-06-25,Brisbane,Queensland,17.3,64.5,Winter,6,17.127777777777776,0.17,0
2024-06-26,Brisbane,Queensland,15.8,57.7,Winter,6,17.127777777777776,-1.33,0
2024-06-27,Brisbane,Queensland,17.1,70.1,Winter,6,17.127777777777776,-0.03,0
2024-06-28,Brisbane,Queensland,14.6,69.0,Winter,6,17.127777777777776,-2.53,0
2024-06-29,Brisbane,Queensland,19.4,76.0,Winter,6,17.127777777777776,2.27,0
2024-06-30,Brisbane,Queensland,19.2,64.4,Winter,6,17.127777777777776,2.07,0
2024-07-01,Brisbane,Queensland,19.1,57.8,Winter,7,16.093548387096774,3.01,0
2024-07-02,Brisbane,Queensland,18.8,61.0,Winter,7,16.093548387096774,2.71,0
2024-07-03,Brisbane,Queensland,17.4,68.2,Winter,7,16.093548387096774,1.31,0
2024-07-04,Brisbane,Queensland,16.5,57.4,Winter,7,16.093548387096774,0.41,0
2024-07-05,Brisbane,Queensland,16.1,60.6,Winter,7,16.093548387096774,0.01,0
2024-07-06,Brisbane,Queensland,16.4,61.1,Winter,7,16.093548387096774,0.31,0
2024-07-07,Brisbane,Queensland,17.7,53.2,Winter,7,16.093548387096774,1.61,0
2024-07-08,Brisbane,Queensland,21.0,60.5,Winter,7,16.093548387096774,4.91,0
2024-07-09,Brisbane,Queensland,15.7,61.6,Winter,7,16.093548387096774,-0.39,0
2024-07-10,Brisbane,Queensland,16.6,63.0,Winter,7,16.093548387096774,0.51,0
2024-07-11,Brisbane,Queensland,19.6,63.6,Winter,7,16.093548387096774,3.51,0
2024-07-12,Brisbane,Queensland,21.4,55.0,Winter,7,16.093548387096774,5.31,0
2024-07-13,Brisbane,Queensland,18.4,48.6,Winter,7,16.093548387096774,2.31,0
2024-07-14,Brisbane,Queensland,19.5,61.3,Winter,7,16.093548387096774,3.41,0
2024-07-15,Brisbane,Queensland,18.9,73.7,Winter,7,16.093548387096774,2.81,0
2024-07-16,Brisbane,Queensland,18.6,64.2,Winter,7,16.093548387096774,2.51,0
2024-07-17,Brisbane,Queensland,19.4,65.3,Winter,7,16.093548387096774,3.31,0
2024-07-18,Brisbane,Queensland,17.6,59.2,Winter,7,16.093548387096774,1.51,0
2024-07-19,Brisbane,Queensland,18.2,53.6,Winter,7,16.093548387096774,2.11,0
2024-07-20,Brisbane,Queensland,18.5,66.4,Winter,7,16.093548387096774,2.41,0
2024-07-21,Brisbane,Queensland,19.5,59.7,Winter,7,16.093548387096774,3.41,0
2024-07-22,Brisbane,Queensland,19.3,57.5,Winter,7,16.093548387096774,3.21,0
2024-07-23,Brisbane,Queensland,18.4,61.7,Winter,7,16.093548387096774,2.31,0
2024-07-24,Brisbane,Queensland,18.2,72.5,Winter,7,16.093548387096774,2.11,0
2024-07-25,Brisbane,Queensland,15.1,61.3,Winter,7,16.093548387096774,-0.99,0
2024-07-26,Brisbane,Queensland,15.4,72.8,Winter,7,16.093548387096774,-0.69,0
2024-07-27,Brisbane,Queensland,12.8,63.9,Winter,7,16.093548387096774,-3.29,0
2024-07-28,Brisbane,Queensland,11.7,71.9,Winter,7,16.093548387096774,-4.39,0
2024-07-29,Brisbane,Queensland,13.4,61.7,Winter,7,16.093548387096774,-2.69,0
2024-07-30,Brisbane,Queensland,17.3,65.9,Winter,7,16.093548387096774,1.21,0
2024-07-31,Brisbane,Queensland,18.3,79.4,Winter,7,16.093548387096774,2.21,0
2024-08-01,Brisbane,Queensland,20.7,56.2,Winter,8,16.89354838709677,3.81,0
2024-08-02,Brisbane,Queensland,20.5,54.6,Winter,8,16.89354838709677,3.61,0
2024-08-03,Brisbane,Queensland,21.6,65.0,Winter,8,16.89354838709677,4.71,0
2024-08-04,Brisbane,Queensland,16.6,47.5,Winter,8,16.89354838709677,-0.29,0
2024-08-05,Brisbane,Queensland,16.9,58.4,Winter,8,16.89354838709677,0.01,0
2024-08-06,Brisbane,Queensland,16.1,68.0,Winter,8,16.89354838709677,-0.79,0
2024-08-07,Brisbane,Queensland,17.2,53.4,Winter,8,16.89354838709677,0.31,0
2024-08-08,Brisbane,Queensland,14.8,66.8,Winter,8,16.89354838709677,-2.09,0
2024-08-09,Brisbane,Queensland,16.8,75.0,Winter,8,16.89354838709677,-0.09,0
2024-08-10,Brisbane,Queensland,15.9,62.0,Winter,8,16.89354838709677,-0.99,0
2024-08-11,Brisbane,Queensland,17.4,55.7,Winter,8,16.89354838709677,0.51,0
2024-08-12,Brisbane,Queensland,19.0,60.1,Winter,8,16.89354838709677,2.11,0
2024-08-13,Brisbane,Queensland,17.9,56.6,Winter,8,16.89354838709677,1.01,0
2024-08-14,Brisbane,Queensland,18.1,62.5,Winter,8,16.89354838709677,1.21,0
2024-08-15,Brisbane,Queensland,17.2,63.8,Winter,8,16.89354838709677,0.31,0
2024-08-16,Brisbane,Queensland,16.2,63.2,Winter,8,16.89354838709677,-0.69,0
2024-08-17,Brisbane,Queensland,16.4,63.4,Winter,8,16.89354838709677,-0.49,0
2024-08-18,Brisbane,Queensland,14.5,57.4,Winter,8,16.89354838709677,-2.39,0
2024-08-19,Brisbane,Queensland,15.1,56.8,Winter,8,16.89354838709677,-1.79,0
2024-08-20,Brisbane,Queensland,15.2,64.1,Winter,8,16.89354838709677,-1.69,0
2024-08-21,Brisbane,Queensland,15.6,58.3,Winter,8,16.89354838709677,-1.29,0
2024-08-22,Brisbane,Queensland,16.7,62.6,Winter,8,16.89354838709677,-0.19,0
2024-08-23,Brisbane,Queensland,16.0,60.5,Winter,8,16.89354838709677,-0.89,0
2024-08-24,Brisbane,Queensland,17.6,63.7,Winter,8,16.89354838709677,0.71,0
2024-08-25,Brisbane,Queensland,14.9,50.0,Winter,8,16.89354838709677,-1.99,0
2024-08-26,Brisbane,Queensland,13.5,69.5,Winter,8,16.89354838709677,-3.39,0
2024-08-27,Brisbane,Queensland,14.0,57.3,Winter,8,16.89354838709677,-2.89,0
2024-08-28,Brisbane,Queensland,13.4,59.9,Winter,8,16.89354838709677,-3.49,0
2024-08-29,Brisbane,Queensland,17.9,51.3,Winter,8,16.89354838709677,1.01,0
2024-08-30,Brisbane,Queensland,18.6,66.0,Winter,8,16.89354838709677,1.71,0
2024-08-31,Brisbane,Queensland,19.3,59.4,Winter,8,16.89354838709677,2.41,0
2024-09-01,Brisbane,Queensland,22.6,63.4,Spring,9,18.795555555555556,3.8,0
2024-09-02,Brisbane,Queensland,21.8,56.5,Spring,9,18.795555555555556,3.0,0
2024-09-03,Brisbane,Queensland,21.0,59.5,Spring,9,18.795555555555556,2.2,0
2024-09-04,Brisbane,Queensland,19.7,61.4,Spring,9,18.795555555555556,0.9,0
2024-09-05,Brisbane,Queensland,19.9,44.3,Spring,9,18.795555555555556,1.1,0
2024-09-06,Brisbane,Queensland,21.3,65.1,Spring,9,18.795555555555556,2.5,0
2024-09-07,Brisbane,Queensland,19.1,58.0,Spring,9,18.795555555555556,0.3,0
2024-09-08,Brisbane,Queensland,16.4,64.2,Spring,9,18.795555555555556,-2.4,0
2024-09-09,Brisbane,Queensland,13.5,56.8,Spring,9,18.795555555555556,-5.3,0
2024-09-10,Brisbane,Queensland,16.9,62.0,Spring,9,18.795555555555556,-1.9,0
2024-09-11,Brisbane,Queensland,18.2,59.8,Spring,9,18.795555555555556,-0.6,0
2024-09-12,Brisbane,Queensland,19.8,56.6,Spring,9,18.795555555555556,1.0,0
2024-09-13,Brisbane,Queensland,20.5,58.8,Spring,9,18.795555555555556,1.7,0
2024-09-14,Brisbane,Queensland,22.3,60.9,Spring,9,18.795555555555556,3.5,0
2024-09-15,Brisbane,Queensland,22.6,65.7,Spring,9,18.795555555555556,3.8,0
2024-09-16,Brisbane,Queensland,23.5,54.9,Spring,9,18.795555555555556,4.7,0
2024-09-17,Brisbane,Queensland,20.7,72.0,Spring,9,18.795555555555556,1.9,0
2024-09-18,Brisbane,Queensland,17.3,59.0,Spring,9,18.795555555555556,-1.5,0
2024-09-19,Brisbane,Queensland,17.5,64.8,Spring,9,18.795555555555556,-1.3,0
2024-09-20,Brisbane,Queensland,15.7,59.0,Spring,9,18.795555555555556,-3.1,0
2024-09-21,Brisbane,Queensland,19.4,64.7,Spring,9,18.795555555555556,0.6,0
2024-09-22,Brisbane,Queensland,20.0,55.4,Spring,9,18.795555555555556,1.2,0
2024-09-23,Brisbane,Queensland,16.7,62.9,Spring,9,18.795555555555556,-2.1,0
2024-09-24,Brisbane,Queensland,14.1,65.0,Spring,9,18.795555555555556,-4.7,0
2024-09-25,Brisbane,Queensland,19.7,53.8,Spring,9,18.795555555555556,0.9,0
2024-09-26,Brisbane,Queensland,20.4,52.1,Spring,9,18.795555555555556,1.6,0
2024-09-27,Brisbane,Queensland,17.3,58.5,Spring,9,18.795555555555556,-1.5,0
2024-09-28,Brisbane,Queensland,18.1,59.6,Spring,9,18.795555555555556,-0.7,0
2024-09-29,Brisbane,Queensland,23.2,66.9,Spring,9,18.795555555555556,4.4,0
2024-09-30,Brisbane,Queensland,20.1,61.9,Spring,9,18.795555555555556,1.3,0
2024-10-01,Brisbane,Queensland,22.5,60.6,Spring,10,22.94301075268817,-0.44,0
2024-10-02,Brisbane,Queensland,21.4,71.7,Spring,10,22.94301075268817,-1.54,0
2024-10-03,Brisbane,Queensland,20.3,74.8,Spring,10,22.94301075268817,-2.64,0
2024-10-04,Brisbane,Queensland,20.8,56.0,Spring,10,22.94301075268817,-2.14,0
2024-10-05,Brisbane,Queensland,21.6,56.1,Spring,10,22.94301075268817,-1.34,0
2024-10-06,Brisbane,Queensland,24.7,72.1,Spring,10,22.94301075268817,1.76,0
2024-10-07,Brisbane,Queensland,25.6,54.9,Spring,10,22.94301075268817,2.66,0
2024-10-08,Brisbane,Queensland,27.6,63.3,Spring,10,22.94301075268817,4.66,0
2024-10-09,Brisbane,Queensland,26.3,52.4,Spring,10,22.94301075268817,3.36,0
2024-10-10,Brisbane,Queensland,24.6,64.5,Spring,10,22.94301075268817,1.66,0
2024-10-11,Brisbane,Queensland,26.2,61.0,Spring,10,22.94301075268817,3.26,0
2024-10-12,Brisbane,Queensland,19.8,62.5,Spring,10,22.94301075268817,-3.14,0
2024-10-13,Brisbane,Queensland,20.1,54.3,Spring,10,22.94301075268817,-2.84,0
2024-10-14,Brisbane,Queensland,20.8,52.4,Spring,10,22.94301075268817,-2.14,0
2024-10-15,Brisbane,Queensland,24.1,66.7,Spring,10,22.94301075268817,1.16,0
2024-10-16,Brisbane,Queensland,26.8,70.3,Spring,10,22.94301075268817,3.86,0
2024-10-17,Brisbane,Queensland,24.1,62.9,Spring,10,22.94301075268817,1.16,0
2024-10-18,Brisbane,Queensland,22.4,60.0,Spring,10,22.94301075268817,-0.54,0
2024-10-19,Brisbane,Queensland,22.8,64.4,Spring,10,22.94301075268817,-0.14,0
2024-10-20,Brisbane,Queensland,20.2,66.1,Spring,10,22.94301075268817,-2.74,0
2024-10-21,Brisbane,Queensland,21.4,62.2,Spring,10,22.94301075268817,-1.54,0
2024-10-22,Brisbane,Queensland,25.4,50.9,Spring,10,22.94301075268817,2.46,0
2024-10-23,Brisbane,Queensland,23.3,57.8,Spring,10,22.94301075268817,0.36,0
2024-10-24,Brisbane,Queensland,25.1,76.9,Spring,10,22.94301075268817,2.16,0
2024-10-25,Brisbane,Queensland,20.5,60.4,Spring,10,22.94301075268817,-2.44,0
2024-10-26,Brisbane,Queensland,25.1,65.0,Spring,10,22.94301075268817,2.16,0
2024-10-27,Brisbane,Queensland,25.3,51.0,Spring,10,22.94301075268817,2.36,0
2024-10-28,Brisbane,Queensland,24.8,60.8,Spring,10,22.94301075268817,1.86,0
2024-10-29,Brisbane,Queensland,23.7,68.0,Spring,10,22.94301075268817,0.76,0
2024-10-30,Brisbane,Queensland,21.1,74.3,Spring,10,22.94301075268817,-1.84,0
2024-10-31,Brisbane,Queensland,22.5,52.8,Spring,10,22.94301075268817,-0.44,0
2024-11-01,Brisbane,Queensland,23.5,67.7,Spring,11,23.137777777777778,0.36,0
2024-11-02,Brisbane,Queensland,25.6,63.7,Spring,11,23.137777777777778,2.46,0
2024-11-03,Brisbane,Queensland,23.1,66.0,Spring,11,23.137777777777778,-0.04,0
2024-11-04,Brisbane,Queensland,23.7,59.2,Spring,11,23.137777777777778,0.56,0
2024-11-05,Brisbane,Queensland,23.0,61.8,Spring,11,23.137777777777778,-0.14,0
2024-11-06,Brisbane,Queensland,24.6,54.7,Spring,11,23.137777777777778,1.46,0
2024-11-07,Brisbane,Queensland,22.0,72.1,Spring,11,23.137777777777778,-1.14,0
2024-11-08,Brisbane,Queensland,20.7,76.1,Spring,11,23.137777777777778,-2.44,0
2024-11-09,Brisbane,Queensland,22.5,58.9,Spring,11,23.137777777777778,-0.64,0
2024-11-10,Brisbane,Queensland,22.7,64.8,Spring,11,23.137777777777778,-0.44,0
2024-11-11,Brisbane,Queensland,27.4,64.0,Spring,11,23.137777777777778,4.26,0
2024-11-12,Brisbane,Queensland,26.0,74.1,Spring,11,23.137777777777778,2.86,0
2024-11-13,Brisbane,Queensland,24.1,65.2,Spring,11,23.137777777777778,0.96,0
2024-11-14,Brisbane,Queensland,24.4,71.4,Spring,11,23.137777777777778,1.26,0
2024-11-15,Brisbane,Queensland,24.1,62.3,Spring,11,23.137777777777778,0.96,0
2024-11-16,Brisbane,Queensland,24.9,67.0,Spring,11,23.137777777777778,1.76,0
2024-11-17,Brisbane,Queensland,22.2,62.5,Spring,11,23.137777777777778,-0.94,0
2024-11-18,Brisbane,Queensland,23.9,66.4,Spring,11,23.137777777777778,0.76,0
2024-11-19,Brisbane,Queensland,25.7,75.8,Spring,11,23.137777777777778,2.56,0
2024-11-20,Brisbane,Queensland,25.2,63.0,Spring,11,23.137777777777778,2.06,0
2024-11-21,Brisbane,Queensland,21.8,71.4,Spring,11,23.137777777777778,-1.34,0
2024-11-22,Brisbane,Queensland,20.3,62.7,Spring,11,23.137777777777778,-2.84,0
2024-11-23,Brisbane,Queensland,22.0,61.3,Spring,11,23.137777777777778,-1.14,0
2024-11-24,Brisbane,Queensland,25.4,69.3,Spring,11,23.137777777777778,2.26,0
2024-11-25,Brisbane,Queensland,22.0,68.8,Spring,11,23.137777777777778,-1.14,0
2024-11-26,Brisbane,Queensland,19.5,52.8,Spring,11,23.137777777777778,-3.64,0
2024-11-27,Brisbane,Queensland,18.3,67.5,Spring,11,23.137777777777778,-4.84,0
2024-11-28,Brisbane,Queensland,20.7,62.4,Spring,11,23.137777777777778,-2.44,0
2024-11-29,Brisbane,Queensland,19.5,68.3,Spring,11,23.137777777777778,-3.64,0
2024-11-30,Brisbane,Queensland,19.3,72.1,Spring,11,23.137777777777778,-3.84,0
2024-12-01,Brisbane,Queensland,20.3,69.6,Summer,12,24.513978494623657,-4.21,0
2024-12-02,Brisbane,Queensland,24.4,69.6,Summer,12,24.513978494623657,-0.11,0
2024-12-03,Brisbane,Queensland,20.5,53.7,Summer,12,24.513978494623657,-4.01,0
2024-12-04,Brisbane,Queensland,21.6,66.7,Summer,12,24.513978494623657,-2.91,0
2024-12-05,Brisbane,Queensland,21.3,64.0,Summer,12,24.513978494623657,-3.21,0
2024-12-06,Brisbane,Queensland,20.6,69.8,Summer,12,24.513978494623657,-3.91,0
2024-12-07,Brisbane,Queensland,23.1,68.1,Summer,12,24.513978494623657,-1.41,0
2024-12-08,Brisbane,Queensland,23.1,71.8,Summer,12,24.513978494623657,-1.41,0
2024-12-09,Brisbane,Queensland,24.5,73.6,Summer,12,24.513978494623657,-0.01,0
2024-12-10,Brisbane,Queensland,24.7,76.3,Summer,12,24.513978494623657,0.19,0
2024-12-11,Brisbane,Queensland,22.4,71.9,Summer,12,24.513978494623657,-2.11,0
2024-12-12,Brisbane,Queensland,23.0,79.4,Summer,12,24.513978494623657,-1.51,0
2024-12-13,Brisbane,Queensland,22.6,58.4,Summer,12,24.513978494623657,-1.91,0
2024-12-14,Brisbane,Queensland,24.6,60.6,Summer,12,24.513978494623657,0.09,0
2024-12-15,Brisbane,Queensland,24.4,72.8,Summer,12,24.513978494623657,-0.11,0
2024-12-16,Brisbane,Queensland,21.6,58.5,Summer,12,24.513978494623657,-2.91,0
2024-12-17,Brisbane,Queensland,26.0,70.9,Summer,12,24.513978494623657,1.49,0
2024-12-18,Brisbane,Queensland,28.1,81.9,Summer,12,24.513978494623657,3.59,1
2024-12-19,Brisbane,Queensland,28.8,63.2,Summer,12,24.513978494623657,4.29,0
2024-12-20,Brisbane,Queensland,27.7,58.1,Summer,12,24.513978494623657,3.19,0
2024-12-21,Brisbane,Queensland,27.4,68.9,Summer,12,24.513978494623657,2.89,0
2024-12-22,Brisbane,Queensland,26.6,72.7,Summer,12,24.513978494623657,2.09,0
2024-12-23,Brisbane,Queensland,25.5,77.6,Summer,12,24.513978494623657,0.99,0
2024-12-24,Brisbane,Queensland,27.1,65.5,Summer,12,24.513978494623657,2.59,0
2024-12-25,Brisbane,Queensland,24.3,68.4,Summer,12,24.513978494623657,-0.21,0
2024-12-26,Brisbane,Queensland,23.8,60.4,Summer,12,24.513978494623657,-0.71,0
2024-12-27,Brisbane,Queensland,23.4,55.7,Summer,12,24.513978494623657,-1.11,0
2024-12-28,Brisbane,Queensland,22.9,59.3,Summer,12,24.513978494623657,-1.61,0
2024-12-29,Brisbane,Queensland,23.3,75.8,Summer,12,24.513978494623657,-1.21,0
2024-12-30,Brisbane,Queensland,22.7,64.9,Summer,12,24.513978494623657,-1.81,0
2024-12-31,Brisbane,Queensland,23.4,62.6,Summer,12,24.513978494623657,-1.11,0
2025-01-01,Brisbane,Queensland,25.7,71.4,Summer,1,25.73010752688172,-0.03,0
2025-01-02,Brisbane,Queensland,24.3,61.6,Summer,1,25.73010752688172,-1.43,0
2025-01-03,Brisbane,Queensland,27.5,71.4,Summer,1,25.73010752688172,1.77,0
2025-01-04,Brisbane,Queensland,28.7,73.9,Summer,1,25.73010752688172,2.97,0
2025-01-05,Brisbane,Queensland,26.6,71.7,Summer,1,25.73010752688172,0.87,0
2025-01-06,Brisbane,Queensland,28.0,66.4,Summer,1,25.73010752688172,2.27,0
2025-01-07,Brisbane,Queensland,23.6,80.5,Summer,1,25.73010752688172,-2.13,1
2025-01-08,Brisbane,Queensland,21.8,65.9,Summer,1,25.73010752688172,-3.93,0
2025-01-09,Brisbane,Queensland,22.7,76.8,Summer,1,25.73010752688172,-3.03,0
2025-01-10,Brisbane,Queensland,23.5,72.6,Summer,1,25.73010752688172,-2.23,0
2025-01-11,Brisbane,Queensland,23.5,70.8,Summer,1,25.73010752688172,-2.23,0
2025-01-12,Brisbane,Queensland,23.7,71.7,Summer,1,25.73010752688172,-2.03,0
2025-01-13,Brisbane,Queensland,26.8,68.9,Summer,1,25.73010752688172,1.07,0
2025-01-14,Brisbane,Queensland,21.8,76.8,Summer,1,25.73010752688172,-3.93,0
2025-01-15,Brisbane,Queensland,24.6,84.5,Summer,1,25.73010752688172,-1.13,1
2025-01-16,Brisbane,Queensland,23.8,69.0,Summer,1,25.73010752688172,-1.93,0
2025-01-17,Brisbane,Queensland,24.6,68.4,Summer,1,25.73010752688172,-1.13,0
2025-01-18,Brisbane,Queensland,24.3,64.6,Summer,1,25.73010752688172,-1.43,0
2025-01-19,Brisbane,Queensland,24.6,70.7,Summer,1,25.73010752688172,-1.13,0
2025-01-20,Brisbane,Queensland,26.5,58.5,Summer,1,25.73010752688172,0.77,0
2025-01-21,Brisbane,Queensland,24.3,72.5,Summer,1,25.73010752688172,-1.43,0
2025-01-22,Brisbane,Queensland,24.8,75.0,Summer,1,25.73010752688172,-0.93,0
2025-01-23,Brisbane,Queensland,26.1,61.4,Summer,1,25.73010752688172,0.37,0
2025-01-24,Brisbane,Queensland,28.1,70.4,Summer,1,25.73010752688172,2.37,0
2025-01-25,Brisbane,Queensland,27.8,75.9,Summer,1,25.73010752688172,2.07,0
2025-01-26,Brisbane,Queensland,25.0,72.1,Summer,1,25.73010752688172,-0.73,0
2025-01-27,Brisbane,Queensland,28.2,75.8,Summer,1,25.73010752688172,2.47,0
2025-01-28,Brisbane,Queensland,26.5,66.9,Summer,1,25.73010752688172,0.77,0
2025-01-29,Brisbane,Queensland,23.7,68.5,Summer,1,25.73010752688172,-2.03,0
2025-01-30,Brisbane,Queensland,24.0,71.4,Summer,1,25.73010752688172,-1.73,0
2025-01-31,Brisbane,Queensland,24.9,59.7,Summer,1,25.73010752688172,-0.83,0
2025-02-01,Brisbane,Queensland,25.8,69.9,Summer,2,25.54705882352941,0.25,0
2025-02-02,Brisbane,Queensland,27.0,86.8,Summer,2,25.54705882352941,1.45,1
2025-02-03,Brisbane,Queensland,28.7,76.5,Summer,2,25.54705882352941,3.15,0
2025-02-04,Brisbane,Queensland,27.3,75.5,Summer,2,25.54705882352941,1.75,0
2025-02-05,Brisbane,Queensland,23.2,59.5,Summer,2,25.54705882352941,-2.35,0
2025-02-06,Brisbane,Queensland,21.3,66.5,Summer,2,25.54705882352941,-4.25,0
2025-02-07,Brisbane,Queensland,22.5,74.0,Summer,2,25.54705882352941,-3.05,0
2025-02-08,Brisbane,Queensland,24.1,75.8,Summer,2,25.54705882352941,-1.45,0
2025-02-09,Brisbane,Queensland,25.8,71.1,Summer,2,25.54705882352941,0.25,0
2025-02-10,Brisbane,Queensland,25.2,80.4,Summer,2,25.54705882352941,-0.35,1
2025-02-11,Brisbane,Queensland,23.0,77.1,Summer,2,25.54705882352941,-2.55,0
2025-02-12,Brisbane,Queensland,22.5,62.2,Summer,2,25.54705882352941,-3.05,0
2025-02-13,Brisbane,Queensland,20.5,69.6,Summer,2,25.54705882352941,-5.05,0
2025-02-14,Brisbane,Queensland,22.7,69.3,Summer,2,25.54705882352941,-2.85,0
2025-02-15,Brisbane,Queensland,23.2,72.5,Summer,2,25.54705882352941,-2.35,0
2025-02-16,Brisbane,Queensland,25.3,70.5,Summer,2,25.54705882352941,-0.25,0
2025-02-17,Brisbane,Queensland,25.7,86.9,Summer,2,25.54705882352941,0.15,1
2025-02-18,Brisbane,Queensland,22.7,59.8,Summer,2,25.54705882352941,-2.85,0
2025-02-19,Brisbane,Queensland,23.8,72.7,Summer,2,25.54705882352941,-1.75,0
2025-02-20,Brisbane,Queensland,24.4,52.3,Summer,2,25.54705882352941,-1.15,0
2025-02-21,Brisbane,Queensland,24.1,72.6,Summer,2,25.54705882352941,-1.45,0
2025-02-22,Brisbane,Queensland,22.5,69.9,Summer,2,25.54705882352941,-3.05,0
2025-02-23,Brisbane,Queensland,22.5,79.1,Summer,2,25.54705882352941,-3.05,0
2025-02-24,Brisbane,Queensland,25.2,65.3,Summer,2,25.54705882352941,-0.35,0
2025-02-25,Brisbane,Queensland,26.2,73.3,Summer,2,25.54705882352941,0.65,0
2025-02-26,Brisbane,Queensland,24.2,64.7,Summer,2,25.54705882352941,-1.35,0
2025-02-27,Brisbane,Queensland,21.3,80.6,Summer,2,25.54705882352941,-4.25,1
2025-02-28,Brisbane,Queensland,20.0,71.7,Summer,2,25.54705882352941,-5.55,0
2025-03-01,Brisbane,Queensland,17.6,63.5,Autumn,3,24.043010752688172,-6.44,0
2025-03-02,Brisbane,Queensland,20.5,71.6,Autumn,3,24.043010752688172,-3.54,0
2025-03-03,Brisbane,Queensland,22.9,56.4,Autumn,3,24.043010752688172,-1.14,0
2025-03-04,Brisbane,Queensland,27.1,80.0,Autumn,3,24.043010752688172,3.06,0
2025-03-05,Brisbane,Queensland,25.6,74.7,Autumn,3,24.043010752688172,1.56,0
2025-03-06,Brisbane,Queensland,26.1,69.6,Autumn,3,24.043010752688172,2.06,0
2025-03-07,Brisbane,Queensland,25.4,76.7,Autumn,3,24.043010752688172,1.36,0
2025-03-08,Brisbane,Queensland,24.2,66.0,Autumn,3,24.043010752688172,0.16,0
2025-03-09,Brisbane,Queensland,22.6,84.5,Autumn,3,24.043010752688172,-1.44,1
2025-03-10,Brisbane,Queensland,22.4,64.4,Autumn,3,24.043010752688172,-1.64,0
2025-03-11,Brisbane,Queensland,23.2,71.7,Autumn,3,24.043010752688172,-0.84,0
2025-03-12,Brisbane,Queensland,24.2,81.0,Autumn,3,24.043010752688172,0.16,1
2025-03-13,Brisbane,Queensland,23.5,59.6,Autumn,3,24.043010752688172,-0.54,0
2025-03-14,Brisbane,Queensland,23.5,59.8,Autumn,3,24.043010752688172,-0.54,0
2025-03-15,Brisbane,Queensland,25.4,60.1,Autumn,3,24.043010752688172,1.36,0
2025-03-16,Brisbane,Queensland,25.9,82.6,Autumn,3,24.043010752688172,1.86,1
2025-03-17,Brisbane,Queensland,28.7,71.0,Autumn,3,24.043010752688172,4.66,0
2025-03-18,Brisbane,Queensland,27.5,74.1,Autumn,3,24.043010752688172,3.46,0
2025-03-19,Brisbane,Queensland,25.2,80.4,Autumn,3,24.043010752688172,1.16,1
2025-03-20,Brisbane,Queensland,24.8,72.5,Autumn,3,24.043010752688172,0.76,0
2025-03-21,Brisbane,Queensland,23.2,66.2,Autumn,3,24.043010752688172,-0.84,0
2025-03-22,Brisbane,Queensland,24.1,69.8,Autumn,3,24.043010752688172,0.06,0
2025-03-23,Brisbane,Queensland,25.0,85.3,Autumn,3,24.043010752688172,0.96,1
2025-03-24,Brisbane,Queensland,26.0,71.8,Autumn,3,24.043010752688172,1.96,0
2025-03-25,Brisbane,Queensland,23.5,63.6,Autumn,3,24.043010752688172,-0.54,0
2025-03-26,Brisbane,Queensland,20.0,69.2,Autumn,3,24.043010752688172,-4.04,0
2025-03-27,Brisbane,Queensland,20.9,67.3,Autumn,3,24.043010752688172,-3.14,0
2025-03-28,Brisbane,Queensland,23.3,71.5,Autumn,3,24.043010752688172,-0.74,0
2025-03-29,Brisbane,Queensland,19.4,78.5,Autumn,3,24.043010752688172,-4.64,0
2025-03-30,Brisbane,Queensland,26.4,78.3,Autumn,3,24.043010752688172,2.36,0
2025-03-31,Brisbane,Queensland,26.0,74.8,Autumn,3,24.043010752688172,1.96,0
2025-04-01,Brisbane,Queensland,25.5,65.9,Autumn,4,22.761111111111113,2.74,0
2025-04-02,Brisbane,Queensland,26.3,68.9,Autumn,4,22.761111111111113,3.54,0
2025-04-03,Brisbane,Queensland,25.2,72.7,Autumn,4,22.761111111111113,2.44,0
2025-04-04,Brisbane,Queensland,26.1,57.1,Autumn,4,22.761111111111113,3.34,0
2025-04-05,Brisbane,Queensland,25.6,75.5,Autumn,4,22.761111111111113,2.84,0
2025-04-06,Brisbane,Queensland,27.5,58.0,Autumn,4,22.761111111111113,4.74,0
2025-04-07,Brisbane,Queensland,28.4,74.7,Autumn,4,22.761111111111113,5.64,0
2025-04-08,Brisbane,Queensland,27.0,64.7,Autumn,4,22.761111111111113,4.24,0
2025-04-09,Brisbane,Queensland,23.7,68.1,Autumn,4,22.761111111111113,0.94,0
2025-04-10,Brisbane,Queensland,21.9,72.5,Autumn,4,22.761111111111113,-0.86,0
2025-04-11,Brisbane,Queensland,24.1,64.7,Autumn,4,22.761111111111113,1.34,0
2025-04-12,Brisbane,Queensland,23.7,64.3,Autumn,4,22.761111111111113,0.94,0
2025-04-13,Brisbane,Queensland,22.7,71.8,Autumn,4,22.761111111111113,-0.06,0
2025-04-14,Brisbane,Queensland,23.3,67.9,Autumn,4,22.761111111111113,0.54,0
2025-04-15,Brisbane,Queensland,22.7,57.3,Autumn,4,22.761111111111113,-0.06,0
2025-04-16,Brisbane,Queensland,25.9,66.8,Autumn,4,22.761111111111113,3.14,0
2025-04-17,Brisbane,Queensland,23.8,59.2,Autumn,4,22.761111111111113,1.04,0
2025-04-18,Brisbane,Queensland,18.9,71.3,Autumn,4,22.761111111111113,-3.86,0
2025-04-19,Brisbane,Queensland,19.6,81.7,Autumn,4,22.761111111111113,-3.16,1
2025-04-20,Brisbane,Queensland,20.3,66.8,Autumn,4,22.761111111111113,-2.46,0
2025-04-21,Brisbane,Queensland,20.2,73.8,Autumn,4,22.761111111111113,-2.56,0
2025-04-22,Brisbane,Queensland,22.1,74.0,Autumn,4,22.761111111111113,-0.66,0
2025-04-23,Brisbane,Queensland,20.4,74.1,Autumn,4,22.761111111111113,-2.36,0
2025-04-24,Brisbane,Queensland,19.1,73.2,Autumn,4,22.761111111111113,-3.66,0
2025-04-25,Brisbane,Queensland,19.9,70.9,Autumn,4,22.761111111111113,-2.86,0
2025-04-26,Brisbane,Queensland,17.9,60.1,Autumn,4,22.761111111111113,-4.86,0
2025-04-27,Brisbane,Queensland,18.0,63.0,Autumn,4,22.761111111111113,-4.76,0
2025-04-28,Brisbane,Queensland,17.7,69.2,Autumn,4,22.761111111111113,-5.06,0
2025-04-29,Brisbane,Queensland,20.7,65.6,Autumn,4,22.761111111111113,-2.06,0
2025-04-30,Brisbane,Queensland,24.8,78.8,Autumn,4,22.761111111111113,2.04,0
2025-05-01,Brisbane,Queensland,22.8,69.0,Autumn,5,19.323655913978495,3.48,0
2025-05-02,Brisbane,Queensland,22.6,75.6,Autumn,5,19.323655913978495,3.28,0
2025-05-03,Brisbane,Queensland,21.8,60.6,Autumn,5,19.323655913978495,2.48,0
2025-05-04,Brisbane,Queensland,22.9,72.2,Autumn,5,19.323655913978495,3.58,0
2025-05-05,Brisbane,Queensland,20.0,65.0,Autumn,5,19.323655913978495,0.68,0
2025-05-06,Brisbane,Queensland,19.8,67.5,Autumn,5,19.323655913978495,0.48,0
2025-05-07,Brisbane,Queensland,19.0,62.6,Autumn,5,19.323655913978495,-0.32,0
2025-05-08,Brisbane,Queensland,20.0,78.9,Autumn,5,19.323655913978495,0.68,0
2025-05-09,Brisbane,Queensland,16.4,87.4,Autumn,5,19.323655913978495,-2.92,1
2025-05-10,Brisbane,Queensland,17.9,63.5,Autumn,5,19.323655913978495,-1.42,0
2025-05-11,Brisbane,Queensland,18.7,57.0,Autumn,5,19.323655913978495,-0.62,0
2025-05-12,Brisbane,Queensland,17.8,69.1,Autumn,5,19.323655913978495,-1.52,0
2025-05-13,Brisbane,Queensland,15.0,69.8,Autumn,5,19.323655913978495,-4.32,0
2025-05-14,Brisbane,Queensland,13.8,74.0,Autumn,5,19.323655913978495,-5.52,0
2025-05-15,Brisbane,Queensland,11.3,76.9,Autumn,5,19.323655913978495,-8.02,0
2025-05-16,Brisbane,Queensland,16.7,69.0,Autumn,5,19.323655913978495,-2.62,0
2025-05-17,Brisbane,Queensland,16.5,73.1,Autumn,5,19.323655913978495,-2.82,0
2025-05-18,Brisbane,Queensland,16.1,55.8,Autumn,5,19.323655913978495,-3.22,0
2025-05-19,Brisbane,Queensland,20.7,62.4,Autumn,5,19.323655913978495,1.38,0
2025-05-20,Brisbane,Queensland,20.5,58.7,Autumn,5,19.323655913978495,1.18,0
2025-05-21,Brisbane,Queensland,20.1,75.4,Autumn,5,19.323655913978495,0.78,0
2025-05-22,Brisbane,Queensland,20.6,64.9,Autumn,5,19.323655913978495,1.28,0
2025-05-23,Brisbane,Queensland,17.0,69.2,Autumn,5,19.323655913978495,-2.32,0
2025-05-24,Brisbane,Queensland,18.7,66.9,Autumn,5,19.323655913978495,-0.62,0
2025-05-25,Brisbane,Queensland,17.6,56.8,Autumn,5,19.323655913978495,-1.72,0
2025-05-26,Brisbane,Queensland,16.6,67.5,Autumn,5,19.323655913978495,-2.72,0
2025-05-27,Brisbane,Queensland,17.2,61.9,Autumn,5,19.323655913978495,-2.12,0
2025-05-28,Brisbane,Queensland,20.4,65.0,Autumn,5,19.323655913978495,1.08,0
2025-05-29,Brisbane,Queensland,18.9,65.0,Autumn,5,19.323655913978495,-0.42,0
2025-05-30,Brisbane,Queensland,19.4,61.7,Autumn,5,19.323655913978495,0.08,0
2025-05-31,Brisbane,Queensland,18.1,65.1,Autumn,5,19.323655913978495,-1.22,0
2025-06-01,Brisbane,Queensland,14.2,77.8,Winter,6,17.127777777777776,-2.93,0
2025-06-02,Brisbane,Queensland,15.2,60.8,Winter,6,17.127777777777776,-1.93,0
2025-06-03,Brisbane,Queensland,18.1,55.3,Winter,6,17.127777777777776,0.97,0
2025-06-04,Brisbane,Queensland,18.4,61.0,Winter,6,17.127777777777776,1.27,0
2025-06-05,Brisbane,Queensland,19.8,73.7,Winter,6,17.127777777777776,2.67,0
2025-06-06,Brisbane,Queensland,18.8,66.2,Winter,6,17.127777777777776,1.67,0
2025-06-07,Brisbane,Queensland,19.5,67.7,Winter,6,17.127777777777776,2.37,0
2025-06-08,Brisbane,Queensland,17.1,64.0,Winter,6,17.127777777777776,-0.03,0
2025-06-09,Brisbane,Queensland,18.3,57.2,Winter,6,17.127777777777776,1.17,0
2025-06-10,Brisbane,Queensland,15.9,62.5,Winter,6,17.127777777777776,-1.23,0
2025-06-11,Brisbane,Queensland,16.5,64.0,Winter,6,17.127777777777776,-0.63,0
2025-06-12,Brisbane,Queensland,17.7,73.3,Winter,6,17.127777777777776,0.57,0
2025-06-13,Brisbane,Queensland,16.1,67.0,Winter,6,17.127777777777776,-1.03,0
2025-06-14,Brisbane,Queensland,15.7,69.0,Winter,6,17.127777777777776,-1.43,0
2025-06-15,Brisbane,Queensland,16.6,67.7,Winter,6,17.127777777777776,-0.53,0
2025-06-16,Brisbane,Queensland,15.4,62.3,Winter,6,17.127777777777776,-1.73,0
2025-06-17,Brisbane,Queensland,17.1,80.9,Winter,6,17.127777777777776,-0.03,1
2025-06-18,Brisbane,Queensland,18.2,68.6,Winter,6,17.127777777777776,1.07,0
2025-06-19,Brisbane,Queensland,19.8,57.3,Winter,6,17.127777777777776,2.67,0
2025-06-20,Brisbane,Queensland,21.3,72.7,Winter,6,17.127777777777776,4.17,0
2025-06-21,Brisbane,Queensland,20.0,59.8,Winter,6,17.127777777777776,2.87,0
2025-06-22,Brisbane,Queensland,19.1,73.2,Winter,6,17.127777777777776,1.97,0
2025-06-23,Brisbane,Queensland,17.3,69.8,Winter,6,17.127777777777776,0.17,0
2025-06-24,Brisbane,Queensland,17.6,70.2,Winter,6,17.127777777777776,0.47,0
2025-06-25,Brisbane,Queensland,17.8,67.9,Winter,6,17.127777777777776,0.67,0
2025-06-26,Brisbane,Queensland,19.1,62.5,Winter,6,17.127777777777776,1.97,0
2025-06-27,Brisbane,Queensland,19.6,69.9,Winter,6,17.127777777777776,2.47,0
2025-06-28,Brisbane,Queensland,17.0,65.2,Winter,6,17.127777777777776,-0.13,0
2025-06-29,Brisbane,Queensland,18.8,58.4,Winter,6,17.127777777777776,1.67,0
2025-06-30,Brisbane,Queensland,16.0,68.2,Winter,6,17.127777777777776,-1.13,0
2025-07-01,Brisbane,Queensland,14.3,63.2,Winter,7,16.093548387096774,-1.79,0
2025-07-02,Brisbane,Queensland,12.9,56.0,Winter,7,16.093548387096774,-3.19,0
2025-07-03,Brisbane,Queensland,14.2,65.0,Winter,7,16.093548387096774,-1.89,0
2025-07-04,Brisbane,Queensland,12.2,67.5,Winter,7,16.093548387096774,-3.89,0
2025-07-05,Brisbane,Queensland,13.1,66.9,Winter,7,16.093548387096774,-2.99,0
2025-07-06,Brisbane,Queensland,13.7,65.5,Winter,7,16.093548387096774,-2.39,0
2025-07-07,Brisbane,Queensland,15.7,62.4,Winter,7,16.093548387096774,-0.39,0
2025-07-08,Brisbane,Queensland,13.8,53.5,Winter,7,16.093548387096774,-2.29,0
2025-07-09,Brisbane,Queensland,15.9,52.2,Winter,7,16.093548387096774,-0.19,0
2025-07-10,Brisbane,Queensland,19.7,70.9,Winter,7,16.093548387096774,3.61,0
2025-07-11,Brisbane,Queensland,21.5,67.0,Winter,7,16.093548387096774,5.41,0
2025-07-12,Brisbane,Queensland,20.1,71.7,Winter,7,16.093548387096774,4.01,0
2025-07-13,Brisbane,Queensland,18.9,68.2,Winter,7,16.093548387096774,2.81,0
2025-07-14,Brisbane,Queensland,19.2,69.5,Winter,7,16.093548387096774,3.11,0
2025-07-15,Brisbane,Queensland,12.9,56.0,Winter,7,16.093548387096774,-3.19,0
2025-07-16,Brisbane,Queensland,12.1,62.3,Winter,7,16.093548387096774,-3.99,0
2025-07-17,Brisbane,Queensland,10.7,63.6,Winter,7,16.093548387096774,-5.39,0
2025-07-18,Brisbane,Queensland,11.9,68.4,Winter,7,16.093548387096774,-4.19,0
2025-07-19,Brisbane,Queensland,12.7,57.2,Winter,7,16.093548387096774,-3.39,0
2025-07-20,Brisbane,Queensland,11.7,65.9,Winter,7,16.093548387096774,-4.39,0
2025-07-21,Brisbane,Queensland,11.9,66.2,Winter,7,16.093548387096774,-4.19,0
2025-07-22,Brisbane,Queensland,9.9,59.4,Winter,7,16.093548387096774,-6.19,0
2025-07-23,Brisbane,Queensland,13.1,69.8,Winter,7,16.093548387096774,-2.99,0
2025-07-24,Brisbane,Queensland,14.5,71.6,Winter,7,16.093548387096774,-1.59,0
2025-07-25,Brisbane,Queensland,13.6,60.8,Winter,7,16.093548387096774,-2.49,0
2025-07-26,Brisbane,Queensland,17.1,57.4,Winter,7,16.093548387096774,1.01,0
2025-07-27,Brisbane,Queensland,13.7,64.2,Winter,7,16.093548387096774,-2.39,0
2025-07-28,Brisbane,Queensland,14.5,58.9,Winter,7,16.093548387096774,-1.59,0
2025-07-29,Brisbane,Queensland,18.8,67.7,Winter,7,16.093548387096774,2.71,0
2025-07-30,Brisbane,Queensland,16.5,64.8,Winter,7,16.093548387096774,0.41,0
2025-07-31,Brisbane,Queensland,17.7,65.3,Winter,7,16.093548387096774,1.61,0
2025-08-01,Brisbane,Queensland,13.8,58.6,Winter,8,16.89354838709677,-3.09,0
2025-08-02,Brisbane,Queensland,12.7,53.5,Winter,8,16.89354838709677,-4.19,0
2025-08-03,Brisbane,Queensland,15.7,69.0,Winter,8,16.89354838709677,-1.19,0
2025-08-04,Brisbane,Queensland,19.5,56.0,Winter,8,16.89354838709677,2.61,0
2025-08-05,Brisbane,Queensland,19.0,60.4,Winter,8,16.89354838709677,2.11,0
2025-08-06,Brisbane,Queensland,23.2,51.8,Winter,8,16.89354838709677,6.31,0
2025-08-07,Brisbane,Queensland,21.1,59.0,Winter,8,16.89354838709677,4.21,0
2025-08-08,Brisbane,Queensland,15.9,52.2,Winter,8,16.89354838709677,-0.99,0
2025-08-09,Brisbane,Queensland,17.5,52.9,Winter,8,16.89354838709677,0.61,0
2025-08-10,Brisbane,Queensland,16.3,58.2,Winter,8,16.89354838709677,-0.59,0
2025-08-11,Brisbane,Queensland,17.1,58.4,Winter,8,16.89354838709677,0.21,0
2025-08-12,Brisbane,Queensland,16.5,61.2,Winter,8,16.89354838709677,-0.39,0
2025-08-13,Brisbane,Queensland,20.1,76.2,Winter,8,16.89354838709677,3.21,0
2025-08-14,Brisbane,Queensland,21.2,56.6,Winter,8,16.89354838709677,4.31,0
2025-08-15,Brisbane,Queensland,22.2,67.5,Winter,8,16.89354838709677,5.31,0
2025-08-16,Brisbane,Queensland,18.8,52.5,Winter,8,16.89354838709677,1.91,0
2025-08-17,Brisbane,Queensland,18.7,67.6,Winter,8,16.89354838709677,1.81,0
2025-08-18,Brisbane,Queensland,18.4,48.3,Winter,8,16.89354838709677,1.51,0
2025-08-19,Brisbane,Queensland,21.3,54.5,Winter,8,16.89354838709677,4.41,0
2025-08-20,Brisbane,Queensland,20.6,60.7,Winter,8,16.89354838709677,3.71,0
2025-08-21,Brisbane,Queensland,22.2,55.3,Winter,8,16.89354838709677,5.31,0
2025-08-22,Brisbane,Queensland,17.4,57.4,Winter,8,16.89354838709677,0.51,0
2025-08-23,Brisbane,Queensland,17.0,61.4,Winter,8,16.89354838709677,0.11,0
2025-08-24,Brisbane,Queensland,17.5,67.0,Winter,8,16.89354838709677,0.61,0
2025-08-25,Brisbane,Queensland,16.8,60.6,Winter,8,16.89354838709677,-0.09,0
2025-08-26,Brisbane,Queensland,13.5,61.7,Winter,8,16.89354838709677,-3.39,0
2025-08-27,Brisbane,Queensland,16.1,65.6,Winter,8,16.89354838709677,-0.79,0
2025-08-28,Brisbane,Queensland,13.2,63.8,Winter,8,16.89354838709677,-3.69,0
2025-08-29,Brisbane,Queensland,17.4,63.5,Winter,8,16.89354838709677,0.51,0
2025-08-30,Brisbane,Queensland,18.8,61.6,Winter,8,16.89354838709677,1.91,0
2025-08-31,Brisbane,Queensland,17.8,59.6,Winter,8,16.89354838709677,0.91,0
2025-09-01,Brisbane,Queensland,18.3,72.7,Spring,9,18.795555555555556,-0.5,0
2025-09-02,Brisbane,Queensland,16.1,59.6,Spring,9,18.795555555555556,-2.7,0
2025-09-03,Brisbane,Queensland,17.8,65.0,Spring,9,18.795555555555556,-1.0,0
2025-09-04,Brisbane,Queensland,23.2,53.9,Spring,9,18.795555555555556,4.4,0
2025-09-05,Brisbane,Queensland,24.0,58.8,Spring,9,18.795555555555556,5.2,0
2025-09-06,Brisbane,Queensland,24.9,62.1,Spring,9,18.795555555555556,6.1,0
2025-09-07,Brisbane,Queensland,21.0,60.5,Spring,9,18.795555555555556,2.2,0
2025-09-08,Brisbane,Queensland,18.1,68.1,Spring,9,18.795555555555556,-0.7,0
2025-09-09,Brisbane,Queensland,17.7,45.4,Spring,9,18.795555555555556,-1.1,0
2025-09-10,Brisbane,Queensland,19.5,57.3,Spring,9,18.795555555555556,0.7,0
2025-09-11,Brisbane,Queensland,18.7,64.4,Spring,9,18.795555555555556,-0.1,0
2025-09-12,Brisbane,Queensland,18.7,64.2,Spring,9,18.795555555555556,-0.1,0
2025-09-13,Brisbane,Queensland,18.4,68.5,Spring,9,18.795555555555556,-0.4,0
2025-09-14,Brisbane,Queensland,18.1,66.2,Spring,9,18.795555555555556,-0.7,0
2025-09-15,Brisbane,Queensland,20.2,72.6,Spring,9,18.795555555555556,1.4,0
2025-09-16,Brisbane,Queensland,19.8,57.4,Spring,9,18.795555555555556,1.0,0
2025-09-17,Brisbane,Queensland,16.1,56.7,Spring,9,18.795555555555556,-2.7,0
2025-09-18,Brisbane,Queensland,18.8,62.6,Spring,9,18.795555555555556,0.0,0
2025-09-19,Brisbane,Queensland,20.5,60.5,Spring,9,18.795555555555556,1.7,0
2025-09-20,Brisbane,Queensland,19.2,61.7,Spring,9,18.795555555555556,0.4,0
2025-09-21,Brisbane,Queensland,19.9,56.3,Spring,9,18.795555555555556,1.1,0
2025-09-22,Brisbane,Queensland,20.2,61.7,Spring,9,18.795555555555556,1.4,0
2025-09-23,Brisbane,Queensland,18.2,49.3,Spring,9,18.795555555555556,-0.6,0
2025-09-24,Brisbane,Queensland,16.6,68.7,Spring,9,18.795555555555556,-2.2,0
2025-09-25,Brisbane,Queensland,17.8,73.9,Spring,9,18.795555555555556,-1.0,0
2025-09-26,Brisbane,Queensland,18.4,67.9,Spring,9,18.795555555555556,-0.4,0
2025-09-27,Brisbane,Queensland,18.5,46.9,Spring,9,18.795555555555556,-0.3,0
2025-09-28,Brisbane,Queensland,21.4,58.1,Spring,9,18.795555555555556,2.6,0
2025-09-29,Brisbane,Queensland,20.4,64.6,Spring,9,18.795555555555556,1.6,0
2025-09-30,Brisbane,Queensland,17.5,58.9,Spring,9,18.795555555555556,-1.3,0
2025-10-01,Brisbane,Queensland,21.7,58.5,Spring,10,22.94301075268817,-1.24,0
2025-10-02,Brisbane,Queensland,21.9,53.6,Spring,10,22.94301075268817,-1.04,0
2025-10-03,Brisbane,Queensland,23.1,60.0,Spring,10,22.94301075268817,0.16,0
2025-10-04,Brisbane,Queensland,21.8,68.7,Spring,10,22.94301075268817,-1.14,0
2025-10-05,Brisbane,Queensland,22.0,61.0,Spring,10,22.94301075268817,-0.94,0
2025-10-06,Brisbane,Queensland,25.1,59.8,Spring,10,22.94301075268817,2.16,0
2025-10-07,Brisbane,Queensland,25.6,58.8,Spring,10,22.94301075268817,2.66,0
2025-10-08,Brisbane,Queensland,25.5,66.5,Spring,10,22.94301075268817,2.56,0
2025-10-09,Brisbane,Queensland,23.8,61.7,Spring,10,22.94301075268817,0.86,0
2025-10-10,Brisbane,Queensland,23.4,73.2,Spring,10,22.94301075268817,0.46,0
2025-10-11,Brisbane,Queensland,20.0,69.1,Spring,10,22.94301075268817,-2.94,0
2025-10-12,Brisbane,Queensland,22.0,73.0,Spring,10,22.94301075268817,-0.94,0
2025-10-13,Brisbane,Queensland,20.8,58.9,Spring,10,22.94301075268817,-2.14,0
2025-10-14,Brisbane,Queensland,20.6,58.9,Spring,10,22.94301075268817,-2.34,0
2025-10-15,Brisbane,Queensland,23.5,62.5,Spring,10,22.94301075268817,0.56,0
2025-10-16,Brisbane,Queensland,24.5,67.8,Spring,10,22.94301075268817,1.56,0
2025-10-17,Brisbane,Queensland,24.3,66.4,Spring,10,22.94301075268817,1.36,0
2025-10-18,Brisbane,Queensland,23.7,65.1,Spring,10,22.94301075268817,0.76,0
2025-10-19,Brisbane,Queensland,22.2,65.8,Spring,10,22.94301075268817,-0.74,0
2025-10-20,Brisbane,Queensland,20.5,63.1,Spring,10,22.94301075268817,-2.44,0
2025-10-21,Brisbane,Queensland,20.6,64.8,Spring,10,22.94301075268817,-2.34,0
2025-10-22,Brisbane,Queensland,23.8,62.1,Spring,10,22.94301075268817,0.86,0
2025-10-23,Brisbane,Queensland,24.6,57.5,Spring,10,22.94301075268817,1.66,0
2025-10-24,Brisbane,Queensland,23.4,61.2,Spring,10,22.94301075268817,0.46,0
2025-10-25,Brisbane,Queensland,20.9,60.3,Spring,10,22.94301075268817,-2.04,0
2025-10-26,Brisbane,Queensland,22.7,54.9,Spring,10,22.94301075268817,-0.24,0
2025-10-27,Brisbane,Queensland,25.6,53.7,Spring,10,22.94301075268817,2.66,0
2025-10-28,Brisbane,Queensland,26.4,60.7,Spring,10,22.94301075268817,3.46,0
2025-10-29,Brisbane,Queensland,27.2,74.8,Spring,10,22.94301075268817,4.26,0
2025-10-30,Brisbane,Queensland,26.2,59.5,Spring,10,22.94301075268817,3.26,0
2025-10-31,Brisbane,Queensland,26.7,72.5,Spring,10,22.94301075268817,3.76,0
2025-11-01,Brisbane,Queensland,28.1,71.2,Spring,11,23.137777777777778,4.96,0
2025-11-02,Brisbane,Queensland,29.1,62.1,Spring,11,23.137777777777778,5.96,0
2025-11-03,Brisbane,Queensland,29.0,75.1,Spring,11,23.137777777777778,5.86,0
2025-11-04,Brisbane,Queensland,27.1,69.2,Spring,11,23.137777777777778,3.96,0
2025-11-05,Brisbane,Queensland,22.3,61.4,Spring,11,23.137777777777778,-0.84,0
2025-11-06,Brisbane,Queensland,20.0,73.5,Spring,11,23.137777777777778,-3.14,0
2025-11-07,Brisbane,Queensland,24.8,61.6,Spring,11,23.137777777777778,1.66,0
2025-11-08,Brisbane,Queensland,24.0,67.0,Spring,11,23.137777777777778,0.86,0
2025-11-09,Brisbane,Queensland,23.7,64.1,Spring,11,23.137777777777778,0.56,0
2025-11-10,Brisbane,Queensland,21.6,58.0,Spring,11,23.137777777777778,-1.54,0
2025-11-11,Brisbane,Queensland,21.5,51.2,Spring,11,23.137777777777778,-1.64,0
2025-11-12,Brisbane,Queensland,21.5,65.6,Spring,11,23.137777777777778,-1.64,0
2025-11-13,Brisbane,Queensland,23.7,56.5,Spring,11,23.137777777777778,0.56,0
2025-11-14,Brisbane,Queensland,23.6,58.5,Spring,11,23.137777777777778,0.46,0
2025-11-15,Brisbane,Queensland,22.3,62.0,Spring,11,23.137777777777778,-0.84,0
2025-11-16,Brisbane,Queensland,23.2,67.3,Spring,11,23.137777777777778,0.06,0
2025-11-17,Brisbane,Queensland,21.1,70.1,Spring,11,23.137777777777778,-2.04,0
2025-11-18,Brisbane,Queensland,21.7,66.6,Spring,11,23.137777777777778,-1.44,0
2025-11-19,Brisbane,Queensland,24.1,68.3,Spring,11,23.137777777777778,0.96,0
2025-11-20,Brisbane,Queensland,23.5,58.3,Spring,11,23.137777777777778,0.36,0
2025-11-21,Brisbane,Queensland,25.7,58.1,Spring,11,23.137777777777778,2.56,0
2025-11-22,Brisbane,Queensland,25.2,68.0,Spring,11,23.137777777777778,2.06,0
2025-11-23,Brisbane,Queensland,25.3,60.5,Spring,11,23.137777777777778,2.16,0
2025-11-24,Brisbane,Queensland,26.0,54.8,Spring,11,23.137777777777778,2.86,0
2025-11-25,Brisbane,Queensland,24.2,59.5,Spring,11,23.137777777777778,1.06,0
2025-11-26,Brisbane,Queensland,24.3,66.2,Spring,11,23.137777777777778,1.16,0
2025-11-27,Brisbane,Queensland,26.6,69.1,Spring,11,23.137777777777778,3.46,0
2025-11-28,Brisbane,Queensland,23.0,61.5,Spring,11,23.137777777777778,-0.14,0
2025-11-29,Brisbane,Queensland,24.9,70.7,Spring,11,23.137777777777778,1.76,0
2025-11-30,Brisbane,Queensland,24.9,70.0,Spring,11,23.137777777777778,1.76,0
2025-12-01,Brisbane,Queensland,28.4,68.2,Summer,12,24.513978494623657,3.89,0
2025-12-02,Brisbane,Queensland,23.6,62.8,Summer,12,24.513978494623657,-0.91,0
2025-12-03,Brisbane,Queensland,22.8,63.0,Summer,12,24.513978494623657,-1.71,0
2025-12-04,Brisbane,Queensland,23.4,71.2,Summer,12,24.513978494623657,-1.11,0
2025-12-05,Brisbane,Queensland,25.3,75.8,Summer,12,24.513978494623657,0.79,0
2025-12-06,Brisbane,Queensland,23.6,51.1,Summer,12,24.513978494623657,-0.91,0
2025-12-07,Brisbane,Queensland,26.6,62.7,Summer,12,24.513978494623657,2.09,0
2025-12-08,Brisbane,Queensland,25.0,64.6,Summer,12,24.513978494623657,0.49,0
2025-12-09,Brisbane,Queensland,25.9,65.0,Summer,12,24.513978494623657,1.39,0
2025-12-10,Brisbane,Queensland,27.0,67.2,Summer,12,24.513978494623657,2.49,0
2025-12-11,Brisbane,Queensland,26.6,77.6,Summer,12,24.513978494623657,2.09,0
2025-12-12,Brisbane,Queensland,28.8,77.9,Summer,12,24.513978494623657,4.29,0
2025-12-13,Brisbane,Queensland,25.3,66.0,Summer,12,24.513978494623657,0.79,0
2025-12-14,Brisbane,Queensland,27.2,63.3,Summer,12,24.513978494623657,2.69,0
2025-12-15,Brisbane,Queensland,26.1,68.8,Summer,12,24.513978494623657,1.59,0
2025-12-16,Brisbane,Queensland,26.6,73.6,Summer,12,24.513978494623657,2.09,0
2025-12-17,Brisbane,Queensland,25.2,62.1,Summer,12,24.513978494623657,0.69,0
2025-12-18,Brisbane,Queensland,25.4,70.2,Summer,12,24.513978494623657,0.89,0
2025-12-19,Brisbane,Queensland,23.1,68.5,Summer,12,24.513978494623657,-1.41,0
2025-12-20,Brisbane,Queensland,22.6,66.2,Summer,12,24.513978494623657,-1.91,0
2025-12-21,Brisbane,Queensland,25.1,61.2,Summer,12,24.513978494623657,0.59,0
2025-12-22,Brisbane,Queensland,23.4,58.4,Summer,12,24.513978494623657,-1.11,0
2025-12-23,Brisbane,Queensland,25.1,68.9,Summer,12,24.513978494623657,0.59,0
2025-12-24,Brisbane,Queensland,27.7,65.7,Summer,12,24.513978494623657,3.19,0
2025-12-25,Brisbane,Queensland,27.3,77.5,Summer,12,24.513978494623657,2.79,0
2025-12-26,Brisbane,Queensland,26.9,72.5,Summer,12,24.513978494623657,2.39,0
2025-12-27,Brisbane,Queensland,27.7,64.5,Summer,12,24.513978494623657,3.19,0
2025-12-28,Brisbane,Queensland,26.5,67.5,Summer,12,24.513978494623657,1.99,0
2025-12-29,Brisbane,Queensland,22.5,65.1,Summer,12,24.513978494623657,-2.01,0
2025-12-30,Brisbane,Queensland,24.3,70.8,Summer,12,24.513978494623657,-0.21,0
2025-12-31,Brisbane,Queensland,23.1,66.6,Summer,12,24.513978494623657,-1.41,0
2023-01-01,Adelaide,South Australia,24.9,36.7,Summer,1,21.739784946236558,3.16,0
2023-01-02,Adelaide,South Australia,23.0,51.6,Summer,1,21.739784946236558,1.26,0
2023-01-03,Adelaide,South Australia,24.6,43.4,Summer,1,21.739784946236558,2.86,0
2023-01-04,Adelaide,South Australia,22.8,43.6,Summer,1,21.739784946236558,1.06,0
2023-01-05,Adelaide,South Australia,20.4,48.3,Summer,1,21.739784946236558,-1.34,0
2023-01-06,Adelaide,South Australia,19.3,49.0,Summer,1,21.739784946236558,-2.44,0
2023-01-07,Adelaide,South Australia,24.9,39.7,Summer,1,21.739784946236558,3.16,0
2023-01-08,Adelaide,South Australia,23.2,46.7,Summer,1,21.739784946236558,1.46,0
2023-01-09,Adelaide,South Australia,27.8,49.6,Summer,1,21.739784946236558,6.06,0
2023-01-10,Adelaide,South Australia,26.6,41.2,Summer,1,21.739784946236558,4.86,0
2023-01-11,Adelaide,South Australia,26.3,41.9,Summer,1,21.739784946236558,4.56,0
2023-01-12,Adelaide,South Australia,21.4,51.3,Summer,1,21.739784946236558,-0.34,0
2023-01-13,Adelaide,South Australia,22.4,31.4,Summer,1,21.739784946236558,0.66,0
2023-01-14,Adelaide,South Australia,18.5,33.5,Summer,1,21.739784946236558,-3.24,0
2023-01-15,Adelaide,South Australia,17.0,40.6,Summer,1,21.739784946236558,-4.74,0
2023-01-16,Adelaide,South Australia,19.9,52.1,Summer,1,21.739784946236558,-1.84,0
2023-01-17,Adelaide,South Australia,20.1,47.0,Summer,1,21.739784946236558,-1.64,0
2023-01-18,Adelaide,South Australia,18.4,52.5,Summer,1,21.739784946236558,-3.34,0
2023-01-19,Adelaide,South Australia,17.6,48.8,Summer,1,21.739784946236558,-4.14,0
2023-01-20,Adelaide,South Australia,14.6,44.8,Summer,1,21.739784946236558,-7.14,0
2023-01-21,Adelaide,South Australia,16.3,36.0,Summer,1,21.739784946236558,-5.44,0
2023-01-22,Adelaide,South Australia,19.6,33.3,Summer,1,21.739784946236558,-2.14,0
2023-01-23,Adelaide,South Australia,14.4,49.1,Summer,1,21.739784946236558,-7.34,0
2023-01-24,Adelaide,South Australia,21.8,46.5,Summer,1,21.739784946236558,0.06,0
2023-01-25,Adelaide,South Australia,20.5,52.9,Summer,1,21.739784946236558,-1.24,0
2023-01-26,Adelaide,South Australia,18.8,47.8,Summer,1,21.739784946236558,-2.94,0
2023-01-27,Adelaide,South Australia,16.5,40.2,Summer,1,21.739784946236558,-5.24,0
2023-01-28,Adelaide,South Australia,21.6,36.2,Summer,1,21.739784946236558,-0.14,0
2023-01-29,Adelaide,South Australia,26.4,38.4,Summer,1,21.739784946236558,4.66,0
2023-01-30,Adelaide,South Australia,23.6,53.5,Summer,1,21.739784946236558,1.86,0
2023-01-31,Adelaide,South Australia,25.7,43.7,Summer,1,21.739784946236558,3.96,0
2023-02-01,Adelaide,South Australia,26.3,47.9,Summer,2,25.13176470588235,1.17,0
2023-02-02,Adelaide,South Australia,22.2,49.1,Summer,2,25.13176470588235,-2.93,0
2023-02-03,Adelaide,South Australia,22.7,49.5,Summer,2,25.13176470588235,-2.43,0
2023-02-04,Adelaide,South Australia,23.5,57.5,Summer,2,25.13176470588235,-1.63,0
2023-02-05,Adelaide,South Australia,19.2,51.2,Summer,2,25.13176470588235,-5.93,0
2023-02-06,Adelaide,South Australia,19.7,40.8,Summer,2,25.13176470588235,-5.43,0
2023-02-07,Adelaide,South Australia,24.1,49.8,Summer,2,25.13176470588235,-1.03,0
2023-02-08,Adelaide,South Australia,24.3,47.3,Summer,2,25.13176470588235,-0.83,0
2023-02-09,Adelaide,South Australia,27.5,49.4,Summer,2,25.13176470588235,2.37,0
2023-02-10,Adelaide,South Australia,25.1,47.4,Summer,2,25.13176470588235,-0.03,0
2023-02-11,Adelaide,South Australia,26.0,38.0,Summer,2,25.13176470588235,0.87,0
2023-02-12,Adelaide,South Australia,24.4,38.7,Summer,2,25.13176470588235,-0.73,0
2023-02-13,Adelaide,South Australia,26.8,38.7,Summer,2,25.13176470588235,1.67,0
2023-02-14,Adelaide,South Australia,29.0,50.8,Summer,2,25.13176470588235,3.87,0
2023-02-15,Adelaide,South Australia,29.1,53.9,Summer,2,25.13176470588235,3.97,0
2023-02-16,Adelaide,South Australia,21.2,42.0,Summer,2,25.13176470588235,-3.93,0
2023-02-17,Adelaide,South Australia,16.9,57.7,Summer,2,25.13176470588235,-8.23,0
2023-02-18,Adelaide,South Australia,19.8,45.9,Summer,2,25.13176470588235,-5.33,0
2023-02-19,Adelaide,South Australia,19.1,39.4,Summer,2,25.13176470588235,-6.03,0
2023-02-20,Adelaide,South Australia,17.2,45.1,Summer,2,25.13176470588235,-7.93,0
2023-02-21,Adelaide,South Australia,25.3,48.3,Summer,2,25.13176470588235,0.17,0
2023-02-22,Adelaide,South Australia,26.9,45.5,Summer,2,25.13176470588235,1.77,0
2023-02-23,Adelaide,South Australia,25.9,57.6,Summer,2,25.13176470588235,0.77,0
2023-02-24,Adelaide,South Australia,27.8,52.0,Summer,2,25.13176470588235,2.67,0
2023-02-25,Adelaide,South Australia,27.8,40.1,Summer,2,25.13176470588235,2.67,0
2023-02-26,Adelaide,South Australia,31.1,52.5,Summer,2,25.13176470588235,5.97,0
2023-02-27,Adelaide,South Australia,28.9,62.1,Summer,2,25.13176470588235,3.77,0
2023-02-28,Adelaide,South Australia,28.8,43.0,Summer,2,25.13176470588235,3.67,0
2023-03-01,Adelaide,South Australia,19.9,35.4,Autumn,3,22.23978494623656,-2.34,0
2023-03-02,Adelaide,South Australia,20.0,56.0,Autumn,3,22.23978494623656,-2.24,0
2023-03-03,Adelaide,South Australia,19.2,61.7,Autumn,3,22.23978494623656,-3.04,0
2023-03-04,Adelaide,South Australia,18.3,56.5,Autumn,3,22.23978494623656,-3.94,0
2023-03-05,Adelaide,South Australia,16.2,50.4,Autumn,3,22.23978494623656,-6.04,0
2023-03-06,Adelaide,South Australia,18.6,41.9,Autumn,3,22.23978494623656,-3.64,0
2023-03-07,Adelaide,South Australia,19.1,41.0,Autumn,3,22.23978494623656,-3.14,0
2023-03-08,Adelaide,South Australia,20.3,52.9,Autumn,3,22.23978494623656,-1.94,0
2023-03-09,Adelaide,South Australia,14.5,50.1,Autumn,3,22.23978494623656,-7.74,0
2023-03-10,Adelaide,South Australia,12.0,59.0,Autumn,3,22.23978494623656,-10.24,0
2023-03-11,Adelaide,South Australia,15.5,40.7,Autumn,3,22.23978494623656,-6.74,0
2023-03-12,Adelaide,South Australia,13.5,52.7,Autumn,3,22.23978494623656,-8.74,0
2023-03-13,Adelaide,South Australia,18.1,59.5,Autumn,3,22.23978494623656,-4.14,0
2023-03-14,Adelaide,South Australia,22.0,51.2,Autumn,3,22.23978494623656,-0.24,0
2023-03-15,Adelaide,South Australia,24.2,54.0,Autumn,3,22.23978494623656,1.96,0
2023-03-16,Adelaide,South Australia,25.4,60.5,Autumn,3,22.23978494623656,3.16,0
2023-03-17,Adelaide,South Australia,24.8,47.6,Autumn,3,22.23978494623656,2.56,0
2023-03-18,Adelaide,South Australia,21.3,51.7,Autumn,3,22.23978494623656,-0.94,0
2023-03-19,Adelaide,South Australia,23.8,49.0,Autumn,3,22.23978494623656,1.56,0
2023-03-20,Adelaide,South Australia,20.6,53.1,Autumn,3,22.23978494623656,-1.64,0
2023-03-21,Adelaide,South Australia,22.5,46.0,Autumn,3,22.23978494623656,0.26,0
2023-03-22,Adelaide,South Australia,28.2,53.6,Autumn,3,22.23978494623656,5.96,0
2023-03-23,Adelaide,South Australia,29.9,56.2,Autumn,3,22.23978494623656,7.66,0
2023-03-24,Adelaide,South Australia,22.7,53.6,Autumn,3,22.23978494623656,0.46,0
2023-03-25,Adelaide,South Australia,20.4,52.8,Autumn,3,22.23978494623656,-1.84,0
2023-03-26,Adelaide,South Australia,18.1,57.8,Autumn,3,22.23978494623656,-4.14,0
2023-03-27,Adelaide,South Australia,18.5,48.4,Autumn,3,22.23978494623656,-3.74,0
2023-03-28,Adelaide,South Australia,21.4,61.4,Autumn,3,22.23978494623656,-0.84,0
2023-03-29,Adelaide,South Australia,21.8,44.7,Autumn,3,22.23978494623656,-0.44,0
2023-03-30,Adelaide,South Australia,21.9,50.2,Autumn,3,22.23978494623656,-0.34,0
2023-03-31,Adelaide,South Australia,22.6,49.1,Autumn,3,22.23978494623656,0.36,0
2023-04-01,Adelaide,South Australia,18.9,61.7,Autumn,4,18.502222222222223,0.4,0
2023-04-02,Adelaide,South Australia,23.0,55.4,Autumn,4,18.502222222222223,4.5,0
2023-04-03,Adelaide,South Australia,23.2,57.1,Autumn,4,18.502222222222223,4.7,0
2023-04-04,Adelaide,South Australia,28.7,56.9,Autumn,4,18.502222222222223,10.2,0
2023-04-05,Adelaide,South Australia,18.1,56.6,Autumn,4,18.502222222222223,-0.4,0
2023-04-06,Adelaide,South Australia,17.2,46.1,Autumn,4,18.502222222222223,-1.3,0
2023-04-07,Adelaide,South Australia,15.5,61.1,Autumn,4,18.502222222222223,-3.0,0
2023-04-08,Adelaide,South Australia,21.0,49.2,Autumn,4,18.502222222222223,2.5,0
2023-04-09,Adelaide,South Australia,18.4,60.8,Autumn,4,18.502222222222223,-0.1,0
2023-04-10,Adelaide,South Australia,19.5,50.7,Autumn,4,18.502222222222223,1.0,0
2023-04-11,Adelaide,South Australia,16.4,54.7,Autumn,4,18.502222222222223,-2.1,0
2023-04-12,Adelaide,South Australia,17.9,68.4,Autumn,4,18.502222222222223,-0.6,0
2023-04-13,Adelaide,South Australia,16.5,57.1,Autumn,4,18.502222222222223,-2.0,0
2023-04-14,Adelaide,South Australia,14.6,61.5,Autumn,4,18.502222222222223,-3.9,0
2023-04-15,Adelaide,South Australia,17.1,54.9,Autumn,4,18.502222222222223,-1.4,0
2023-04-16,Adelaide,South Australia,17.0,63.1,Autumn,4,18.502222222222223,-1.5,0
2023-04-17,Adelaide,South Australia,15.1,64.1,Autumn,4,18.502222222222223,-3.4,0
2023-04-18,Adelaide,South Australia,15.3,55.7,Autumn,4,18.502222222222223,-3.2,0
2023-04-19,Adelaide,South Australia,14.1,52.5,Autumn,4,18.502222222222223,-4.4,0
2023-04-20,Adelaide,South Australia,15.1,58.5,Autumn,4,18.502222222222223,-3.4,0
2023-04-21,Adelaide,South Australia,20.1,56.5,Autumn,4,18.502222222222223,1.6,0
2023-04-22,Adelaide,South Australia,18.5,63.4,Autumn,4,18.502222222222223,-0.0,0
2023-04-23,Adelaide,South Australia,18.6,60.4,Autumn,4,18.502222222222223,0.1,0
2023-04-24,Adelaide,South Australia,18.5,55.5,Autumn,4,18.502222222222223,-0.0,0
2023-04-25,Adelaide,South Australia,21.7,58.4,Autumn,4,18.502222222222223,3.2,0
2023-04-26,Adelaide,South Australia,19.9,49.1,Autumn,4,18.502222222222223,1.4,0
2023-04-27,Adelaide,South Australia,23.2,60.0,Autumn,4,18.502222222222223,4.7,0
2023-04-28,Adelaide,South Australia,22.0,53.3,Autumn,4,18.502222222222223,3.5,0
2023-04-29,Adelaide,South Australia,20.1,71.7,Autumn,4,18.502222222222223,1.6,0
2023-04-30,Adelaide,South Australia,21.1,63.1,Autumn,4,18.502222222222223,2.6,0
2023-05-01,Adelaide,South Australia,18.7,66.7,Autumn,5,16.615053763440862,2.08,0
2023-05-02,Adelaide,South Australia,10.7,68.8,Autumn,5,16.615053763440862,-5.92,0
2023-05-03,Adelaide,South Australia,11.8,66.0,Autumn,5,16.615053763440862,-4.82,0
2023-05-04,Adelaide,South Australia,18.9,61.4,Autumn,5,16.615053763440862,2.28,0
2023-05-05,Adelaide,South Australia,18.1,72.0,Autumn,5,16.615053763440862,1.48,0
2023-05-06,Adelaide,South Australia,19.8,63.6,Autumn,5,16.615053763440862,3.18,0
2023-05-07,Adelaide,South Australia,18.9,62.2,Autumn,5,16.615053763440862,2.28,0
2023-05-08,Adelaide,South Australia,22.1,71.8,Autumn,5,16.615053763440862,5.48,0
2023-05-09,Adelaide,South Australia,16.7,79.0,Autumn,5,16.615053763440862,0.08,0
2023-05-10,Adelaide,South Australia,18.2,53.4,Autumn,5,16.615053763440862,1.58,0
2023-05-11,Adelaide,South Australia,18.9,63.8,Autumn,5,16.615053763440862,2.28,0
2023-05-12,Adelaide,South Australia,20.3,56.6,Autumn,5,16.615053763440862,3.68,0
2023-05-13,Adelaide,South Australia,20.4,60.0,Autumn,5,16.615053763440862,3.78,0
2023-05-14,Adelaide,South Australia,20.6,70.5,Autumn,5,16.615053763440862,3.98,0
2023-05-15,Adelaide,South Australia,22.7,68.0,Autumn,5,16.615053763440862,6.08,0
2023-05-16,Adelaide,South Australia,23.9,79.2,Autumn,5,16.615053763440862,7.28,0
2023-05-17,Adelaide,South Australia,22.2,71.5,Autumn,5,16.615053763440862,5.58,0
2023-05-18,Adelaide,South Australia,19.6,68.7,Autumn,5,16.615053763440862,2.98,0
2023-05-19,Adelaide,South Australia,19.8,60.0,Autumn,5,16.615053763440862,3.18,0
2023-05-20,Adelaide,South Australia,17.3,70.1,Autumn,5,16.615053763440862,0.68,0
2023-05-21,Adelaide,South Australia,16.1,70.8,Autumn,5,16.615053763440862,-0.52,0
2023-05-22,Adelaide,South Australia,18.3,60.3,Autumn,5,16.615053763440862,1.68,0
2023-05-23,Adelaide,South Australia,17.1,71.0,Autumn,5,16.615053763440862,0.48,0
2023-05-24,Adelaide,South Australia,21.1,67.2,Autumn,5,16.615053763440862,4.48,0
2023-05-25,Adelaide,South Australia,19.1,72.7,Autumn,5,16.615053763440862,2.48,0
2023-05-26,Adelaide,South Australia,12.8,65.3,Autumn,5,16.615053763440862,-3.82,0
2023-05-27,Adelaide,South Australia,9.8,71.4,Autumn,5,16.615053763440862,-6.82,0
2023-05-28,Adelaide,South Australia,13.6,70.1,Autumn,5,16.615053763440862,-3.02,0
2023-05-29,Adelaide,South Australia,17.6,66.0,Autumn,5,16.615053763440862,0.98,0
2023-05-30,Adelaide,South Australia,12.0,70.0,Autumn,5,16.615053763440862,-4.62,0
2023-05-31,Adelaide,South Australia,13.2,71.6,Autumn,5,16.615053763440862,-3.42,0
2023-06-01,Adelaide,South Australia,15.2,69.5,Winter,6,13.19,2.01,0
2023-06-02,Adelaide,South Australia,14.2,73.3,Winter,6,13.19,1.01,0
2023-06-03,Adelaide,South Australia,17.7,71.3,Winter,6,13.19,4.51,0
2023-06-04,Adelaide,South Australia,17.1,67.9,Winter,6,13.19,3.91,0
2023-06-05,Adelaide,South Australia,12.0,80.5,Winter,6,13.19,-1.19,1
2023-06-06,Adelaide,South Australia,13.6,59.6,Winter,6,13.19,0.41,0
2023-06-07,Adelaide,South Australia,16.7,69.5,Winter,6,13.19,3.51,0
2023-06-08,Adelaide,South Australia,13.9,69.7,Winter,6,13.19,0.71,0
2023-06-09,Adelaide,South Australia,10.8,73.0,Winter,6,13.19,-2.39,0
2023-06-10,Adelaide,South Australia,3.5,77.2,Winter,6,13.19,-9.69,0
2023-06-11,Adelaide,South Australia,6.8,73.5,Winter,6,13.19,-6.39,0
2023-06-12,Adelaide,South Australia,6.7,72.2,Winter,6,13.19,-6.49,0
2023-06-13,Adelaide,South Australia,6.5,76.4,Winter,6,13.19,-6.69,0
2023-06-14,Adelaide,South Australia,10.5,74.4,Winter,6,13.19,-2.69,0
2023-06-15,Adelaide,South Australia,9.4,73.5,Winter,6,13.19,-3.79,0
2023-06-16,Adelaide,South Australia,9.3,76.4,Winter,6,13.19,-3.89,0
2023-06-17,Adelaide,South Australia,9.8,69.9,Winter,6,13.19,-3.39,0
2023-06-18,Adelaide,South Australia,14.1,69.3,Winter,6,13.19,0.91,0
2023-06-19,Adelaide,South Australia,13.7,79.6,Winter,6,13.19,0.51,0
2023-06-20,Adelaide,South Australia,6.8,66.1,Winter,6,13.19,-6.39,0
2023-06-21,Adelaide,South Australia,8.7,76.0,Winter,6,13.19,-4.49,0
2023-06-22,Adelaide,South Australia,8.5,76.4,Winter,6,13.19,-4.69,0
2023-06-23,Adelaide,South Australia,12.1,74.9,Winter,6,13.19,-1.09,0
2023-06-24,Adelaide,South Australia,7.9,67.8,Winter,6,13.19,-5.29,0
2023-06-25,Adelaide,South Australia,6.7,62.9,Winter,6,13.19,-6.49,0
2023-06-26,Adelaide,South Australia,2.2,89.6,Winter,6,13.19,-10.99,1
2023-06-27,Adelaide,South Australia,6.0,70.3,Winter,6,13.19,-7.19,0
2023-06-28,Adelaide,South Australia,9.8,69.3,Winter,6,13.19,-3.39,0
2023-06-29,Adelaide,South Australia,12.8,70.7,Winter,6,13.19,-0.39,0
2023-06-30,Adelaide,South Australia,14.4,73.1,Winter,6,13.19,1.21,0
2023-07-01,Adelaide,South Australia,9.5,74.1,Winter,7,11.968817204301073,-2.47,0
2023-07-02,Adelaide,South Australia,11.7,74.2,Winter,7,11.968817204301073,-0.27,0
2023-07-03,Adelaide,South Australia,16.5,81.1,Winter,7,11.968817204301073,4.53,1
2023-07-04,Adelaide,South Australia,17.0,72.3,Winter,7,11.968817204301073,5.03,0
2023-07-05,Adelaide,South Australia,16.2,71.1,Winter,7,11.968817204301073,4.23,0
2023-07-06,Adelaide,South Australia,10.9,73.6,Winter,7,11.968817204301073,-1.07,0
2023-07-07,Adelaide,South Australia,10.4,77.9,Winter,7,11.968817204301073,-1.57,0
2023-07-08,Adelaide,South Australia,9.9,79.5,Winter,7,11.968817204301073,-2.07,0
2023-07-09,Adelaide,South Australia,5.5,68.2,Winter,7,11.968817204301073,-6.47,0
2023-07-10,Adelaide,South Australia,10.0,72.9,Winter,7,11.968817204301073,-1.97,0
2023-07-11,Adelaide,South Australia,12.9,79.4,Winter,7,11.968817204301073,0.93,0
2023-07-12,Adelaide,South Australia,15.5,75.4,Winter,7,11.968817204301073,3.53,0
2023-07-13,Adelaide,South Australia,14.8,68.7,Winter,7,11.968817204301073,2.83,0
2023-07-14,Adelaide,South Australia,12.1,71.4,Winter,7,11.968817204301073,0.13,0
2023-07-15,Adelaide,South Australia,14.8,80.2,Winter,7,11.968817204301073,2.83,1
2023-07-16,Adelaide,South Australia,16.2,78.8,Winter,7,11.968817204301073,4.23,0
2023-07-17,Adelaide,South Australia,16.9,73.2,Winter,7,11.968817204301073,4.93,0
2023-07-18,Adelaide,South Australia,21.5,66.6,Winter,7,11.968817204301073,9.53,0
2023-07-19,Adelaide,South Australia,22.5,73.2,Winter,7,11.968817204301073,10.53,0
2023-07-20,Adelaide,South Australia,19.5,69.6,Winter,7,11.968817204301073,7.53,0
2023-07-21,Adelaide,South Australia,16.3,77.2,Winter,7,11.968817204301073,4.33,0
2023-07-22,Adelaide,South Australia,17.5,60.9,Winter,7,11.968817204301073,5.53,0
2023-07-23,Adelaide,South Australia,15.2,68.1,Winter,7,11.968817204301073,3.23,0
2023-07-24,Adelaide,South Australia,10.0,76.8,Winter,7,11.968817204301073,-1.97,0
2023-07-25,Adelaide,South Australia,8.9,71.7,Winter,7,11.968817204301073,-3.07,0
2023-07-26,Adelaide,South Australia,9.6,76.8,Winter,7,11.968817204301073,-2.37,0
2023-07-27,Adelaide,South Australia,15.1,68.8,Winter,7,11.968817204301073,3.13,0
2023-07-28,Adelaide,South Australia,16.6,81.8,Winter,7,11.968817204301073,4.63,1
2023-07-29,Adelaide,South Australia,14.3,72.4,Winter,7,11.968817204301073,2.33,0
2023-07-30,Adelaide,South Australia,15.9,71.9,Winter,7,11.968817204301073,3.93,0
2023-07-31,Adelaide,South Australia,11.4,75.9,Winter,7,11.968817204301073,-0.57,0
2023-08-01,Adelaide,South Australia,13.4,61.1,Winter,8,11.009677419354839,2.39,0
2023-08-02,Adelaide,South Australia,13.1,63.2,Winter,8,11.009677419354839,2.09,0
2023-08-03,Adelaide,South Australia,9.0,60.0,Winter,8,11.009677419354839,-2.01,0
2023-08-04,Adelaide,South Australia,6.4,66.6,Winter,8,11.009677419354839,-4.61,0
2023-08-05,Adelaide,South Australia,11.1,70.3,Winter,8,11.009677419354839,0.09,0
2023-08-06,Adelaide,South Australia,14.8,59.3,Winter,8,11.009677419354839,3.79,0
2023-08-07,Adelaide,South Australia,11.5,63.1,Winter,8,11.009677419354839,0.49,0
2023-08-08,Adelaide,South Australia,15.5,70.8,Winter,8,11.009677419354839,4.49,0
2023-08-09,Adelaide,South Australia,10.1,59.7,Winter,8,11.009677419354839,-0.91,0
2023-08-10,Adelaide,South Australia,5.7,74.5,Winter,8,11.009677419354839,-5.31,0
2023-08-11,Adelaide,South Australia,10.4,64.0,Winter,8,11.009677419354839,-0.61,0
2023-08-12,Adelaide,South Australia,9.2,64.2,Winter,8,11.009677419354839,-1.81,0
2023-08-13,Adelaide,South Australia,10.7,72.9,Winter,8,11.009677419354839,-0.31,0
2023-08-14,Adelaide,South Australia,10.0,70.6,Winter,8,11.009677419354839,-1.01,0
2023-08-15,Adelaide,South Australia,11.4,74.5,Winter,8,11.009677419354839,0.39,0
2023-08-16,Adelaide,South Australia,9.6,70.0,Winter,8,11.009677419354839,-1.41,0
2023-08-17,Adelaide,South Australia,11.6,60.1,Winter,8,11.009677419354839,0.59,0
2023-08-18,Adelaide,South Australia,7.3,68.1,Winter,8,11.009677419354839,-3.71,0
2023-08-19,Adelaide,South Australia,7.5,69.9,Winter,8,11.009677419354839,-3.51,0
2023-08-20,Adelaide,South Australia,10.2,74.8,Winter,8,11.009677419354839,-0.81,0
2023-08-21,Adelaide,South Australia,10.8,63.6,Winter,8,11.009677419354839,-0.21,0
2023-08-22,Adelaide,South Australia,15.8,76.2,Winter,8,11.009677419354839,4.79,0
2023-08-23,Adelaide,South Australia,14.4,62.7,Winter,8,11.009677419354839,3.39,0
2023-08-24,Adelaide,South Australia,16.2,72.0,Winter,8,11.009677419354839,5.19,0
2023-08-25,Adelaide,South Australia,9.5,67.5,Winter,8,11.009677419354839,-1.51,0
2023-08-26,Adelaide,South Australia,4.7,63.0,Winter,8,11.009677419354839,-6.31,0
2023-08-27,Adelaide,South Australia,4.0,68.1,Winter,8,11.009677419354839,-7.01,0
2023-08-28,Adelaide,South Australia,-0.5,70.1,Winter,8,11.009677419354839,-11.51,0
2023-08-29,Adelaide,South Australia,3.6,65.2,Winter,8,11.009677419354839,-7.41,0
2023-08-30,Adelaide,South Australia,9.0,78.3,Winter,8,11.009677419354839,-2.01,0
2023-08-31,Adelaide,South Australia,4.6,73.7,Winter,8,11.009677419354839,-6.41,0
2023-09-01,Adelaide,South Australia,13.4,55.6,Spring,9,14.33,-0.93,0
2023-09-02,Adelaide,South Australia,13.7,54.7,Spring,9,14.33,-0.63,0
2023-09-03,Adelaide,South Australia,14.7,62.5,Spring,9,14.33,0.37,0
2023-09-04,Adelaide,South Australia,8.8,59.8,Spring,9,14.33,-5.53,0
2023-09-05,Adelaide,South Australia,12.4,50.2,Spring,9,14.33,-1.93,0
2023-09-06,Adelaide,South Australia,11.7,61.6,Spring,9,14.33,-2.63,0
2023-09-07,Adelaide,South Australia,14.2,72.7,Spring,9,14.33,-0.13,0
2023-09-08,Adelaide,South Australia,14.3,64.7,Spring,9,14.33,-0.03,0
2023-09-09,Adelaide,South Australia,14.7,59.5,Spring,9,14.33,0.37,0
2023-09-10,Adelaide,South Australia,19.1,49.7,Spring,9,14.33,4.77,0
2023-09-11,Adelaide,South Australia,17.0,57.0,Spring,9,14.33,2.67,0
2023-09-12,Adelaide,South Australia,13.9,62.8,Spring,9,14.33,-0.43,0
2023-09-13,Adelaide,South Australia,15.1,67.1,Spring,9,14.33,0.77,0
2023-09-14,Adelaide,South Australia,19.0,52.1,Spring,9,14.33,4.67,0
2023-09-15,Adelaide,South Australia,18.5,59.8,Spring,9,14.33,4.17,0
2023-09-16,Adelaide,South Australia,19.3,60.2,Spring,9,14.33,4.97,0
2023-09-17,Adelaide,South Australia,17.4,59.8,Spring,9,14.33,3.07,0
2023-09-18,Adelaide,South Australia,20.8,63.8,Spring,9,14.33,6.47,0
2023-09-19,Adelaide,South Australia,19.6,73.2,Spring,9,14.33,5.27,0
2023-09-20,Adelaide,South Australia,16.8,64.7,Spring,9,14.33,2.47,0
2023-09-21,Adelaide,South Australia,15.9,55.3,Spring,9,14.33,1.57,0
2023-09-22,Adelaide,South Australia,6.3,60.9,Spring,9,14.33,-8.03,0
2023-09-23,Adelaide,South Australia,9.3,58.5,Spring,9,14.33,-5.03,0
2023-09-24,Adelaide,South Australia,10.1,52.7,Spring,9,14.33,-4.23,0
2023-09-25,Adelaide,South Australia,10.7,56.8,Spring,9,14.33,-3.63,0
2023-09-26,Adelaide,South Australia,14.4,54.5,Spring,9,14.33,0.07,0
2023-09-27,Adelaide,South Australia,13.2,65.8,Spring,9,14.33,-1.13,0
2023-09-28,Adelaide,South Australia,11.4,55.0,Spring,9,14.33,-2.93,0
2023-09-29,Adelaide,South Australia,9.0,58.7,Spring,9,14.33,-5.33,0
2023-09-30,Adelaide,South Australia,9.3,58.6,Spring,9,14.33,-5.03,0
2023-10-01,Adelaide,South Australia,15.1,59.0,Spring,10,15.946236559139784,-0.85,0
2023-10-02,Adelaide,South Australia,12.8,49.4,Spring,10,15.946236559139784,-3.15,0
2023-10-03,Adelaide,South Australia,12.6,54.0,Spring,10,15.946236559139784,-3.35,0
2023-10-04,Adelaide,South Australia,16.0,66.7,Spring,10,15.946236559139784,0.05,0
2023-10-05,Adelaide,South Australia,10.9,58.6,Spring,10,15.946236559139784,-5.05,0
2023-10-06,Adelaide,South Australia,15.8,50.2,Spring,10,15.946236559139784,-0.15,0
2023-10-07,Adelaide,South Australia,20.3,55.4,Spring,10,15.946236559139784,4.35,0
2023-10-08,Adelaide,South Australia,22.1,49.8,Spring,10,15.946236559139784,6.15,0
2023-10-09,Adelaide,South Australia,17.5,52.0,Spring,10,15.946236559139784,1.55,0
2023-10-10,Adelaide,South Australia,19.5,48.2,Spring,10,15.946236559139784,3.55,0
2023-10-11,Adelaide,South Australia,16.1,57.7,Spring,10,15.946236559139784,0.15,0
2023-10-12,Adelaide,South Australia,16.6,51.9,Spring,10,15.946236559139784,0.65,0
2023-10-13,Adelaide,South Australia,23.4,64.0,Spring,10,15.946236559139784,7.45,0
2023-10-14,Adelaide,South Australia,16.2,49.7,Spring,10,15.946236559139784,0.25,0
2023-10-15,Adelaide,South Australia,16.3,43.6,Spring,10,15.946236559139784,0.35,0
2023-10-16,Adelaide,South Australia,19.0,53.8,Spring,10,15.946236559139784,3.05,0
2023-10-17,Adelaide,South Australia,15.9,48.2,Spring,10,15.946236559139784,-0.05,0
2023-10-18,Adelaide,South Australia,18.3,38.8,Spring,10,15.946236559139784,2.35,0
2023-10-19,Adelaide,South Australia,18.5,56.3,Spring,10,15.946236559139784,2.55,0
2023-10-20,Adelaide,South Australia,11.9,49.4,Spring,10,15.946236559139784,-4.05,0
2023-10-21,Adelaide,South Australia,13.0,58.1,Spring,10,15.946236559139784,-2.95,0
2023-10-22,Adelaide,South Australia,15.4,42.8,Spring,10,15.946236559139784,-0.55,0
2023-10-23,Adelaide,South Australia,13.3,57.5,Spring,10,15.946236559139784,-2.65,0
2023-10-24,Adelaide,South Australia,16.8,52.0,Spring,10,15.946236559139784,0.85,0
2023-10-25,Adelaide,South Australia,12.2,59.9,Spring,10,15.946236559139784,-3.75,0
2023-10-26,Adelaide,South Australia,12.4,53.9,Spring,10,15.946236559139784,-3.55,0
2023-10-27,Adelaide,South Australia,16.9,54.5,Spring,10,15.946236559139784,0.95,0
2023-10-28,Adelaide,South Australia,17.5,54.2,Spring,10,15.946236559139784,1.55,0
2023-10-29,Adelaide,South Australia,13.7,45.3,Spring,10,15.946236559139784,-2.25,0
2023-10-30,Adelaide,South Australia,14.3,53.2,Spring,10,15.946236559139784,-1.65,0
2023-10-31,Adelaide,South Australia,15.0,61.0,Spring,10,15.946236559139784,-0.95,0
2023-11-01,Adelaide,South Australia,16.7,52.1,Spring,11,19.42222222222222,-2.72,0
2023-11-02,Adelaide,South Australia,16.1,52.8,Spring,11,19.42222222222222,-3.32,0
2023-11-03,Adelaide,South Australia,17.1,52.3,Spring,11,19.42222222222222,-2.32,0
2023-11-04,Adelaide,South Australia,18.2,43.6,Spring,11,19.42222222222222,-1.22,0
2023-11-05,Adelaide,South Australia,16.7,42.7,Spring,11,19.42222222222222,-2.72,0
2023-11-06,Adelaide,South Australia,17.0,46.8,Spring,11,19.42222222222222,-2.42,0
2023-11-07,Adelaide,South Australia,22.9,58.7,Spring,11,19.42222222222222,3.48,0
2023-11-08,Adelaide,South Australia,22.1,46.2,Spring,11,19.42222222222222,2.68,0
2023-11-09,Adelaide,South Australia,19.8,38.4,Spring,11,19.42222222222222,0.38,0
2023-11-10,Adelaide,South Australia,21.3,50.6,Spring,11,19.42222222222222,1.88,0
2023-11-11,Adelaide,South Australia,21.4,34.3,Spring,11,19.42222222222222,1.98,0
2023-11-12,Adelaide,South Australia,22.2,48.6,Spring,11,19.42222222222222,2.78,0
2023-11-13,Adelaide,South Australia,20.3,47.2,Spring,11,19.42222222222222,0.88,0
2023-11-14,Adelaide,South Australia,22.5,44.2,Spring,11,19.42222222222222,3.08,0
2023-11-15,Adelaide,South Australia,24.9,52.2,Spring,11,19.42222222222222,5.48,0
2023-11-16,Adelaide,South Australia,23.0,51.3,Spring,11,19.42222222222222,3.58,0
2023-11-17,Adelaide,South Australia,26.3,57.4,Spring,11,19.42222222222222,6.88,0
2023-11-18,Adelaide,South Australia,19.3,48.6,Spring,11,19.42222222222222,-0.12,0
2023-11-19,Adelaide,South Australia,17.9,52.5,Spring,11,19.42222222222222,-1.52,0
2023-11-20,Adelaide,South Australia,16.3,48.1,Spring,11,19.42222222222222,-3.12,0
2023-11-21,Adelaide,South Australia,14.8,59.5,Spring,11,19.42222222222222,-4.62,0
2023-11-22,Adelaide,South Australia,15.5,51.8,Spring,11,19.42222222222222,-3.92,0
2023-11-23,Adelaide,South Australia,17.8,41.7,Spring,11,19.42222222222222,-1.62,0
2023-11-24,Adelaide,South Australia,19.4,52.5,Spring,11,19.42222222222222,-0.02,0
2023-11-25,Adelaide,South Australia,17.5,61.9,Spring,11,19.42222222222222,-1.92,0
2023-11-26,Adelaide,South Australia,21.5,41.8,Spring,11,19.42222222222222,2.08,0
2023-11-27,Adelaide,South Australia,23.7,52.9,Spring,11,19.42222222222222,4.28,0
2023-11-28,Adelaide,South Australia,20.2,53.3,Spring,11,19.42222222222222,0.78,0
2023-11-29,Adelaide,South Australia,19.0,40.3,Spring,11,19.42222222222222,-0.42,0
2023-11-30,Adelaide,South Australia,12.4,40.0,Spring,11,19.42222222222222,-7.02,0
2023-12-01,Adelaide,South Australia,11.1,56.7,Summer,12,20.876344086021504,-9.78,0
2023-12-02,Adelaide,South Australia,10.2,50.2,Summer,12,20.876344086021504,-10.68,0
2023-12-03,Adelaide,South Australia,12.4,42.0,Summer,12,20.876344086021504,-8.48,0
2023-12-04,Adelaide,South Australia,20.5,46.9,Summer,12,20.876344086021504,-0.38,0
2023-12-05,Adelaide,South Australia,20.0,45.6,Summer,12,20.876344086021504,-0.88,0
2023-12-06,Adelaide,South Australia,24.2,48.7,Summer,12,20.876344086021504,3.32,0
2023-12-07,Adelaide,South Australia,26.2,46.2,Summer,12,20.876344086021504,5.32,0
2023-12-08,Adelaide,South Australia,26.0,42.4,Summer,12,20.876344086021504,5.12,0
2023-12-09,Adelaide,South Australia,20.9,48.1,Summer,12,20.876344086021504,0.02,0
2023-12-10,Adelaide,South Australia,23.7,51.5,Summer,12,20.876344086021504,2.82,0
2023-12-11,Adelaide,South Australia,20.4,38.2,Summer,12,20.876344086021504,-0.48,0
2023-12-12,Adelaide,South Australia,22.1,41.5,Summer,12,20.876344086021504,1.22,0
2023-12-13,Adelaide,South Australia,17.6,53.9,Summer,12,20.876344086021504,-3.28,0
2023-12-14,Adelaide,South Australia,22.2,52.4,Summer,12,20.876344086021504,1.32,0
2023-12-15,Adelaide,South Australia,21.2,49.6,Summer,12,20.876344086021504,0.32,0
2023-12-16,Adelaide,South Australia,19.2,45.7,Summer,12,20.876344086021504,-1.68,0
2023-12-17,Adelaide,South Australia,14.0,55.9,Summer,12,20.876344086021504,-6.88,0
2023-12-18,Adelaide,South Australia,17.9,55.3,Summer,12,20.876344086021504,-2.98,0
2023-12-19,Adelaide,South Australia,19.6,44.8,Summer,12,20.876344086021504,-1.28,0
2023-12-20,Adelaide,South Australia,26.0,52.7,Summer,12,20.876344086021504,5.12,0
2023-12-21,Adelaide,South Australia,26.3,47.7,Summer,12,20.876344086021504,5.42,0
2023-12-22,Adelaide,South Australia,17.4,47.1,Summer,12,20.876344086021504,-3.48,0
2023-12-23,Adelaide,South Australia,17.5,32.5,Summer,12,20.876344086021504,-3.38,0
2023-12-24,Adelaide,South Australia,16.3,47.9,Summer,12,20.876344086021504,-4.58,0
2023-12-25,Adelaide,South Australia,20.8,42.4,Summer,12,20.876344086021504,-0.08,0
2023-12-26,Adelaide,South Australia,20.7,40.2,Summer,12,20.876344086021504,-0.18,0
2023-12-27,Adelaide,South Australia,24.3,57.2,Summer,12,20.876344086021504,3.42,0
2023-12-28,Adelaide,South Australia,25.2,41.2,Summer,12,20.876344086021504,4.32,0
2023-12-29,Adelaide,South Australia,22.3,42.0,Summer,12,20.876344086021504,1.42,0
2023-12-30,Adelaide,South Australia,31.5,45.0,Summer,12,20.876344086021504,10.62,0
2023-12-31,Adelaide,South Australia,26.4,32.7,Summer,12,20.876344086021504,5.52,0
2024-01-01,Adelaide,South Australia,25.0,35.4,Summer,1,21.739784946236558,3.26,0
2024-01-02,Adelaide,South Australia,25.1,47.3,Summer,1,21.739784946236558,3.36,0
2024-01-03,Adelaide,South Australia,19.5,41.9,Summer,1,21.739784946236558,-2.24,0
2024-01-04,Adelaide,South Australia,24.9,44.5,Summer,1,21.739784946236558,3.16,0
2024-01-05,Adelaide,South Australia,20.4,41.9,Summer,1,21.739784946236558,-1.34,0
2024-01-06,Adelaide,South Australia,24.8,52.1,Summer,1,21.739784946236558,3.06,0
2024-01-07,Adelaide,South Australia,28.0,50.1,Summer,1,21.739784946236558,6.26,0
2024-01-08,Adelaide,South Australia,27.5,37.8,Summer,1,21.739784946236558,5.76,0
2024-01-09,Adelaide,South Australia,24.0,51.0,Summer,1,21.739784946236558,2.26,0
2024-01-10,Adelaide,South Australia,24.8,50.1,Summer,1,21.739784946236558,3.06,0
2024-01-11,Adelaide,South Australia,21.4,43.4,Summer,1,21.739784946236558,-0.34,0
2024-01-12,Adelaide,South Australia,22.3,52.0,Summer,1,21.739784946236558,0.56,0
2024-01-13,Adelaide,South Australia,19.5,42.4,Summer,1,21.739784946236558,-2.24,0
2024-01-14,Adelaide,South Australia,22.0,49.5,Summer,1,21.739784946236558,0.26,0
2024-01-15,Adelaide,South Australia,18.9,46.0,Summer,1,21.739784946236558,-2.84,0
2024-01-16,Adelaide,South Australia,19.3,50.8,Summer,1,21.739784946236558,-2.44,0
2024-01-17,Adelaide,South Australia,18.4,48.3,Summer,1,21.739784946236558,-3.34,0
2024-01-18,Adelaide,South Australia,23.9,46.7,Summer,1,21.739784946236558,2.16,0
2024-01-19,Adelaide,South Australia,22.1,55.7,Summer,1,21.739784946236558,0.36,0
2024-01-20,Adelaide,South Australia,28.0,53.6,Summer,1,21.739784946236558,6.26,0
2024-01-21,Adelaide,South Australia,26.7,35.9,Summer,1,21.739784946236558,4.96,0
2024-01-22,Adelaide,South Australia,24.3,48.6,Summer,1,21.739784946236558,2.56,0
2024-01-23,Adelaide,South Australia,25.6,52.8,Summer,1,21.739784946236558,3.86,0
2024-01-24,Adelaide,South Australia,25.1,36.9,Summer,1,21.739784946236558,3.36,0
2024-01-25,Adelaide,South Australia,29.2,46.0,Summer,1,21.739784946236558,7.46,0
2024-01-26,Adelaide,South Australia,22.6,49.6,Summer,1,21.739784946236558,0.86,0
2024-01-27,Adelaide,South Australia,21.5,53.6,Summer,1,21.739784946236558,-0.24,0
2024-01-28,Adelaide,South Australia,24.2,52.8,Summer,1,21.739784946236558,2.46,0
2024-01-29,Adelaide,South Australia,24.2,37.7,Summer,1,21.739784946236558,2.46,0
2024-01-30,Adelaide,South Australia,21.6,44.4,Summer,1,21.739784946236558,-0.14,0
2024-01-31,Adelaide,South Australia,27.4,42.2,Summer,1,21.739784946236558,5.66,0
2024-02-01,Adelaide,South Australia,30.2,48.1,Summer,2,25.13176470588235,5.07,0
2024-02-02,Adelaide,South Australia,25.5,48.5,Summer,2,25.13176470588235,0.37,0
2024-02-03,Adelaide,South Australia,25.7,44.3,Summer,2,25.13176470588235,0.57,0
2024-02-04,Adelaide,South Australia,27.2,39.5,Summer,2,25.13176470588235,2.07,0
2024-02-05,Adelaide,South Australia,27.3,37.2,Summer,2,25.13176470588235,2.17,0
2024-02-06,Adelaide,South Australia,28.2,38.8,Summer,2,25.13176470588235,3.07,0
2024-02-07,Adelaide,South Australia,27.2,34.0,Summer,2,25.13176470588235,2.07,0
2024-02-08,Adelaide,South Australia,29.8,46.1,Summer,2,25.13176470588235,4.67,0
2024-02-09,Adelaide,South Australia,29.1,52.6,Summer,2,25.13176470588235,3.97,0
2024-02-10,Adelaide,South Australia,27.5,50.7,Summer,2,25.13176470588235,2.37,0
2024-02-11,Adelaide,South Australia,28.0,45.4,Summer,2,25.13176470588235,2.87,0
2024-02-12,Adelaide,South Australia,28.3,43.4,Summer,2,25.13176470588235,3.17,0
2024-02-13,Adelaide,South Australia,32.1,49.8,Summer,2,25.13176470588235,6.97,0
2024-02-14,Adelaide,South Australia,34.1,47.9,Summer,2,25.13176470588235,8.97,0
2024-02-15,Adelaide,South Australia,32.1,48.9,Summer,2,25.13176470588235,6.97,0
2024-02-16,Adelaide,South Australia,30.0,50.2,Summer,2,25.13176470588235,4.87,0
2024-02-17,Adelaide,South Australia,26.8,42.6,Summer,2,25.13176470588235,1.67,0
2024-02-18,Adelaide,South Australia,27.6,46.6,Summer,2,25.13176470588235,2.47,0
2024-02-19,Adelaide,South Australia,23.8,43.0,Summer,2,25.13176470588235,-1.33,0
2024-02-20,Adelaide,South Australia,24.5,51.4,Summer,2,25.13176470588235,-0.63,0
2024-02-21,Adelaide,South Australia,23.2,47.3,Summer,2,25.13176470588235,-1.93,0
2024-02-22,Adelaide,South Australia,21.5,46.7,Summer,2,25.13176470588235,-3.63,0
2024-02-23,Adelaide,South Australia,28.2,52.8,Summer,2,25.13176470588235,3.07,0
2024-02-24,Adelaide,South Australia,26.0,52.7,Summer,2,25.13176470588235,0.87,0
2024-02-25,Adelaide,South Australia,32.4,52.9,Summer,2,25.13176470588235,7.27,0
2024-02-26,Adelaide,South Australia,29.2,55.2,Summer,2,25.13176470588235,4.07,0
2024-02-27,Adelaide,South Australia,24.3,46.5,Summer,2,25.13176470588235,-0.83,0
2024-02-28,Adelaide,South Australia,28.1,46.4,Summer,2,25.13176470588235,2.97,0
2024-02-29,Adelaide,South Australia,27.3,46.1,Summer,2,25.13176470588235,2.17,0
2024-03-01,Adelaide,South Australia,27.5,44.0,Autumn,3,22.23978494623656,5.26,0
2024-03-02,Adelaide,South Australia,28.3,43.6,Autumn,3,22.23978494623656,6.06,0
2024-03-03,Adelaide,South Australia,30.0,49.3,Autumn,3,22.23978494623656,7.76,0
2024-03-04,Adelaide,South Australia,26.5,51.8,Autumn,3,22.23978494623656,4.26,0
2024-03-05,Adelaide,South Australia,21.2,57.6,Autumn,3,22.23978494623656,-1.04,0
2024-03-06,Adelaide,South Australia,25.2,59.5,Autumn,3,22.23978494623656,2.96,0
2024-03-07,Adelaide,South Australia,24.0,50.0,Autumn,3,22.23978494623656,1.76,0
2024-03-08,Adelaide,South Australia,18.3,49.4,Autumn,3,22.23978494623656,-3.94,0
2024-03-09,Adelaide,South Australia,23.7,43.6,Autumn,3,22.23978494623656,1.46,0
2024-03-10,Adelaide,South Australia,24.6,49.6,Autumn,3,22.23978494623656,2.36,0
2024-03-11,Adelaide,South Australia,23.8,43.5,Autumn,3,22.23978494623656,1.56,0
2024-03-12,Adelaide,South Australia,21.4,53.2,Autumn,3,22.23978494623656,-0.84,0
2024-03-13,Adelaide,South Australia,23.3,50.1,Autumn,3,22.23978494623656,1.06,0
2024-03-14,Adelaide,South Australia,19.6,49.3,Autumn,3,22.23978494623656,-2.64,0
2024-03-15,Adelaide,South Australia,16.3,45.0,Autumn,3,22.23978494623656,-5.94,0
2024-03-16,Adelaide,South Australia,21.1,37.9,Autumn,3,22.23978494623656,-1.14,0
2024-03-17,Adelaide,South Australia,22.2,43.5,Autumn,3,22.23978494623656,-0.04,0
2024-03-18,Adelaide,South Australia,23.9,43.2,Autumn,3,22.23978494623656,1.66,0
2024-03-19,Adelaide,South Australia,27.2,42.9,Autumn,3,22.23978494623656,4.96,0
2024-03-20,Adelaide,South Australia,20.7,55.8,Autumn,3,22.23978494623656,-1.54,0
2024-03-21,Adelaide,South Australia,18.0,42.1,Autumn,3,22.23978494623656,-4.24,0
2024-03-22,Adelaide,South Australia,17.9,48.8,Autumn,3,22.23978494623656,-4.34,0
2024-03-23,Adelaide,South Australia,18.6,47.9,Autumn,3,22.23978494623656,-3.64,0
2024-03-24,Adelaide,South Australia,19.8,40.1,Autumn,3,22.23978494623656,-2.44,0
2024-03-25,Adelaide,South Australia,22.4,56.8,Autumn,3,22.23978494623656,0.16,0
2024-03-26,Adelaide,South Australia,26.5,52.7,Autumn,3,22.23978494623656,4.26,0
2024-03-27,Adelaide,South Australia,27.4,51.4,Autumn,3,22.23978494623656,5.16,0
2024-03-28,Adelaide,South Australia,24.3,54.5,Autumn,3,22.23978494623656,2.06,0
2024-03-29,Adelaide,South Australia,22.1,44.6,Autumn,3,22.23978494623656,-0.14,0
2024-03-30,Adelaide,South Australia,24.6,48.4,Autumn,3,22.23978494623656,2.36,0
2024-03-31,Adelaide,South Australia,22.4,46.3,Autumn,3,22.23978494623656,0.16,0
2024-04-01,Adelaide,South Australia,16.6,42.2,Autumn,4,18.502222222222223,-1.9,0
2024-04-02,Adelaide,South Australia,15.2,58.8,Autumn,4,18.502222222222223,-3.3,0
2024-04-03,Adelaide,South Australia,14.6,56.3,Autumn,4,18.502222222222223,-3.9,0
2024-04-04,Adelaide,South Australia,20.8,61.9,Autumn,4,18.502222222222223,2.3,0
2024-04-05,Adelaide,South Australia,16.8,62.6,Autumn,4,18.502222222222223,-1.7,0
2024-04-06,Adelaide,South Australia,19.3,53.6,Autumn,4,18.502222222222223,0.8,0
2024-04-07,Adelaide,South Australia,23.6,50.6,Autumn,4,18.502222222222223,5.1,0
2024-04-08,Adelaide,South Australia,26.1,62.8,Autumn,4,18.502222222222223,7.6,0
2024-04-09,Adelaide,South Australia,27.8,57.4,Autumn,4,18.502222222222223,9.3,0
2024-04-10,Adelaide,South Australia,25.0,58.9,Autumn,4,18.502222222222223,6.5,0
2024-04-11,Adelaide,South Australia,19.8,55.7,Autumn,4,18.502222222222223,1.3,0
2024-04-12,Adelaide,South Australia,22.3,53.5,Autumn,4,18.502222222222223,3.8,0
2024-04-13,Adelaide,South Australia,23.6,56.5,Autumn,4,18.502222222222223,5.1,0
2024-04-14,Adelaide,South Australia,22.7,58.3,Autumn,4,18.502222222222223,4.2,0
2024-04-15,Adelaide,South Australia,20.2,60.6,Autumn,4,18.502222222222223,1.7,0
2024-04-16,Adelaide,South Australia,18.3,61.4,Autumn,4,18.502222222222223,-0.2,0
2024-04-17,Adelaide,South Australia,24.3,64.7,Autumn,4,18.502222222222223,5.8,0
2024-04-18,Adelaide,South Australia,20.5,51.4,Autumn,4,18.502222222222223,2.0,0
2024-04-19,Adelaide,South Australia,17.1,55.5,Autumn,4,18.502222222222223,-1.4,0
2024-04-20,Adelaide,South Australia,17.7,52.2,Autumn,4,18.502222222222223,-0.8,0
2024-04-21,Adelaide,South Australia,11.3,60.2,Autumn,4,18.502222222222223,-7.2,0
2024-04-22,Adelaide,South Australia,14.4,56.2,Autumn,4,18.502222222222223,-4.1,0
2024-04-23,Adelaide,South Australia,16.9,57.3,Autumn,4,18.502222222222223,-1.6,0
2024-04-24,Adelaide,South Australia,21.6,56.5,Autumn,4,18.502222222222223,3.1,0
2024-04-25,Adelaide,South Australia,19.6,55.5,Autumn,4,18.502222222222223,1.1,0
2024-04-26,Adelaide,South Australia,19.7,51.1,Autumn,4,18.502222222222223,1.2,0
2024-04-27,Adelaide,South Australia,16.5,51.9,Autumn,4,18.502222222222223,-2.0,0
2024-04-28,Adelaide,South Australia,21.6,58.3,Autumn,4,18.502222222222223,3.1,0
2024-04-29,Adelaide,South Australia,21.9,54.5,Autumn,4,18.502222222222223,3.4,0
2024-04-30,Adelaide,South Australia,23.7,52.9,Autumn,4,18.502222222222223,5.2,0
2024-05-01,Adelaide,South Australia,18.8,69.5,Autumn,5,16.615053763440862,2.18,0
2024-05-02,Adelaide,South Australia,18.7,69.6,Autumn,5,16.615053763440862,2.08,0
2024-05-03,Adelaide,South Australia,14.6,59.3,Autumn,5,16.615053763440862,-2.02,0
2024-05-04,Adelaide,South Australia,12.6,57.3,Autumn,5,16.615053763440862,-4.02,0
2024-05-05,Adelaide,South Australia,15.2,66.9,Autumn,5,16.615053763440862,-1.42,0
2024-05-06,Adelaide,South Australia,17.3,72.3,Autumn,5,16.615053763440862,0.68,0
2024-05-07,Adelaide,South Australia,8.9,60.8,Autumn,5,16.615053763440862,-7.72,0
2024-05-08,Adelaide,South Australia,12.7,74.5,Autumn,5,16.615053763440862,-3.92,0
2024-05-09,Adelaide,South Australia,12.2,63.6,Autumn,5,16.615053763440862,-4.42,0
2024-05-10,Adelaide,South Australia,12.2,67.0,Autumn,5,16.615053763440862,-4.42,0
2024-05-11,Adelaide,South Australia,13.7,70.9,Autumn,5,16.615053763440862,-2.92,0
2024-05-12,Adelaide,South Australia,11.5,57.9,Autumn,5,16.615053763440862,-5.12,0
2024-05-13,Adelaide,South Australia,10.8,84.7,Autumn,5,16.615053763440862,-5.82,1
2024-05-14,Adelaide,South Australia,14.6,58.5,Autumn,5,16.615053763440862,-2.02,0
2024-05-15,Adelaide,South Australia,19.1,73.0,Autumn,5,16.615053763440862,2.48,0
2024-05-16,Adelaide,South Australia,20.9,67.8,Autumn,5,16.615053763440862,4.28,0
2024-05-17,Adelaide,South Australia,25.3,68.0,Autumn,5,16.615053763440862,8.68,0
2024-05-18,Adelaide,South Australia,30.5,73.8,Autumn,5,16.615053763440862,13.88,0
2024-05-19,Adelaide,South Australia,24.6,64.8,Autumn,5,16.615053763440862,7.98,0
2024-05-20,Adelaide,South Australia,20.5,65.4,Autumn,5,16.615053763440862,3.88,0
2024-05-21,Adelaide,South Australia,22.8,64.1,Autumn,5,16.615053763440862,6.18,0
2024-05-22,Adelaide,South Australia,19.6,74.4,Autumn,5,16.615053763440862,2.98,0
2024-05-23,Adelaide,South Australia,15.0,58.6,Autumn,5,16.615053763440862,-1.62,0
2024-05-24,Adelaide,South Australia,12.9,61.7,Autumn,5,16.615053763440862,-3.72,0
2024-05-25,Adelaide,South Australia,12.4,72.5,Autumn,5,16.615053763440862,-4.22,0
2024-05-26,Adelaide,South Australia,11.2,58.4,Autumn,5,16.615053763440862,-5.42,0
2024-05-27,Adelaide,South Australia,14.1,70.6,Autumn,5,16.615053763440862,-2.52,0
2024-05-28,Adelaide,South Australia,16.1,72.0,Autumn,5,16.615053763440862,-0.52,0
2024-05-29,Adelaide,South Australia,19.4,71.4,Autumn,5,16.615053763440862,2.78,0
2024-05-30,Adelaide,South Australia,17.5,60.1,Autumn,5,16.615053763440862,0.88,0
2024-05-31,Adelaide,South Australia,16.4,64.7,Autumn,5,16.615053763440862,-0.22,0
2024-06-01,Adelaide,South Australia,13.5,71.0,Winter,6,13.19,0.31,0
2024-06-02,Adelaide,South Australia,15.2,75.0,Winter,6,13.19,2.01,0
2024-06-03,Adelaide,South Australia,13.9,82.7,Winter,6,13.19,0.71,1
2024-06-04,Adelaide,South Australia,13.3,69.0,Winter,6,13.19,0.11,0
2024-06-05,Adelaide,South Australia,11.7,72.0,Winter,6,13.19,-1.49,0
2024-06-06,Adelaide,South Australia,7.9,74.5,Winter,6,13.19,-5.29,0
2024-06-07,Adelaide,South Australia,12.3,72.6,Winter,6,13.19,-0.89,0
2024-06-08,Adelaide,South Australia,16.7,73.3,Winter,6,13.19,3.51,0
2024-06-09,Adelaide,South Australia,15.2,73.4,Winter,6,13.19,2.01,0
2024-06-10,Adelaide,South Australia,21.6,74.0,Winter,6,13.19,8.41,0
2024-06-11,Adelaide,South Australia,19.5,63.7,Winter,6,13.19,6.31,0
2024-06-12,Adelaide,South Australia,19.8,79.4,Winter,6,13.19,6.61,0
2024-06-13,Adelaide,South Australia,17.6,74.3,Winter,6,13.19,4.41,0
2024-06-14,Adelaide,South Australia,15.9,68.0,Winter,6,13.19,2.71,0
2024-06-15,Adelaide,South Australia,16.1,69.2,Winter,6,13.19,2.91,0
2024-06-16,Adelaide,South Australia,15.0,75.5,Winter,6,13.19,1.81,0
2024-06-17,Adelaide,South Australia,17.1,68.3,Winter,6,13.19,3.91,0
2024-06-18,Adelaide,South Australia,20.1,71.7,Winter,6,13.19,6.91,0
2024-06-19,Adelaide,South Australia,22.1,63.0,Winter,6,13.19,8.91,0
2024-06-20,Adelaide,South Australia,18.0,66.6,Winter,6,13.19,4.81,0
2024-06-21,Adelaide,South Australia,15.0,73.8,Winter,6,13.19,1.81,0
2024-06-22,Adelaide,South Australia,12.6,63.8,Winter,6,13.19,-0.59,0
2024-06-23,Adelaide,South Australia,13.2,66.3,Winter,6,13.19,0.01,0
2024-06-24,Adelaide,South Australia,14.6,81.2,Winter,6,13.19,1.41,1
2024-06-25,Adelaide,South Australia,17.3,77.7,Winter,6,13.19,4.11,0
2024-06-26,Adelaide,South Australia,13.7,80.0,Winter,6,13.19,0.51,0
2024-06-27,Adelaide,South Australia,7.7,68.5,Winter,6,13.19,-5.49,0
2024-06-28,Adelaide,South Australia,12.6,66.1,Winter,6,13.19,-0.59,0
2024-06-29,Adelaide,South Australia,7.8,81.3,Winter,6,13.19,-5.39,1
2024-06-30,Adelaide,South Australia,3.5,78.0,Winter,6,13.19,-9.69,0
2024-07-01,Adelaide,South Australia,5.4,72.8,Winter,7,11.968817204301073,-6.57,0
2024-07-02,Adelaide,South Australia,11.6,71.4,Winter,7,11.968817204301073,-0.37,0
2024-07-03,Adelaide,South Australia,11.4,73.7,Winter,7,11.968817204301073,-0.57,0
2024-07-04,Adelaide,South Australia,17.2,66.3,Winter,7,11.968817204301073,5.23,0
2024-07-05,Adelaide,South Australia,19.7,71.6,Winter,7,11.968817204301073,7.73,0
2024-07-06,Adelaide,South Australia,21.7,65.6,Winter,7,11.968817204301073,9.73,0
2024-07-07,Adelaide,South Australia,15.8,78.2,Winter,7,11.968817204301073,3.83,0
2024-07-08,Adelaide,South Australia,12.4,68.9,Winter,7,11.968817204301073,0.43,0
2024-07-09,Adelaide,South Australia,10.4,75.6,Winter,7,11.968817204301073,-1.57,0
2024-07-10,Adelaide,South Australia,14.0,65.7,Winter,7,11.968817204301073,2.03,0
2024-07-11,Adelaide,South Australia,16.6,75.3,Winter,7,11.968817204301073,4.63,0
2024-07-12,Adelaide,South Australia,13.7,67.8,Winter,7,11.968817204301073,1.73,0
2024-07-13,Adelaide,South Australia,12.3,76.7,Winter,7,11.968817204301073,0.33,0
2024-07-14,Adelaide,South Australia,8.7,61.5,Winter,7,11.968817204301073,-3.27,0
2024-07-15,Adelaide,South Australia,4.7,64.3,Winter,7,11.968817204301073,-7.27,0
2024-07-16,Adelaide,South Australia,5.3,70.6,Winter,7,11.968817204301073,-6.67,0
2024-07-17,Adelaide,South Australia,5.7,70.2,Winter,7,11.968817204301073,-6.27,0
2024-07-18,Adelaide,South Australia,13.1,72.7,Winter,7,11.968817204301073,1.13,0
2024-07-19,Adelaide,South Australia,11.9,69.2,Winter,7,11.968817204301073,-0.07,0
2024-07-20,Adelaide,South Australia,12.4,71.1,Winter,7,11.968817204301073,0.43,0
2024-07-21,Adelaide,South Australia,20.0,73.7,Winter,7,11.968817204301073,8.03,0
2024-07-22,Adelaide,South Australia,15.3,70.2,Winter,7,11.968817204301073,3.33,0
2024-07-23,Adelaide,South Australia,13.0,64.4,Winter,7,11.968817204301073,1.03,0
2024-07-24,Adelaide,South Australia,15.3,81.6,Winter,7,11.968817204301073,3.33,1
2024-07-25,Adelaide,South Australia,11.1,70.6,Winter,7,11.968817204301073,-0.87,0
2024-07-26,Adelaide,South Australia,17.7,77.3,Winter,7,11.968817204301073,5.73,0
2024-07-27,Adelaide,South Australia,13.5,61.5,Winter,7,11.968817204301073,1.53,0
2024-07-28,Adelaide,South Australia,10.0,74.3,Winter,7,11.968817204301073,-1.97,0
2024-07-29,Adelaide,South Australia,7.3,61.7,Winter,7,11.968817204301073,-4.67,0
2024-07-30,Adelaide,South Australia,3.7,80.8,Winter,7,11.968817204301073,-8.27,1
2024-07-31,Adelaide,South Australia,0.0,72.0,Winter,7,11.968817204301073,-11.97,0
2024-08-01,Adelaide,South Australia,5.3,65.7,Winter,8,11.009677419354839,-5.71,0
2024-08-02,Adelaide,South Australia,5.7,71.8,Winter,8,11.009677419354839,-5.31,0
2024-08-03,Adelaide,South Australia,8.5,63.2,Winter,8,11.009677419354839,-2.51,0
2024-08-04,Adelaide,South Australia,10.5,57.3,Winter,8,11.009677419354839,-0.51,0
2024-08-05,Adelaide,South Australia,18.8,76.0,Winter,8,11.009677419354839,7.79,0
2024-08-06,Adelaide,South Australia,21.6,69.2,Winter,8,11.009677419354839,10.59,0
2024-08-07,Adelaide,South Australia,14.5,62.3,Winter,8,11.009677419354839,3.49,0
2024-08-08,Adelaide,South Australia,13.6,66.2,Winter,8,11.009677419354839,2.59,0
2024-08-09,Adelaide,South Australia,13.7,66.1,Winter,8,11.009677419354839,2.69,0
2024-08-10,Adelaide,South Australia,9.1,64.5,Winter,8,11.009677419354839,-1.91,0
2024-08-11,Adelaide,South Australia,12.5,72.3,Winter,8,11.009677419354839,1.49,0
2024-08-12,Adelaide,South Australia,17.5,69.5,Winter,8,11.009677419354839,6.49,0
2024-08-13,Adelaide,South Australia,19.5,66.2,Winter,8,11.009677419354839,8.49,0
2024-08-14,Adelaide,South Australia,21.8,76.4,Winter,8,11.009677419354839,10.79,0
2024-08-15,Adelaide,South Australia,19.7,75.9,Winter,8,11.009677419354839,8.69,0
2024-08-16,Adelaide,South Australia,16.3,68.1,Winter,8,11.009677419354839,5.29,0
2024-08-17,Adelaide,South Australia,17.8,64.0,Winter,8,11.009677419354839,6.79,0
2024-08-18,Adelaide,South Australia,16.3,60.4,Winter,8,11.009677419354839,5.29,0
2024-08-19,Adelaide,South Australia,13.7,70.1,Winter,8,11.009677419354839,2.69,0
2024-08-20,Adelaide,South Australia,10.8,69.1,Winter,8,11.009677419354839,-0.21,0
2024-08-21,Adelaide,South Australia,12.0,62.0,Winter,8,11.009677419354839,0.99,0
2024-08-22,Adelaide,South Australia,14.9,59.3,Winter,8,11.009677419354839,3.89,0
2024-08-23,Adelaide,South Australia,20.3,67.5,Winter,8,11.009677419354839,9.29,0
2024-08-24,Adelaide,South Australia,17.9,72.6,Winter,8,11.009677419354839,6.89,0
2024-08-25,Adelaide,South Australia,20.3,69.1,Winter,8,11.009677419354839,9.29,0
2024-08-26,Adelaide,South Australia,15.1,68.0,Winter,8,11.009677419354839,4.09,0
2024-08-27,Adelaide,South Australia,14.8,55.5,Winter,8,11.009677419354839,3.79,0
2024-08-28,Adelaide,South Australia,9.3,68.7,Winter,8,11.009677419354839,-1.71,0
2024-08-29,Adelaide,South Australia,12.9,73.1,Winter,8,11.009677419354839,1.89,0
2024-08-30,Adelaide,South Australia,10.2,70.3,Winter,8,11.009677419354839,-0.81,0
2024-08-31,Adelaide,South Australia,14.1,76.4,Winter,8,11.009677419354839,3.09,0
2024-09-01,Adelaide,South Australia,12.8,59.4,Spring,9,14.33,-1.53,0
2024-09-02,Adelaide,South Australia,8.9,56.7,Spring,9,14.33,-5.43,0
2024-09-03,Adelaide,South Australia,6.3,49.6,Spring,9,14.33,-8.03,0
2024-09-04,Adelaide,South Australia,4.5,46.6,Spring,9,14.33,-9.83,0
2024-09-05,Adelaide,South Australia,8.1,67.6,Spring,9,14.33,-6.23,0
2024-09-06,Adelaide,South Australia,8.7,60.5,Spring,9,14.33,-5.63,0
2024-09-07,Adelaide,South Australia,9.9,60.9,Spring,9,14.33,-4.43,0
2024-09-08,Adelaide,South Australia,9.5,61.7,Spring,9,14.33,-4.83,0
2024-09-09,Adelaide,South Australia,16.0,70.3,Spring,9,14.33,1.67,0
2024-09-10,Adelaide,South Australia,15.3,62.3,Spring,9,14.33,0.97,0
2024-09-11,Adelaide,South Australia,12.4,49.2,Spring,9,14.33,-1.93,0
2024-09-12,Adelaide,South Australia,19.3,65.8,Spring,9,14.33,4.97,0
2024-09-13,Adelaide,South Australia,21.3,53.4,Spring,9,14.33,6.97,0
2024-09-14,Adelaide,South Australia,19.7,60.2,Spring,9,14.33,5.37,0
2024-09-15,Adelaide,South Australia,17.5,59.1,Spring,9,14.33,3.17,0
2024-09-16,Adelaide,South Australia,18.9,54.6,Spring,9,14.33,4.57,0
2024-09-17,Adelaide,South Australia,22.5,63.7,Spring,9,14.33,8.17,0
2024-09-18,Adelaide,South Australia,19.5,65.1,Spring,9,14.33,5.17,0
2024-09-19,Adelaide,South Australia,20.4,63.7,Spring,9,14.33,6.07,0
2024-09-20,Adelaide,South Australia,18.3,55.9,Spring,9,14.33,3.97,0
2024-09-21,Adelaide,South Australia,14.5,68.0,Spring,9,14.33,0.17,0
2024-09-22,Adelaide,South Australia,18.5,49.8,Spring,9,14.33,4.17,0
2024-09-23,Adelaide,South Australia,14.7,61.8,Spring,9,14.33,0.37,0
2024-09-24,Adelaide,South Australia,19.7,75.8,Spring,9,14.33,5.37,0
2024-09-25,Adelaide,South Australia,15.7,59.7,Spring,9,14.33,1.37,0
2024-09-26,Adelaide,South Australia,14.1,63.6,Spring,9,14.33,-0.23,0
2024-09-27,Adelaide,South Australia,12.5,63.5,Spring,9,14.33,-1.83,0
2024-09-28,Adelaide,South Australia,11.6,62.9,Spring,9,14.33,-2.73,0
2024-09-29,Adelaide,South Australia,12.0,69.1,Spring,9,14.33,-2.33,0
2024-09-30,Adelaide,South Australia,8.8,55.1,Spring,9,14.33,-5.53,0
2024-10-01,Adelaide,South Australia,16.2,51.9,Spring,10,15.946236559139784,0.25,0
2024-10-02,Adelaide,South Australia,13.4,60.1,Spring,10,15.946236559139784,-2.55,0
2024-10-03,Adelaide,South Australia,15.9,45.9,Spring,10,15.946236559139784,-0.05,0
2024-10-04,Adelaide,South Australia,18.6,57.8,Spring,10,15.946236559139784,2.65,0
2024-10-05,Adelaide,South Australia,16.3,56.5,Spring,10,15.946236559139784,0.35,0
2024-10-06,Adelaide,South Australia,16.5,57.0,Spring,10,15.946236559139784,0.55,0
2024-10-07,Adelaide,South Australia,21.9,58.3,Spring,10,15.946236559139784,5.95,0
2024-10-08,Adelaide,South Australia,18.3,57.7,Spring,10,15.946236559139784,2.35,0
2024-10-09,Adelaide,South Australia,23.0,49.6,Spring,10,15.946236559139784,7.05,0
2024-10-10,Adelaide,South Australia,21.0,63.8,Spring,10,15.946236559139784,5.05,0
2024-10-11,Adelaide,South Australia,18.8,57.8,Spring,10,15.946236559139784,2.85,0
2024-10-12,Adelaide,South Australia,21.2,58.1,Spring,10,15.946236559139784,5.25,0
2024-10-13,Adelaide,South Australia,23.2,60.9,Spring,10,15.946236559139784,7.25,0
2024-10-14,Adelaide,South Australia,17.2,51.2,Spring,10,15.946236559139784,1.25,0
2024-10-15,Adelaide,South Australia,18.8,51.1,Spring,10,15.946236559139784,2.85,0
2024-10-16,Adelaide,South Australia,18.5,67.2,Spring,10,15.946236559139784,2.55,0
2024-10-17,Adelaide,South Australia,16.5,56.7,Spring,10,15.946236559139784,0.55,0
2024-10-18,Adelaide,South Australia,11.5,51.9,Spring,10,15.946236559139784,-4.45,0
2024-10-19,Adelaide,South Australia,13.2,36.6,Spring,10,15.946236559139784,-2.75,0
2024-10-20,Adelaide,South Australia,14.9,54.0,Spring,10,15.946236559139784,-1.05,0
2024-10-21,Adelaide,South Australia,14.0,43.7,Spring,10,15.946236559139784,-1.95,0
2024-10-22,Adelaide,South Australia,13.0,56.0,Spring,10,15.946236559139784,-2.95,0
2024-10-23,Adelaide,South Australia,11.3,51.9,Spring,10,15.946236559139784,-4.65,0
2024-10-24,Adelaide,South Australia,15.9,46.3,Spring,10,15.946236559139784,-0.05,0
2024-10-25,Adelaide,South Australia,13.8,54.3,Spring,10,15.946236559139784,-2.15,0
2024-10-26,Adelaide,South Australia,13.8,52.6,Spring,10,15.946236559139784,-2.15,0
2024-10-27,Adelaide,South Australia,12.5,61.8,Spring,10,15.946236559139784,-3.45,0
2024-10-28,Adelaide,South Australia,14.9,51.2,Spring,10,15.946236559139784,-1.05,0
2024-10-29,Adelaide,South Australia,15.4,56.3,Spring,10,15.946236559139784,-0.55,0
2024-10-30,Adelaide,South Australia,17.8,49.4,Spring,10,15.946236559139784,1.85,0
2024-10-31,Adelaide,South Australia,16.0,59.5,Spring,10,15.946236559139784,0.05,0
2024-11-01,Adelaide,South Australia,20.7,39.6,Spring,11,19.42222222222222,1.28,0
2024-11-02,Adelaide,South Australia,18.6,47.3,Spring,11,19.42222222222222,-0.82,0
2024-11-03,Adelaide,South Australia,19.5,39.7,Spring,11,19.42222222222222,0.08,0
2024-11-04,Adelaide,South Australia,17.6,44.6,Spring,11,19.42222222222222,-1.82,0
2024-11-05,Adelaide,South Australia,20.8,52.8,Spring,11,19.42222222222222,1.38,0
2024-11-06,Adelaide,South Australia,23.6,39.3,Spring,11,19.42222222222222,4.18,0
2024-11-07,Adelaide,South Australia,23.7,58.0,Spring,11,19.42222222222222,4.28,0
2024-11-08,Adelaide,South Australia,22.3,45.2,Spring,11,19.42222222222222,2.88,0
2024-11-09,Adelaide,South Australia,20.8,36.6,Spring,11,19.42222222222222,1.38,0
2024-11-10,Adelaide,South Australia,23.2,43.0,Spring,11,19.42222222222222,3.78,0
2024-11-11,Adelaide,South Australia,16.4,47.8,Spring,11,19.42222222222222,-3.02,0
2024-11-12,Adelaide,South Australia,12.1,52.2,Spring,11,19.42222222222222,-7.32,0
2024-11-13,Adelaide,South Australia,13.3,55.2,Spring,11,19.42222222222222,-6.12,0
2024-11-14,Adelaide,South Australia,15.8,50.7,Spring,11,19.42222222222222,-3.62,0
2024-11-15,Adelaide,South Australia,12.5,45.1,Spring,11,19.42222222222222,-6.92,0
2024-11-16,Adelaide,South Australia,16.5,51.7,Spring,11,19.42222222222222,-2.92,0
2024-11-17,Adelaide,South Australia,16.5,51.5,Spring,11,19.42222222222222,-2.92,0
2024-11-18,Adelaide,South Australia,19.2,51.8,Spring,11,19.42222222222222,-0.22,0
2024-11-19,Adelaide,South Australia,18.7,53.6,Spring,11,19.42222222222222,-0.72,0
2024-11-20,Adelaide,South Australia,10.7,56.5,Spring,11,19.42222222222222,-8.72,0
2024-11-21,Adelaide,South Australia,14.9,45.2,Spring,11,19.42222222222222,-4.52,0
2024-11-22,Adelaide,South Australia,14.8,44.4,Spring,11,19.42222222222222,-4.62,0
2024-11-23,Adelaide,South Australia,13.5,43.7,Spring,11,19.42222222222222,-5.92,0
2024-11-24,Adelaide,South Australia,9.2,58.3,Spring,11,19.42222222222222,-10.22,0
2024-11-25,Adelaide,South Australia,16.3,49.5,Spring,11,19.42222222222222,-3.12,0
2024-11-26,Adelaide,South Australia,26.9,55.4,Spring,11,19.42222222222222,7.48,0
2024-11-27,Adelaide,South Australia,22.5,36.3,Spring,11,19.42222222222222,3.08,0
2024-11-28,Adelaide,South Australia,20.7,44.3,Spring,11,19.42222222222222,1.28,0
2024-11-29,Adelaide,South Australia,17.5,53.2,Spring,11,19.42222222222222,-1.92,0
2024-11-30,Adelaide,South Australia,15.1,49.7,Spring,11,19.42222222222222,-4.32,0
2024-12-01,Adelaide,South Australia,22.3,49.7,Summer,12,20.876344086021504,1.42,0
2024-12-02,Adelaide,South Australia,19.3,46.7,Summer,12,20.876344086021504,-1.58,0
2024-12-03,Adelaide,South Australia,21.0,42.9,Summer,12,20.876344086021504,0.12,0
2024-12-04,Adelaide,South Australia,16.3,39.5,Summer,12,20.876344086021504,-4.58,0
2024-12-05,Adelaide,South Australia,16.7,45.6,Summer,12,20.876344086021504,-4.18,0
2024-12-06,Adelaide,South Australia,28.1,44.2,Summer,12,20.876344086021504,7.22,0
2024-12-07,Adelaide,South Australia,26.5,57.1,Summer,12,20.876344086021504,5.62,0
2024-12-08,Adelaide,South Australia,28.4,48.6,Summer,12,20.876344086021504,7.52,0
2024-12-09,Adelaide,South Australia,26.0,48.0,Summer,12,20.876344086021504,5.12,0
2024-12-10,Adelaide,South Australia,28.3,42.0,Summer,12,20.876344086021504,7.42,0
2024-12-11,Adelaide,South Australia,24.2,46.3,Summer,12,20.876344086021504,3.32,0
2024-12-12,Adelaide,South Australia,23.2,41.1,Summer,12,20.876344086021504,2.32,0
2024-12-13,Adelaide,South Australia,17.8,50.4,Summer,12,20.876344086021504,-3.08,0
2024-12-14,Adelaide,South Australia,20.4,34.6,Summer,12,20.876344086021504,-0.48,0
2024-12-15,Adelaide,South Australia,22.2,42.4,Summer,12,20.876344086021504,1.32,0
2024-12-16,Adelaide,South Australia,24.7,35.6,Summer,12,20.876344086021504,3.82,0
2024-12-17,Adelaide,South Australia,18.3,49.0,Summer,12,20.876344086021504,-2.58,0
2024-12-18,Adelaide,South Australia,13.6,39.2,Summer,12,20.876344086021504,-7.28,0
2024-12-19,Adelaide,South Australia,13.3,41.8,Summer,12,20.876344086021504,-7.58,0
2024-12-20,Adelaide,South Australia,15.8,56.6,Summer,12,20.876344086021504,-5.08,0
2024-12-21,Adelaide,South Australia,12.2,51.8,Summer,12,20.876344086021504,-8.68,0
2024-12-22,Adelaide,South Australia,15.1,44.1,Summer,12,20.876344086021504,-5.78,0
2024-12-23,Adelaide,South Australia,15.5,42.0,Summer,12,20.876344086021504,-5.38,0
2024-12-24,Adelaide,South Australia,19.1,49.4,Summer,12,20.876344086021504,-1.78,0
2024-12-25,Adelaide,South Australia,16.4,41.1,Summer,12,20.876344086021504,-4.48,0
2024-12-26,Adelaide,South Australia,22.9,50.0,Summer,12,20.876344086021504,2.02,0
2024-12-27,Adelaide,South Australia,23.7,41.1,Summer,12,20.876344086021504,2.82,0
2024-12-28,Adelaide,South Australia,19.8,41.3,Summer,12,20.876344086021504,-1.08,0
2024-12-29,Adelaide,South Australia,21.0,47.3,Summer,12,20.876344086021504,0.12,0
2024-12-30,Adelaide,South Australia,16.7,40.5,Summer,12,20.876344086021504,-4.18,0
2024-12-31,Adelaide,South Australia,18.8,35.3,Summer,12,20.876344086021504,-2.08,0
2025-01-01,Adelaide,South Australia,24.4,43.2,Summer,1,21.739784946236558,2.66,0
2025-01-02,Adelaide,South Australia,24.7,42.8,Summer,1,21.739784946236558,2.96,0
2025-01-03,Adelaide,South Australia,16.9,58.7,Summer,1,21.739784946236558,-4.84,0
2025-01-04,Adelaide,South Australia,19.4,37.5,Summer,1,21.739784946236558,-2.34,0
2025-01-05,Adelaide,South Australia,21.0,41.5,Summer,1,21.739784946236558,-0.74,0
2025-01-06,Adelaide,South Australia,19.1,49.9,Summer,1,21.739784946236558,-2.64,0
2025-01-07,Adelaide,South Australia,16.6,33.2,Summer,1,21.739784946236558,-5.14,0
2025-01-08,Adelaide,South Australia,18.5,41.7,Summer,1,21.739784946236558,-3.24,0
2025-01-09,Adelaide,South Australia,19.0,49.1,Summer,1,21.739784946236558,-2.74,0
2025-01-10,Adelaide,South Australia,18.0,45.7,Summer,1,21.739784946236558,-3.74,0
2025-01-11,Adelaide,South Australia,16.3,48.7,Summer,1,21.739784946236558,-5.44,0
2025-01-12,Adelaide,South Australia,22.7,63.1,Summer,1,21.739784946236558,0.96,0
2025-01-13,Adelaide,South Australia,24.2,41.3,Summer,1,21.739784946236558,2.46,0
2025-01-14,Adelaide,South Australia,22.6,49.0,Summer,1,21.739784946236558,0.86,0
2025-01-15,Adelaide,South Australia,20.5,54.1,Summer,1,21.739784946236558,-1.24,0
2025-01-16,Adelaide,South Australia,22.1,45.3,Summer,1,21.739784946236558,0.36,0
2025-01-17,Adelaide,South Australia,18.6,43.2,Summer,1,21.739784946236558,-3.14,0
2025-01-18,Adelaide,South Australia,18.4,40.1,Summer,1,21.739784946236558,-3.34,0
2025-01-19,Adelaide,South Australia,18.3,40.5,Summer,1,21.739784946236558,-3.44,0
2025-01-20,Adelaide,South Australia,17.8,47.7,Summer,1,21.739784946236558,-3.94,0
2025-01-21,Adelaide,South Australia,19.3,47.1,Summer,1,21.739784946236558,-2.44,0
2025-01-22,Adelaide,South Australia,15.1,38.0,Summer,1,21.739784946236558,-6.64,0
2025-01-23,Adelaide,South Australia,19.5,43.1,Summer,1,21.739784946236558,-2.24,0
2025-01-24,Adelaide,South Australia,22.8,38.8,Summer,1,21.739784946236558,1.06,0
2025-01-25,Adelaide,South Australia,25.6,50.2,Summer,1,21.739784946236558,3.86,0
2025-01-26,Adelaide,South Australia,22.0,46.1,Summer,1,21.739784946236558,0.26,0
2025-01-27,Adelaide,South Australia,20.1,54.2,Summer,1,21.739784946236558,-1.64,0
2025-01-28,Adelaide,South Australia,22.5,43.2,Summer,1,21.739784946236558,0.76,0
2025-01-29,Adelaide,South Australia,21.7,42.5,Summer,1,21.739784946236558,-0.04,0
2025-01-30,Adelaide,South Australia,21.5,37.5,Summer,1,21.739784946236558,-0.24,0
2025-01-31,Adelaide,South Australia,21.5,47.5,Summer,1,21.739784946236558,-0.24,0
2025-02-01,Adelaide,South Australia,23.3,52.7,Summer,2,25.13176470588235,-1.83,0
2025-02-02,Adelaide,South Australia,27.9,56.5,Summer,2,25.13176470588235,2.77,0
2025-02-03,Adelaide,South Australia,26.3,43.1,Summer,2,25.13176470588235,1.17,0
2025-02-04,Adelaide,South Australia,23.3,48.1,Summer,2,25.13176470588235,-1.83,0
2025-02-05,Adelaide,South Australia,26.5,36.6,Summer,2,25.13176470588235,1.37,0
2025-02-06,Adelaide,South Australia,27.6,48.6,Summer,2,25.13176470588235,2.47,0
2025-02-07,Adelaide,South Australia,23.1,42.3,Summer,2,25.13176470588235,-2.03,0
2025-02-08,Adelaide,South Australia,22.2,52.3,Summer,2,25.13176470588235,-2.93,0
2025-02-09,Adelaide,South Australia,23.6,46.5,Summer,2,25.13176470588235,-1.53,0
2025-02-10,Adelaide,South Australia,21.1,45.5,Summer,2,25.13176470588235,-4.03,0
2025-02-11,Adelaide,South Australia,23.5,40.5,Summer,2,25.13176470588235,-1.63,0
2025-02-12,Adelaide,South Australia,21.5,53.7,Summer,2,25.13176470588235,-3.63,0
2025-02-13,Adelaide,South Australia,23.2,46.0,Summer,2,25.13176470588235,-1.93,0
2025-02-14,Adelaide,South Australia,19.7,52.6,Summer,2,25.13176470588235,-5.43,0
2025-02-15,Adelaide,South Australia,16.0,47.7,Summer,2,25.13176470588235,-9.13,0
2025-02-16,Adelaide,South Australia,23.6,40.1,Summer,2,25.13176470588235,-1.53,0
2025-02-17,Adelaide,South Australia,23.8,38.1,Summer,2,25.13176470588235,-1.33,0
2025-02-18,Adelaide,South Australia,21.3,31.3,Summer,2,25.13176470588235,-3.83,0
2025-02-19,Adelaide,South Australia,19.7,45.8,Summer,2,25.13176470588235,-5.43,0
2025-02-20,Adelaide,South Australia,23.3,56.7,Summer,2,25.13176470588235,-1.83,0
2025-02-21,Adelaide,South Australia,22.9,46.3,Summer,2,25.13176470588235,-2.23,0
2025-02-22,Adelaide,South Australia,23.2,35.7,Summer,2,25.13176470588235,-1.93,0
2025-02-23,Adelaide,South Australia,24.3,41.0,Summer,2,25.13176470588235,-0.83,0
2025-02-24,Adelaide,South Australia,25.0,37.8,Summer,2,25.13176470588235,-0.13,0
2025-02-25,Adelaide,South Australia,26.0,52.8,Summer,2,25.13176470588235,0.87,0
2025-02-26,Adelaide,South Australia,24.2,42.4,Summer,2,25.13176470588235,-0.93,0
2025-02-27,Adelaide,South Australia,23.4,46.6,Summer,2,25.13176470588235,-1.73,0
2025-02-28,Adelaide,South Australia,14.9,43.9,Summer,2,25.13176470588235,-10.23,0
2025-03-01,Adelaide,South Australia,17.2,47.5,Autumn,3,22.23978494623656,-5.04,0
2025-03-02,Adelaide,South Australia,24.7,50.8,Autumn,3,22.23978494623656,2.46,0
2025-03-03,Adelaide,South Australia,26.3,52.8,Autumn,3,22.23978494623656,4.06,0
2025-03-04,Adelaide,South Australia,24.7,52.8,Autumn,3,22.23978494623656,2.46,0
2025-03-05,Adelaide,South Australia,23.6,54.1,Autumn,3,22.23978494623656,1.36,0
2025-03-06,Adelaide,South Australia,21.5,45.6,Autumn,3,22.23978494623656,-0.74,0
2025-03-07,Adelaide,South Australia,23.1,58.1,Autumn,3,22.23978494623656,0.86,0
2025-03-08,Adelaide,South Australia,23.2,50.6,Autumn,3,22.23978494623656,0.96,0
2025-03-09,Adelaide,South Australia,24.9,46.9,Autumn,3,22.23978494623656,2.66,0
2025-03-10,Adelaide,South Australia,25.6,50.4,Autumn,3,22.23978494623656,3.36,0
2025-03-11,Adelaide,South Australia,27.4,45.7,Autumn,3,22.23978494623656,5.16,0
2025-03-12,Adelaide,South Australia,22.7,50.5,Autumn,3,22.23978494623656,0.46,0
2025-03-13,Adelaide,South Australia,19.9,57.6,Autumn,3,22.23978494623656,-2.34,0
2025-03-14,Adelaide,South Australia,20.8,53.9,Autumn,3,22.23978494623656,-1.44,0
2025-03-15,Adelaide,South Australia,22.1,44.3,Autumn,3,22.23978494623656,-0.14,0
2025-03-16,Adelaide,South Australia,25.5,48.8,Autumn,3,22.23978494623656,3.26,0
2025-03-17,Adelaide,South Australia,22.0,50.1,Autumn,3,22.23978494623656,-0.24,0
2025-03-18,Adelaide,South Australia,26.1,50.3,Autumn,3,22.23978494623656,3.86,0
2025-03-19,Adelaide,South Australia,24.7,33.8,Autumn,3,22.23978494623656,2.46,0
2025-03-20,Adelaide,South Australia,19.8,47.6,Autumn,3,22.23978494623656,-2.44,0
2025-03-21,Adelaide,South Australia,23.2,57.3,Autumn,3,22.23978494623656,0.96,0
2025-03-22,Adelaide,South Australia,16.6,52.0,Autumn,3,22.23978494623656,-5.64,0
2025-03-23,Adelaide,South Australia,20.9,47.8,Autumn,3,22.23978494623656,-1.34,0
2025-03-24,Adelaide,South Australia,19.8,48.7,Autumn,3,22.23978494623656,-2.44,0
2025-03-25,Adelaide,South Australia,24.1,55.9,Autumn,3,22.23978494623656,1.86,0
2025-03-26,Adelaide,South Australia,24.0,43.7,Autumn,3,22.23978494623656,1.76,0
2025-03-27,Adelaide,South Australia,21.5,54.1,Autumn,3,22.23978494623656,-0.74,0
2025-03-28,Adelaide,South Australia,21.8,49.6,Autumn,3,22.23978494623656,-0.44,0
2025-03-29,Adelaide,South Australia,27.0,51.9,Autumn,3,22.23978494623656,4.76,0
2025-03-30,Adelaide,South Australia,27.1,52.2,Autumn,3,22.23978494623656,4.86,0
2025-03-31,Adelaide,South Australia,28.4,43.4,Autumn,3,22.23978494623656,6.16,0
2025-04-01,Adelaide,South Australia,21.0,70.3,Autumn,4,18.502222222222223,2.5,0
2025-04-02,Adelaide,South Australia,17.6,51.5,Autumn,4,18.502222222222223,-0.9,0
2025-04-03,Adelaide,South Australia,17.5,56.2,Autumn,4,18.502222222222223,-1.0,0
2025-04-04,Adelaide,South Australia,17.8,53.6,Autumn,4,18.502222222222223,-0.7,0
2025-04-05,Adelaide,South Australia,21.4,57.7,Autumn,4,18.502222222222223,2.9,0
2025-04-06,Adelaide,South Australia,20.6,55.3,Autumn,4,18.502222222222223,2.1,0
2025-04-07,Adelaide,South Australia,19.0,44.8,Autumn,4,18.502222222222223,0.5,0
2025-04-08,Adelaide,South Australia,9.8,53.4,Autumn,4,18.502222222222223,-8.7,0
2025-04-09,Adelaide,South Australia,10.0,52.7,Autumn,4,18.502222222222223,-8.5,0
2025-04-10,Adelaide,South Australia,13.2,54.9,Autumn,4,18.502222222222223,-5.3,0
2025-04-11,Adelaide,South Australia,16.9,58.3,Autumn,4,18.502222222222223,-1.6,0
2025-04-12,Adelaide,South Australia,17.0,64.7,Autumn,4,18.502222222222223,-1.5,0
2025-04-13,Adelaide,South Australia,22.7,53.0,Autumn,4,18.502222222222223,4.2,0
2025-04-14,Adelaide,South Australia,15.5,56.5,Autumn,4,18.502222222222223,-3.0,0
2025-04-15,Adelaide,South Australia,13.8,60.3,Autumn,4,18.502222222222223,-4.7,0
2025-04-16,Adelaide,South Australia,16.5,63.1,Autumn,4,18.502222222222223,-2.0,0
2025-04-17,Adelaide,South Australia,17.9,59.1,Autumn,4,18.502222222222223,-0.6,0
2025-04-18,Adelaide,South Australia,22.4,55.6,Autumn,4,18.502222222222223,3.9,0
2025-04-19,Adelaide,South Australia,21.0,55.6,Autumn,4,18.502222222222223,2.5,0
2025-04-20,Adelaide,South Australia,18.4,66.5,Autumn,4,18.502222222222223,-0.1,0
2025-04-21,Adelaide,South Australia,16.1,56.4,Autumn,4,18.502222222222223,-2.4,0
2025-04-22,Adelaide,South Australia,16.3,55.2,Autumn,4,18.502222222222223,-2.2,0
2025-04-23,Adelaide,South Australia,13.3,60.9,Autumn,4,18.502222222222223,-5.2,0
2025-04-24,Adelaide,South Australia,12.8,63.3,Autumn,4,18.502222222222223,-5.7,0
2025-04-25,Adelaide,South Australia,10.9,46.6,Autumn,4,18.502222222222223,-7.6,0
2025-04-26,Adelaide,South Australia,14.4,58.8,Autumn,4,18.502222222222223,-4.1,0
2025-04-27,Adelaide,South Australia,14.3,61.2,Autumn,4,18.502222222222223,-4.2,0
2025-04-28,Adelaide,South Australia,16.3,51.0,Autumn,4,18.502222222222223,-2.2,0
2025-04-29,Adelaide,South Australia,15.6,66.3,Autumn,4,18.502222222222223,-2.9,0
2025-04-30,Adelaide,South Australia,19.4,44.3,Autumn,4,18.502222222222223,0.9,0
2025-05-01,Adelaide,South Australia,16.2,69.3,Autumn,5,16.615053763440862,-0.42,0
2025-05-02,Adelaide,South Australia,18.3,70.5,Autumn,5,16.615053763440862,1.68,0
2025-05-03,Adelaide,South Australia,13.8,62.2,Autumn,5,16.615053763440862,-2.82,0
2025-05-04,Adelaide,South Australia,10.7,69.8,Autumn,5,16.615053763440862,-5.92,0
2025-05-05,Adelaide,South Australia,14.3,69.2,Autumn,5,16.615053763440862,-2.32,0
2025-05-06,Adelaide,South Australia,9.6,63.2,Autumn,5,16.615053763440862,-7.02,0
2025-05-07,Adelaide,South Australia,11.4,67.2,Autumn,5,16.615053763440862,-5.22,0
2025-05-08,Adelaide,South Australia,11.8,66.0,Autumn,5,16.615053763440862,-4.82,0
2025-05-09,Adelaide,South Australia,11.6,70.1,Autumn,5,16.615053763440862,-5.02,0
2025-05-10,Adelaide,South Australia,13.8,62.9,Autumn,5,16.615053763440862,-2.82,0
2025-05-11,Adelaide,South Australia,15.5,66.0,Autumn,5,16.615053763440862,-1.12,0
2025-05-12,Adelaide,South Australia,20.8,62.9,Autumn,5,16.615053763440862,4.18,0
2025-05-13,Adelaide,South Australia,19.3,65.1,Autumn,5,16.615053763440862,2.68,0
2025-05-14,Adelaide,South Australia,12.6,68.0,Autumn,5,16.615053763440862,-4.02,0
2025-05-15,Adelaide,South Australia,14.7,70.4,Autumn,5,16.615053763440862,-1.92,0
2025-05-16,Adelaide,South Australia,15.1,72.4,Autumn,5,16.615053763440862,-1.52,0
2025-05-17,Adelaide,South Australia,13.1,66.2,Autumn,5,16.615053763440862,-3.52,0
2025-05-18,Adelaide,South Australia,15.6,65.4,Autumn,5,16.615053763440862,-1.02,0
2025-05-19,Adelaide,South Australia,19.3,58.6,Autumn,5,16.615053763440862,2.68,0
2025-05-20,Adelaide,South Australia,22.9,65.5,Autumn,5,16.615053763440862,6.28,0
2025-05-21,Adelaide,South Australia,18.8,63.0,Autumn,5,16.615053763440862,2.18,0
2025-05-22,Adelaide,South Australia,15.9,77.9,Autumn,5,16.615053763440862,-0.72,0
2025-05-23,Adelaide,South Australia,19.8,73.3,Autumn,5,16.615053763440862,3.18,0
2025-05-24,Adelaide,South Australia,20.9,59.0,Autumn,5,16.615053763440862,4.28,0
2025-05-25,Adelaide,South Australia,20.5,64.3,Autumn,5,16.615053763440862,3.88,0
2025-05-26,Adelaide,South Australia,12.5,67.4,Autumn,5,16.615053763440862,-4.12,0
2025-05-27,Adelaide,South Australia,12.9,64.3,Autumn,5,16.615053763440862,-3.72,0
2025-05-28,Adelaide,South Australia,14.6,69.7,Autumn,5,16.615053763440862,-2.02,0
2025-05-29,Adelaide,South Australia,11.1,69.7,Autumn,5,16.615053763440862,-5.52,0
2025-05-30,Adelaide,South Australia,15.4,71.2,Autumn,5,16.615053763440862,-1.22,0
2025-05-31,Adelaide,South Australia,20.0,57.5,Autumn,5,16.615053763440862,3.38,0
2025-06-01,Adelaide,South Australia,18.5,79.3,Winter,6,13.19,5.31,0
2025-06-02,Adelaide,South Australia,14.8,88.5,Winter,6,13.19,1.61,1
2025-06-03,Adelaide,South Australia,16.2,77.2,Winter,6,13.19,3.01,0
2025-06-04,Adelaide,South Australia,14.0,64.0,Winter,6,13.19,0.81,0
2025-06-05,Adelaide,South Australia,14.6,72.6,Winter,6,13.19,1.41,0
2025-06-06,Adelaide,South Australia,15.8,76.8,Winter,6,13.19,2.61,0
2025-06-07,Adelaide,South Australia,18.6,72.8,Winter,6,13.19,5.41,0
2025-06-08,Adelaide,South Australia,15.6,76.7,Winter,6,13.19,2.41,0
2025-06-09,Adelaide,South Australia,12.7,76.8,Winter,6,13.19,-0.49,0
2025-06-10,Adelaide,South Australia,9.4,67.7,Winter,6,13.19,-3.79,0
2025-06-11,Adelaide,South Australia,12.8,65.8,Winter,6,13.19,-0.39,0
2025-06-12,Adelaide,South Australia,12.8,73.7,Winter,6,13.19,-0.39,0
2025-06-13,Adelaide,South Australia,13.5,65.7,Winter,6,13.19,0.31,0
2025-06-14,Adelaide,South Australia,9.9,73.0,Winter,6,13.19,-3.29,0
2025-06-15,Adelaide,South Australia,15.9,62.7,Winter,6,13.19,2.71,0
2025-06-16,Adelaide,South Australia,15.2,69.7,Winter,6,13.19,2.01,0
2025-06-17,Adelaide,South Australia,19.8,81.4,Winter,6,13.19,6.61,1
2025-06-18,Adelaide,South Australia,21.7,78.0,Winter,6,13.19,8.51,0
2025-06-19,Adelaide,South Australia,16.6,75.1,Winter,6,13.19,3.41,0
2025-06-20,Adelaide,South Australia,15.4,68.7,Winter,6,13.19,2.21,0
2025-06-21,Adelaide,South Australia,15.1,75.1,Winter,6,13.19,1.91,0
2025-06-22,Adelaide,South Australia,12.8,82.9,Winter,6,13.19,-0.39,1
2025-06-23,Adelaide,South Australia,13.4,73.5,Winter,6,13.19,0.21,0
2025-06-24,Adelaide,South Australia,12.8,74.9,Winter,6,13.19,-0.39,0
2025-06-25,Adelaide,South Australia,14.6,65.3,Winter,6,13.19,1.41,0
2025-06-26,Adelaide,South Australia,10.6,68.0,Winter,6,13.19,-2.59,0
2025-06-27,Adelaide,South Australia,10.9,78.2,Winter,6,13.19,-2.29,0
2025-06-28,Adelaide,South Australia,10.4,57.7,Winter,6,13.19,-2.79,0
2025-06-29,Adelaide,South Australia,14.5,69.4,Winter,6,13.19,1.31,0
2025-06-30,Adelaide,South Australia,10.3,74.1,Winter,6,13.19,-2.89,0
2025-07-01,Adelaide,South Australia,7.4,71.3,Winter,7,11.968817204301073,-4.57,0
2025-07-02,Adelaide,South Australia,10.9,65.6,Winter,7,11.968817204301073,-1.07,0
2025-07-03,Adelaide,South Australia,7.9,82.8,Winter,7,11.968817204301073,-4.07,1
2025-07-04,Adelaide,South Australia,11.6,74.7,Winter,7,11.968817204301073,-0.37,0
2025-07-05,Adelaide,South Australia,13.0,74.2,Winter,7,11.968817204301073,1.03,0
2025-07-06,Adelaide,South Australia,18.6,62.6,Winter,7,11.968817204301073,6.63,0
2025-07-07,Adelaide,South Australia,12.6,72.9,Winter,7,11.968817204301073,0.63,0
2025-07-08,Adelaide,South Australia,13.7,74.7,Winter,7,11.968817204301073,1.73,0
2025-07-09,Adelaide,South Australia,17.2,79.5,Winter,7,11.968817204301073,5.23,0
2025-07-10,Adelaide,South Australia,18.6,81.7,Winter,7,11.968817204301073,6.63,1
2025-07-11,Adelaide,South Australia,20.4,72.3,Winter,7,11.968817204301073,8.43,0
2025-07-12,Adelaide,South Australia,19.2,79.2,Winter,7,11.968817204301073,7.23,0
2025-07-13,Adelaide,South Australia,16.2,70.6,Winter,7,11.968817204301073,4.23,0
2025-07-14,Adelaide,South Australia,13.8,70.7,Winter,7,11.968817204301073,1.83,0
2025-07-15,Adelaide,South Australia,12.3,74.3,Winter,7,11.968817204301073,0.33,0
2025-07-16,Adelaide,South Australia,6.5,80.7,Winter,7,11.968817204301073,-5.47,1
2025-07-17,Adelaide,South Australia,1.8,71.7,Winter,7,11.968817204301073,-10.17,0
2025-07-18,Adelaide,South Australia,6.0,63.1,Winter,7,11.968817204301073,-5.97,0
2025-07-19,Adelaide,South Australia,9.8,79.1,Winter,7,11.968817204301073,-2.17,0
2025-07-20,Adelaide,South Australia,8.1,56.4,Winter,7,11.968817204301073,-3.87,0
2025-07-21,Adelaide,South Australia,5.0,64.7,Winter,7,11.968817204301073,-6.97,0
2025-07-22,Adelaide,South Australia,5.9,83.7,Winter,7,11.968817204301073,-6.07,1
2025-07-23,Adelaide,South Australia,3.5,78.3,Winter,7,11.968817204301073,-8.47,0
2025-07-24,Adelaide,South Australia,6.5,62.4,Winter,7,11.968817204301073,-5.47,0
2025-07-25,Adelaide,South Australia,6.1,78.7,Winter,7,11.968817204301073,-5.87,0
2025-07-26,Adelaide,South Australia,3.3,79.4,Winter,7,11.968817204301073,-8.67,0
2025-07-27,Adelaide,South Australia,6.0,68.5,Winter,7,11.968817204301073,-5.97,0
2025-07-28,Adelaide,South Australia,8.0,79.9,Winter,7,11.968817204301073,-3.97,0
2025-07-29,Adelaide,South Australia,7.7,72.0,Winter,7,11.968817204301073,-4.27,0
2025-07-30,Adelaide,South Australia,4.0,78.8,Winter,7,11.968817204301073,-7.97,0
2025-07-31,Adelaide,South Australia,5.5,66.0,Winter,7,11.968817204301073,-6.47,0
2025-08-01,Adelaide,South Australia,11.1,68.7,Winter,8,11.009677419354839,0.09,0
2025-08-02,Adelaide,South Australia,2.0,62.9,Winter,8,11.009677419354839,-9.01,0
2025-08-03,Adelaide,South Australia,2.0,69.6,Winter,8,11.009677419354839,-9.01,0
2025-08-04,Adelaide,South Australia,5.8,57.1,Winter,8,11.009677419354839,-5.21,0
2025-08-05,Adelaide,South Australia,11.6,67.5,Winter,8,11.009677419354839,0.59,0
2025-08-06,Adelaide,South Australia,12.8,64.2,Winter,8,11.009677419354839,1.79,0
2025-08-07,Adelaide,South Australia,12.9,74.4,Winter,8,11.009677419354839,1.89,0
2025-08-08,Adelaide,South Australia,10.5,63.1,Winter,8,11.009677419354839,-0.51,0
2025-08-09,Adelaide,South Australia,6.1,60.2,Winter,8,11.009677419354839,-4.91,0
2025-08-10,Adelaide,South Australia,6.3,84.8,Winter,8,11.009677419354839,-4.71,1
2025-08-11,Adelaide,South Australia,8.9,68.4,Winter,8,11.009677419354839,-2.11,0
2025-08-12,Adelaide,South Australia,11.4,63.1,Winter,8,11.009677419354839,0.39,0
2025-08-13,Adelaide,South Australia,5.7,59.0,Winter,8,11.009677419354839,-5.31,0
2025-08-14,Adelaide,South Australia,11.4,76.3,Winter,8,11.009677419354839,0.39,0
2025-08-15,Adelaide,South Australia,17.2,70.1,Winter,8,11.009677419354839,6.19,0
2025-08-16,Adelaide,South Australia,19.0,56.8,Winter,8,11.009677419354839,7.99,0
2025-08-17,Adelaide,South Australia,11.5,73.6,Winter,8,11.009677419354839,0.49,0
2025-08-18,Adelaide,South Australia,10.3,59.6,Winter,8,11.009677419354839,-0.71,0
2025-08-19,Adelaide,South Australia,8.5,58.2,Winter,8,11.009677419354839,-2.51,0
2025-08-20,Adelaide,South Australia,3.5,66.3,Winter,8,11.009677419354839,-7.51,0
2025-08-21,Adelaide,South Australia,-0.3,71.4,Winter,8,11.009677419354839,-11.31,0
2025-08-22,Adelaide,South Australia,1.1,65.2,Winter,8,11.009677419354839,-9.91,0
2025-08-23,Adelaide,South Australia,6.4,80.9,Winter,8,11.009677419354839,-4.61,1
2025-08-24,Adelaide,South Australia,5.9,68.2,Winter,8,11.009677419354839,-5.11,0
2025-08-25,Adelaide,South Australia,5.7,62.1,Winter,8,11.009677419354839,-5.31,0
2025-08-26,Adelaide,South Australia,9.2,69.4,Winter,8,11.009677419354839,-1.81,0
2025-08-27,Adelaide,South Australia,8.1,71.4,Winter,8,11.009677419354839,-2.91,0
2025-08-28,Adelaide,South Australia,6.9,68.9,Winter,8,11.009677419354839,-4.11,0
2025-08-29,Adelaide,South Australia,12.1,66.4,Winter,8,11.009677419354839,1.09,0
2025-08-30,Adelaide,South Australia,20.3,61.6,Winter,8,11.009677419354839,9.29,0
2025-08-31,Adelaide,South Australia,10.4,67.1,Winter,8,11.009677419354839,-0.61,0
2025-09-01,Adelaide,South Australia,13.0,54.7,Spring,9,14.33,-1.33,0
2025-09-02,Adelaide,South Australia,7.8,57.6,Spring,9,14.33,-6.53,0
2025-09-03,Adelaide,South Australia,5.7,67.1,Spring,9,14.33,-8.63,0
2025-09-04,Adelaide,South Australia,13.6,64.4,Spring,9,14.33,-0.73,0
2025-09-05,Adelaide,South Australia,11.2,50.6,Spring,9,14.33,-3.13,0
2025-09-06,Adelaide,South Australia,17.8,58.1,Spring,9,14.33,3.47,0
2025-09-07,Adelaide,South Australia,20.3,64.2,Spring,9,14.33,5.97,0
2025-09-08,Adelaide,South Australia,17.8,65.3,Spring,9,14.33,3.47,0
2025-09-09,Adelaide,South Australia,18.8,58.1,Spring,9,14.33,4.47,0
2025-09-10,Adelaide,South Australia,17.7,57.0,Spring,9,14.33,3.37,0
2025-09-11,Adelaide,South Australia,18.5,68.2,Spring,9,14.33,4.17,0
2025-09-12,Adelaide,South Australia,13.7,56.0,Spring,9,14.33,-0.63,0
2025-09-13,Adelaide,South Australia,8.2,59.7,Spring,9,14.33,-6.13,0
2025-09-14,Adelaide,South Australia,11.0,70.9,Spring,9,14.33,-3.33,0
2025-09-15,Adelaide,South Australia,17.6,59.0,Spring,9,14.33,3.27,0
2025-09-16,Adelaide,South Australia,12.4,66.8,Spring,9,14.33,-1.93,0
2025-09-17,Adelaide,South Australia,13.6,68.2,Spring,9,14.33,-0.73,0
2025-09-18,Adelaide,South Australia,16.7,55.5,Spring,9,14.33,2.37,0
2025-09-19,Adelaide,South Australia,15.6,70.8,Spring,9,14.33,1.27,0
2025-09-20,Adelaide,South Australia,11.5,49.6,Spring,9,14.33,-2.83,0
2025-09-21,Adelaide,South Australia,11.9,57.4,Spring,9,14.33,-2.43,0
2025-09-22,Adelaide,South Australia,15.5,66.0,Spring,9,14.33,1.17,0
2025-09-23,Adelaide,South Australia,15.2,66.4,Spring,9,14.33,0.87,0
2025-09-24,Adelaide,South Australia,16.5,69.4,Spring,9,14.33,2.17,0
2025-09-25,Adelaide,South Australia,17.1,51.3,Spring,9,14.33,2.77,0
2025-09-26,Adelaide,South Australia,17.7,56.6,Spring,9,14.33,3.37,0
2025-09-27,Adelaide,South Australia,11.0,53.9,Spring,9,14.33,-3.33,0
2025-09-28,Adelaide,South Australia,15.4,60.7,Spring,9,14.33,1.07,0
2025-09-29,Adelaide,South Australia,13.3,60.8,Spring,9,14.33,-1.03,0
2025-09-30,Adelaide,South Australia,17.7,47.3,Spring,9,14.33,3.37,0
2025-10-01,Adelaide,South Australia,21.9,51.3,Spring,10,15.946236559139784,5.95,0
2025-10-02,Adelaide,South Australia,22.0,63.9,Spring,10,15.946236559139784,6.05,0
2025-10-03,Adelaide,South Australia,20.9,51.2,Spring,10,15.946236559139784,4.95,0
2025-10-04,Adelaide,South Australia,19.7,46.9,Spring,10,15.946236559139784,3.75,0
2025-10-05,Adelaide,South Australia,16.1,61.0,Spring,10,15.946236559139784,0.15,0
2025-10-06,Adelaide,South Australia,14.2,59.1,Spring,10,15.946236559139784,-1.75,0
2025-10-07,Adelaide,South Australia,13.2,50.6,Spring,10,15.946236559139784,-2.75,0
2025-10-08,Adelaide,South Australia,18.9,54.8,Spring,10,15.946236559139784,2.95,0
2025-10-09,Adelaide,South Australia,15.1,55.8,Spring,10,15.946236559139784,-0.85,0
2025-10-10,Adelaide,South Australia,13.8,64.5,Spring,10,15.946236559139784,-2.15,0
2025-10-11,Adelaide,South Australia,14.5,57.9,Spring,10,15.946236559139784,-1.45,0
2025-10-12,Adelaide,South Australia,11.6,37.4,Spring,10,15.946236559139784,-4.35,0
2025-10-13,Adelaide,South Australia,11.9,34.1,Spring,10,15.946236559139784,-4.05,0
2025-10-14,Adelaide,South Australia,7.9,53.4,Spring,10,15.946236559139784,-8.05,0
2025-10-15,Adelaide,South Australia,12.7,56.7,Spring,10,15.946236559139784,-3.25,0
2025-10-16,Adelaide,South Australia,11.6,67.9,Spring,10,15.946236559139784,-4.35,0
2025-10-17,Adelaide,South Australia,12.5,47.5,Spring,10,15.946236559139784,-3.45,0
2025-10-18,Adelaide,South Australia,15.5,65.6,Spring,10,15.946236559139784,-0.45,0
2025-10-19,Adelaide,South Australia,10.1,47.7,Spring,10,15.946236559139784,-5.85,0
2025-10-20,Adelaide,South Australia,10.0,52.0,Spring,10,15.946236559139784,-5.95,0
2025-10-21,Adelaide,South Australia,17.3,54.1,Spring,10,15.946236559139784,1.35,0
2025-10-22,Adelaide,South Australia,12.2,52.5,Spring,10,15.946236559139784,-3.75,0
2025-10-23,Adelaide,South Australia,16.7,65.1,Spring,10,15.946236559139784,0.75,0
2025-10-24,Adelaide,South Australia,14.0,53.0,Spring,10,15.946236559139784,-1.95,0
2025-10-25,Adelaide,South Australia,12.7,64.2,Spring,10,15.946236559139784,-3.25,0
2025-10-26,Adelaide,South Australia,12.0,50.3,Spring,10,15.946236559139784,-3.95,0
2025-10-27,Adelaide,South Australia,16.8,47.3,Spring,10,15.946236559139784,0.85,0
2025-10-28,Adelaide,South Australia,20.8,53.0,Spring,10,15.946236559139784,4.85,0
2025-10-29,Adelaide,South Australia,18.5,61.1,Spring,10,15.946236559139784,2.55,0
2025-10-30,Adelaide,South Australia,19.7,60.2,Spring,10,15.946236559139784,3.75,0
2025-10-31,Adelaide,South Australia,19.6,54.6,Spring,10,15.946236559139784,3.65,0
2025-11-01,Adelaide,South Australia,19.8,53.4,Spring,11,19.42222222222222,0.38,0
2025-11-02,Adelaide,South Australia,22.4,47.5,Spring,11,19.42222222222222,2.98,0
2025-11-03,Adelaide,South Australia,20.0,50.4,Spring,11,19.42222222222222,0.58,0
2025-11-04,Adelaide,South Australia,26.9,54.0,Spring,11,19.42222222222222,7.48,0
2025-11-05,Adelaide,South Australia,24.6,42.4,Spring,11,19.42222222222222,5.18,0
2025-11-06,Adelaide,South Australia,20.7,52.3,Spring,11,19.42222222222222,1.28,0
2025-11-07,Adelaide,South Australia,25.1,51.6,Spring,11,19.42222222222222,5.68,0
2025-11-08,Adelaide,South Australia,23.7,50.2,Spring,11,19.42222222222222,4.28,0
2025-11-09,Adelaide,South Australia,22.2,45.2,Spring,11,19.42222222222222,2.78,0
2025-11-10,Adelaide,South Australia,22.7,50.2,Spring,11,19.42222222222222,3.28,0
2025-11-11,Adelaide,South Australia,22.7,50.9,Spring,11,19.42222222222222,3.28,0
2025-11-12,Adelaide,South Australia,20.2,52.7,Spring,11,19.42222222222222,0.78,0
2025-11-13,Adelaide,South Australia,24.2,53.0,Spring,11,19.42222222222222,4.78,0
2025-11-14,Adelaide,South Australia,23.3,51.5,Spring,11,19.42222222222222,3.88,0
2025-11-15,Adelaide,South Australia,23.1,49.0,Spring,11,19.42222222222222,3.68,0
2025-11-16,Adelaide,South Australia,21.5,47.0,Spring,11,19.42222222222222,2.08,0
2025-11-17,Adelaide,South Australia,21.8,55.0,Spring,11,19.42222222222222,2.38,0
2025-11-18,Adelaide,South Australia,21.8,41.8,Spring,11,19.42222222222222,2.38,0
2025-11-19,Adelaide,South Australia,18.3,48.9,Spring,11,19.42222222222222,-1.12,0
2025-11-20,Adelaide,South Australia,17.7,52.8,Spring,11,19.42222222222222,-1.72,0
2025-11-21,Adelaide,South Australia,19.8,44.6,Spring,11,19.42222222222222,0.38,0
2025-11-22,Adelaide,South Australia,19.1,43.3,Spring,11,19.42222222222222,-0.32,0
2025-11-23,Adelaide,South Australia,20.6,37.6,Spring,11,19.42222222222222,1.18,0
2025-11-24,Adelaide,South Australia,23.7,56.9,Spring,11,19.42222222222222,4.28,0
2025-11-25,Adelaide,South Australia,15.7,53.7,Spring,11,19.42222222222222,-3.72,0
2025-11-26,Adelaide,South Australia,20.5,49.4,Spring,11,19.42222222222222,1.08,0
2025-11-27,Adelaide,South Australia,17.8,53.2,Spring,11,19.42222222222222,-1.62,0
2025-11-28,Adelaide,South Australia,13.5,54.2,Spring,11,19.42222222222222,-5.92,0
2025-11-29,Adelaide,South Australia,15.2,52.0,Spring,11,19.42222222222222,-4.22,0
2025-11-30,Adelaide,South Australia,21.7,57.3,Spring,11,19.42222222222222,2.28,0
2025-12-01,Adelaide,South Australia,25.9,41.2,Summer,12,20.876344086021504,5.02,0
2025-12-02,Adelaide,South Australia,23.9,49.4,Summer,12,20.876344086021504,3.02,0
2025-12-03,Adelaide,South Australia,23.4,42.2,Summer,12,20.876344086021504,2.52,0
2025-12-04,Adelaide,South Australia,26.1,50.3,Summer,12,20.876344086021504,5.22,0
2025-12-05,Adelaide,South Australia,27.5,50.6,Summer,12,20.876344086021504,6.62,0
2025-12-06,Adelaide,South Australia,25.3,48.7,Summer,12,20.876344086021504,4.42,0
2025-12-07,Adelaide,South Australia,27.1,43.8,Summer,12,20.876344086021504,6.22,0
2025-12-08,Adelaide,South Australia,22.7,39.6,Summer,12,20.876344086021504,1.82,0
2025-12-09,Adelaide,South Australia,21.9,48.3,Summer,12,20.876344086021504,1.02,0
2025-12-10,Adelaide,South Australia,25.2,50.2,Summer,12,20.876344086021504,4.32,0
2025-12-11,Adelaide,South Australia,26.0,42.7,Summer,12,20.876344086021504,5.12,0
2025-12-12,Adelaide,South Australia,22.9,50.0,Summer,12,20.876344086021504,2.02,0
2025-12-13,Adelaide,South Australia,17.4,37.7,Summer,12,20.876344086021504,-3.48,0
2025-12-14,Adelaide,South Australia,17.3,47.6,Summer,12,20.876344086021504,-3.58,0
2025-12-15,Adelaide,South Australia,20.8,39.5,Summer,12,20.876344086021504,-0.08,0
2025-12-16,Adelaide,South Australia,19.7,43.6,Summer,12,20.876344086021504,-1.18,0
2025-12-17,Adelaide,South Australia,14.0,42.1,Summer,12,20.876344086021504,-6.88,0
2025-12-18,Adelaide,South Australia,23.2,42.2,Summer,12,20.876344086021504,2.32,0
2025-12-19,Adelaide,South Australia,25.7,46.9,Summer,12,20.876344086021504,4.82,0
2025-12-20,Adelaide,South Australia,21.7,41.5,Summer,12,20.876344086021504,0.82,0
2025-12-21,Adelaide,South Australia,21.3,45.0,Summer,12,20.876344086021504,0.42,0
2025-12-22,Adelaide,South Australia,21.4,49.0,Summer,12,20.876344086021504,0.52,0
2025-12-23,Adelaide,South Australia,20.8,35.6,Summer,12,20.876344086021504,-0.08,0
2025-12-24,Adelaide,South Australia,18.1,38.4,Summer,12,20.876344086021504,-2.78,0
2025-12-25,Adelaide,South Australia,21.6,45.6,Summer,12,20.876344086021504,0.72,0
2025-12-26,Adelaide,South Australia,22.9,55.1,Summer,12,20.876344086021504,2.02,0
2025-12-27,Adelaide,South Australia,20.3,42.0,Summer,12,20.876344086021504,-0.58,0
2025-12-28,Adelaide,South Australia,19.0,43.3,Summer,12,20.876344086021504,-1.88,0
2025-12-29,Adelaide,South Australia,13.0,33.9,Summer,12,20.876344086021504,-7.88,0
2025-12-30,Adelaide,South Australia,16.4,37.6,Summer,12,20.876344086021504,-4.48,0
2025-12-31,Adelaide,South Australia,17.3,42.2,Summer,12,20.876344086021504,-3.58,0
